ST_CASE,VEH_NO,PER_NO,P1,P2,P3,P4,P5,P6,P7,P8,P9,P10
10001,1,1,0,0,0,0,0,0,0,0,0,0
10001,2,1,0,0,0,0,0,0,0,0,0,0
10002,1,1,0,0,0,0,0,0,0,0,0,0
10002,2,1,0,0,0,0,0,0,0,0,0,0
10003,1,1,0,0,0,0,0,0,0,0,0,0
10003,2,1,0,0,0,0,0,0,0,0,0,0
10003,3,1,0,0,0,0,0,0,0,0,0,0
10004,0,1,16,16,16,16,16,16,16,16,16,16
10004,1,1,0,0,0,0,0,0,0,0,0,0
10005,1,1,23,23,23,23,23,23,23,23,23,23
10006,1,1,0,0,0,0,0,0,0,0,0,0
10006,2,1,0,0,0,0,0,0,0,0,0,0
10007,1,1,0,0,0,0,0,0,0,0,0,0
10008,1,1,19,19,19,19,19,19,19,19,19,19
10009,1,1,0,0,0,0,0,0,0,0,0,0
10010,0,1,0,0,0,0,0,0,0,0,0,0
10010,1,1,0,0,17,0,7,0,7,0,10,9
10011,1,1,18,11,14,5,9,13,14,6,12,17
10012,0,1,0,0,0,0,0,11,0,0,0,0
10012,1,1,0,0,0,0,0,0,0,2,0,0
10013,0,1,0,0,0,0,0,0,0,0,0,0
10013,1,1,0,0,0,0,0,0,0,0,0,0
10014,0,1,11,11,11,11,11,11,11,11,11,11
10014,1,1,0,0,0,0,0,0,0,0,0,0
10015,1,1,0,0,0,0,0,0,0,0,0,0
10015,2,1,0,0,0,0,0,0,0,0,0,0
10016,1,1,0,0,0,0,0,0,0,0,0,0
10016,2,1,0,0,0,0,0,0,0,0,0,0
10016,3,1,0,0,0,0,0,0,0,0,0,0
10017,1,1,0,0,0,0,0,0,0,0,0,0
10017,2,1,0,0,9,0,0,0,0,0,0,0
10018,0,1,21,21,21,21,21,21,21,21,21,21
10018,1,1,0,0,0,0,0,0,0,0,0,0
10019,1,1,5,0,0,0,25,0,0,7,7,0
10020,1,1,0,0,0,0,0,0,0,0,0,0
10021,1,1,30,0,0,0,0,0,0,0,0,16
10021,2,1,0,0,0,0,0,0,0,0,0,0
10022,1,1,0,0,0,0,0,0,0,0,0,0
10023,1,1,0,0,0,0,0,0,0,0,0,0
10023,2,1,0,0,0,0,0,0,0,0,0,0
10024,1,1,0,0,22,0,0,25,0,0,0,0
10025,1,1,0,17,0,0,0,0,0,0,0,0
10025,2,1,0,0,0,0,0,0,0,2,0,0
10025,3,1,0,0,0,0,0,0,6,0,0,0
10026,1,1,0,0,0,21,0,0,0,0,0,0
10027,1,1,0,26,0,0,0,0,0,0,0,0
10028,1,1,18,18,18,18,18,18,18,18,18,18
10028,2,1,0,0,0,0,0,0,0,0,0,0
10028,3,1,0,0,0,0,0,0,0,0,0,0
10028,4,1,0,0,0,0,0,0,0,0,0,0
10029,1,1,0,0,14,0,0,0,0,0,0,0
10030,1,1,21,0,0,0,0,0,0,0,27,0
10031,1,1,22,22,22,22,22,22,22,22,22,22
10031,2,1,0,0,0,0,0,0,0,0,6,7
10032,1,1,0,0,0,0,0,0,0,0,0,0
10033,1,1,8,8,8,8,8,8,8,8,8,8
10033,2,1,0,0,0,0,0,7,0,0,0,0
10034,1,1,0,0,0,0,0,0,0,0,0,0
10034,2,1,0,0,0,0,0,0,0,0,0,0
10035,1,1,31,22,11,27,16,15,3,6,8,33
10036,1,1,16,16,16,16,16,16,16,16,16,16
10037,1,1,19,0,0,0,13,0,0,12,0,0
10038,1,1,20,20,20,20,20,20,20,20,20,20
10039,1,1,18,18,18,18,18,18,18,18,18,18
10040,1,1,6,15,16,15,16,8,19,10,32,34
10041,1,1,25,25,25,25,25,25,25,25,25,25
10042,1,1,28,28,28,28,28,28,28,28,28,28
10042,2,1,0,0,0,0,0,0,0,0,0,0
10043,1,1,0,0,0,0,0,0,0,0,0,0
10043,2,1,0,0,0,0,0,0,0,0,0,0
10044,1,1,0,0,0,0,0,0,0,0,0,0
10044,2,1,0,0,0,0,0,0,0,0,0,0
10045,1,1,0,0,0,0,0,0,0,0,0,0
10045,2,1,0,0,0,0,0,0,0,0,0,0
10046,0,1,0,0,0,0,0,0,0,0,0,0
10046,1,1,0,0,0,0,13,0,0,0,0,0
10047,0,1,0,0,0,0,0,0,0,0,0,0
10047,1,1,0,0,0,0,0,0,0,0,0,0
10047,2,1,0,0,0,0,0,0,0,0,0,0
10048,1,1,22,22,22,22,22,22,22,22,22,22
10049,1,1,0,0,0,0,0,0,0,0,0,0
10050,1,1,0,0,0,0,0,0,0,0,0,0
10050,2,1,0,0,0,0,0,0,0,0,0,0
10051,0,1,13,13,13,13,13,13,13,13,13,13
10051,1,1,0,0,0,0,0,0,0,0,0,0
10051,2,1,0,0,0,0,0,0,0,0,17,11
10052,1,1,0,0,0,0,0,0,0,0,0,0
10052,2,1,0,0,0,0,0,0,0,0,0,0
10053,1,1,0,12,35,14,25,19,20,6,9,20
10054,0,1,0,7,34,24,11,12,21,0,6,18
10054,1,1,0,0,0,0,0,4,0,0,0,0
10055,1,1,5,5,5,5,5,5,5,5,5,5
10055,2,1,0,0,0,0,0,0,0,0,0,0
10056,1,1,0,0,0,0,0,0,0,0,0,0
10056,2,1,0,0,0,0,0,0,0,0,0,0
10057,1,1,0,0,0,0,0,0,0,0,0,0
10058,1,1,16,16,16,16,16,16,16,16,16,16
10059,1,1,0,15,0,25,20,0,5,0,0,9
10059,2,1,0,0,0,0,0,0,0,0,0,0
10059,3,1,0,0,0,0,0,0,0,0,0,0
10060,1,1,0,0,0,0,0,0,0,0,0,0
10060,2,1,1,1,1,1,1,1,1,1,1,1
10061,1,1,0,0,0,0,0,0,0,0,0,0
10062,1,1,27,27,27,27,27,27,27,27,27,27
10062,2,1,0,0,0,0,0,0,0,0,0,0
10063,1,1,5,5,5,5,5,5,5,5,5,5
10064,0,1,0,0,0,0,0,0,0,0,0,0
10064,1,1,0,0,0,0,0,0,0,0,0,0
10065,1,1,20,20,20,20,20,20,20,20,20,20
10066,1,1,0,0,0,0,0,0,0,0,0,0
10066,2,1,0,0,0,0,0,0,0,0,0,0
10067,1,1,0,0,0,0,0,0,0,0,0,0
10068,1,1,0,0,0,0,0,0,0,0,0,0
10068,2,1,0,0,0,0,0,0,0,2,0,0
10068,3,1,0,0,0,0,0,0,0,0,0,0
10068,4,1,0,0,0,0,0,0,0,0,0,0
10069,1,1,0,0,0,0,0,0,0,0,0,0
10069,2,1,0,0,0,16,0,0,0,0,0,0
10070,1,1,0,0,0,0,0,0,0,0,0,0
10071,1,1,14,12,13,0,0,0,23,0,7,0
10072,1,1,0,0,0,0,0,0,0,0,0,0
10073,1,1,0,0,0,0,0,16,0,0,0,0
10074,1,1,0,0,0,0,0,0,0,0,0,0
10074,2,1,0,0,0,0,0,0,0,0,23,0
10075,1,1,15,15,15,15,15,15,15,15,15,15
10076,1,1,0,0,0,0,0,0,0,0,0,0
10077,1,1,0,26,14,10,0,0,0,0,0,16
10078,1,1,0,0,0,0,0,0,0,0,0,0
10078,2,1,0,0,0,0,10,13,0,0,0,0
10079,0,1,0,0,0,0,0,0,24,0,0,0
10079,1,1,0,0,0,0,0,0,0,0,0,0
10080,1,1,0,0,0,0,0,0,0,0,0,0
10081,1,1,0,0,0,0,0,0,0,0,12,0
10081,2,1,0,0,0,0,0,0,0,14,0,0
10082,0,1,0,0,0,0,0,0,0,0,0,0
10082,1,1,0,0,0,0,0,0,0,0,0,0
10082,2,1,0,0,0,0,0,13,12,0,0,0
10083,1,1,0,0,0,0,0,0,0,0,0,0
10083,2,1,0,0,0,0,0,0,0,0,0,0
10084,1,1,0,0,0,0,0,0,0,0,0,0
10084,2,1,0,0,0,0,0,0,0,0,0,0
10085,1,1,16,16,16,16,16,16,16,16,16,16
10086,1,1,0,0,0,0,0,0,0,0,0,0
10086,2,1,0,0,0,0,0,0,0,0,0,0
10087,1,1,28,28,28,28,28,28,28,28,28,28
10089,0,1,0,0,0,0,0,0,0,0,0,0
10089,1,1,0,0,0,0,0,0,0,0,0,0
10089,2,1,0,0,0,0,12,0,9,0,0,0
10089,3,1,0,0,0,0,0,0,0,0,0,0
10090,1,1,1,1,1,1,1,1,1,1,1,1
10090,2,1,0,0,0,0,0,0,0,0,0,0
10091,1,1,0,0,0,0,0,0,0,0,0,0
10092,1,1,0,0,0,0,0,0,0,0,0,0
10093,1,1,0,0,0,0,0,0,0,0,0,0
10094,0,1,0,0,0,0,0,0,0,0,0,0
10094,1,1,0,0,0,0,0,0,0,0,24,0
10095,1,1,0,0,0,0,0,0,0,4,0,0
10096,1,1,13,13,13,13,13,13,13,13,13,13
10096,2,1,0,0,0,0,0,0,0,0,0,0
10097,1,1,22,22,22,22,22,22,22,22,22,22
10098,1,1,0,0,0,0,0,0,0,0,0,0
10098,2,1,0,0,0,0,0,0,0,0,0,0
10099,1,1,0,0,0,0,0,0,0,0,0,0
10099,2,1,6,0,0,0,0,0,0,0,0,0
10100,1,1,17,17,17,17,17,17,17,17,17,17
10100,2,1,0,0,0,0,0,0,0,0,0,0
10101,0,1,0,0,0,0,0,0,0,0,0,0
10101,0,2,0,0,0,0,0,0,0,0,0,0
10101,1,1,0,0,0,0,0,0,0,0,0,0
10101,2,1,0,0,0,0,0,0,0,0,0,0
10102,0,1,18,18,18,18,18,18,18,18,18,18
10102,1,1,0,0,0,0,0,0,0,0,14,0
10103,1,1,0,0,0,0,0,0,0,0,0,0
10104,1,1,0,35,0,0,0,0,7,21,11,36
10105,1,1,5,5,5,5,5,5,5,5,5,5
10106,0,1,0,0,0,0,0,0,0,0,0,0
10106,1,1,0,0,0,0,0,0,0,0,0,0
10107,1,1,24,24,24,24,24,24,24,24,24,24
10108,1,1,0,0,0,0,0,0,0,26,0,0
10108,2,1,0,0,0,0,0,0,0,0,0,0
10109,1,1,0,0,0,0,0,0,0,0,0,0
10110,0,1,4,22,0,11,17,0,0,0,0,17
10110,2,1,0,0,0,0,0,0,0,0,0,0
10111,1,1,0,0,0,0,0,0,0,0,0,0
10111,2,1,0,0,0,0,0,0,0,0,0,0
10112,1,1,15,15,15,15,15,15,15,15,15,15
10112,2,1,0,0,0,0,0,0,0,0,0,0
10112,3,1,0,0,0,0,0,0,0,0,0,0
10113,1,1,0,0,0,0,0,0,0,0,0,0
10113,2,1,6,0,5,0,0,0,0,0,0,0
10114,1,1,0,0,0,0,0,0,0,0,0,0
10115,1,1,1,1,1,1,1,1,1,1,1,1
10115,2,1,0,0,18,0,0,0,0,0,0,0
10116,1,1,15,15,15,15,15,15,15,15,15,15
10117,1,1,12,12,12,12,12,12,12,12,12,12
10118,1,1,0,24,0,5,0,4,0,0,0,0
10119,1,1,26,26,26,26,26,26,26,26,26,26
10120,1,1,0,0,0,0,0,0,0,0,0,0
10120,2,1,0,0,0,0,0,0,0,0,0,0
10121,1,1,0,0,0,0,0,0,0,0,0,0
10121,2,1,18,18,18,18,18,18,18,18,18,18
10122,0,1,13,12,0,0,16,13,0,0,0,0
10122,1,1,0,25,0,0,0,0,0,0,0,0
10123,1,1,0,0,0,0,0,0,0,0,0,0
10124,1,1,16,14,0,5,34,16,24,42,10,21
10124,2,1,0,0,0,0,0,0,0,0,0,0
10125,1,1,16,15,0,0,0,6,0,0,0,21
10126,0,1,21,0,0,0,0,0,0,0,0,0
10126,0,2,0,0,0,0,0,25,0,29,54,0
10126,1,1,21,0,0,0,0,0,0,0,0,0
10127,1,1,29,29,29,29,29,29,29,29,29,29
10128,1,1,8,0,11,0,18,0,26,0,0,13
10129,1,1,0,0,0,0,0,0,0,0,0,0
10130,1,1,0,0,0,0,0,0,0,0,0,0
10131,1,1,0,0,0,0,0,6,2,0,0,0
10131,2,1,0,0,0,0,14,0,0,14,0,0
10132,1,1,0,0,0,0,0,0,0,0,0,0
10132,2,1,0,0,0,0,0,0,0,0,0,0
10133,1,1,13,13,13,13,13,13,13,13,13,13
10133,2,1,0,0,0,0,0,0,0,15,0,16
10134,1,1,0,0,0,0,0,0,0,0,0,0
10135,1,1,0,0,0,0,0,0,0,0,0,0
10136,1,1,0,0,0,0,0,0,0,0,0,0
10136,2,1,0,0,0,0,0,0,0,0,0,0
10137,1,1,0,0,0,0,0,0,0,0,0,0
10137,2,1,0,0,0,0,0,0,0,0,0,0
10138,0,1,21,21,21,21,21,21,21,21,21,21
10138,1,1,0,0,0,0,10,0,0,0,0,0
10139,1,1,0,0,0,0,0,0,0,0,0,0
10139,2,1,0,0,0,0,0,0,0,0,0,0
10140,1,1,24,24,24,24,24,24,24,24,24,24
10140,2,1,0,0,0,0,0,0,0,0,0,0
10141,1,1,0,0,16,15,0,0,0,0,11,0
10141,2,1,0,0,0,0,0,0,0,0,0,0
10142,1,1,0,0,0,0,0,0,0,0,0,0
10142,2,1,17,0,0,0,5,0,0,0,23,0
10143,1,1,0,0,0,0,0,0,0,0,0,0
10143,2,1,0,0,0,0,0,0,0,0,0,0
10144,1,1,0,0,0,0,0,0,0,0,0,0
10145,1,1,0,0,0,0,0,0,0,0,0,0
10145,2,1,3,3,3,3,3,3,3,3,3,3
10146,1,1,4,4,4,4,4,4,4,4,4,4
10146,2,1,0,0,0,0,0,0,0,0,0,0
10147,1,1,22,22,22,22,22,22,22,22,22,22
10147,2,1,0,0,0,0,0,0,0,0,0,14
10148,1,1,0,0,0,0,0,0,0,0,0,0
10149,1,1,0,0,0,0,0,0,0,0,0,0
10150,1,1,0,0,0,5,13,11,22,9,0,0
10151,1,1,0,0,14,0,0,13,0,0,0,0
10152,1,1,0,0,0,0,0,0,0,0,0,0
10152,2,1,0,0,0,0,0,0,0,0,0,0
10152,3,1,0,0,0,0,0,0,0,0,0,0
10153,1,1,20,20,20,20,20,20,20,20,20,20
10153,2,1,0,0,0,0,0,0,0,0,0,0
10154,1,1,21,21,21,21,21,21,21,21,21,21
10156,1,1,17,13,0,0,0,0,0,0,0,0
10157,1,1,0,0,0,0,0,0,0,0,0,0
10158,0,1,8,27,12,2,22,12,31,7,9,19
10158,1,1,0,0,0,0,0,0,0,0,0,0
10159,0,1,0,0,0,0,0,0,0,0,0,0
10159,2,1,0,0,0,0,0,0,0,0,0,0
10160,1,1,0,0,0,0,0,0,0,0,0,0
10161,1,1,0,0,0,0,0,0,0,0,0,0
10162,1,1,20,20,20,20,20,20,20,20,20,20
10163,1,1,22,22,22,22,22,22,22,22,22,22
10163,2,1,0,0,0,0,0,0,0,0,0,0
10164,1,1,17,13,28,0,9,0,0,0,0,0
10165,1,1,0,13,19,13,10,10,0,25,0,19
10166,1,1,0,0,0,0,0,0,0,0,0,0
10166,2,1,0,0,0,0,0,0,0,0,0,0
10168,1,1,25,25,25,25,25,25,25,25,25,25
10168,2,1,0,0,21,0,0,0,0,0,0,0
10169,1,1,18,18,18,18,18,18,18,18,18,18
10170,1,1,0,0,0,0,0,0,0,0,0,0
10171,1,1,13,13,13,13,13,13,13,13,13,13
10171,2,1,0,0,0,0,0,0,0,0,0,0
10172,1,1,0,0,0,0,0,0,0,0,0,0
10173,1,1,0,0,0,0,0,0,0,0,0,0
10174,1,1,0,0,0,0,0,0,0,0,0,0
10174,2,1,0,0,0,0,0,0,0,0,0,0
10174,3,1,0,0,0,0,0,0,0,0,0,39
10175,1,1,0,0,0,0,0,0,0,0,0,0
10176,1,1,28,28,28,28,28,28,28,28,28,28
10177,1,1,0,0,0,0,0,0,0,0,32,24
10178,0,1,34,0,0,0,0,7,6,15,11,18
10178,1,1,0,0,0,0,0,18,0,0,0,0
10179,1,1,0,0,0,0,0,0,0,0,0,0
10180,1,1,29,29,29,29,29,29,29,29,29,29
10181,1,1,0,22,0,0,11,4,0,0,3,0
10182,1,1,0,0,0,0,0,0,0,0,0,0
10182,2,1,0,0,0,0,0,0,0,0,0,0
10183,1,1,9,44,21,28,11,22,9,24,27,14
10184,1,1,0,0,0,0,0,0,0,0,0,0
10185,0,1,0,0,0,0,0,0,0,0,0,0
10185,1,1,0,0,0,0,0,0,0,0,0,0
10186,1,1,0,0,0,0,0,0,0,0,0,0
10187,1,1,0,0,0,0,0,0,0,0,0,0
10188,1,1,0,0,0,0,0,0,0,0,0,0
10188,2,1,0,0,0,0,0,0,0,0,0,0
10188,3,1,0,0,0,0,0,0,0,0,0,0
10189,1,1,0,0,0,0,0,0,0,0,0,0
10189,2,1,0,10,12,0,0,12,0,13,7,19
10189,3,1,6,6,0,0,0,0,0,0,0,0
10190,0,1,0,0,0,0,0,0,0,0,0,0
10190,1,1,0,0,20,0,0,0,0,0,0,9
10190,2,1,7,7,7,7,7,7,7,7,7,7
10191,1,1,0,0,0,0,0,0,0,0,0,0
10191,2,1,0,0,0,0,0,0,0,0,0,0
10192,0,1,0,0,0,0,0,0,0,0,0,0
10192,1,1,0,0,0,0,0,0,0,0,0,0
10193,1,1,13,13,17,24,41,0,17,0,35,0
10195,1,1,0,0,0,0,0,0,0,0,0,0
10196,0,1,0,0,0,0,0,0,0,0,0,0
10196,1,1,0,0,0,0,0,0,0,0,0,0
10197,1,1,0,0,0,0,0,0,0,0,0,0
10197,2,1,0,0,0,0,0,0,0,0,0,0
10198,0,1,0,0,0,0,0,0,0,0,0,0
10198,2,1,0,0,0,0,0,0,0,0,0,0
10199,1,1,0,0,0,0,0,0,0,0,0,0
10200,0,1,0,0,0,0,0,0,0,28,0,0
10200,1,1,0,18,0,0,0,0,0,0,0,0
10201,1,1,20,0,0,19,0,0,0,0,10,25
10202,1,1,12,15,0,0,27,0,0,14,0,0
10203,1,1,21,21,21,21,21,21,21,21,21,21
10204,1,1,0,0,16,0,0,0,0,0,0,0
10204,2,1,0,0,0,0,0,0,0,0,0,0
10205,1,1,0,0,0,0,0,0,0,0,0,0
10205,2,1,0,0,0,0,0,0,0,0,0,0
10206,1,1,20,20,20,20,20,20,20,20,20,20
10206,2,1,0,0,0,0,0,0,0,0,0,0
10207,1,1,8,8,8,8,8,8,8,8,8,8
10207,2,1,0,0,0,0,0,0,0,0,0,0
10208,1,1,0,0,0,0,0,21,6,0,0,0
10209,0,1,0,0,0,0,0,0,0,0,40,0
10209,1,1,0,0,0,0,0,0,0,0,0,0
10210,1,1,19,19,19,19,19,19,19,19,19,19
10211,1,1,0,0,0,0,0,0,0,0,0,0
10211,2,1,0,0,0,0,0,0,0,0,0,0
10212,1,1,0,0,0,0,0,0,0,0,0,0
10213,1,1,0,0,0,0,0,0,0,0,0,0
10213,2,1,0,0,0,0,0,0,0,0,0,0
10214,1,1,0,0,0,0,0,0,0,0,0,0
10215,1,1,0,0,17,0,25,16,0,0,0,0
10215,2,1,0,0,0,0,0,32,0,0,0,0
10216,1,1,0,0,0,0,0,0,0,0,0,0
10217,0,1,0,0,0,0,0,0,0,0,0,0
10217,0,2,0,0,0,0,0,0,0,0,0,0
10217,1,1,0,0,0,0,0,0,0,0,0,0
10218,1,1,0,0,0,16,0,0,0,0,0,0
10218,2,1,0,0,0,0,0,0,0,0,0,0
10219,1,1,0,0,0,0,0,0,0,0,0,0
10219,2,1,0,0,0,0,0,0,0,0,0,0
10219,3,1,0,0,0,0,0,0,0,0,0,0
10220,1,1,0,0,0,0,0,0,0,0,0,0
10220,2,1,0,0,0,0,0,0,0,0,0,0
10221,1,1,0,0,0,0,0,0,0,0,6,0
10221,2,1,0,0,0,0,0,0,0,0,0,0
10222,1,1,0,0,8,8,11,0,0,8,15,25
10223,1,1,13,13,13,13,13,13,13,13,13,13
10223,2,1,0,0,0,0,0,0,0,0,0,0
10224,1,1,0,0,0,0,0,0,0,0,0,0
10225,1,1,10,10,10,10,10,10,10,10,10,10
10226,1,1,10,10,10,10,10,10,10,10,10,10
10227,1,1,1,1,1,1,1,1,1,1,1,1
10228,1,1,24,24,24,24,24,24,24,24,24,24
10228,2,1,0,0,7,0,0,0,0,15,0,10
10229,1,1,1,1,1,1,1,1,1,1,1,1
10229,2,1,0,0,0,0,19,0,0,0,0,0
10230,1,1,24,8,7,21,0,14,0,0,10,18
10231,1,1,19,19,19,19,19,19,19,19,19,19
10232,1,1,23,23,23,23,23,23,23,23,23,23
10233,1,1,0,0,0,0,0,0,0,0,0,0
10233,2,1,0,0,0,0,0,0,0,0,0,0
10234,1,1,0,0,0,0,0,0,0,0,0,0
10234,2,1,0,0,0,0,0,0,0,0,0,0
10235,0,1,0,0,0,0,0,0,0,0,0,0
10235,1,1,0,0,0,0,0,0,0,0,0,0
10236,1,1,0,0,0,0,0,0,0,0,15,0
10237,1,1,0,0,0,0,9,0,0,0,0,0
10237,2,1,0,0,0,0,0,0,0,0,0,0
10238,1,1,0,0,0,0,0,0,0,0,0,0
10239,1,1,0,0,0,0,0,0,0,0,0,0
10240,1,1,0,0,0,0,0,0,0,0,0,0
10240,2,1,0,0,0,0,0,0,0,0,0,0
10240,3,1,0,21,0,0,0,0,0,0,0,0
10241,1,1,15,15,15,15,15,15,15,15,15,15
10242,0,1,0,0,0,0,0,0,0,0,0,0
10242,1,1,0,0,0,0,0,0,0,0,0,0
10243,1,1,18,18,18,18,18,18,18,18,18,18
10244,1,1,12,18,0,0,28,8,0,24,0,0
10245,1,1,0,0,0,0,0,0,0,0,0,0
10245,2,1,0,0,0,0,0,0,0,0,0,0
10245,3,1,0,0,0,0,0,0,0,0,0,0
10246,1,1,0,0,0,0,0,0,0,0,0,0
10247,1,1,0,0,0,0,0,0,0,0,0,0
10248,0,1,20,20,20,20,20,20,20,20,20,20
10248,1,1,0,0,0,0,0,0,0,0,0,0
10249,1,1,16,16,16,16,16,16,16,16,16,16
10250,1,1,0,0,0,0,0,0,0,0,0,0
10251,0,1,0,0,0,0,0,0,0,0,0,0
10251,1,1,0,0,0,0,0,0,0,0,0,0
10252,1,1,21,21,21,21,21,21,21,21,21,21
10252,2,1,0,0,0,0,0,0,0,0,0,0
10253,1,1,0,0,0,0,0,0,0,0,0,0
10254,1,1,0,0,0,0,0,0,0,0,0,0
10254,2,1,0,0,0,0,0,0,0,0,0,3
10254,3,1,0,0,0,0,0,0,0,0,0,0
10255,1,1,0,0,0,0,0,0,0,0,0,0
10256,1,1,0,0,0,0,0,0,0,0,0,0
10257,0,1,23,23,23,23,23,23,23,23,23,23
10257,1,1,0,0,9,0,0,30,0,0,0,0
10257,2,1,0,0,0,0,0,0,0,0,0,0
10258,1,1,0,0,0,0,0,0,0,0,0,0
10258,2,1,0,0,0,0,0,0,0,0,0,0
10259,1,1,26,26,26,26,26,26,26,26,26,26
10259,2,1,0,0,0,0,0,0,0,0,0,0
10259,3,1,0,0,24,0,0,0,0,0,0,0
10259,4,1,0,10,0,0,0,0,0,0,0,0
10260,1,1,22,22,22,22,22,22,22,22,22,22
10260,2,1,0,0,0,0,0,0,0,0,0,0
10261,1,1,0,9,0,0,0,0,0,0,0,0
10262,1,1,0,0,0,0,0,0,0,0,0,0
10262,2,1,0,0,0,0,0,0,0,0,0,0
10263,1,1,0,0,0,0,12,0,0,0,10,0
10263,2,1,0,0,0,0,0,0,13,0,0,0
10264,0,1,0,0,0,0,0,0,0,0,0,0
10264,1,1,0,0,0,0,0,0,0,0,0,0
10265,0,1,25,25,25,25,25,25,25,25,25,25
10265,1,1,0,0,0,0,0,0,0,0,0,0
10266,1,1,0,0,0,0,0,0,0,0,0,0
10266,2,1,0,0,0,0,0,0,0,0,0,0
10267,1,1,0,0,0,0,0,0,0,0,0,0
10267,2,1,0,0,0,0,0,0,0,0,0,0
10268,1,1,14,14,14,14,14,14,14,14,14,14
10268,2,1,0,0,0,0,0,0,0,0,0,0
10269,1,1,0,0,0,0,0,0,0,0,0,0
10269,2,1,10,0,0,0,0,0,0,0,0,0
10269,3,1,0,0,0,0,0,0,0,0,0,0
10270,1,1,16,16,16,16,16,16,16,16,16,16
10270,2,1,17,17,17,17,17,17,17,17,17,17
10271,1,1,0,0,0,0,0,0,0,0,0,0
10271,2,1,13,13,13,13,13,13,13,13,13,13
10272,1,1,22,21,11,25,15,0,15,0,14,15
10273,1,1,0,0,0,0,0,0,0,0,0,0
10274,1,1,8,8,8,8,8,8,8,8,8,8
10274,2,1,0,24,0,0,0,0,0,23,20,23
10274,3,1,0,0,0,0,0,0,0,0,0,0
10275,1,1,0,0,0,0,0,0,0,0,0,0
10276,1,1,0,0,0,0,0,0,0,0,0,0
10277,1,1,0,0,0,0,0,0,0,0,0,0
10278,2,1,0,0,0,0,0,0,0,0,0,0
10279,1,1,0,0,0,0,0,0,0,0,0,0
10279,2,1,0,0,0,0,0,0,0,0,0,0
10280,1,1,0,0,0,0,0,0,0,0,0,0
10280,2,1,0,0,0,0,0,0,0,0,0,0
10281,1,1,0,0,0,0,0,0,0,0,0,0
10281,2,1,0,0,0,0,0,0,0,0,0,0
10282,1,1,0,0,0,0,17,0,0,0,0,0
10282,2,1,0,0,0,0,0,0,0,0,0,0
10283,1,1,0,0,0,0,0,0,0,0,0,0
10283,2,1,0,0,0,0,0,0,0,0,0,0
10284,1,1,15,15,15,15,15,15,15,15,15,15
10284,2,1,0,0,0,0,0,0,0,0,11,11
10285,1,1,0,0,0,20,0,0,0,0,0,0
10286,1,1,19,19,19,19,19,19,19,19,19,19
10286,2,1,0,0,0,0,0,0,0,0,0,0
10287,1,1,0,0,0,0,0,0,0,0,0,0
10287,2,1,0,0,0,11,0,0,6,0,0,0
10288,1,1,0,0,0,0,0,0,0,0,0,0
10289,1,1,18,18,18,18,18,18,18,18,18,18
10290,1,1,37,0,0,24,0,0,0,26,0,0
10291,1,1,11,11,11,11,11,11,11,11,11,11
10292,1,1,0,0,0,0,0,0,0,0,0,0
10293,1,1,12,12,12,12,12,12,12,12,12,12
10294,1,1,30,30,30,30,30,30,30,30,30,30
10295,1,1,21,0,25,43,0,34,0,23,13,21
10296,1,1,0,0,0,0,0,0,0,0,0,0
10297,1,1,8,8,8,8,8,8,8,8,8,8
10297,2,1,0,0,0,0,0,0,0,0,0,0
10297,3,1,0,0,10,0,0,0,6,0,0,0
10298,1,1,0,0,0,0,0,0,0,0,0,0
10298,2,1,0,0,0,0,0,0,0,0,0,0
10299,1,1,0,0,0,0,0,0,0,0,0,0
10299,2,1,0,0,0,0,0,0,0,0,0,0
10300,1,1,0,0,0,0,0,0,0,0,0,0
10300,2,1,0,0,0,0,0,0,0,0,0,0
10301,1,1,15,15,15,15,15,15,15,15,15,15
10301,2,1,0,0,0,0,0,0,0,0,0,29
10302,0,1,9,9,9,9,9,9,9,9,9,9
10302,0,2,0,4,10,7,3,17,25,25,11,25
10302,1,1,0,0,0,0,0,0,0,0,0,0
10303,1,1,0,0,20,35,31,15,0,26,22,0
10304,1,1,15,0,0,0,19,6,0,25,9,12
10305,1,1,11,0,10,0,0,6,0,11,0,0
10306,1,1,0,0,0,22,0,0,0,0,0,0
10307,1,1,0,0,0,0,0,0,0,0,0,0
10307,2,1,0,0,0,0,0,0,0,0,8,0
10308,1,1,0,0,0,4,9,10,17,17,23,13
10309,1,1,0,36,0,10,0,0,0,0,0,0
10309,2,1,0,0,0,0,0,0,0,0,0,0
10309,3,1,0,0,0,0,0,0,0,0,0,0
10310,0,1,12,12,12,12,12,12,12,12,12,12
10310,1,1,0,0,0,0,0,0,0,0,0,0
10311,1,1,0,0,0,0,0,0,0,0,0,0
10312,1,1,0,16,0,0,0,0,0,0,0,27
10313,1,1,0,0,0,0,0,0,0,0,0,0
10313,2,1,0,0,0,0,0,0,8,0,0,0
10314,1,1,0,0,0,0,0,0,0,12,0,0
10314,2,1,0,0,0,0,0,0,0,21,0,0
10315,1,1,0,0,32,0,0,0,24,15,0,0
10315,2,1,0,0,0,0,0,0,0,0,0,0
10316,1,1,0,32,0,0,0,0,31,12,0,21
10317,0,1,19,0,0,12,0,26,41,0,17,0
10317,1,1,0,0,0,0,0,0,0,0,0,0
10318,0,1,0,0,0,0,0,0,0,0,0,0
10318,1,1,20,20,20,20,20,20,20,20,20,20
10319,1,1,9,9,9,9,9,9,9,9,9,9
10319,2,1,0,11,26,15,0,0,0,0,42,0
10320,1,1,0,0,0,0,0,0,0,0,0,0
10320,2,1,0,0,0,0,0,0,0,0,0,0
10321,1,1,19,11,26,14,25,28,9,3,20,17
10322,1,1,17,19,21,33,19,31,10,16,21,9
10322,2,1,0,0,0,0,0,0,0,0,0,0