ST_CASE,VEH_NO,PER_NO,P1,P2,P3,P4,P5,P6,P7,P8,P9,P10
10323,1,1,0,0,0,0,0,0,0,0,0,0
10323,2,1,0,0,0,0,0,0,0,0,0,0
10324,1,1,0,0,0,0,0,0,0,0,0,0
10325,1,1,0,0,0,0,0,0,0,0,0,0
10325,2,1,0,0,11,0,0,0,11,0,0,0
10326,1,1,19,19,19,19,19,19,19,19,19,19
10326,2,1,0,0,0,0,0,0,0,18,0,0
10326,3,1,0,0,0,0,0,0,0,0,0,0
10327,1,1,0,0,0,0,0,0,0,0,0,0
10328,1,1,0,0,0,0,0,0,0,0,0,0
10328,2,1,0,0,0,0,0,0,0,0,0,0
10329,1,1,0,0,0,0,0,0,0,0,0,0
10329,2,1,0,0,0,0,0,0,0,0,0,0
10330,1,1,10,10,10,10,10,10,10,10,10,10
10331,1,1,15,15,15,15,15,15,15,15,15,15
10331,2,1,0,0,0,0,0,0,0,0,0,0
10332,1,1,0,0,0,0,0,0,0,0,0,0
10332,2,1,0,0,0,0,0,0,0,0,0,0
10333,1,1,0,0,0,0,0,0,0,0,0,0
10334,1,1,13,19,9,8,20,14,22,20,9,15
10335,1,1,0,0,0,0,18,0,17,17,11,0
10336,1,1,0,0,0,0,0,0,0,0,0,0
10337,1,1,0,0,0,0,0,0,0,0,0,0
10338,1,1,7,7,7,7,7,7,7,7,7,7
10339,0,1,0,0,0,0,0,0,0,0,0,0
10339,1,1,0,0,0,0,0,0,0,0,0,0
10340,1,1,0,0,0,0,0,0,0,0,0,0
10341,1,1,12,11,6,10,5,13,14,29,10,10
10341,2,1,0,0,0,0,0,0,0,0,0,0
10342,1,1,8,8,8,8,8,8,8,8,8,8
10343,1,1,0,10,0,19,0,6,26,0,24,13
10344,1,1,3,3,3,3,3,3,3,3,3,3
10344,2,1,0,0,0,0,0,0,0,0,0,0
10345,1,1,0,0,0,0,0,0,0,0,0,0
10345,2,1,0,0,0,0,0,0,0,0,0,0
10346,0,1,10,10,10,10,10,10,10,10,10,10
10346,1,1,0,0,0,0,0,0,0,0,0,0
10347,1,1,0,0,0,0,0,0,0,0,0,0
10348,1,1,0,0,0,0,0,0,0,0,0,0
10348,2,1,0,0,0,0,0,0,0,0,0,0
10349,1,1,0,0,0,0,0,0,0,0,0,0
10350,0,1,0,0,0,0,0,0,0,0,0,0
10350,1,1,0,0,0,0,0,0,0,0,0,0
10351,1,1,1,1,1,1,1,1,1,1,1,1
10352,1,1,0,0,0,0,0,0,0,0,0,0
10353,1,1,0,0,0,0,0,0,0,0,0,0
10353,2,1,0,0,0,0,0,0,0,0,0,0
10353,3,1,0,0,0,0,0,0,0,0,0,0
10354,1,1,0,0,0,0,0,0,0,0,0,0
10355,1,1,0,0,0,0,0,0,0,0,0,0
10355,2,1,0,0,0,0,0,0,0,0,0,0
10356,1,1,0,0,0,0,0,0,0,0,0,0
10356,2,1,0,0,0,0,0,0,0,0,0,0
10357,0,1,0,0,0,0,0,0,0,0,0,0
10357,1,1,15,0,10,19,0,0,15,0,0,0
10358,1,1,0,0,0,0,19,0,0,0,0,0
10359,1,1,0,0,0,0,0,0,0,0,0,0
10359,2,1,0,21,0,0,8,0,0,10,22,0
10360,1,1,1,1,1,1,1,1,1,1,1,1
10360,2,1,0,0,0,0,0,0,0,0,0,0
10361,1,1,0,0,0,0,0,0,0,0,0,0
10362,1,1,3,3,3,3,3,3,3,3,3,3
10363,1,1,0,0,0,0,0,0,0,0,0,0
10364,1,1,16,16,16,16,16,16,16,16,16,16
10364,2,1,6,6,6,6,6,6,6,6,6,6
10365,1,1,0,0,0,0,0,0,0,0,0,0
10365,2,1,0,0,0,0,0,0,0,0,0,0
10365,3,1,0,0,0,0,0,0,0,0,0,0
10366,1,1,14,14,14,14,14,14,14,14,14,14
10367,1,1,0,0,0,0,0,0,0,0,0,0
10367,2,1,0,0,0,0,0,0,0,0,0,0
10368,0,1,0,0,0,0,0,0,0,0,0,0
10368,0,2,0,0,0,0,0,0,0,0,0,0
10368,0,3,0,0,0,0,0,0,0,0,0,0
10368,0,4,0,0,0,0,0,0,0,0,0,0
10368,1,1,0,0,0,0,0,0,0,0,0,0
10369,0,1,19,3,0,0,12,15,0,15,0,31
10369,1,1,0,0,12,0,0,0,0,0,19,0
10370,1,1,0,0,0,0,0,0,0,0,0,0
10370,2,1,0,0,0,0,0,0,0,0,0,6
10371,0,1,3,3,3,3,3,3,3,3,3,3
10371,1,1,32,0,0,0,0,0,0,12,0,0
10372,1,1,0,0,0,0,0,0,0,0,0,0
10373,0,1,0,0,0,0,0,0,0,0,0,0
10373,2,1,0,0,11,0,0,0,0,0,0,0
10374,1,1,0,0,0,0,0,0,0,0,0,0
10375,0,1,12,8,26,31,0,0,0,41,0,31
10375,1,1,0,0,19,0,0,0,0,0,0,0
10376,1,1,0,0,0,0,0,0,0,0,0,0
10376,2,1,0,0,0,0,0,0,0,0,0,0
10377,1,1,0,0,19,0,28,9,0,0,0,19
10377,2,1,0,0,17,0,15,0,0,0,0,13
10377,3,1,0,0,0,0,0,0,0,0,0,0
10378,1,1,28,28,28,28,28,28,28,28,28,28
10379,1,1,0,0,0,0,0,0,0,0,0,0
10379,2,1,0,0,0,0,0,0,0,0,0,0
10380,1,1,0,0,0,0,0,0,0,0,0,0
10381,1,1,0,0,0,0,0,0,0,0,0,0
10381,2,1,0,0,0,0,0,0,0,0,0,0
10382,1,1,16,16,16,16,16,16,16,16,16,16
10382,2,1,0,0,0,0,0,0,21,0,0,0
10382,3,1,0,0,32,0,0,0,0,0,0,0
10383,1,1,8,8,8,8,8,8,8,8,8,8
10383,2,1,0,0,0,0,0,0,0,0,0,0
10383,3,1,0,0,0,0,0,0,0,0,0,0
10384,1,1,26,0,0,0,0,0,0,0,14,0
10385,1,1,0,0,0,0,0,0,0,0,0,0
10385,2,1,0,0,0,0,0,0,0,0,0,0
10386,1,1,13,13,13,13,13,13,13,13,13,13
10387,1,1,0,0,0,0,0,0,0,0,0,0
10387,2,1,0,0,0,0,0,0,0,0,0,0
10387,3,1,0,0,0,0,0,0,0,0,0,0
10388,1,1,0,0,21,0,5,0,0,0,0,0
10389,1,1,12,12,12,12,12,12,12,12,12,12
10389,2,1,0,0,0,0,0,0,0,0,0,0
10390,1,1,0,0,0,0,0,0,0,0,0,0
10390,2,1,0,0,0,0,0,0,0,0,0,0
10390,3,1,0,0,0,0,0,0,0,0,0,0
10390,4,1,19,0,11,0,0,0,0,0,0,0
10390,5,1,0,0,0,0,0,0,0,0,0,0
10391,1,1,12,12,12,12,12,12,12,12,12,12
10392,1,1,0,0,0,0,0,0,0,0,0,0
10392,2,1,0,0,0,0,0,0,0,0,0,0
10392,3,1,0,0,0,0,0,0,0,0,0,0
10393,1,1,0,0,0,0,0,0,0,0,0,0
10394,1,1,18,13,17,29,19,30,28,13,4,9
10395,1,1,0,0,0,0,0,0,0,0,0,0
10395,2,1,0,0,0,0,0,0,0,0,0,0
10396,1,1,0,0,0,0,0,0,0,0,0,0
10397,0,1,0,0,0,0,0,0,0,0,0,0
10397,1,1,2,2,2,2,2,2,2,2,2,2
10398,1,1,0,0,0,0,0,0,0,0,0,0
10399,1,1,0,0,0,0,0,0,0,0,0,0
10400,1,1,36,0,14,0,18,5,25,0,0,0
10401,1,1,0,20,0,0,0,0,0,10,0,0
10402,1,1,9,9,9,9,9,9,9,9,9,9
10403,1,1,17,17,17,17,17,17,17,17,17,17
10404,1,1,0,0,0,0,0,0,0,0,0,0
10404,2,1,0,0,0,0,0,0,0,0,0,0
10404,3,1,0,11,0,0,0,0,0,0,0,0
10405,1,1,0,0,0,0,0,0,0,0,0,0
10405,2,1,0,0,0,0,0,0,0,7,0,0
10406,1,1,0,11,0,0,0,0,0,0,0,0
10406,2,1,0,0,0,0,0,0,0,0,0,0
10407,1,1,25,25,25,25,25,25,25,25,25,25
10408,1,1,7,7,7,7,7,7,7,7,7,7
10409,0,1,0,0,0,0,0,0,0,0,0,0
10409,1,1,0,0,0,0,0,0,0,0,0,0
10410,1,1,0,21,12,24,0,0,0,0,0,0
10410,2,1,5,0,0,0,4,29,0,0,0,0
10411,1,1,29,29,29,29,29,29,29,29,29,29
10412,1,1,25,0,0,0,0,0,0,0,0,0
10412,2,1,0,0,0,0,0,0,0,0,0,0
10412,3,1,0,0,0,0,0,0,0,0,0,0
10413,1,1,21,21,21,21,21,21,21,21,21,21
10414,0,1,0,0,0,0,0,0,0,0,0,0
10414,1,1,0,25,0,0,0,0,0,0,0,0
10415,1,1,30,14,0,0,15,20,0,20,0,24
10416,1,1,0,0,0,0,0,0,0,0,0,0
10417,1,1,0,0,0,0,0,0,0,0,0,0
10417,2,1,0,0,0,0,0,0,0,0,29,0
10418,1,1,0,0,0,0,0,0,0,0,0,0
10419,1,1,0,0,0,18,0,0,0,0,0,0
10419,2,1,0,0,0,0,0,0,0,0,0,0
10420,1,1,22,22,22,22,22,22,22,22,22,22
10421,1,1,0,0,0,0,0,0,0,0,0,0
10421,2,1,0,0,0,0,0,0,0,0,0,0
10422,1,1,0,0,0,0,0,0,0,0,0,0
10423,1,1,8,8,8,8,8,8,8,8,8,8
10423,2,1,0,0,0,0,0,22,0,0,0,0
10424,1,1,0,0,0,0,0,0,0,0,0,0
10424,2,1,0,0,0,0,0,0,0,0,0,0
10425,0,1,0,0,0,0,0,0,0,0,0,0
10425,1,1,0,0,0,0,0,0,0,0,10,0
10426,1,1,15,15,15,15,15,15,15,15,15,15
10427,1,1,0,0,0,0,0,0,0,0,0,0
10427,2,1,0,0,0,0,0,0,0,0,0,0
10428,0,1,0,0,0,0,0,0,0,0,0,0
10428,1,1,0,0,0,0,0,0,0,19,0,0
10429,1,1,0,0,0,0,0,0,0,0,0,0
10430,1,1,0,0,0,0,0,0,0,0,0,0
10430,2,1,0,0,0,0,0,0,0,0,0,0
10430,3,1,0,0,0,0,0,0,0,0,0,0
10431,1,1,9,9,9,9,9,9,9,9,9,9
10432,1,1,23,10,0,0,0,7,0,0,0,0
10433,1,1,0,0,0,0,0,0,0,0,0,0
10434,1,1,0,0,0,0,0,0,0,0,0,0
10434,2,1,0,12,0,0,0,0,0,0,0,0
10435,0,1,0,0,0,0,0,0,0,0,0,0
10435,1,1,0,0,0,0,0,0,0,0,0,0
10436,1,1,12,12,12,12,12,12,12,12,12,12
10436,2,1,0,0,0,0,0,0,0,0,0,0
10437,1,1,0,0,15,0,21,0,0,0,0,0
10438,0,1,8,0,0,0,0,25,13,0,0,0
10438,1,1,0,0,0,0,0,0,0,0,0,0
10439,1,1,0,0,0,0,0,0,0,0,0,0
10440,1,1,0,0,0,0,0,0,0,0,0,0
10440,2,1,6,6,6,6,6,6,6,6,6,6
10441,1,1,0,0,0,0,0,14,0,0,0,16
10441,2,1,0,0,0,0,0,0,0,0,0,0
10442,1,1,0,0,0,0,0,0,0,0,0,0
10443,0,1,35,35,35,35,35,35,35,35,35,35
10443,1,1,0,0,0,0,0,0,0,0,0,0
10444,1,1,17,17,17,17,17,17,17,17,17,17
10445,1,1,0,0,0,0,0,0,0,0,0,0
10445,2,1,0,0,0,0,0,0,0,0,0,0
10446,0,1,21,0,0,27,34,22,22,0,0,0
10446,1,1,0,0,0,16,0,0,0,19,0,0
10447,0,1,19,19,19,19,19,19,19,19,19,19
10447,1,1,0,0,0,0,0,0,0,0,0,0
10448,1,1,0,0,0,0,0,0,0,0,0,0
10448,2,1,22,22,22,22,22,22,22,22,22,22
10449,1,1,10,0,0,0,12,9,16,13,0,28
10449,2,1,0,0,0,0,0,0,0,0,0,0
10450,0,1,0,5,14,0,39,0,0,42,0,0
10450,1,1,0,0,15,0,0,0,0,0,0,0
10451,1,1,0,0,0,0,0,0,0,0,0,0
10451,2,1,0,0,0,0,0,0,0,0,0,0
10452,1,1,21,0,28,12,18,31,0,13,25,26
10453,1,1,0,0,0,0,6,0,0,0,0,0
10454,1,1,0,0,0,0,0,0,0,0,0,0
10454,2,1,0,0,0,0,0,0,0,0,0,0
10454,3,1,0,0,0,0,0,0,0,0,0,0
10455,1,1,0,0,0,0,0,0,0,0,0,0
10456,1,1,0,0,0,0,0,0,0,0,0,0
10456,2,1,0,0,0,0,0,0,11,0,0,0
10457,0,1,0,0,0,0,0,0,0,0,0,0
10457,1,1,0,0,0,0,0,0,0,0,0,0
10457,2,1,0,0,0,0,0,0,0,0,0,0
10458,1,1,15,15,15,15,15,15,15,15,15,15
10459,1,1,0,0,0,0,0,0,0,0,0,0
10459,2,1,0,0,0,0,0,0,0,0,0,0
10460,0,1,0,0,0,0,0,0,0,0,0,0
10460,1,1,0,0,0,19,0,0,0,12,0,0
10460,2,1,0,0,0,0,0,0,0,0,0,0
10461,1,1,0,0,0,0,0,0,0,0,0,0
10462,1,1,0,0,0,0,0,0,8,20,19,26
10462,2,1,0,23,0,10,0,26,11,0,0,0
10463,1,1,16,16,16,16,16,16,16,16,16,16
10464,1,1,14,14,14,14,14,14,14,14,14,14
10465,0,1,0,0,0,0,0,0,0,0,0,0
10465,1,1,0,0,0,0,0,0,0,0,0,0
10466,0,1,0,0,0,0,0,0,0,0,0,0
10466,0,2,0,0,0,31,0,0,20,0,0,0
10466,2,1,0,0,0,0,0,0,0,0,0,0
10467,1,1,0,0,0,0,0,0,0,0,0,3
10467,2,1,0,0,0,0,0,0,0,0,0,0
10468,1,1,0,0,0,0,9,15,13,19,0,0
10468,2,1,0,0,0,0,0,0,0,0,0,22
10469,1,1,0,0,0,0,0,0,0,0,0,0
10470,1,1,0,0,0,0,0,0,0,0,0,0
10470,2,1,0,0,0,0,0,0,16,0,0,0
10470,3,1,0,0,0,0,0,0,6,0,0,0
10471,0,1,0,0,0,21,5,0,0,0,0,0
10471,1,1,8,8,8,8,8,8,8,8,8,8
10472,1,1,0,0,0,0,0,0,0,0,0,0
10473,1,1,0,0,0,0,0,0,0,0,0,0
10473,2,1,0,0,0,0,0,0,0,0,0,0
10474,1,1,29,29,29,29,29,29,29,29,29,29
10474,2,1,0,0,0,0,0,0,0,0,0,0
10475,0,1,0,0,0,0,0,0,0,0,0,0
10475,1,1,23,0,0,27,0,0,0,0,0,0
10476,0,1,26,26,26,26,26,26,26,26,26,26
10476,1,1,0,0,0,0,0,0,0,0,0,0
10477,1,1,4,4,4,4,4,4,4,4,4,4
10478,1,1,1,1,1,1,1,1,1,1,1,1
10478,2,1,2,2,2,2,2,2,2,2,2,2
10479,1,1,0,0,0,0,0,0,0,0,0,0
10480,1,1,18,18,18,18,18,18,18,18,18,18
10480,2,1,0,0,0,0,0,0,0,0,0,0
10480,3,1,0,0,0,0,0,0,15,0,0,0
10481,0,1,0,0,0,0,0,0,0,0,0,0
10481,1,1,0,0,0,0,0,0,0,0,0,0
10482,1,1,0,0,0,0,0,0,0,0,0,0
10482,2,1,0,0,0,0,0,0,0,0,0,0
10482,3,1,0,0,0,0,0,0,0,0,0,0
10483,0,1,0,23,30,0,0,0,0,0,0,22
10483,0,2,0,0,0,0,0,0,0,0,0,0
10483,1,1,0,0,0,0,0,0,0,0,0,0
10484,1,1,0,0,0,0,0,0,0,0,0,0
10484,2,1,0,0,0,0,0,0,0,0,0,0
10485,0,1,23,11,34,5,9,28,20,23,15,14
10485,1,1,0,10,0,0,0,0,0,0,0,0
10486,1,1,0,0,0,0,0,0,0,0,0,0
10486,2,1,0,0,0,0,0,0,0,0,0,0
10487,1,1,0,0,0,0,0,0,0,0,0,0
10487,2,1,0,0,0,0,0,0,0,0,0,0
10488,1,1,0,0,0,0,0,0,0,0,0,0
10489,1,1,22,7,8,12,6,13,15,23,19,18
10489,2,1,0,0,0,0,0,0,0,0,0,0
10490,1,1,0,0,0,12,0,0,0,0,0,0
10491,1,1,0,0,10,0,0,0,11,19,0,0
10492,0,1,0,0,0,0,0,0,0,0,0,0
10492,1,1,0,0,0,0,0,0,0,0,0,0
10492,2,1,0,10,0,26,0,0,0,0,0,0
10493,1,1,0,0,0,0,0,0,0,0,0,0
10493,2,1,0,0,0,0,0,0,0,0,0,29
10494,1,1,9,9,9,9,9,9,9,9,9,9
10495,1,1,0,0,0,0,0,0,0,0,0,0
10496,1,1,0,0,12,0,0,0,0,0,21,0
10497,1,1,0,0,0,0,0,0,0,0,0,0
10497,2,1,0,0,0,0,0,0,0,0,0,0
10498,1,1,0,0,0,0,0,0,0,0,0,0
10499,1,1,0,0,0,0,0,0,0,0,0,0
10500,1,1,0,0,0,0,0,0,0,0,0,0
10501,1,1,0,0,0,0,0,0,0,0,0,0
10502,1,1,0,0,0,0,0,0,0,0,0,0
10502,2,1,0,0,0,0,0,0,0,0,0,0
10503,1,1,22,22,22,22,22,22,22,22,22,22
10504,1,1,18,18,18,18,18,18,18,18,18,18
10505,0,1,0,0,0,0,0,0,0,0,0,0
10505,1,1,0,0,0,0,0,0,0,0,0,0
10506,1,1,0,0,20,0,0,0,0,0,0,0
10506,2,1,0,0,0,0,0,0,0,0,0,0
10506,3,1,0,0,0,0,0,0,0,0,0,0
10507,1,1,0,0,0,0,0,0,0,0,0,0
10507,2,1,16,16,16,16,16,16,16,16,16,16
10508,0,1,0,0,0,0,0,0,0,0,0,0
10508,1,1,0,0,0,0,0,49,0,12,0,0
10509,1,1,0,0,0,0,15,0,13,0,0,0
10509,2,1,0,0,0,0,0,0,0,0,0,0
10511,1,1,0,0,0,0,0,0,0,0,0,0
10511,2,1,0,0,0,0,0,8,0,0,0,0
10512,1,1,29,29,29,29,29,29,29,29,29,29
10512,2,1,0,0,0,0,0,0,0,0,0,0
10513,1,1,12,12,12,12,12,12,12,12,12,12
10514,1,1,0,0,0,0,0,0,0,0,0,0
10515,1,1,0,0,0,0,0,0,0,0,0,0
10515,2,1,0,0,0,0,0,0,0,0,0,0
10515,3,1,0,0,0,0,0,0,0,0,0,0
10516,0,1,0,27,0,0,14,0,9,0,0,28
10516,1,1,0,0,0,0,0,0,0,0,0,0
10518,1,1,0,9,14,14,0,18,13,0,6,14
10519,1,1,17,17,17,17,17,17,17,17,17,17
10519,2,1,0,0,0,0,0,0,0,0,0,0
10520,1,1,0,0,0,0,0,0,0,0,0,0
10520,2,1,0,0,0,0,0,0,0,0,0,0
10521,1,1,0,0,13,0,12,0,0,0,0,12
10522,1,1,0,0,0,0,0,0,0,0,0,0
10522,2,1,14,6,0,0,22,0,0,0,0,0
10523,1,1,0,0,0,0,0,0,0,0,0,0
10523,2,1,0,0,0,0,0,0,0,0,0,0
10524,1,1,0,0,0,0,0,0,0,0,0,0
10524,2,1,12,12,12,12,12,12,12,12,12,12
10524,3,1,18,0,0,0,0,0,0,0,0,0
10525,1,1,6,6,6,6,6,6,6,6,6,6
10525,2,1,0,0,0,0,0,0,0,0,0,0
10526,1,1,15,15,15,15,15,15,15,15,15,15
10527,0,1,0,0,0,0,0,0,0,0,0,0
10527,1,1,0,0,0,0,0,0,0,0,0,0
10528,1,1,21,21,21,21,21,21,21,21,21,21
10528,2,1,5,13,28,0,0,0,0,8,20,15
10529,1,1,31,31,31,31,31,31,31,31,31,31
10529,2,1,0,0,0,0,0,0,0,0,0,0
10530,1,1,0,0,0,0,0,0,0,0,0,0
10531,0,1,6,0,23,0,0,0,12,29,0,0
10531,1,1,0,0,0,23,0,8,11,0,0,4
10532,1,1,9,0,0,0,12,0,10,17,39,23
10532,2,1,0,0,0,0,0,0,0,0,0,0
10532,4,1,0,0,0,0,0,0,0,0,0,0
10532,5,1,0,18,0,0,0,0,0,20,0,0
10533,1,1,0,0,0,0,0,0,0,0,0,0
10534,0,1,0,0,15,10,15,0,0,0,21,0
10534,1,1,20,21,0,17,24,0,16,8,10,16
10535,1,1,0,0,0,0,0,0,0,0,0,0
10536,0,1,0,0,0,0,0,0,0,0,0,0
10536,1,1,0,0,0,0,0,0,0,0,0,0
10537,1,1,0,8,0,0,0,0,0,0,0,0
10537,2,1,3,3,3,3,3,3,3,3,3,3
10537,3,1,0,0,0,0,0,0,0,0,0,0
10537,4,1,0,0,0,0,0,0,0,0,0,0
10538,0,1,0,0,0,0,0,0,0,0,0,0
10538,2,1,0,0,0,0,0,0,0,0,0,0
10539,1,1,0,0,0,0,0,0,0,0,0,0
10540,1,1,0,0,0,0,0,0,0,0,0,0
10540,2,1,0,0,0,0,0,0,0,0,0,0
10541,1,1,0,0,0,0,0,0,0,0,0,0
10542,1,1,0,0,0,0,0,0,0,0,0,0
10543,1,1,0,0,0,5,0,0,0,0,0,0
10543,2,1,0,0,0,0,0,0,0,0,0,0
10544,0,1,1,1,1,1,1,1,1,1,1,1
10544,1,1,0,0,0,0,0,0,0,0,0,0
10545,1,1,18,18,18,18,18,18,18,18,18,18
10546,1,1,16,5,17,9,4,8,8,12,11,0
10546,2,1,0,17,16,13,0,12,0,18,13,0
10547,1,1,0,10,0,0,0,0,0,0,17,0
10547,2,1,0,0,0,0,0,0,0,0,0,0
10548,1,1,0,0,0,0,0,0,0,0,0,0
10548,2,1,0,0,13,0,0,0,0,0,0,0
10549,1,1,0,0,0,0,0,0,0,0,0,0
10549,2,1,0,0,0,0,0,0,0,0,0,0
10549,3,1,0,0,0,0,0,0,0,7,0,0
10550,1,1,0,0,0,0,0,0,0,0,0,0
10550,2,1,0,0,0,0,0,0,0,0,0,0
10551,1,1,0,0,0,0,0,0,0,0,0,0
10552,1,1,0,0,0,0,0,0,0,0,0,0
10552,2,1,0,0,0,0,0,0,0,0,0,0
10552,3,1,0,0,0,0,0,0,11,0,0,0
10553,1,1,21,21,21,21,21,21,21,21,21,21
10554,1,1,0,0,0,0,11,0,0,0,0,0
10555,1,1,0,0,0,0,0,0,0,0,0,0
10555,2,1,0,0,0,0,0,0,0,0,0,0
10556,0,1,0,0,13,0,21,0,0,0,0,0
10556,1,1,13,0,0,0,0,5,0,0,0,0
10557,1,1,0,0,0,0,0,0,0,0,0,0
10557,2,1,0,0,0,0,0,0,0,0,0,0
10558,1,1,20,20,20,20,20,20,20,20,20,20
10559,1,1,0,0,0,0,0,0,0,0,0,0
10559,2,1,0,0,0,0,0,0,0,0,0,0
10560,1,1,0,0,0,0,0,0,0,0,0,0
10560,2,1,0,0,0,0,0,0,0,0,0,0
10561,1,1,0,0,0,0,0,0,0,0,0,0
10561,2,1,0,0,0,0,0,0,0,0,0,0
10561,3,1,0,0,0,0,0,0,0,0,0,0
10562,1,1,11,11,11,11,11,11,11,11,11,11
10563,0,1,19,19,19,19,19,19,19,19,19,19
10563,1,1,0,0,8,17,8,0,23,0,0,5
10564,1,1,17,0,0,28,11,11,0,9,6,0
10565,1,1,0,0,0,0,0,0,0,0,0,0
10566,1,1,13,27,26,24,17,5,15,8,20,8
10567,1,1,19,19,19,19,19,19,19,19,19,19
10569,1,1,0,0,0,0,0,0,0,0,0,0
10569,2,1,0,0,0,0,0,0,0,0,0,0
10570,1,1,0,0,0,0,0,0,0,0,0,0
10571,0,1,0,0,0,0,0,0,0,0,0,0
10571,1,1,0,20,0,0,0,0,0,0,0,0
10572,1,1,0,0,0,0,0,0,0,0,0,0
10572,2,1,0,0,0,0,0,0,0,0,0,0
10573,1,1,0,0,0,0,0,0,0,0,0,0
10573,2,1,0,0,0,0,0,0,0,0,0,0
10573,3,1,0,0,0,0,0,0,16,0,0,0
10574,1,1,0,0,22,0,17,0,11,0,0,0
10575,1,1,22,22,22,22,22,22,22,22,22,22
10576,1,1,0,0,0,20,0,0,0,0,0,0
10577,1,1,0,0,0,0,0,0,0,0,25,0
10577,2,1,0,0,0,0,24,0,3,0,0,0
10578,1,1,0,0,0,0,0,0,0,0,0,0
10578,2,1,0,0,0,0,0,11,0,0,29,0
10579,1,1,0,0,0,0,0,0,0,0,0,0
10580,1,1,21,21,21,21,21,21,21,21,21,21
10581,1,1,1,1,1,1,1,1,1,1,1,1
10582,1,1,0,0,0,0,0,0,0,0,0,0
10583,1,1,0,0,0,0,0,0,0,0,0,0
10583,2,1,0,0,0,0,0,0,0,0,0,0
10584,1,1,0,3,0,0,9,0,0,0,0,0
10585,0,1,0,0,0,0,0,0,0,0,0,0
10585,1,1,0,0,0,0,0,0,0,0,0,0
10586,1,1,9,9,9,9,9,9,9,9,9,9
10586,2,1,0,0,0,0,0,0,0,0,0,0
10587,1,1,0,19,0,0,0,0,0,15,5,0
10588,0,1,0,0,0,0,0,0,0,0,0,0
10588,1,1,0,0,0,0,0,0,0,0,0,0
10589,1,1,0,0,0,0,0,0,0,0,0,0
10589,2,1,0,0,15,0,0,0,0,0,0,0
10589,3,1,0,0,0,0,0,0,0,0,0,0
10590,1,1,10,0,0,0,0,0,0,7,0,0
10591,1,1,23,23,23,23,23,23,23,23,23,23
10592,1,1,27,27,27,27,27,27,27,27,27,27
10593,1,1,15,15,15,15,15,15,15,15,15,15
10594,1,1,0,0,0,0,0,0,0,0,0,0
10594,2,1,0,0,0,0,0,0,0,0,0,0
10594,3,1,0,0,0,0,0,0,0,0,0,0
10595,1,1,0,17,0,0,12,0,0,0,0,9
10596,1,1,13,13,13,13,13,13,13,13,13,13
10596,2,1,4,4,4,4,4,4,4,4,4,4
10597,1,1,0,0,0,0,0,0,0,0,0,0
10598,1,1,0,21,0,18,21,0,0,0,0,0
10599,0,1,0,0,0,0,0,0,0,18,0,0
10599,1,1,0,0,0,0,0,0,0,0,0,0
10600,0,1,0,0,0,0,0,0,0,0,0,0
10600,1,1,0,0,0,0,0,0,0,0,0,0
10601,1,1,0,0,0,0,0,0,0,0,0,0
10601,2,1,0,0,0,0,0,0,0,0,0,0
10602,1,1,0,0,0,0,0,0,0,0,0,0
10603,1,1,5,5,5,5,5,5,5,5,5,5
10604,1,1,13,13,13,13,13,13,13,13,13,13
10605,1,1,0,0,0,0,0,0,0,0,0,0
10606,1,1,12,12,12,12,12,12,12,12,12,12
10607,1,1,0,4,0,0,22,0,0,0,0,0
10608,1,1,0,0,0,0,0,0,0,0,0,0
10608,2,1,0,0,0,0,0,0,0,0,0,0
10609,0,1,0,0,0,0,0,0,16,0,0,0
10609,1,1,0,0,0,0,0,0,0,0,0,0
10610,1,1,0,0,0,0,0,0,0,0,0,0
10610,2,1,0,0,0,0,0,0,0,0,0,0
10610,3,1,0,0,0,0,0,0,0,0,0,0
10611,0,1,34,0,0,27,0,31,0,20,0,0
10611,1,1,0,0,6,0,0,12,0,0,0,19
10612,1,1,0,0,0,0,0,8,0,10,0,0
10613,0,1,38,0,0,0,0,4,0,0,0,0
10613,1,1,0,0,0,0,0,0,0,0,0,0
10614,1,1,42,0,0,0,0,0,28,0,5,0
10615,0,1,0,0,8,0,26,0,0,14,0,34
10615,1,1,0,0,0,0,0,0,9,0,0,0
10616,1,1,0,0,0,0,0,0,0,0,0,0
10616,2,1,0,0,0,0,0,0,0,0,0,0
10617,1,1,0,0,0,0,0,0,0,0,0,0
10617,2,1,0,0,0,0,0,0,0,0,0,0
10618,1,1,0,0,0,0,0,0,0,0,0,0
10618,2,1,0,0,0,0,0,0,0,0,0,0
10619,1,1,0,0,0,0,0,0,0,0,0,0
10619,2,1,0,0,0,0,0,0,0,0,0,0
10619,3,1,0,0,0,0,0,0,0,0,0,0
10620,1,1,0,0,0,0,0,0,0,0,0,0
10622,1,1,0,11,0,0,23,0,0,0,0,11
10622,2,1,4,4,4,4,4,4,4,4,4,4
10623,1,1,0,20,0,14,0,0,11,0,0,0
10624,0,1,30,30,30,30,30,30,30,30,30,30
10624,1,1,0,0,0,0,0,0,0,0,0,0
10625,1,1,0,0,9,0,11,0,7,0,8,0
10625,2,1,23,0,0,11,0,0,17,7,0,0
10626,1,1,0,0,0,0,0,0,0,28,0,0
10627,1,1,19,19,19,19,19,19,19,19,19,19
10627,2,1,0,0,0,0,0,0,0,0,0,0
10627,3,1,0,0,0,0,0,0,0,0,0,0
10628,1,1,0,0,0,0,0,0,0,0,0,0
10628,2,1,0,0,0,0,0,0,0,0,0,0
10629,1,1,0,0,0,0,0,0,0,0,0,0
10629,2,1,0,0,0,0,0,0,0,0,0,0
10629,3,1,0,0,0,0,0,0,0,0,0,0
10630,1,1,11,11,11,11,11,11,11,11,11,11
10631,0,1,19,19,19,19,19,19,19,19,19,19
10631,1,1,0,0,0,0,20,0,0,0,6,0
10632,1,1,31,31,31,31,31,31,31,31,31,31
10632,2,1,0,0,12,0,0,0,0,0,0,19
10633,1,1,0,0,0,0,0,0,0,0,0,0
10633,2,1,0,0,0,0,0,0,0,0,0,0
10634,1,1,0,0,17,0,0,0,29,0,51,11
10634,2,1,0,0,0,0,0,0,0,0,0,0
10635,1,1,23,23,23,23,23,23,23,23,23,23