ST_CASE,VEH_NO,PER_NO,P1,P2,P3,P4,P5,P6,P7,P8,P9,P10
10636,0,1,0,0,0,0,0,0,0,0,0,0
10636,1,1,0,0,0,0,0,0,0,0,0,0
10637,1,1,0,0,0,0,0,0,0,0,0,0
10638,0,1,0,0,0,0,0,0,0,0,0,0
10638,1,1,0,0,0,0,0,0,0,0,0,0
10639,0,1,17,17,17,17,17,17,17,17,17,17
10639,1,1,0,0,0,0,0,0,0,0,0,0
10640,1,1,10,10,10,10,10,10,10,10,10,10
10640,2,1,0,0,14,0,12,0,21,0,0,0
10641,1,1,0,0,0,0,0,0,0,0,0,0
10641,2,1,0,0,0,0,0,0,0,0,0,0
10642,1,1,14,0,0,0,26,0,0,0,0,0
10643,1,1,0,0,0,0,0,0,0,0,0,0
10643,2,1,0,0,0,0,0,0,0,0,0,0
10644,1,1,4,4,4,4,4,4,4,4,4,4
10645,1,1,0,0,0,0,0,0,0,0,0,0
10646,1,1,28,28,28,28,28,28,28,28,28,28
10646,2,1,0,0,0,0,9,0,0,0,18,0
10647,1,1,0,0,0,0,0,0,0,0,0,0
10647,2,1,0,0,0,0,0,0,0,0,0,0
10648,1,1,0,0,0,9,0,0,0,0,0,0
10649,1,1,19,16,24,11,22,15,18,14,11,30
10650,0,1,0,0,0,0,0,0,0,0,0,0
10650,1,1,0,0,0,0,0,0,0,0,0,0
10651,1,1,25,25,25,25,25,25,25,25,25,25
10652,0,1,0,0,0,0,0,0,0,0,0,0
10652,1,1,9,9,9,9,9,9,9,9,9,9
10653,1,1,0,0,0,0,0,0,0,0,0,0
10653,2,1,0,27,0,0,0,0,0,0,0,0
10654,0,1,34,34,34,34,34,34,34,34,34,34
10654,1,1,0,0,0,0,0,0,0,0,0,0
10655,1,1,15,15,15,15,15,15,15,15,15,15
10656,1,1,0,0,0,0,0,0,0,0,0,0
10656,2,1,0,0,0,0,0,0,0,0,0,0
10657,1,1,0,0,0,0,0,0,0,0,0,0
10658,1,1,18,0,11,0,0,18,0,19,0,19
10659,1,1,0,0,0,0,0,0,0,0,0,0
10660,1,1,0,0,0,0,0,0,0,0,0,0
10660,2,1,0,0,0,0,0,0,0,0,0,0
10661,1,1,21,24,21,14,26,30,9,48,9,15
10661,2,1,0,0,0,0,0,0,0,0,0,0
10662,1,1,0,0,0,0,0,0,0,0,0,0
10662,2,1,0,0,0,0,0,0,0,0,0,0
10663,1,1,16,16,16,16,16,16,16,16,16,16
10664,1,1,3,3,3,3,3,3,3,3,3,3
10665,0,1,0,28,0,0,0,10,0,0,0,21
10665,1,1,0,0,0,0,0,0,0,0,0,0
10665,2,1,0,0,0,0,0,0,0,0,0,0
10666,1,1,0,0,0,0,0,0,0,0,0,0
10667,1,1,9,9,9,9,9,9,9,9,9,9
10668,1,1,0,0,0,0,0,0,0,0,0,0
10669,1,1,2,2,2,2,2,2,2,2,2,2
10670,1,1,0,0,0,0,0,0,0,0,0,0
10670,2,1,0,0,0,0,0,0,0,0,0,0
10671,1,1,24,24,24,24,24,24,24,24,24,24
10672,1,1,22,22,22,22,22,22,22,22,22,22
10673,1,1,0,0,0,0,0,0,0,0,0,0
10673,2,1,0,0,0,0,0,0,0,0,0,0
10674,1,1,0,0,0,0,0,0,0,0,0,0
10675,0,1,24,24,24,24,24,24,24,24,24,24
10675,1,1,7,7,7,7,7,7,7,7,7,7
10676,1,1,23,23,23,23,23,23,23,23,23,23
10676,2,1,0,0,0,0,0,0,0,0,0,0
10677,1,1,0,0,0,0,0,0,0,0,0,0
10678,1,1,18,18,18,18,18,18,18,18,18,18
10678,2,1,0,0,0,0,0,0,0,0,0,0
10679,1,1,0,0,0,0,0,0,0,0,0,0
10679,2,1,0,0,0,0,0,0,0,0,0,0
10680,1,1,0,0,0,0,0,0,0,0,0,0
10681,1,1,18,18,18,18,18,18,18,18,18,18
10681,2,1,0,0,0,0,0,0,0,0,0,0
10682,1,1,18,18,18,18,18,18,18,18,18,18
10683,0,1,15,0,25,0,25,0,0,0,0,0
10683,1,1,0,0,0,0,0,0,10,0,0,0
10684,1,1,0,0,0,0,0,0,0,0,0,0
10684,2,1,0,0,0,0,0,0,0,0,0,0
10685,1,1,0,0,0,0,0,0,0,0,0,0
10685,2,1,20,20,20,20,20,20,20,20,20,20
10686,1,1,30,24,18,0,0,0,8,23,29,0
10687,1,1,0,0,0,0,0,0,0,0,0,0
10688,1,1,0,0,0,0,0,0,0,0,0,0
10688,2,1,0,0,0,0,0,0,0,0,0,0
10689,1,1,0,0,0,0,0,0,0,0,0,0
10689,2,1,0,0,0,0,0,0,0,0,0,0
10690,1,1,16,16,16,16,16,16,16,16,16,16
10691,1,1,0,0,0,0,0,0,0,0,0,0
10691,2,1,0,0,0,0,0,0,0,0,24,0
10692,1,1,24,0,26,17,0,0,0,0,0,17
10693,1,1,22,0,29,8,18,12,18,20,26,20
10694,1,1,11,11,11,11,11,11,11,11,11,11
10694,2,1,0,0,0,8,12,7,0,2,0,20
10695,1,1,37,37,37,37,37,37,37,37,37,37
10696,0,1,16,16,16,16,16,16,16,16,16,16
10696,1,1,0,0,0,0,0,0,0,0,0,0
10697,1,1,0,0,0,0,0,0,0,0,0,0
10697,2,1,0,0,0,0,0,0,0,0,0,0
10698,1,1,0,0,0,0,0,0,0,0,0,0
10699,1,1,16,16,16,16,16,16,16,16,16,16
10700,0,1,0,0,0,0,0,0,0,0,0,0
10700,1,1,0,0,0,0,0,0,0,0,0,0
10701,1,1,0,0,15,0,37,0,31,0,39,0
10702,0,1,0,0,0,0,0,0,0,0,0,0
10702,1,1,0,0,0,0,0,0,0,0,0,0
10703,1,1,0,0,0,0,0,0,0,0,0,0
10703,2,1,0,0,0,0,0,0,0,0,0,0
10704,1,1,0,0,0,0,0,0,0,0,0,0
10705,0,1,0,0,0,0,0,0,0,0,0,0
10705,1,1,0,0,0,0,0,13,0,15,0,0
10706,0,1,0,0,0,0,0,0,0,0,0,0
10706,1,1,0,0,0,0,0,5,10,0,0,0
10707,1,1,0,0,0,0,0,0,0,0,0,0
10708,1,1,0,0,0,0,0,0,0,0,0,0
10708,2,1,0,0,0,0,0,0,0,0,0,0
10709,1,1,0,0,0,26,5,12,0,0,0,16
10710,1,1,0,0,0,0,0,0,0,0,0,0
10710,2,1,0,0,0,0,0,0,0,0,0,0
10711,1,1,0,0,0,0,0,0,0,0,0,0
10712,1,1,0,0,0,0,0,0,0,0,0,0
10712,2,1,0,0,0,0,20,0,0,0,0,0
10712,3,1,0,0,0,0,0,0,0,0,0,0
10713,1,1,13,13,13,13,13,13,13,13,13,13
10713,2,1,0,5,0,0,0,0,0,0,0,0
10714,1,1,0,0,0,0,0,0,0,0,16,0
10715,1,1,0,0,0,0,0,0,0,0,0,0
10715,2,1,0,0,0,0,0,0,0,0,0,0
10716,1,1,8,0,0,0,0,5,23,8,11,0
10717,1,1,0,0,0,0,0,0,0,0,0,0
10717,2,1,0,0,0,0,0,0,0,0,0,0
10718,1,1,1,1,1,1,1,1,1,1,1,1
10718,2,1,0,0,0,0,0,0,0,0,0,0
10719,0,1,0,0,0,17,0,0,0,0,0,0
10719,1,1,0,0,0,0,0,0,0,0,0,0
10720,1,1,0,0,0,0,0,0,0,0,0,0
10720,2,1,0,0,0,0,0,0,0,0,0,0
10721,1,1,0,0,0,0,0,0,0,0,12,0
10721,2,1,0,0,0,0,0,0,0,0,0,0
10722,1,1,0,0,0,0,0,0,0,0,0,0
10722,2,1,0,0,0,6,0,0,0,0,0,0
10723,1,1,0,0,0,15,0,11,0,16,0,0
10724,1,1,0,0,0,0,0,0,0,0,0,0
10724,2,1,14,0,0,0,0,0,0,0,0,0
10725,1,1,1,1,1,1,1,1,1,1,1,1
10725,2,1,0,0,0,0,0,0,0,0,0,0
10726,1,1,0,0,0,0,0,0,0,0,0,0
10726,2,1,0,0,0,0,0,0,0,0,0,0
10727,1,1,0,0,0,0,0,0,0,0,0,0
10727,2,1,0,0,0,0,0,0,0,0,0,0
10728,1,1,0,0,0,0,0,0,0,0,0,14
10728,2,1,0,0,0,0,0,0,0,0,8,13
10729,1,1,0,0,0,0,0,0,0,0,0,0
10730,1,1,0,0,0,0,0,0,0,0,0,0
10730,2,1,0,0,0,0,0,0,0,0,0,0
10730,3,1,0,0,0,0,0,0,0,0,0,0
10731,1,1,0,0,0,0,0,0,0,0,0,0
10731,2,1,0,0,0,0,0,0,0,0,0,0
10732,1,1,0,0,0,0,0,0,0,0,0,0
10732,2,1,0,0,0,0,0,0,0,0,0,0
10733,1,1,17,23,18,11,0,7,0,0,0,13
10734,1,1,22,0,0,22,0,22,22,0,15,27
10735,1,1,0,27,38,13,0,18,19,13,13,0
10736,1,1,0,0,0,0,0,0,0,0,0,0
10736,2,1,0,0,0,0,0,0,0,0,0,0
10736,3,1,0,0,0,0,0,0,0,0,0,0
10737,1,1,0,0,0,0,0,0,0,0,0,26
10738,1,1,0,0,0,0,0,0,0,0,0,0
10739,1,1,0,0,0,0,0,0,0,0,0,0
10740,1,1,0,0,0,0,0,0,0,0,0,0
10740,2,1,2,2,2,2,2,2,2,2,2,2
10741,1,1,2,2,2,2,2,2,2,2,2,2
10741,2,1,0,0,0,0,0,0,0,0,0,0
10742,1,1,0,0,0,0,0,0,0,0,0,0
10742,2,1,0,0,0,0,0,0,0,0,0,0
10743,1,1,0,0,0,0,0,0,0,0,0,0
10743,2,1,0,0,0,0,12,0,0,0,0,0
10743,3,1,0,0,0,0,0,0,0,0,0,0
10744,1,1,28,0,0,0,15,0,0,0,0,0
10744,2,1,15,0,14,0,0,0,0,0,0,0
10745,1,1,10,10,10,10,10,10,10,10,10,10
10746,1,1,0,0,0,0,0,0,20,0,0,0
10747,1,1,0,0,0,0,0,0,0,0,0,0
10748,0,1,0,0,0,0,0,0,0,0,0,0
10748,1,1,0,0,0,0,0,0,0,0,0,0
10749,1,1,10,0,0,0,0,0,0,0,0,0
10749,2,1,0,0,0,0,0,0,0,0,0,0
10751,1,1,0,0,0,0,0,0,0,0,0,0
10752,1,1,0,0,21,5,49,13,0,16,11,13
10753,1,1,0,0,0,0,0,0,0,0,0,0
10754,1,1,0,0,0,0,0,0,0,0,0,0
10754,2,1,0,0,0,0,0,0,0,0,0,0
10755,1,1,0,0,0,0,0,0,0,0,13,0
10756,0,1,18,11,0,0,0,37,0,18,0,13
10756,1,1,0,0,0,0,0,0,0,0,0,0
10757,1,1,0,0,0,0,0,0,0,0,0,0
10757,2,1,0,0,0,0,9,0,0,0,0,0
10758,0,1,0,0,0,0,0,0,0,0,0,0
10758,1,1,17,0,0,0,0,0,0,0,0,0
10759,1,1,0,0,0,0,0,0,0,0,0,0
10760,1,1,0,0,0,5,0,0,0,11,0,15
10761,1,1,0,0,0,0,0,0,0,0,0,0
10761,2,1,0,0,0,22,0,0,0,0,0,0
10762,1,1,0,0,0,0,0,0,0,0,0,0
10762,2,1,0,0,0,7,0,0,0,0,0,0
10763,1,1,0,0,0,0,0,0,0,0,0,0
10763,2,1,0,0,0,0,0,0,0,0,0,0
10764,1,1,29,29,29,29,29,29,29,29,29,29
10765,0,1,13,0,0,0,25,0,0,10,0,28
10765,1,1,0,11,18,0,0,14,0,0,0,0
10766,1,1,0,20,0,0,0,0,0,10,0,0
10766,2,1,0,0,0,0,0,0,0,0,0,0
10767,0,1,26,0,0,0,0,29,17,36,0,0
10767,1,1,12,0,0,0,0,0,0,0,0,0
10767,2,1,0,0,0,0,0,0,5,27,0,0
10768,1,1,0,0,0,27,0,0,0,0,13,0
10768,2,1,0,0,0,0,0,0,0,0,0,0
10769,1,1,0,0,0,0,0,0,0,0,0,0
10769,2,1,0,0,0,0,0,0,0,0,0,0
10770,1,1,0,0,12,0,0,0,0,0,0,0
10771,1,1,0,0,0,0,0,0,9,11,15,0
10771,2,1,0,0,0,0,0,0,0,15,0,0
10771,3,1,0,0,0,0,0,0,0,0,0,0
10772,1,1,23,0,0,4,0,10,21,0,21,11
10773,1,1,18,9,20,12,0,18,19,16,10,6
10773,2,1,0,0,0,0,0,0,0,0,0,0
10774,1,1,14,14,14,14,14,14,14,14,14,14
10775,1,1,42,42,42,42,42,42,42,42,42,42
10775,2,1,0,0,0,0,0,0,0,0,0,0
10775,3,1,0,0,0,0,0,0,0,0,0,0
10776,1,1,0,0,0,0,9,0,9,0,7,7
10776,2,1,11,0,0,0,0,0,15,0,0,0
10776,3,1,0,0,0,0,0,6,0,0,0,0
10777,0,1,39,39,39,39,39,39,39,39,39,39
10777,1,1,0,14,0,0,0,0,12,0,0,0
10778,1,1,0,0,0,0,0,13,0,14,0,12
10779,1,1,0,0,0,0,0,0,0,0,0,0
10779,2,1,0,0,0,0,0,0,0,0,0,0
10779,3,1,0,0,0,0,0,0,0,0,0,0
10779,4,1,0,0,0,0,0,0,0,0,0,0
10780,1,1,0,0,0,0,0,0,0,0,0,0
10781,1,1,33,0,0,0,0,12,0,0,27,0
10781,2,1,0,0,0,0,0,0,0,0,0,21
10781,3,1,0,0,0,0,0,0,0,0,0,0
10782,0,1,0,0,0,0,0,0,0,0,0,0
10782,1,1,0,0,0,0,0,0,0,0,0,0
10783,1,1,28,0,0,0,25,0,0,10,0,0
10784,0,1,43,15,43,0,32,0,0,0,40,10
10784,1,1,0,0,0,0,17,0,0,0,0,0
10785,1,1,0,0,0,0,0,0,0,0,0,0
10785,2,1,0,0,0,0,0,0,0,0,0,0
10785,3,1,0,0,0,0,0,0,0,0,0,0
10786,1,1,0,0,0,0,0,0,0,0,0,0
10786,2,1,0,0,0,0,0,0,0,0,0,0
10786,3,1,0,0,0,0,8,0,0,0,0,0
10786,4,1,0,0,0,0,0,0,0,0,0,0
10787,1,1,0,4,0,0,0,13,0,9,17,11
10788,0,1,17,0,0,0,0,13,0,0,41,0
10788,1,1,0,0,0,0,0,0,0,17,13,0
10789,1,1,0,0,0,10,0,0,0,0,0,7
10790,1,1,0,0,0,0,0,0,0,0,0,0
10791,1,1,0,0,0,0,0,0,0,0,0,0
10792,1,1,0,0,0,0,0,30,0,0,0,0
10793,1,1,5,26,8,21,16,0,14,15,25,15
10793,2,1,8,14,10,26,4,17,27,21,24,18
10794,1,1,0,0,0,10,0,0,6,0,0,0
10795,1,1,0,0,0,0,0,0,0,0,0,0
10796,1,1,0,0,24,0,0,0,0,0,0,41
10797,1,1,0,0,0,0,0,0,0,0,0,0
10797,2,1,0,0,0,0,0,0,0,0,0,0
10798,1,1,0,0,0,3,0,7,0,0,0,0
10799,1,1,0,0,0,0,0,0,0,0,0,0
10800,0,1,0,0,28,39,0,0,11,0,0,0
10800,1,1,0,0,0,7,0,0,0,0,0,0
10801,1,1,0,0,0,0,0,0,0,0,0,0
10802,1,1,0,0,0,0,0,0,0,0,0,0
10802,2,1,0,0,0,0,0,0,0,0,0,0
10803,1,1,22,22,22,22,22,22,22,22,22,22
10803,2,1,0,0,0,0,0,0,11,0,0,0
10804,1,1,0,0,0,9,0,25,0,0,0,0
10805,1,1,0,0,0,0,0,0,0,0,0,0
10806,1,1,0,0,0,0,0,0,0,0,0,0
10806,2,1,0,0,0,0,0,0,0,0,0,0
10807,1,1,0,0,0,0,0,0,0,0,0,0
10807,2,1,0,0,0,0,0,0,0,0,0,0
10808,1,1,0,0,0,0,0,0,0,0,0,0
10809,1,1,0,0,0,0,0,0,0,0,0,0
10809,2,1,0,0,0,0,0,0,0,35,0,0
10810,1,1,0,0,0,0,0,9,0,0,0,4
10810,2,1,0,0,0,0,0,0,0,0,0,0
10811,1,1,28,28,28,28,28,28,28,28,28,28
10812,1,1,0,6,12,13,24,13,8,13,7,16
10813,1,1,21,0,0,0,19,11,0,0,0,28
10814,1,1,0,0,0,0,0,0,0,0,0,0
10814,2,1,0,0,0,0,0,0,0,0,0,0
10815,1,1,11,0,0,0,0,0,0,0,0,8
10815,2,1,0,0,0,0,0,0,0,0,0,0
10816,1,1,0,19,0,0,0,10,24,15,0,0
10817,1,1,0,0,0,0,0,0,0,18,0,0
10818,0,1,0,0,0,0,0,0,0,0,0,0
10818,1,1,0,0,0,0,0,0,0,0,0,3
10818,2,1,0,0,0,0,0,0,8,0,0,15
10819,1,1,0,0,0,0,0,0,0,0,0,17
10819,2,1,0,0,0,0,0,0,0,0,0,0
10820,1,1,0,22,0,0,0,32,8,0,0,15
10821,1,1,0,0,0,0,0,0,0,0,0,0
10821,2,1,0,0,0,0,0,0,0,0,0,0
10822,1,1,18,18,18,18,18,18,18,18,18,18
10822,2,1,0,0,0,0,0,0,0,0,0,0
10823,1,1,0,0,0,17,14,21,7,22,0,0
10824,1,1,0,0,0,0,0,0,0,0,0,6
10824,2,1,0,0,0,0,0,0,0,0,0,0
10824,3,1,0,0,30,0,0,0,0,0,0,0
10824,4,1,0,0,0,0,0,0,0,0,0,0
10825,1,1,0,0,0,0,0,0,0,0,0,0
10825,2,1,0,0,0,0,0,0,0,0,0,0
10826,1,1,0,0,0,0,0,0,0,0,0,0
10826,2,1,0,0,0,0,0,0,0,11,0,0
10827,1,1,14,0,0,0,0,0,0,0,17,0
10828,1,1,0,0,0,0,20,0,0,0,0,0
10828,2,1,0,0,0,0,0,14,0,0,0,11
10829,1,1,10,21,20,11,14,14,0,19,0,38
10829,2,1,0,0,0,0,0,0,0,0,0,0
10830,1,1,14,0,17,0,32,0,0,0,17,0
10831,1,1,0,0,0,0,0,0,0,0,0,0
10831,2,1,0,0,14,0,0,0,0,25,0,0
10832,1,1,0,0,0,0,0,0,0,0,0,0
10832,2,1,0,0,0,0,0,0,0,0,0,0
10833,0,1,0,0,12,10,0,0,12,9,0,15
10833,1,1,0,0,0,0,4,0,0,0,0,0
10833,2,1,0,0,0,0,0,0,0,0,0,0
10834,1,1,0,0,0,0,0,0,0,0,0,0
10834,2,1,0,0,0,0,12,0,0,13,3,0
10835,1,1,0,22,30,23,14,0,0,0,26,0
10836,1,1,8,14,0,12,36,0,27,18,20,9
10837,1,1,0,0,0,0,0,0,0,0,0,0
10838,0,1,0,7,0,0,0,0,0,0,0,11
10838,1,1,0,0,0,8,0,0,0,0,0,0
10839,0,1,0,0,0,0,0,0,0,0,0,0
10839,1,1,0,0,0,0,0,0,0,0,0,0
10839,2,1,0,0,0,0,0,0,0,0,0,0
10840,1,1,13,6,5,24,0,12,21,6,14,10
10840,2,1,0,0,0,0,0,0,0,7,0,0
10841,1,1,0,0,0,0,0,0,0,0,0,0
10841,2,1,0,0,0,0,0,0,0,0,0,0
10842,1,1,0,0,0,0,0,0,0,0,0,0
10842,2,1,0,0,0,0,0,0,0,0,0,0
10843,1,1,0,0,0,0,0,0,0,0,0,0
10843,2,1,0,0,0,0,0,0,0,0,0,0
10844,1,1,15,27,6,21,27,25,20,0,24,8
10845,1,1,0,0,15,0,0,0,0,20,11,0
10846,1,1,0,16,0,0,0,0,0,0,0,0
10846,2,1,0,0,0,0,0,0,0,0,0,0
10847,1,1,0,0,0,0,0,0,0,0,0,0
10847,2,1,0,0,0,0,0,0,0,0,0,0
10848,1,1,26,31,18,27,23,13,16,17,0,9
10849,1,1,0,16,17,0,0,0,0,32,0,0
10850,1,1,0,0,0,5,0,11,0,0,0,0
10851,1,1,0,0,0,0,0,0,0,0,0,0
10851,2,1,0,17,0,0,24,0,0,17,0,0
10852,1,1,0,0,0,0,0,20,24,19,0,0
10853,1,1,0,0,0,19,0,0,16,18,0,0
10854,1,1,0,0,0,0,0,0,0,0,0,0
10854,2,1,0,0,24,0,0,0,0,0,0,0
10855,1,1,0,0,0,0,0,0,0,0,0,0
10856,1,1,0,0,0,0,0,0,0,0,0,0
10856,2,1,0,0,0,0,0,0,0,0,0,0
10857,1,1,14,0,0,12,0,30,7,19,10,0
10857,2,1,4,0,0,0,0,0,0,0,0,0
10858,1,1,0,0,0,0,0,0,0,0,0,0
10858,2,1,0,0,19,0,0,0,0,0,0,0
10858,3,1,13,0,0,0,0,0,0,0,0,0
10859,1,1,17,16,14,13,21,23,8,19,0,31
10860,1,1,0,13,0,0,0,0,0,5,0,18
10860,2,1,0,0,0,0,0,0,0,0,0,0
10861,1,1,0,11,31,8,21,0,0,0,0,12
10861,2,1,0,0,0,0,0,0,0,0,0,0
10862,1,1,31,0,0,0,0,0,0,0,23,0
10863,1,1,27,8,18,11,12,21,16,13,15,11
10863,2,1,0,0,0,0,0,0,0,0,0,0
10864,1,1,16,16,16,16,16,16,16,16,16,16
10864,2,1,0,0,0,0,0,0,0,0,0,0
10865,1,1,13,13,13,13,13,13,13,13,13,13
20001,1,1,0,0,0,0,0,0,0,0,0,0
20001,2,1,0,0,0,0,0,0,0,0,0,0
20002,1,1,0,0,0,0,0,0,0,0,0,0
20002,2,1,0,0,0,0,0,0,0,0,0,0
20003,0,1,0,0,0,0,0,0,0,0,0,0
20003,1,1,0,0,0,0,17,12,0,0,0,4
20004,1,1,0,0,0,0,0,0,0,0,0,0
20004,2,1,0,0,0,0,0,0,0,0,0,0
20004,3,1,0,0,0,0,0,0,0,0,0,0
20005,0,1,22,22,22,22,22,22,22,22,22,22
20005,1,1,0,0,0,0,0,0,0,0,0,0
20006,1,1,21,18,23,25,31,5,7,0,0,19
20007,1,1,0,0,0,0,0,0,0,0,0,0
20008,1,1,0,0,0,0,0,0,0,0,0,0
20010,1,1,0,0,0,0,0,0,0,0,0,0
20010,2,1,0,0,0,0,0,0,0,0,0,0
20011,1,1,0,0,0,0,0,0,0,0,0,0
20012,1,1,0,0,0,0,0,0,0,0,0,0
20012,2,1,0,0,0,0,0,0,0,0,0,0
20013,1,1,0,0,0,0,0,0,0,0,0,0
20013,2,1,0,0,0,0,0,0,0,0,0,0
20014,0,1,20,20,20,20,20,20,20,20,20,20
20014,1,1,13,13,13,13,13,13,13,13,13,13
20015,1,1,16,16,16,16,16,16,16,16,16,16
20016,1,1,0,0,0,0,0,0,0,0,0,0
20016,2,1,0,0,0,0,0,0,0,0,0,0
20017,1,1,0,0,0,0,0,0,0,0,0,0
20018,1,1,25,25,25,25,25,25,25,25,25,25
20019,1,1,12,12,12,12,12,12,12,12,12,12
20021,1,1,21,21,21,21,21,21,21,21,21,21
20022,1,1,0,0,0,0,0,0,0,0,0,0
20022,2,1,0,0,0,0,0,0,0,0,0,0
20023,1,1,10,10,10,10,10,10,10,10,10,10
20023,2,1,25,25,25,25,25,25,25,25,25,25
20024,1,1,4,4,4,4,4,4,4,4,4,4
20025,1,1,21,21,21,21,21,21,21,21,21,21
20026,1,1,0,0,0,0,0,0,0,0,0,0
20029,1,1,4,4,4,4,4,4,4,4,4,4
20030,1,1,0,0,0,0,0,0,0,0,0,0
20031,0,1,0,0,0,0,0,0,0,0,0,0
20031,1,1,0,0,0,0,0,0,0,0,0,0
20032,1,1,0,0,0,0,0,0,0,0,0,0
20033,1,1,0,0,0,0,0,0,0,0,0,0
20033,2,1,0,0,0,0,0,0,0,0,0,0
20034,1,1,10,10,10,10,10,10,10,10,10,10
20035,1,1,0,0,0,0,0,0,0,0,0,0
20035,2,1,0,0,0,0,0,0,0,0,0,0
20036,1,1,11,11,11,11,11,11,11,11,11,11
20037,0,1,9,9,9,9,9,9,9,9,9,9
20037,1,1,0,0,0,0,0,0,0,0,0,0
20038,1,1,0,0,0,0,0,0,0,0,0,0
20039,1,1,0,0,0,0,0,0,0,0,0,0
20039,2,1,0,0,0,0,0,0,0,0,0,0
20039,3,1,0,0,0,0,0,0,0,0,0,0
20040,1,1,0,0,0,0,0,0,0,0,0,0
20041,1,1,0,0,0,0,0,0,0,0,0,0
20041,2,1,0,0,0,0,0,0,0,0,0,0
20042,1,1,0,0,0,0,0,0,0,0,0,0
20042,2,1,0,0,0,0,0,0,0,0,0,0
20043,1,1,0,0,0,0,0,0,0,0,0,0
20043,2,1,0,0,0,0,0,0,0,0,0,0
20044,0,1,0,0,0,0,0,0,0,0,0,0
20044,1,1,0,0,0,0,0,0,0,0,0,0
20045,1,1,17,17,17,17,17,17,17,17,17,17
20045,2,1,3,3,3,3,3,3,3,3,3,3
20046,1,1,13,13,13,13,13,13,13,13,13,13
20046,2,1,0,0,0,0,0,0,0,0,0,0
20047,1,1,0,0,0,0,0,0,0,0,0,0
20048,1,1,0,0,0,0,0,0,0,0,0,0
20048,2,1,0,0,0,0,0,0,0,0,0,0
20049,1,1,0,0,0,0,0,0,0,0,0,0
20050,1,1,21,21,21,21,21,21,21,21,21,21
20051,0,1,29,29,29,29,29,29,29,29,29,29
20051,1,1,0,0,0,0,0,0,0,0,0,0
20052,1,1,0,0,0,0,0,0,0,0,0,0
20054,1,3,15,14,0,33,27,0,36,23,44,38
20055,1,1,18,18,18,18,18,18,18,18,18,18
20056,1,1,18,18,18,18,18,18,18,18,18,18
20056,2,1,0,0,0,0,0,0,0,0,0,0
20057,1,1,12,12,12,12,12,12,12,12,12,12
20058,1,1,0,0,0,0,0,0,0,0,0,0
20058,2,1,0,0,20,0,0,0,0,0,0,0
20058,3,1,0,0,0,0,0,0,0,0,0,0
20059,1,1,0,0,0,0,0,0,0,0,0,0
20060,1,1,0,0,0,0,0,0,0,0,0,0
20060,2,1,0,0,0,0,0,0,0,0,0,0
20061,1,1,0,0,0,0,0,0,0,0,0,0
20061,2,1,0,0,0,19,0,0,0,0,0,0
20062,0,1,0,0,0,0,0,0,0,0,0,0
20062,1,1,0,0,0,0,0,0,0,0,0,0
20063,1,1,28,28,28,28,28,28,28,28,28,28
20064,1,1,0,0,14,0,0,0,0,0,0,0
20064,2,1,0,0,0,0,0,0,0,0,0,0
20065,1,1,20,20,20,20,20,20,20,20,20,20
20065,2,1,0,0,0,0,0,0,0,0,0,0
20066,1,1,13,13,13,13,13,13,13,13,13,13
20066,2,1,0,0,0,0,0,0,0,0,0,0
20067,1,1,0,0,0,21,0,0,0,0,0,16
40001,0,1,28,14,13,20,22,15,16,40,0,15
40001,1,1,0,0,0,0,0,0,0,0,0,0
40002,2,1,0,0,0,17,0,0,0,0,0,0
40003,1,1,0,0,0,0,0,0,0,0,0,0
40003,2,1,0,0,0,0,0,0,0,0,0,10
40004,0,1,15,15,15,15,15,15,15,15,15,15
40004,1,1,0,0,0,0,0,0,0,0,13,0
40005,0,1,32,32,32,32,32,32,32,32,32,32
40005,1,1,0,0,0,0,0,0,0,0,0,0
40006,1,1,19,19,19,19,19,19,19,19,19,19
40007,1,1,18,16,29,5,27,10,15,14,21,24
40007,2,1,0,0,0,0,0,0,0,0,0,0
40008,1,1,21,21,21,21,21,21,21,21,21,21
40008,2,1,0,0,0,0,0,0,0,0,0,0
40009,1,1,0,0,0,0,0,0,0,0,0,0
40009,2,1,0,0,0,0,0,0,0,0,0,0
40009,3,1,0,0,0,0,0,0,0,0,0,0
40010,1,1,0,0,0,0,0,0,0,0,0,0
40010,2,1,0,0,0,0,0,0,0,0,0,0
40011,1,1,0,0,0,0,0,0,0,0,0,0
40011,2,1,24,24,24,24,24,24,24,24,24,24
40012,1,1,0,0,0,0,0,0,0,0,0,0
40012,2,1,6,0,0,0,0,0,0,0,0,0
40014,1,1,0,0,0,0,0,0,0,0,0,0
40014,2,1,0,0,0,30,0,0,0,0,0,0
40015,0,1,0,0,0,0,0,0,0,0,0,0
40015,1,1,0,0,0,0,0,0,0,0,0,0
40016,1,1,0,18,0,14,0,16,0,0,0,0
40016,2,1,0,0,0,0,0,0,0,0,0,0
40017,1,1,0,0,0,0,0,14,10,0,0,0
40018,1,1,0,0,0,0,0,0,0,0,0,0
40018,2,1,0,17,0,0,0,0,0,0,0,0
40019,1,1,0,0,0,0,0,0,0,0,0,0
40019,2,1,0,0,0,0,0,0,0,0,0,10
40020,1,1,13,13,13,13,13,13,13,13,13,13
40020,2,1,4,4,4,4,4,4,4,4,4,4
40021,1,1,0,0,0,0,0,0,0,0,0,0
40021,2,1,0,0,0,0,0,0,0,0,0,0
40022,1,1,1,1,1,1,1,1,1,1,1,1
40022,2,1,0,0,0,0,0,0,0,0,0,0
40023,1,1,0,0,0,0,0,0,0,0,0,0
40023,2,1,0,0,0,0,0,0,0,0,0,0
40024,1,1,0,0,0,0,0,0,0,0,0,0
40025,1,1,6,0,27,23,7,18,16,12,19,16
40025,2,1,0,0,0,0,0,0,0,0,0,0
40026,0,1,27,27,27,27,27,27,27,27,27,27
40026,1,1,0,0,0,0,0,0,0,8,0,0