ST_CASE,VEH_NO,PER_NO,P1,P2,P3,P4,P5,P6,P7,P8,P9,P10
40027,1,1,0,0,0,0,12,0,0,0,0,0
40028,1,1,0,0,0,0,0,0,0,0,0,0
40028,2,1,19,19,19,19,19,19,19,19,19,19
40029,1,1,0,0,0,0,0,0,0,0,0,0
40030,1,1,0,0,0,0,0,0,0,0,0,0
40030,2,1,0,3,0,3,0,0,5,0,0,0
40031,1,1,0,0,0,0,0,0,0,0,0,0
40031,2,1,0,0,0,0,0,0,0,0,0,0
40032,1,1,0,0,0,0,0,0,0,0,0,0
40033,1,1,0,0,0,0,0,0,0,0,0,0
40034,1,1,0,0,0,0,0,0,0,0,0,0
40035,0,1,0,0,0,0,0,0,0,0,0,0
40035,1,1,15,15,15,15,15,15,15,15,15,15
40036,1,1,0,0,0,0,0,0,0,0,0,0
40036,2,1,0,0,0,0,0,0,0,0,0,0
40037,1,1,20,20,20,20,20,20,20,20,20,20
40037,2,1,0,0,0,14,9,0,0,0,0,0
40037,3,1,0,0,0,0,0,0,0,16,0,0
40037,4,1,0,0,0,0,0,0,0,0,0,0
40037,5,1,0,0,0,0,0,0,13,23,0,0
40038,1,1,5,0,0,0,0,0,0,29,12,0
40039,1,1,23,23,23,23,23,23,23,23,23,23
40040,1,1,0,0,0,0,0,0,0,0,0,0
40040,2,1,0,0,0,0,7,0,0,0,0,0
40041,1,1,0,0,0,0,0,0,0,0,0,23
40041,2,1,0,0,6,0,0,0,0,0,0,0
40042,1,1,0,0,0,0,0,0,0,0,0,0
40043,1,1,15,12,0,0,9,0,19,0,0,0
40043,2,1,0,0,0,0,0,0,0,0,0,0
40044,1,1,0,4,20,0,21,0,12,12,0,0
40045,1,1,28,28,28,28,28,28,28,28,28,28
40045,2,1,0,0,0,0,0,0,0,0,0,3
40046,1,1,15,15,15,15,15,15,15,15,15,15
40046,2,1,0,0,0,0,0,0,0,0,0,0
40047,1,1,0,0,0,0,0,0,0,0,0,0
40047,2,1,0,0,0,0,0,0,0,0,0,0
40048,1,1,8,8,8,8,8,8,8,8,8,8
40049,0,1,11,14,17,16,36,0,26,23,14,24
40049,1,1,16,0,0,0,0,0,0,0,0,0
40050,1,1,2,11,8,7,17,12,5,11,7,29
40050,2,1,0,0,0,0,0,0,0,0,0,0
40050,3,1,0,0,0,0,0,0,0,0,0,0
40051,0,1,37,37,37,37,37,37,37,37,37,37
40051,1,1,0,0,0,0,0,0,0,0,0,0
40052,1,1,9,15,13,6,24,14,33,10,7,9
40053,0,1,0,0,19,0,0,0,0,0,0,0
40053,1,1,0,0,16,0,0,0,0,4,10,0
40053,2,1,14,38,0,18,0,0,0,0,0,9
40054,1,1,0,0,0,0,0,0,0,0,0,0
40055,0,1,16,0,0,0,0,27,0,5,15,0
40055,1,1,0,0,12,16,0,0,0,15,23,14
40056,1,1,12,12,12,12,12,12,12,12,12,12
40057,1,1,0,0,18,0,0,0,7,0,0,0
40058,1,1,0,12,35,23,26,0,16,12,23,6
40059,0,1,0,0,0,0,0,0,0,0,0,0
40059,1,1,0,0,0,0,0,0,0,0,0,0
40060,1,1,0,0,0,0,0,0,0,0,0,0
40060,2,1,0,0,0,0,0,0,0,0,18,0
40061,0,1,13,0,0,0,0,0,0,0,20,0
40061,1,1,0,0,0,0,0,0,0,0,0,0
40062,1,2,25,0,19,0,0,0,2,0,26,0
40063,0,1,0,0,0,0,0,0,0,0,0,0
40063,1,1,0,0,0,0,0,0,0,0,0,0
40064,0,1,0,0,0,0,0,0,0,0,0,0
40064,1,1,0,0,0,0,0,0,0,0,0,0
40064,2,1,0,0,0,0,0,0,0,0,0,0
40065,0,1,0,0,0,0,0,0,0,0,0,0
40065,1,1,0,0,8,0,0,0,0,0,0,0
40066,0,1,0,0,0,0,0,0,0,0,0,0
40066,1,1,0,0,0,0,0,0,0,0,0,0
40067,1,1,16,16,16,16,16,16,16,16,16,16
40067,2,1,0,0,0,0,0,0,0,0,0,0
40068,1,1,24,24,24,24,24,24,24,24,24,24
40068,2,1,29,4,19,19,17,10,6,18,20,19
40068,3,1,0,0,0,0,0,0,0,0,0,0
40069,0,1,34,34,34,34,34,34,34,34,34,34
40069,1,1,13,0,0,0,0,0,0,0,0,0
40070,1,1,0,0,0,0,0,0,0,0,0,0
40070,2,1,0,0,0,0,0,0,0,0,0,0
40070,3,1,0,0,0,23,0,0,0,0,0,0
40071,0,1,18,18,18,18,18,18,18,18,18,18
40071,1,1,13,0,0,0,13,0,12,0,0,8
40072,1,1,17,17,17,17,17,17,17,17,17,17
40072,2,1,0,0,0,0,0,0,0,0,0,0
40073,0,1,13,0,0,0,0,0,0,0,0,0
40073,1,1,22,19,0,0,0,0,0,0,0,0
40073,2,1,0,0,0,0,0,0,0,15,0,0
40074,1,1,10,10,10,10,10,10,10,10,10,10
40075,1,1,0,0,0,0,0,0,0,0,0,0
40075,2,1,0,0,0,0,0,0,0,0,0,0
40076,1,1,1,16,19,21,13,8,12,3,6,18
40076,2,1,0,0,11,9,0,0,0,0,0,0
40077,1,1,0,0,0,0,0,0,0,0,0,0
40078,1,1,0,0,0,0,0,0,0,0,0,0
40078,2,1,0,0,0,0,0,0,0,0,0,0
40079,1,1,0,0,0,0,0,0,0,0,0,0
40080,1,1,10,0,0,0,0,0,0,0,0,10
40081,1,1,0,0,0,0,0,0,0,0,0,0
40081,2,1,0,0,0,0,0,0,0,0,0,0
40082,1,1,25,25,25,25,25,25,25,25,25,25
40083,1,1,0,0,0,0,0,0,0,0,0,0
40084,1,1,0,0,0,0,0,0,0,0,0,0
40084,2,1,0,0,0,0,0,0,0,0,0,0
40085,0,1,0,0,0,0,0,0,0,0,0,0
40085,1,1,0,0,0,0,0,0,0,0,0,0
40086,1,1,0,0,0,0,0,0,0,0,0,0
40086,2,1,0,0,0,0,0,0,0,0,0,0
40087,1,1,0,0,0,0,0,0,0,0,0,0
40087,3,1,0,0,0,0,0,0,0,0,0,0
40088,1,1,0,0,0,0,0,0,0,0,0,0
40088,2,1,0,0,0,0,0,0,0,0,0,0
40089,1,1,0,0,32,20,23,13,25,16,12,0
40090,1,1,0,0,0,0,0,0,0,0,0,0
40090,2,1,0,0,0,0,0,0,0,0,0,0
40091,1,1,0,14,0,3,12,0,0,0,9,22
40092,1,1,0,0,0,0,0,0,0,0,0,0
40092,2,1,0,0,12,0,0,0,0,0,0,0
40093,0,1,28,28,28,28,28,28,28,28,28,28
40093,1,1,0,0,0,0,0,0,0,0,0,0
40094,1,1,0,0,0,0,0,0,0,0,0,0
40095,1,1,0,0,0,0,0,0,0,0,0,0
40095,2,1,0,0,0,0,0,0,0,0,0,0
40095,3,1,0,0,0,0,0,0,0,0,0,0
40096,1,1,17,17,17,17,17,17,17,17,17,17
40097,0,1,18,18,18,18,18,18,18,18,18,18
40097,1,1,0,0,0,0,0,0,5,0,0,0
40098,1,1,0,0,0,0,0,0,0,0,0,0
40098,2,1,0,0,0,0,0,0,0,0,0,0
40099,1,1,21,21,21,21,21,21,21,21,21,21
40099,2,1,0,0,0,0,0,20,0,0,0,0
40100,1,1,25,25,25,25,25,25,25,25,25,25
40101,1,1,12,12,12,12,12,12,12,12,12,12
40102,0,1,0,0,0,0,0,0,0,0,0,0
40102,1,1,0,0,0,0,0,0,0,0,0,0
40103,1,1,0,7,24,0,0,0,0,8,0,8
40103,2,1,0,0,0,0,0,0,0,0,0,0
40104,0,1,0,0,0,0,0,0,0,0,0,0
40104,1,1,0,0,0,0,0,0,0,0,0,0
40105,1,1,0,0,0,0,0,0,0,0,0,0
40106,1,1,0,0,0,0,0,0,16,0,0,0
40106,2,1,0,0,0,0,0,0,0,0,0,0
40107,1,1,15,15,15,15,15,15,15,15,15,15
40107,2,1,0,0,18,0,0,0,0,0,0,0
40108,1,1,2,0,0,0,0,0,0,0,0,0
40108,2,1,0,0,0,0,0,0,0,0,0,0
40109,0,1,0,0,0,0,0,0,0,0,0,0
40109,0,2,0,0,0,40,0,0,0,0,0,0
40109,0,3,23,0,0,24,0,15,19,0,1,20
40109,1,1,3,3,3,3,3,3,3,3,3,3
40110,1,1,16,16,16,16,16,16,16,16,16,16
40111,1,1,0,0,0,0,0,0,0,0,0,0
40111,2,1,0,0,0,0,0,0,0,0,0,0
40112,1,1,26,0,0,0,0,50,0,0,19,0
40113,1,1,0,0,0,0,0,0,0,0,0,0
40113,2,1,11,11,11,11,11,11,11,11,11,11
40114,1,1,0,0,0,0,0,0,0,0,0,0
40114,2,1,0,0,0,33,0,0,0,0,0,0
40115,1,1,0,0,0,0,0,0,0,0,0,0
40116,1,1,17,17,17,17,17,17,17,17,17,17
40116,2,1,0,0,0,0,0,0,0,0,0,0
40117,0,1,0,0,0,0,0,0,0,0,0,0
40117,1,1,0,0,0,0,0,0,0,0,0,0
40118,0,1,0,0,0,0,0,0,0,0,0,0
40118,1,1,0,0,0,0,0,0,0,0,0,0
40120,1,1,0,0,0,0,0,0,0,0,0,0
40120,2,1,0,0,0,0,0,0,0,0,0,0
40121,1,1,0,0,0,0,14,0,0,0,0,0
40121,2,1,0,0,0,0,0,0,0,0,0,0
40122,1,1,0,0,0,0,0,0,0,0,0,0
40122,2,1,0,0,0,0,0,0,0,0,0,0
40122,3,1,0,0,0,0,0,0,0,0,0,0
40123,1,1,0,20,0,0,0,0,0,0,0,0
40123,2,1,0,0,0,0,0,0,0,0,0,0
40124,0,1,7,7,7,7,7,7,7,7,7,7
40124,1,1,0,0,0,0,0,0,0,0,0,11
40125,1,1,20,0,0,0,0,0,0,0,0,0
40126,1,1,7,7,7,7,7,7,7,7,7,7
40127,1,1,25,25,25,25,25,25,25,25,25,25
40127,2,1,0,0,0,0,0,0,0,0,0,0
40128,1,1,0,0,0,0,0,0,0,0,0,0
40128,2,1,0,0,0,0,0,0,0,0,0,0
40129,1,1,0,0,0,0,0,0,0,0,28,0
40130,1,1,6,6,6,6,6,6,6,6,6,6
40131,1,1,15,15,15,15,15,15,15,15,15,15
40132,1,1,0,0,0,0,0,0,0,0,0,0
40132,2,1,0,0,0,0,10,0,0,0,0,0
40132,3,1,0,0,0,0,0,0,0,0,0,0
40132,4,1,0,0,0,0,0,0,3,0,0,0
40133,1,1,0,0,0,0,0,0,0,0,0,0
40133,2,1,0,0,0,0,0,0,0,0,0,0
40134,1,1,23,23,23,23,23,23,23,23,23,23
40135,1,1,0,0,0,0,0,0,0,0,0,0
40135,2,1,0,0,0,0,0,0,0,0,0,0
40136,1,1,0,8,0,24,0,0,0,0,0,0
40137,1,1,0,0,0,0,0,19,0,0,0,8
40137,2,1,0,0,0,0,0,0,0,0,0,0
40138,0,1,0,0,0,0,0,0,0,0,0,36
40138,1,1,0,0,0,0,0,0,0,0,0,0
40139,1,1,0,0,0,0,0,0,0,0,0,0
40139,2,1,0,0,0,0,0,0,0,0,0,0
40140,1,1,0,0,0,0,0,0,0,0,0,0
40140,2,1,0,0,0,0,0,0,4,0,0,0
40141,0,1,0,0,0,0,0,0,0,0,0,0
40141,1,1,0,0,0,24,10,0,0,0,0,0
40142,1,1,0,0,0,0,0,0,0,0,0,0
40143,1,1,15,15,15,15,15,15,15,15,15,15
40143,2,1,0,0,0,0,0,0,0,0,0,0
40144,1,1,6,0,0,0,0,0,0,0,0,0
40145,1,1,0,0,15,0,0,0,0,0,0,0
40146,1,1,0,0,0,0,0,0,0,0,0,0
40146,2,1,0,0,0,0,0,0,0,0,0,0
40147,1,1,4,4,4,4,4,4,4,4,4,4
40147,2,1,0,1,0,0,7,0,16,0,11,0
40148,1,1,22,28,18,0,0,0,0,0,0,3
40149,1,1,0,0,0,0,0,0,0,0,0,0
40149,2,1,0,0,0,0,0,0,0,0,0,0
40150,1,1,0,19,0,0,0,0,0,0,0,0
40150,2,1,0,0,0,0,0,0,0,0,0,0
40151,1,1,0,0,0,0,0,0,0,0,0,0
40151,2,1,0,0,0,0,0,0,0,0,0,0
40151,3,1,0,0,0,0,0,0,0,0,0,0
40152,1,1,0,0,0,0,0,0,0,0,0,0
40152,2,1,0,0,0,0,0,0,0,0,0,0
40153,1,1,0,0,0,0,0,0,0,0,0,0
40154,1,1,0,0,0,0,0,0,0,0,0,0
40155,0,1,24,15,0,3,0,14,0,0,0,25
40155,1,1,0,0,0,0,0,0,0,0,0,0
40156,1,1,32,18,7,16,26,12,20,0,15,7
40156,2,1,0,0,0,0,0,0,0,0,0,0
40157,1,1,0,0,0,0,0,0,0,0,0,0
40157,2,1,0,0,0,0,0,0,0,0,0,0
40158,0,1,19,19,19,19,19,19,19,19,19,19
40158,1,1,0,13,0,0,0,17,0,0,0,0
40159,1,1,0,0,0,0,0,0,24,9,0,11
40160,0,1,30,4,4,14,17,30,20,7,14,23
40160,1,1,0,0,0,0,0,0,0,0,0,0
40161,1,1,0,0,0,0,0,0,0,0,0,0
40161,2,1,0,0,0,0,0,0,0,0,0,0
40161,3,1,0,0,0,0,0,0,0,0,0,0
40162,1,1,14,25,0,12,5,0,38,15,19,30
40162,2,1,0,0,0,0,0,0,0,0,0,0
40163,1,1,0,0,0,30,0,0,0,0,0,0
40163,2,1,0,0,0,0,15,0,0,0,11,13
40164,1,1,0,0,0,0,0,0,0,0,0,4
40164,2,1,0,0,0,0,0,0,10,0,0,0
40165,1,1,0,0,0,0,0,0,0,0,0,0
40165,2,1,0,0,0,0,0,0,0,0,0,0
40165,3,1,0,0,0,0,0,0,0,0,0,0
40166,1,1,0,19,0,0,0,0,0,0,0,0
40167,1,1,18,18,18,18,18,18,18,18,18,18
40168,1,1,15,15,15,15,15,15,15,15,15,15
40169,0,1,0,14,0,0,0,0,13,0,0,0
40169,1,1,0,0,0,0,0,0,0,0,0,0
40170,1,1,10,0,0,19,0,0,0,0,0,0
40171,0,1,0,0,0,0,0,0,0,0,0,0
40171,1,1,0,0,0,0,0,0,0,0,0,0
40172,0,1,0,0,0,0,0,0,0,0,0,0
40172,1,1,0,0,0,0,13,0,0,0,0,0
40172,2,1,0,0,0,26,0,0,0,0,0,0
40173,0,1,32,32,32,32,32,32,32,32,32,32
40173,1,1,0,0,0,9,0,0,0,19,0,0
40174,1,1,0,0,0,0,17,0,0,0,0,4
40175,0,1,0,0,0,0,0,0,0,0,0,0
40175,1,1,0,0,0,0,0,0,0,0,0,0
40176,0,1,18,18,18,18,18,18,18,18,18,18
40176,1,1,0,0,0,0,0,0,0,0,0,0
40177,0,1,27,27,27,27,27,27,27,27,27,27
40177,1,1,4,0,0,0,19,0,0,0,2,20
40178,0,1,26,26,26,26,26,26,26,26,26,26
40178,1,1,0,0,0,19,0,0,14,0,5,0
40178,2,1,0,0,0,0,0,0,24,0,0,0
40179,0,1,0,0,0,0,0,0,0,0,0,0
40179,1,1,0,0,0,0,0,0,0,0,0,0
40180,1,1,0,0,10,0,0,8,0,11,0,4
40180,2,1,0,0,5,0,0,0,18,0,0,0
40181,0,1,0,6,0,0,0,0,0,0,0,0
40181,1,1,0,0,0,0,0,0,0,0,0,0
40182,1,1,3,3,3,3,3,3,3,3,3,3
40183,1,1,0,0,0,0,27,0,0,0,0,0
40183,2,1,0,0,0,0,0,0,0,0,0,0
40184,0,1,26,26,26,26,26,26,26,26,26,26
40184,1,1,0,0,0,0,0,0,0,0,0,0
40185,0,1,0,0,0,0,0,0,0,0,0,0
40185,1,1,0,0,0,8,0,0,0,0,0,0
40186,0,1,14,14,14,14,14,14,14,14,14,14
40186,0,2,13,14,27,26,40,21,42,11,26,5
40186,0,3,24,20,12,46,0,23,5,23,0,0
40186,0,4,23,9,20,10,14,30,5,6,16,8
40186,1,1,0,0,32,0,0,25,0,0,0,0
40187,0,1,29,29,29,29,29,29,29,29,29,29
40187,1,1,0,0,0,0,0,0,0,0,0,0
40188,0,1,0,0,0,0,0,0,0,0,0,0
40188,1,1,0,0,0,11,0,0,0,0,0,0
40189,1,1,0,0,0,0,0,0,0,0,13,0
40189,2,1,0,0,0,0,0,0,0,0,0,0
40190,0,1,0,0,0,0,0,0,0,0,0,0
40190,1,1,22,0,13,0,0,22,0,0,0,27
40191,1,1,0,0,0,0,0,0,0,0,0,0
40191,2,1,0,0,0,0,0,0,0,0,0,0
40192,0,1,0,0,0,0,0,0,0,0,0,0
40192,1,1,0,0,0,0,0,0,0,0,0,0
40193,1,1,0,0,0,0,0,0,0,0,0,0
40193,2,1,0,0,0,0,0,0,0,0,0,0
40194,1,1,0,0,0,0,0,0,0,0,0,0
40195,1,1,15,17,17,0,10,17,11,26,14,13
40195,2,1,0,0,0,0,0,0,21,21,0,0
40196,1,1,12,12,12,12,12,12,12,12,12,12
40196,2,1,0,10,0,0,0,0,0,0,0,0
40197,1,1,0,0,0,0,0,0,0,0,0,0
40198,1,1,9,0,0,29,18,0,0,0,25,0
40198,2,1,0,0,0,0,22,0,0,0,0,0
40199,1,1,0,0,0,14,0,0,0,0,0,0
40199,2,1,0,0,0,0,0,0,0,0,0,0
40200,0,1,28,28,28,28,28,28,28,28,28,28
40200,1,1,0,0,0,0,0,0,0,20,0,0
40201,1,1,33,33,33,33,33,33,33,33,33,33
40202,1,1,20,20,20,20,20,20,20,20,20,20
40202,2,1,13,13,13,13,13,13,13,13,13,13
40203,1,1,0,0,0,0,12,0,0,0,0,0
40203,2,1,0,0,0,0,0,6,0,0,0,0
40204,1,1,0,0,0,0,0,27,7,0,4,0
40205,1,1,0,0,0,32,0,0,0,0,25,20
40205,2,1,0,0,0,0,0,0,14,0,0,0
40206,1,1,0,0,0,0,0,0,0,0,0,0
40207,1,1,0,0,0,0,0,0,0,0,0,0
40207,2,1,0,0,0,0,0,0,0,0,0,0
40208,1,1,5,5,5,5,5,5,5,5,5,5
40208,2,1,0,0,0,0,0,0,0,0,0,0
40209,0,1,0,0,0,0,0,0,0,0,0,0
40209,1,1,0,0,0,0,0,0,0,0,0,0
40210,1,1,0,0,0,0,0,0,0,0,0,0
40210,2,1,0,0,0,0,0,0,0,0,0,0
40211,1,1,14,7,10,3,10,9,22,4,0,0
40212,1,1,13,6,0,16,7,27,17,2,4,8
40212,2,1,0,0,0,10,0,0,0,16,0,21
40213,1,1,0,0,0,0,0,0,0,0,0,0
40213,2,1,0,0,0,0,0,0,0,0,0,0
40213,3,1,0,0,0,0,0,0,0,0,37,11
40214,1,1,0,0,0,0,0,0,0,0,0,0
40215,0,1,19,19,19,19,19,19,19,19,19,19
40215,1,1,0,0,0,0,0,0,0,0,0,0
40216,0,1,0,0,0,0,0,0,0,0,0,0
40216,1,1,0,0,0,0,0,0,0,0,0,0
40217,0,1,0,0,0,0,0,0,0,0,0,0
40217,1,1,12,0,2,0,12,0,13,0,0,0
40218,0,1,0,0,18,25,0,21,9,0,0,10
40218,1,1,25,0,0,0,0,0,13,0,0,0
40219,1,1,12,17,3,0,9,24,7,0,25,0
40220,0,1,0,0,0,7,0,0,0,0,0,23
40220,1,1,0,0,0,0,0,0,0,0,0,0
40221,0,1,15,15,15,15,15,15,15,15,15,15
40221,1,1,0,0,0,0,0,0,0,0,0,0
40223,0,1,0,27,0,0,0,6,21,0,0,0
40223,1,1,26,6,21,4,15,12,24,31,13,13
40224,1,1,18,18,18,18,18,18,18,18,18,18
40224,2,1,0,0,0,0,0,0,0,0,0,0
40225,0,1,39,0,0,0,0,0,0,0,0,0
40225,1,1,0,0,0,0,0,0,0,0,0,0
40227,1,1,0,0,0,0,0,0,0,0,0,0
40228,0,1,0,25,0,0,0,0,0,0,11,24
40228,1,1,0,0,0,0,0,0,0,0,0,0
40229,0,1,0,0,0,0,0,0,0,0,0,0
40229,1,1,0,0,0,0,0,0,0,0,0,0
40230,1,1,3,3,3,3,3,3,3,3,3,3
40231,1,1,0,0,0,0,0,0,0,0,0,0
40231,2,1,0,0,0,0,0,0,0,0,0,0
40232,1,1,0,0,0,0,0,0,0,0,0,0
40232,2,1,0,0,0,0,0,0,0,0,0,0
40233,1,1,0,0,0,0,0,0,0,0,0,0
40233,2,1,0,0,0,0,0,0,0,0,0,0
40233,3,1,0,0,0,0,0,0,0,0,0,0
40234,1,1,0,0,0,0,9,0,0,0,0,0
40234,2,1,11,12,10,18,6,0,10,18,10,14
40235,1,1,0,0,0,15,10,0,0,25,22,0
40236,1,1,21,11,17,14,13,13,13,9,11,6
40237,1,1,7,7,7,7,7,7,7,7,7,7
40238,1,1,0,0,0,0,0,0,0,0,0,0
40238,2,1,0,0,0,13,19,0,0,0,15,0
40239,1,1,14,14,14,14,14,14,14,14,14,14
40240,1,1,0,0,0,0,0,0,0,0,0,0
40240,2,1,0,0,0,0,0,0,0,0,0,0
40240,3,1,0,0,0,0,0,0,0,0,0,0
40241,1,1,16,16,16,16,16,16,16,16,16,16
40241,2,1,27,18,0,0,0,0,0,0,19,0
40241,3,1,0,0,0,0,0,0,13,0,0,0
40242,1,1,13,0,9,10,29,16,8,5,0,0
40242,2,1,12,12,12,12,12,12,12,12,12,12
40243,1,1,0,0,0,0,0,0,0,0,0,0
40243,2,1,0,0,0,0,0,0,0,0,0,0
40244,1,1,0,0,16,0,0,0,0,0,15,0
40244,2,1,0,0,0,0,0,0,0,0,0,0
40245,1,1,0,0,0,0,0,0,0,0,0,0
40246,1,1,14,17,0,0,0,0,43,14,20,0
40247,1,1,15,0,0,0,0,0,0,0,0,11
40247,2,1,0,0,0,0,0,0,0,0,0,0
40248,1,1,0,0,0,0,0,0,0,0,0,0
40248,2,1,0,0,0,0,0,0,0,0,0,0
40249,1,1,0,0,0,0,0,0,0,0,0,0
40250,1,1,0,0,0,0,0,0,0,0,0,0
40251,1,1,0,0,0,0,0,0,0,0,0,0
40251,2,1,0,0,0,0,0,0,0,0,0,0
40252,0,1,0,0,0,0,0,0,0,0,0,0
40252,1,1,0,0,0,0,0,0,0,0,0,0
40253,1,1,0,0,0,0,0,0,0,0,0,0
40253,2,1,0,0,0,0,0,0,0,0,0,0
40254,0,1,10,0,15,0,0,0,15,12,0,30
40254,0,2,0,16,0,0,0,0,0,0,0,0
40254,0,3,0,0,0,0,0,0,0,0,0,0
40254,1,1,0,0,0,0,0,0,0,0,0,0
40255,0,1,0,0,12,0,0,0,0,0,16,14
40255,1,1,0,0,12,30,0,0,20,5,0,0
40256,1,1,0,0,0,0,0,0,0,0,0,0
40256,2,1,20,0,0,0,0,0,0,20,0,14
40257,1,1,0,0,0,0,0,0,0,0,0,0
40257,2,1,0,0,0,11,9,0,0,0,0,11
40257,3,1,0,0,0,0,0,0,0,0,0,0
40257,4,1,0,0,0,0,0,0,0,0,0,0
40257,5,1,0,10,0,0,0,0,0,0,0,0
40257,6,1,0,0,0,0,0,0,0,0,0,0
40257,7,1,0,0,0,0,0,0,0,0,0,0
40258,1,1,0,0,0,0,0,0,0,0,0,0
40259,1,1,12,12,12,12,12,12,12,12,12,12
40259,2,1,0,0,0,0,0,0,12,0,0,0
40259,3,1,0,0,0,0,0,0,0,0,0,14
40259,4,1,0,0,0,0,0,0,0,0,0,0
40259,5,1,0,0,0,0,0,0,0,0,0,0
40260,1,1,17,17,17,17,17,17,17,17,17,17
40261,1,1,0,0,0,0,0,0,0,0,0,0
40262,0,1,0,0,0,0,0,0,0,0,0,0
40262,1,1,12,0,0,0,0,0,0,0,0,0
40262,2,1,0,0,0,0,0,0,0,20,11,0
40262,3,1,0,0,0,0,0,0,0,0,0,0
40263,0,1,12,12,12,12,12,12,12,12,12,12
40263,1,1,15,0,0,0,0,0,0,0,0,0
40264,0,1,0,0,0,0,0,0,0,0,0,0
40264,1,1,0,0,0,0,0,0,0,0,0,0
40265,1,1,0,0,0,0,0,0,0,0,0,0
40265,2,1,33,0,0,0,0,22,0,0,0,0
40267,1,1,0,0,0,0,0,0,0,0,0,0
40267,2,1,0,0,0,0,0,0,0,0,0,0
40268,1,1,19,12,16,31,27,20,18,12,22,18
40269,0,1,16,8,23,20,19,39,18,11,31,7
40269,1,1,0,21,0,0,0,0,0,0,0,0
40270,1,1,0,0,0,0,0,0,0,0,0,0
40271,1,1,0,17,9,0,0,34,20,0,39,13
40271,2,1,0,0,0,0,0,0,0,0,0,0
40272,0,1,0,0,0,16,0,27,34,0,21,0
40272,1,1,0,0,0,0,0,0,0,0,0,0
40273,1,1,0,0,0,0,0,0,0,0,0,0
40273,2,1,0,0,0,0,0,0,0,0,15,0
40274,0,1,0,37,42,0,0,0,20,37,0,0
40274,1,1,0,0,14,0,19,0,0,0,25,20
40275,1,1,0,0,0,0,0,0,0,0,0,0
40276,1,1,21,21,21,21,21,21,21,21,21,21
40277,1,1,0,0,0,0,0,0,0,27,0,0
40277,2,1,0,0,0,0,0,0,0,0,0,0
40278,1,1,0,0,0,0,0,0,0,0,0,0
40279,1,1,0,0,0,0,0,0,0,0,0,0
40280,1,1,0,0,0,0,0,0,0,0,0,0
40280,2,1,0,0,0,18,0,0,0,26,0,0
40280,3,1,0,0,12,0,0,0,0,0,0,0
40280,4,1,0,0,0,0,0,28,0,0,0,0
40280,5,1,0,2,0,0,0,0,0,0,0,0
40281,1,1,0,0,16,26,12,0,17,0,0,0
40282,0,1,39,8,8,15,36,36,20,16,6,30
40282,1,1,0,0,0,0,0,0,0,0,0,0
40283,1,1,16,16,16,16,16,16,16,16,16,16
40284,1,1,0,12,0,0,0,24,0,11,0,0
40285,1,1,21,21,21,21,21,21,21,21,21,21
40285,2,1,0,0,0,0,0,0,0,0,0,0
40286,1,1,0,0,0,0,0,0,0,0,0,0
40287,1,1,1,1,1,1,1,1,1,1,1,1
40287,2,1,0,0,0,0,0,0,0,0,0,0
40288,1,1,0,0,0,0,0,0,0,0,32,0
40289,1,1,0,0,0,0,0,0,0,0,0,0
40289,2,1,0,0,0,14,0,0,0,0,0,0
40290,1,1,0,0,0,0,0,0,0,0,0,0
40291,1,1,0,0,0,22,0,0,0,0,0,0
40292,1,1,0,0,0,0,0,0,0,0,0,0
40292,2,1,14,0,0,0,0,0,0,0,0,0
40293,0,1,33,33,33,33,33,33,33,33,33,33
40293,1,1,0,0,0,0,31,0,0,22,0,0
40294,0,1,37,37,37,37,37,37,37,37,37,37
40294,1,1,0,0,0,0,0,0,0,0,0,0
40295,1,1,0,0,0,8,25,0,16,0,0,0
40295,2,1,0,0,0,0,0,0,0,0,0,0
40296,0,1,18,0,0,17,0,0,0,0,11,23
40296,1,1,0,0,0,0,0,0,0,0,0,0
40297,0,1,0,0,0,0,0,0,0,0,0,0
40297,1,1,0,0,0,0,0,0,0,0,0,0
40298,0,1,0,0,0,0,0,0,0,0,0,0
40298,1,1,0,0,0,0,0,0,0,0,0,0
40299,1,1,0,0,0,0,0,0,0,0,0,0
40300,1,1,0,0,0,0,0,16,0,0,0,0
40301,1,1,0,0,0,0,0,0,0,0,0,0
40301,2,1,0,0,13,19,0,0,24,7,0,0
40302,1,1,0,0,0,0,0,0,0,0,0,0
40302,2,1,0,0,0,0,0,8,0,14,0,0
40303,0,1,0,0,0,0,0,0,0,0,0,0
40303,1,1,0,0,0,0,0,0,0,0,0,0
40304,0,1,0,0,0,0,0,0,0,0,0,0
40304,1,1,15,15,15,15,15,15,15,15,15,15
40305,0,1,0,0,0,0,0,0,0,0,0,0
40305,1,1,0,0,0,0,0,0,0,0,0,0
40306,0,1,0,0,0,0,0,0,0,0,0,0
40306,1,1,10,23,17,0,19,21,8,5,6,16
40307,1,1,0,0,0,0,0,0,0,0,0,0
40307,2,1,0,0,0,0,0,0,0,0,0,0
40308,0,1,0,0,0,0,0,0,0,0,0,0
40308,1,1,0,0,0,0,0,0,0,0,7,0
40311,1,1,0,0,0,0,0,0,0,0,0,0
40312,1,1,0,0,0,0,0,0,0,0,0,0
40312,2,1,0,0,0,0,0,0,0,0,15,0
40313,1,1,11,11,11,11,11,11,11,11,11,11
40314,1,1,0,0,0,0,0,0,0,0,0,0
40314,2,1,0,0,0,0,0,0,0,0,0,0
40315,1,1,0,0,0,0,0,0,7,0,0,0
40316,1,1,0,0,0,0,0,0,0,0,0,0
40316,2,1,0,0,0,0,0,0,0,0,0,0
40317,1,1,31,31,31,31,31,31,31,31,31,31
40317,2,1,0,0,0,0,0,0,0,0,17,0
40318,1,1,0,0,0,0,0,0,0,0,0,0
40319,1,1,18,18,18,18,18,18,18,18,18,18
40320,1,1,0,0,0,0,0,0,0,0,0,0