ST_CASE,VEH_NO,PER_NO,P1,P2,P3,P4,P5,P6,P7,P8,P9,P10
40320,2,1,0,0,0,0,0,0,0,0,0,0
40321,1,1,0,0,0,0,0,0,0,0,0,0
40322,0,1,0,0,0,0,0,0,0,0,0,0
40322,1,1,21,0,0,0,0,0,0,0,0,0
40324,0,1,13,0,0,0,24,18,31,0,26,7
40324,1,1,0,0,0,0,0,0,0,0,0,0
40325,1,1,28,0,0,0,0,0,0,0,0,25
40326,1,1,0,0,0,0,0,0,0,0,0,0
40327,0,1,35,35,35,35,35,35,35,35,35,35
40327,1,1,0,0,0,0,0,0,0,0,0,0
40328,1,1,0,0,0,0,0,0,0,0,0,0
40329,1,1,0,0,0,0,0,0,0,0,0,0
40330,1,1,21,0,0,0,0,0,0,0,0,0
40332,1,1,0,0,0,0,0,0,0,0,0,0
40332,2,1,0,0,0,0,0,0,0,0,0,0
40332,3,1,0,0,0,0,0,0,0,0,0,0
40332,4,1,0,0,0,0,0,0,0,0,0,0
40332,5,1,0,0,0,0,0,0,0,0,0,0
40333,1,1,0,0,0,0,0,0,0,0,0,0
40334,1,1,0,0,0,0,24,0,0,0,0,0
40334,2,1,0,0,0,0,0,0,0,0,0,0
40335,1,1,0,0,0,0,0,0,0,0,0,0
40335,2,1,0,0,0,0,0,0,0,0,0,0
40336,1,1,0,0,13,0,0,0,0,0,0,0
40336,2,1,0,0,0,0,0,0,0,0,0,0
40337,1,1,28,28,28,28,28,28,28,28,28,28
40338,1,1,0,0,0,0,0,0,0,0,0,0
40338,2,1,0,0,0,0,0,0,0,12,0,0
40339,1,1,8,8,8,8,8,8,8,8,8,8
40339,2,1,0,0,0,0,0,0,0,0,0,0
40339,3,1,0,0,0,0,0,0,29,0,0,0
40340,1,1,10,10,10,10,10,10,10,10,10,10
40341,1,1,0,0,0,36,0,0,0,26,11,0
40342,1,1,0,0,0,0,0,0,0,0,0,0
40343,1,1,0,0,14,23,14,11,23,0,0,10
40344,1,1,0,0,0,0,0,28,25,0,0,0
40344,2,1,0,0,0,0,0,0,0,0,0,0
40345,1,1,0,0,0,0,0,0,0,0,0,0
40346,1,1,23,23,23,23,23,23,23,23,23,23
40346,2,1,0,0,0,0,0,0,0,0,0,0
40346,3,1,0,0,0,0,0,0,0,0,0,0
40347,1,1,0,12,0,0,0,0,0,0,0,0
40348,1,1,0,0,0,3,12,0,0,8,0,13
40348,2,1,0,0,0,0,0,0,0,0,0,0
40349,1,1,0,0,0,0,0,0,0,0,0,0
40349,2,1,0,0,0,0,0,0,0,0,0,0
40350,1,1,0,0,21,0,12,0,0,0,24,0
40351,1,1,0,0,0,0,0,0,0,0,0,0
40351,2,1,0,0,0,0,0,0,0,0,0,0
40352,1,1,0,0,0,0,0,0,0,0,0,0
40352,2,1,0,0,0,0,0,0,0,0,0,0
40353,1,1,20,20,20,20,20,20,20,20,20,20
40354,1,1,5,5,5,5,5,5,5,5,5,5
40355,1,1,0,0,0,0,0,0,0,0,0,0
40356,1,1,0,0,0,0,0,0,0,0,0,0
40357,1,1,0,0,0,8,0,0,0,0,22,0
40357,2,1,0,0,0,0,0,0,0,0,0,0
40358,1,1,13,28,4,7,9,23,25,17,15,30
40359,1,1,22,29,12,24,15,2,23,28,16,26
40360,0,1,14,14,14,14,14,14,14,14,14,14
40360,1,1,0,0,0,0,0,0,0,23,0,34
40361,1,1,0,0,0,0,13,0,13,0,0,6
40362,0,1,0,0,0,0,0,0,0,0,0,0
40362,0,2,0,0,0,0,0,0,0,0,0,0
40362,1,1,0,0,0,16,14,30,0,14,28,20
40363,1,1,0,0,0,0,0,0,0,0,0,0
40363,2,1,0,0,0,0,0,0,0,0,0,0
40364,1,1,7,7,7,7,7,7,7,7,7,7
40365,0,1,0,0,0,0,0,0,0,0,0,0
40365,1,1,0,0,0,0,0,0,0,0,0,0
40366,1,1,0,0,0,18,0,0,0,0,0,0
40367,0,1,23,23,23,23,23,23,23,23,23,23
40367,1,1,0,0,0,0,0,0,0,0,0,0
40368,1,1,25,25,25,25,25,25,25,25,25,25
40369,1,1,0,0,0,0,0,0,0,2,0,0
40369,2,1,0,0,0,0,0,0,0,0,0,0
40370,1,1,0,0,0,0,0,0,0,0,0,0
40371,1,1,0,0,0,0,0,0,0,0,0,0
40372,1,1,0,0,0,0,0,0,0,0,0,0
40372,2,1,0,0,0,0,0,0,0,0,0,0
40373,1,1,0,0,20,0,0,0,0,0,0,0
40374,1,1,0,0,0,0,0,0,0,0,0,0
40374,2,1,0,0,0,0,0,0,5,0,0,0
40375,1,1,18,21,16,21,0,26,13,20,5,0
40376,1,1,0,0,0,12,0,0,10,18,0,10
40377,1,1,24,24,24,24,24,24,24,24,24,24
40378,1,1,16,0,4,0,0,17,0,22,0,6
40379,1,1,0,0,0,0,0,0,0,0,0,0
40379,2,1,0,0,0,0,0,0,0,0,0,0
40380,0,1,0,0,0,0,0,0,0,0,0,0
40380,1,1,0,0,0,0,0,0,0,0,0,0
40381,0,1,0,0,0,0,0,0,0,0,0,0
40381,1,1,0,0,0,0,0,0,0,0,0,0
40382,1,1,21,21,21,21,21,21,21,21,21,21
40383,1,1,0,14,32,0,0,0,19,0,16,46
40384,1,1,0,0,10,0,24,0,0,25,0,0
40385,1,1,20,0,18,10,12,19,0,0,0,0
40386,1,1,0,0,0,0,0,0,24,0,0,0
40387,1,1,9,9,9,9,9,9,9,9,9,9
40387,2,1,0,0,0,0,0,0,0,0,0,0
40388,1,1,0,0,0,0,0,0,20,0,0,0
40389,1,1,0,0,0,0,0,14,0,0,0,0
40390,1,1,0,0,16,0,9,0,0,19,12,0
40391,0,1,0,0,0,0,0,0,0,0,0,0
40391,1,1,0,0,0,0,0,0,0,0,0,0
40392,1,1,27,15,0,13,17,23,15,25,0,11
40393,1,1,0,0,0,0,0,0,0,0,0,0
40393,2,1,0,0,0,9,0,0,0,0,0,0
40393,3,1,0,0,0,0,0,0,0,0,0,0
40394,1,1,16,13,18,13,23,4,40,25,16,10
40394,2,1,0,0,0,0,0,0,0,14,0,0
40395,1,1,0,0,0,0,0,0,0,0,0,0
40395,2,1,0,0,0,0,0,0,0,0,0,0
40396,0,1,21,21,21,21,21,21,21,21,21,21
40396,1,1,15,4,20,26,10,23,11,8,5,0
40397,1,1,0,0,0,0,0,0,0,0,0,0
40398,0,1,24,24,24,24,24,24,24,24,24,24
40398,1,1,14,10,15,14,29,4,11,22,18,28
40399,1,1,0,0,8,0,0,0,0,0,14,0
40400,0,1,47,47,47,47,47,47,47,47,47,47
40400,1,1,0,0,24,0,0,17,0,16,14,0
40401,1,1,0,0,0,0,0,0,0,0,0,0
40402,0,1,0,0,0,0,0,0,0,21,15,0
40402,1,1,0,0,0,0,0,0,0,0,0,0
40403,1,1,0,0,0,0,0,0,0,0,0,0
40404,0,1,0,0,0,0,0,0,0,0,0,0
40404,1,1,0,0,0,0,0,0,0,0,0,0
40405,1,1,0,0,20,19,0,0,16,30,0,21
40406,1,1,0,0,0,0,0,0,0,0,0,0
40406,2,1,0,0,0,0,0,0,0,0,0,0
40407,0,1,0,6,0,0,0,19,0,7,8,0
40407,1,1,0,0,0,0,0,0,0,0,0,0
40408,1,1,0,0,0,0,0,25,0,0,0,4
40409,1,1,0,0,0,0,0,0,0,0,0,0
40409,2,1,0,0,0,0,0,0,0,0,0,0
40409,3,1,11,0,0,0,0,0,3,0,0,0
40410,0,1,0,0,35,0,22,0,0,0,13,20
40410,1,1,0,0,0,0,0,0,0,15,0,0
40411,1,1,9,0,0,0,0,16,0,0,0,0
40412,1,1,0,0,0,0,32,36,8,0,0,0
40412,2,1,0,0,0,0,0,0,0,0,0,0
40413,1,1,0,0,0,0,0,0,0,0,0,0
40414,0,1,0,0,0,0,0,0,0,0,0,0
40414,1,1,0,0,0,0,0,0,0,0,0,0
40415,1,1,0,0,0,0,0,0,0,0,0,0
40415,2,1,0,0,0,0,0,0,0,0,0,0
40416,0,1,0,0,25,0,0,0,0,0,0,0
40416,1,1,0,0,0,0,0,0,0,0,0,0
40417,0,1,0,0,0,0,0,0,0,0,0,0
40417,1,1,0,0,0,0,0,0,0,0,0,0
40418,1,1,0,0,0,0,0,0,0,0,0,0
40418,2,1,0,0,0,0,0,0,0,0,0,0
40419,1,1,6,6,6,6,6,6,6,6,6,6
40420,0,1,0,0,0,0,0,0,0,0,0,0
40420,1,1,0,0,0,0,0,0,0,0,0,28
40421,0,1,0,0,0,0,2,0,0,0,0,0
40421,1,1,14,13,21,31,8,6,23,19,10,10
40422,1,1,0,0,0,0,0,0,0,0,0,20
40423,1,1,0,0,0,0,0,0,0,0,0,0
40424,1,1,0,0,0,0,0,0,0,0,0,0
40425,0,1,0,0,0,0,0,0,0,0,0,0
40426,1,1,0,0,0,0,0,0,0,0,0,0
40427,1,1,0,0,0,0,0,0,0,0,0,0
40427,2,1,0,0,0,0,0,0,0,0,0,0
40428,1,1,20,20,20,20,20,20,20,20,20,20
40428,2,1,0,0,0,0,0,0,0,0,0,0
40428,3,1,0,0,0,0,0,0,0,0,0,0
40428,4,1,0,0,0,0,0,0,0,0,0,0
40429,1,1,0,0,0,0,0,0,0,0,0,0
40429,2,1,0,0,0,0,0,0,0,0,0,0
40430,1,1,1,1,1,1,1,1,1,1,1,1
40431,1,1,20,20,20,20,20,20,20,20,20,20
40432,1,1,14,14,14,14,14,14,14,14,14,14
40433,1,1,21,21,21,21,21,21,21,21,21,21
40434,1,1,0,0,0,0,0,0,0,0,0,0
40435,1,1,0,0,0,7,0,0,0,0,0,0
40436,1,1,0,0,11,0,0,2,0,0,0,0
40436,2,1,0,0,0,0,0,0,0,0,0,0
40436,3,1,0,0,0,0,0,12,0,0,0,0
40436,4,1,0,20,0,0,0,0,0,0,0,0
40437,0,1,38,26,34,22,28,6,23,25,17,37
40437,1,1,0,0,0,0,0,0,0,0,0,0
40438,1,1,0,0,0,0,0,0,0,0,0,13
40438,2,1,18,0,0,0,0,0,0,0,0,0
40439,1,1,0,0,0,0,0,0,0,0,0,0
40439,2,1,18,0,0,0,0,0,0,0,0,0
40440,1,1,0,27,0,0,0,0,0,0,0,0
40441,1,1,0,0,0,0,0,0,0,0,0,0
40441,2,1,0,0,0,0,0,0,0,0,0,0
40442,1,1,0,0,0,0,0,0,0,0,0,0
40443,1,1,3,0,0,0,0,12,0,0,0,0
40443,2,1,0,0,0,0,0,0,0,0,0,0
40444,0,1,21,21,21,21,21,21,21,21,21,21
40444,1,1,0,0,0,0,0,0,10,0,0,0
40445,1,1,29,29,29,29,29,29,29,29,29,29
40446,1,1,0,0,0,0,0,0,0,0,0,0
40446,2,1,0,0,0,0,0,0,0,0,0,0
40447,1,1,0,0,0,0,0,0,0,0,0,0
40448,1,1,1,1,1,1,1,1,1,1,1,1
40449,1,1,0,0,0,0,0,0,12,0,0,0
40450,1,1,0,0,0,0,0,0,0,0,20,7
40452,0,1,23,23,23,23,23,23,23,23,23,23
40452,1,1,1,1,1,1,1,1,1,1,1,1
40453,1,1,21,21,21,21,21,21,21,21,21,21
40453,2,1,0,0,0,0,0,0,0,0,0,0
40454,1,1,0,0,0,0,0,0,0,0,0,0
40455,1,1,0,0,20,0,0,0,25,0,0,0
40456,1,1,0,0,0,0,0,0,0,0,0,0
40456,2,1,0,0,0,0,0,0,0,0,0,0
40457,1,1,0,0,0,0,16,7,0,0,7,0
40458,0,1,13,22,12,9,0,35,0,13,0,16
40458,0,2,0,0,0,0,0,0,0,0,0,0
40458,1,1,0,0,0,0,0,0,0,0,0,0
40458,2,1,0,0,0,0,0,0,0,0,0,0
40459,1,1,0,17,14,7,11,0,9,0,35,28
40460,1,1,0,0,0,0,0,0,0,0,0,0
40461,1,1,0,0,0,0,0,0,0,0,0,0
40461,2,1,0,0,0,0,0,0,0,0,0,0
40462,1,1,4,6,0,26,0,0,0,6,23,0
40462,2,1,12,12,12,12,12,12,12,12,12,12
40463,0,1,22,22,22,22,22,22,22,22,22,22
40463,1,1,0,0,0,0,10,0,0,13,0,0
40464,1,1,0,0,0,15,0,34,15,0,37,0
40465,1,1,0,0,0,0,0,0,0,0,0,0
40465,2,1,0,0,0,0,0,16,0,0,0,0
40466,1,1,0,0,28,0,0,25,0,0,49,0
40467,0,1,0,0,0,0,0,0,0,0,0,0
40467,1,1,0,0,0,0,0,0,0,0,0,0
40468,1,1,0,0,0,0,0,0,20,0,0,0
40469,1,1,0,0,0,0,0,0,0,0,0,0
40470,1,1,26,26,26,26,26,26,26,26,26,26
40471,1,1,25,25,25,25,25,25,25,25,25,25
40472,1,1,15,0,0,0,0,0,0,11,10,0
40473,1,1,0,9,0,15,0,0,0,0,0,5
40474,1,1,9,9,9,9,9,9,9,9,9,9
40474,2,1,0,0,24,0,0,0,0,0,0,0
40475,1,1,0,0,0,0,0,0,0,0,0,0
40475,2,1,0,0,0,0,0,0,0,0,0,0
40476,1,1,0,0,0,0,0,0,0,0,0,0
40477,1,1,14,33,0,6,15,27,24,15,6,25
40478,0,1,25,25,25,25,25,25,25,25,25,25
40478,1,1,0,0,0,0,0,0,0,0,0,0
40479,0,1,0,18,0,0,17,5,0,0,0,0
40479,1,1,23,8,8,8,23,6,2,17,27,13
40480,0,1,0,0,0,0,0,0,25,0,0,29
40480,1,1,0,0,0,0,0,0,0,0,0,0
40481,1,1,34,38,0,26,0,0,0,0,0,0
40481,2,1,0,0,0,0,0,0,0,0,0,0
40482,1,1,0,0,0,0,0,0,0,0,0,0
40483,1,1,5,5,6,23,17,18,4,16,9,30
40484,0,1,0,0,8,0,0,0,0,0,0,0
40484,1,1,0,0,0,0,0,0,0,0,0,0
40484,2,1,0,0,0,0,0,7,0,0,0,0
40485,1,1,0,0,0,0,26,0,0,0,0,0
40486,1,1,0,0,0,0,0,0,0,0,0,0
40486,2,1,0,0,0,3,0,0,0,0,0,0
40487,1,1,0,20,14,0,0,0,0,17,32,0
40487,2,1,0,5,12,0,0,19,0,0,0,14
40488,0,1,0,0,0,0,0,0,0,0,0,0
40488,1,1,0,0,0,0,0,0,0,0,0,0
40489,1,1,0,0,11,0,0,0,14,0,0,0
40489,2,1,22,0,0,0,0,0,0,0,0,0
40490,1,1,2,2,2,2,2,2,2,2,2,2
40491,1,1,3,3,3,3,3,3,3,3,3,3
40492,0,1,14,7,34,0,10,37,20,10,15,18
40492,1,1,16,30,21,8,28,19,21,3,19,35
40493,0,1,0,15,0,0,0,0,0,0,0,0
40493,1,1,0,0,0,0,0,0,0,0,0,0
40494,1,1,0,23,13,14,0,17,0,3,42,22
40494,2,1,0,0,0,0,0,0,8,0,0,0
40495,1,1,20,22,11,8,22,0,19,8,9,30
40495,2,1,0,0,0,0,0,0,0,0,0,0
40497,1,1,16,16,16,16,16,16,16,16,16,16
40498,1,1,0,0,0,0,0,0,0,0,0,0
40499,1,1,0,0,0,0,0,0,0,0,0,0
40499,2,1,0,0,0,0,0,0,0,0,0,0
40500,1,1,24,9,5,7,9,17,23,4,27,19
40501,1,1,0,0,24,0,0,0,22,0,0,0
40501,2,1,0,0,0,0,0,0,0,0,0,0
40502,1,1,17,34,0,0,0,0,0,12,0,0
40503,0,1,0,0,0,0,0,0,0,0,20,0
40503,1,1,0,0,0,0,0,0,0,0,0,0
40504,1,1,0,0,0,0,0,0,0,0,0,0
40504,2,1,0,0,0,0,0,0,0,0,0,0
40505,1,1,0,0,0,0,0,0,0,0,0,0
40506,1,1,0,0,0,0,0,0,0,0,0,0
40506,2,1,0,0,0,0,0,0,0,0,0,0
40507,0,1,0,0,0,0,11,9,0,0,0,0
40507,1,1,0,0,0,0,0,0,0,10,0,14
40508,1,1,0,0,0,0,0,0,0,0,0,0
40509,0,1,29,0,0,0,0,0,0,0,0,0
40509,1,1,0,0,0,11,0,3,12,0,0,0
40510,1,1,17,17,17,17,17,17,17,17,17,17
40510,2,1,0,0,0,0,0,0,0,0,0,0
40511,0,1,0,0,0,0,0,0,0,0,0,0
40511,1,1,25,24,14,0,11,28,0,15,20,0
40512,1,1,0,0,0,0,0,0,0,24,0,17
40512,2,1,0,0,0,0,0,0,0,0,23,0
40513,1,1,0,0,0,0,0,0,0,20,0,0
40514,1,1,0,0,0,0,0,0,0,0,0,0
40515,0,1,0,0,0,0,27,0,0,0,17,0
40515,1,1,0,0,0,0,12,0,0,0,0,0
40516,0,1,0,0,0,0,0,0,0,0,0,0
40516,1,1,0,0,0,0,0,0,0,0,0,0
40517,0,1,0,0,0,0,0,0,0,0,0,0
40517,1,1,0,0,0,27,0,0,0,0,7,0
40518,1,1,0,0,0,0,0,0,0,0,4,0
40519,1,1,10,10,10,10,10,10,10,10,10,10
40519,2,1,0,0,0,0,0,0,0,0,0,0
40520,1,1,0,3,9,0,6,0,6,0,19,0
40521,1,1,0,0,0,0,0,0,0,0,0,0
40522,0,1,10,23,5,0,0,0,0,0,0,2
40522,1,1,0,0,0,0,0,0,0,0,0,0
40523,1,1,0,19,0,7,5,16,17,0,14,0
40523,2,1,0,0,0,0,0,0,0,14,0,0
40524,1,1,26,26,26,26,26,26,26,26,26,26
40525,0,1,0,0,0,0,0,0,0,0,0,0
40525,1,1,16,13,0,0,0,0,0,17,0,0
40526,1,1,9,9,9,9,9,9,9,9,9,9
40526,2,1,15,0,0,11,0,0,34,0,0,0
40527,0,1,34,34,34,34,34,34,34,34,34,34
40527,1,1,0,0,0,0,0,0,0,0,0,0
40528,0,1,0,0,0,0,0,0,0,0,0,0
40528,1,1,0,0,0,13,0,22,0,11,0,0
40528,2,1,0,0,0,0,0,0,0,0,0,0
40528,3,1,0,0,0,0,9,0,0,0,0,0
40530,1,1,14,14,14,14,14,14,14,14,14,14
40531,0,1,0,0,0,0,0,0,0,0,9,0
40531,1,1,0,0,0,0,0,0,0,0,0,0
40532,1,1,0,0,0,0,0,0,0,0,0,0
40532,2,1,0,0,0,0,0,0,0,0,0,0
40533,1,1,0,0,18,19,17,0,8,0,39,0
40534,1,1,0,0,0,0,0,0,0,0,0,0
40534,2,1,0,0,0,0,0,0,0,0,0,0
40535,1,1,0,0,0,0,0,0,0,0,0,0
40535,2,1,0,0,0,0,0,0,0,0,0,0
40536,1,1,0,0,0,0,0,0,0,0,0,0
40536,2,1,0,0,0,0,0,0,0,0,0,0
40536,3,1,0,0,0,0,0,0,0,0,0,0
40537,1,1,0,23,14,0,0,15,26,11,25,9
40538,0,1,0,0,0,0,0,0,0,0,0,0
40538,1,1,0,0,0,0,0,0,0,0,0,0
40539,1,1,11,0,0,0,0,20,28,0,20,31
40540,0,1,0,0,0,0,0,0,0,0,0,0
40540,1,1,0,0,0,0,0,0,0,0,0,0
40541,1,1,0,0,0,0,0,0,0,0,0,0
40541,2,1,0,0,0,0,0,0,0,0,0,0
40542,1,1,0,0,12,19,0,0,0,0,0,0
40543,0,1,19,61,0,0,10,0,0,0,0,27
40543,1,1,0,0,0,0,0,0,0,0,0,0
40544,1,1,19,13,7,20,14,10,19,8,14,14
40545,1,1,0,0,0,0,0,0,0,0,0,0
40545,2,1,0,0,0,0,0,0,0,0,0,0
40546,1,1,12,0,0,0,16,0,0,0,0,20
40547,1,1,0,0,0,0,0,19,0,0,0,0
40548,1,1,0,0,0,0,0,0,0,0,0,0
40548,2,1,1,1,1,1,1,1,1,1,1,1
40549,1,1,0,0,0,0,0,0,0,0,0,0
40549,2,1,1,1,1,1,1,1,1,1,1,1
40551,1,1,0,0,14,17,0,0,0,0,0,0
40551,2,1,0,0,0,0,0,0,0,0,0,0
40552,1,1,0,0,0,0,0,0,0,0,0,0
40552,2,1,0,0,0,0,0,0,0,0,0,0
40553,1,1,0,0,0,0,30,0,0,0,0,0
40554,0,1,0,0,0,0,0,0,0,0,0,0
40554,1,1,0,0,0,0,0,0,0,0,22,0
40554,2,1,0,0,0,0,0,0,0,0,0,0
40556,1,1,0,0,0,0,0,0,0,0,0,0
40556,2,1,0,0,0,0,0,0,0,0,0,0
40557,1,1,0,0,36,0,0,2,0,20,0,0
40558,1,1,0,7,0,0,0,0,0,0,0,0
40559,0,1,0,0,28,0,0,2,30,0,0,0
40559,1,1,0,0,0,0,0,0,0,0,0,0
40560,0,1,27,27,27,27,27,27,27,27,27,27
40560,1,1,0,0,0,0,0,0,0,0,0,0
40561,1,1,0,0,0,13,30,26,20,42,22,15
40562,1,1,0,0,0,0,0,0,20,0,0,0
40563,1,1,24,0,0,17,0,0,0,0,0,26
40564,1,1,0,0,0,0,0,0,0,0,0,0
40565,1,1,0,0,0,10,0,0,0,0,0,0
40565,2,1,0,0,0,0,0,0,0,0,0,0
40566,0,1,7,0,0,0,0,0,37,20,0,0
40566,1,1,0,0,0,0,22,20,0,0,0,7
40567,1,1,0,0,0,0,0,0,0,0,0,0
40567,2,1,0,0,0,0,0,0,0,0,0,0
40567,3,1,0,0,0,0,0,0,0,0,0,0
40567,4,1,0,0,0,0,0,0,0,0,0,0
40567,5,1,0,0,0,0,0,0,0,0,0,0
40568,0,1,0,21,0,0,0,0,0,0,0,0
40568,1,1,0,0,0,0,0,0,0,0,0,0
40568,2,1,0,0,0,0,0,7,0,0,0,0
40569,1,1,0,0,0,0,0,0,0,0,0,0
40570,1,1,23,17,25,27,19,14,12,22,16,7
40571,1,1,0,0,0,0,0,0,0,0,0,0
40571,2,1,0,0,0,0,0,0,0,0,0,0
40572,1,1,0,0,0,0,0,0,0,0,0,0
40572,2,1,20,0,0,0,0,0,0,0,30,0
40573,0,1,12,0,0,0,0,0,0,0,0,0
40573,1,1,0,0,0,0,21,0,0,0,27,0
40574,1,1,22,12,0,0,0,0,15,0,0,0
40574,2,1,0,0,0,0,0,0,0,0,0,0
40575,0,1,0,0,0,0,14,0,0,6,0,0
40575,0,2,0,0,0,0,0,0,0,0,0,0
40575,1,1,7,0,0,0,6,0,24,0,0,0
40576,0,1,22,22,22,22,22,22,22,22,22,22
40576,1,1,0,0,0,0,18,0,0,0,0,0
40577,1,1,0,0,15,0,0,0,0,0,0,0
40577,2,1,0,18,0,0,5,0,9,18,0,0
40578,1,1,0,0,0,0,0,0,28,0,0,0
40578,2,1,0,0,0,0,0,0,0,0,0,0
40579,0,1,0,0,0,0,0,0,0,0,0,0
40579,1,1,0,0,0,0,0,0,0,0,0,0
40580,0,1,18,18,18,18,18,18,18,18,18,18
40580,1,1,0,0,0,0,0,0,0,0,0,0
40581,1,1,0,0,0,0,0,0,0,0,0,0
40582,0,1,0,0,0,0,0,0,0,0,0,0
40582,1,1,0,0,0,0,0,0,0,0,0,0
40582,2,1,0,0,0,0,0,0,0,15,0,0
40583,1,1,0,0,0,0,0,0,0,0,24,0
40583,2,1,26,5,5,12,10,13,11,15,4,17
40584,1,1,16,0,10,19,0,11,0,0,3,0
40585,1,1,0,0,0,0,0,0,0,0,0,0
40585,2,1,0,0,0,0,0,0,0,0,0,0
40586,1,1,0,0,0,0,0,0,0,0,0,0
40586,2,1,0,0,0,0,0,0,0,0,0,0
40587,1,1,14,12,0,27,0,0,9,0,0,0
40587,2,1,0,0,0,0,0,0,0,0,0,0
40588,1,1,23,23,23,23,23,23,23,23,23,23
40588,2,1,0,0,0,0,0,0,0,0,0,0
40589,0,1,0,0,0,0,0,0,0,0,0,0
40589,1,1,0,0,0,0,0,0,0,0,0,0
40590,1,1,13,0,10,28,32,32,19,10,21,0
40591,1,1,19,19,19,19,19,19,19,19,19,19
40592,0,1,0,0,0,0,0,0,0,0,26,0
40592,1,1,0,0,0,0,0,0,0,0,22,0
40593,1,1,0,0,0,0,0,0,0,0,0,0
40594,1,1,0,0,0,0,0,0,0,0,0,0
40595,1,1,0,0,0,0,0,0,0,0,0,0
40595,2,1,0,0,0,0,0,0,0,0,0,0
40596,1,1,0,0,0,0,0,0,0,0,0,0
40596,2,1,0,0,0,0,0,0,0,0,0,0
40597,1,1,20,20,20,20,20,20,20,20,20,20
40598,1,1,0,0,0,0,0,0,0,0,0,0
40599,1,1,34,0,0,0,0,0,0,17,0,0
40600,1,1,7,12,0,19,0,0,4,33,0,10
40601,1,1,0,0,0,0,0,0,0,0,0,0
40602,1,1,4,4,4,4,4,4,4,4,4,4
40602,2,1,0,8,0,0,0,0,0,0,0,0
40603,1,1,4,4,4,4,4,4,4,4,4,4
40604,1,1,0,18,18,23,14,17,14,11,21,8
40605,1,1,0,0,0,0,0,0,0,0,0,0
40605,2,1,0,0,16,0,0,0,0,0,0,0
40606,1,1,0,0,0,0,0,0,0,0,0,0
40606,2,1,0,0,0,0,0,0,0,0,0,0
40607,1,1,0,0,0,0,0,0,0,0,0,0
40607,2,1,0,0,0,0,0,0,0,0,0,0
40608,0,1,0,0,0,0,0,0,0,0,0,0
40608,1,1,0,0,0,0,0,0,0,0,0,0
40609,1,1,0,0,0,0,0,14,0,0,23,0
40610,1,1,28,0,11,0,0,0,0,0,0,0
40610,2,1,0,0,0,0,0,0,0,0,0,0
40611,1,1,0,0,0,0,0,0,0,0,0,0
40611,2,1,0,0,15,0,0,0,0,16,0,0
40611,3,1,0,0,0,0,0,0,0,0,0,0
40611,4,1,0,0,0,0,0,0,0,0,0,0
40611,5,1,0,0,0,0,0,0,0,0,0,0
40612,1,1,18,18,18,18,18,18,18,18,18,18
40612,2,1,0,0,0,0,0,0,0,0,0,0
40613,1,1,19,12,41,0,18,0,14,0,0,0
40614,1,1,0,0,0,0,0,0,21,5,0,0
40615,0,1,24,0,26,0,0,31,0,0,0,36
40615,1,1,0,0,0,0,0,0,0,0,0,0
40616,1,1,0,0,0,0,0,0,0,0,0,0
40616,2,1,0,0,0,0,0,0,0,0,0,0
40617,1,1,16,16,16,16,16,16,16,16,16,16
40618,0,1,0,0,0,0,13,0,0,0,0,10
40618,1,1,0,0,0,0,0,0,0,0,0,0
40619,1,1,0,17,0,0,28,10,0,0,0,0
40619,2,1,0,0,0,0,0,0,0,0,0,0
40620,1,1,0,23,0,0,21,6,24,42,0,0
40621,1,1,0,31,0,0,0,0,22,0,17,0
40622,1,1,0,0,0,0,0,0,0,0,0,0
40623,1,1,14,14,14,14,14,14,14,14,14,14
40623,2,1,0,0,0,0,0,0,0,0,0,0
40624,1,1,0,0,0,0,0,0,0,0,0,0
40625,1,1,0,0,0,0,0,0,0,0,0,0
40625,2,1,0,0,0,0,0,0,0,0,0,0
40626,1,1,9,21,19,25,6,0,14,11,0,9
40626,2,1,0,8,15,0,0,0,0,0,0,20
40627,1,1,0,0,0,0,0,15,0,0,0,0
40628,0,1,0,10,26,16,13,24,0,23,0,0
40628,1,1,22,19,12,17,0,18,12,9,16,20
40629,1,1,11,11,11,11,11,11,11,11,11,11
40630,1,1,0,0,0,0,0,0,0,0,0,0
40630,2,1,0,14,0,0,0,0,0,0,0,0
40630,3,1,0,14,7,0,0,0,0,0,0,0
40631,1,1,0,0,0,0,13,0,0,0,0,0
40632,1,1,11,11,11,11,11,11,11,11,11,11
40633,1,1,0,0,0,0,11,0,0,0,0,0
40633,2,1,0,0,0,0,0,0,0,0,0,0
40634,0,1,0,0,0,0,21,0,0,0,0,0
40634,1,1,0,0,0,0,0,0,0,0,0,0
40635,0,1,0,0,0,0,0,0,0,0,0,0
40635,1,1,0,0,0,0,0,0,0,0,0,0
40636,1,1,0,0,0,0,0,0,0,0,0,0
40637,1,1,10,10,10,10,10,10,10,10,10,10
40638,1,1,0,0,0,0,0,0,0,0,0,0
40639,1,1,0,0,0,0,0,0,0,0,0,0
40640,1,1,17,17,17,17,17,17,17,17,17,17
40641,1,1,0,4,12,14,0,0,4,0,0,13
40641,2,1,0,0,0,0,0,0,0,12,0,0
40641,3,1,5,0,0,0,0,17,0,0,18,16
40642,0,1,0,0,0,0,0,0,0,0,0,0
40642,1,1,0,0,0,0,0,0,0,0,0,0
40643,0,1,28,28,28,28,28,28,28,28,28,28
40643,1,1,0,0,0,0,0,0,0,0,0,0
40644,0,1,0,0,0,21,0,0,0,19,0,0
40644,1,1,0,0,31,0,0,0,5,0,0,3
40645,1,1,0,0,18,0,9,0,0,0,0,0
40645,2,1,0,0,0,0,0,0,0,0,0,0
40646,1,1,0,0,0,0,0,0,0,0,0,0
40646,2,1,0,0,0,0,11,0,0,0,0,0
40647,1,1,0,0,0,24,21,0,0,19,0,0
40648,0,1,0,0,14,14,0,0,0,12,0,0
40648,1,1,0,7,0,0,0,0,0,5,0,0
40649,1,1,14,0,5,0,0,0,0,0,0,0