ST_CASE,VEH_NO,PER_NO,P1,P2,P3,P4,P5,P6,P7,P8,P9,P10
50007,1,1,0,0,0,0,0,0,0,0,0,0
50008,1,1,14,14,14,14,14,14,14,14,14,14
50008,2,1,0,0,0,0,0,0,0,0,0,0
50009,1,1,0,0,0,0,0,0,0,0,0,0
50009,2,1,0,0,0,0,0,0,0,0,0,0
50010,1,1,0,0,0,0,0,0,0,0,0,0
50010,2,1,0,0,0,0,0,0,0,0,0,0
50011,0,1,12,12,12,12,12,12,12,12,12,12
50011,1,1,0,0,0,0,0,0,0,0,0,0
50012,1,1,0,0,0,0,0,0,0,0,0,0
50013,1,1,0,0,0,0,0,0,0,0,0,0
50013,2,1,0,0,0,0,0,0,0,0,0,0
50014,1,1,0,0,0,0,0,0,0,0,0,0
50015,1,1,0,0,0,0,0,0,0,0,0,0
50015,2,1,0,0,0,0,0,0,0,0,0,0
50016,0,1,0,0,0,0,0,31,0,0,0,0
50016,1,1,0,0,0,0,0,0,0,0,0,0
50017,1,1,0,0,0,0,0,0,0,0,0,0
50017,2,1,0,0,0,0,0,0,0,0,0,0
50018,0,1,17,17,17,17,17,17,17,17,17,17
50018,1,1,0,0,0,0,0,0,0,0,0,0
50019,0,1,24,21,30,26,0,19,4,24,17,19
50019,1,1,0,0,0,0,0,0,0,0,0,0
50020,1,1,17,17,17,17,17,17,17,17,17,17
50020,2,1,0,0,0,0,0,0,0,0,0,0
50021,1,1,0,0,0,0,0,0,0,0,0,0
50021,2,1,0,0,0,0,0,0,0,0,0,0
50022,1,1,0,0,0,0,0,0,0,0,0,0
50023,0,1,0,0,18,0,0,0,0,8,0,24
50023,1,1,0,0,0,0,0,0,0,0,0,0
50024,1,1,0,0,0,0,0,0,0,0,0,0
50024,2,1,0,0,0,0,0,0,0,0,0,0
50025,1,1,0,0,0,0,0,0,0,0,0,0
50025,2,1,0,0,0,0,0,30,0,0,0,0
50025,3,1,0,0,0,0,0,0,0,0,0,0
50026,1,1,6,6,6,6,6,6,6,6,6,6
50027,1,1,0,0,0,0,0,0,0,0,0,0
50027,2,1,19,19,19,19,19,19,19,19,19,19
50028,1,1,0,0,0,0,0,0,0,0,0,0
50028,2,1,11,11,11,11,11,11,11,11,11,11
50029,1,1,0,0,0,0,0,0,0,0,0,0
50029,2,1,0,0,0,0,0,7,9,0,0,0
50029,3,1,0,0,0,0,0,0,0,0,0,0
50030,1,1,23,23,23,23,23,23,23,23,23,23
50030,2,1,0,0,0,0,0,0,0,0,0,0
50031,1,1,0,0,0,0,0,0,0,0,0,0
50031,2,1,0,0,0,0,0,0,0,0,0,0
50032,1,1,27,27,27,27,27,27,27,27,27,27
50033,1,1,0,0,0,0,0,0,0,0,0,0
50033,3,1,0,0,0,0,11,10,48,0,25,22
50034,1,1,0,0,0,0,0,0,0,0,0,0
50034,2,1,0,0,0,0,0,0,0,0,0,0
50035,1,1,11,11,11,11,11,11,11,11,11,11
50036,1,1,0,0,0,0,0,0,0,0,0,0
50036,2,1,0,0,0,0,0,0,0,0,0,0
50037,1,1,22,22,22,22,22,22,22,22,22,22
50038,1,1,17,17,17,17,17,17,17,17,17,17
50039,0,1,17,17,17,17,17,17,17,17,17,17
50039,1,1,0,0,0,0,0,0,0,0,0,0
50040,0,1,38,38,38,38,38,38,38,38,38,38
50040,1,1,0,0,13,0,22,20,0,0,0,0
50041,1,1,0,0,0,0,0,0,0,0,0,0
50041,2,1,0,0,0,0,0,0,0,0,0,0
50042,1,1,20,20,20,20,20,20,20,20,20,20
50043,1,1,0,0,0,0,0,0,0,0,0,0
50043,2,1,0,0,0,0,0,0,0,0,0,0
50044,1,1,0,0,0,0,0,0,0,0,0,0
50044,2,1,0,0,0,0,0,0,0,0,0,0
50045,1,1,1,1,1,1,1,1,1,1,1,1
50046,1,1,8,8,8,8,8,8,8,8,8,8
50047,1,1,0,0,0,0,0,0,0,0,0,0
50048,1,1,0,0,0,0,0,0,0,0,0,0
50048,2,1,0,0,0,0,0,0,0,0,0,0
50049,1,1,0,0,0,0,0,0,0,0,0,0
50049,2,1,0,0,0,0,0,0,0,0,0,0
50050,1,1,8,8,8,8,8,8,8,8,8,8
50051,1,1,0,0,0,0,0,0,0,0,0,0
50051,2,1,0,0,0,0,0,0,0,0,0,0
50054,1,1,0,0,0,0,0,0,0,0,0,0
50054,2,1,0,0,0,0,0,0,0,0,0,0
50056,0,1,0,0,0,0,0,0,0,0,0,0
50056,1,1,0,0,0,0,0,0,0,0,0,0
50057,1,1,0,0,0,0,0,0,0,0,0,0
50057,2,1,0,0,0,0,0,14,0,0,0,0
50058,1,1,11,11,11,11,11,11,11,11,11,11
50059,1,1,0,0,0,0,0,0,0,0,7,0
50060,1,1,28,28,28,28,28,28,28,28,28,28
50061,0,1,0,0,0,0,0,0,0,0,0,0
50061,1,1,0,0,0,0,0,0,0,0,0,0
50062,1,1,0,0,0,0,0,0,0,0,0,0
50062,2,1,0,0,0,0,0,0,0,0,0,0
50063,1,1,0,0,0,0,0,0,0,0,0,0
50064,1,1,20,20,20,20,20,20,20,20,20,20
50065,0,1,0,0,0,0,0,0,0,0,0,0
50065,1,1,0,0,19,0,0,0,15,0,15,0
50066,0,1,0,0,0,0,0,0,0,0,0,0
50066,0,2,0,0,0,0,0,12,0,0,0,0
50066,1,1,0,0,0,0,0,0,0,0,0,0
50067,1,1,1,1,1,1,1,1,1,1,1,1
50068,1,1,16,16,16,16,16,16,16,16,16,16
50069,1,1,0,0,0,0,0,0,0,0,0,0
50070,1,1,13,0,0,0,0,0,19,0,0,0
50071,1,1,0,0,0,0,6,0,0,18,10,0
50071,2,1,0,0,0,0,0,0,0,0,0,0
50072,0,1,0,0,0,0,0,0,0,0,0,0
50072,1,1,0,0,0,0,0,0,0,0,0,0
50073,1,1,0,0,0,0,0,0,0,0,0,0
50073,2,1,0,0,0,0,0,0,0,0,0,0
50073,3,1,0,0,0,0,0,0,0,0,0,0
50073,4,1,0,0,0,0,0,0,0,0,0,0
50073,5,1,0,0,0,0,0,0,0,0,0,0
50074,1,1,0,0,0,0,0,0,0,0,0,0
50074,2,1,0,0,0,0,0,0,0,0,0,0
50075,1,1,16,16,16,16,16,16,16,16,16,16
50076,0,1,0,0,0,0,0,0,6,0,0,0
50076,1,1,0,0,0,0,0,0,0,0,0,0
50077,1,1,0,0,0,0,0,0,0,0,0,0
50077,2,1,0,0,0,0,0,0,0,0,0,0
50077,3,1,0,0,0,0,0,0,0,0,0,0
50077,4,1,0,0,0,0,0,0,0,0,0,0
50078,1,1,0,0,0,0,0,0,0,0,0,0
50078,2,1,0,0,0,0,0,0,0,0,0,0
50079,1,1,0,0,0,0,0,0,0,0,0,0
50079,2,1,12,12,12,12,12,12,12,12,12,12
50081,1,1,4,4,4,4,4,4,4,4,4,4
50082,1,1,13,13,13,13,13,13,13,13,13,13
50083,1,1,0,0,0,0,0,0,0,0,0,0
50084,1,1,0,0,0,0,0,0,0,0,0,0
50085,1,1,24,24,24,24,24,24,24,24,24,24
50086,1,1,20,20,20,20,20,20,20,20,20,20
50087,1,1,0,0,0,0,0,0,0,0,0,0
50088,1,1,0,0,0,0,0,0,0,0,0,0
50089,1,1,0,0,0,0,0,0,0,0,0,0
50089,2,1,0,0,0,0,0,0,0,0,0,0
50090,1,1,0,0,0,0,0,0,0,0,0,0
50090,2,1,18,0,9,0,0,0,0,12,0,0
50091,1,1,0,0,0,0,0,0,0,0,0,0
50092,1,1,0,0,0,0,0,0,0,0,0,0
50093,0,1,26,26,26,26,26,26,26,26,26,26
50093,2,1,0,0,0,0,0,0,0,0,0,0
50094,1,1,25,25,25,25,25,25,25,25,25,25
50095,1,1,10,12,17,0,3,16,14,2,39,12
50095,2,1,0,0,0,0,0,0,0,0,0,0
50096,1,1,9,9,9,9,9,9,9,9,9,9
50097,1,1,19,19,19,19,19,19,19,19,19,19
50098,1,1,21,21,21,21,21,21,21,21,21,21
50099,1,1,0,0,0,0,0,0,0,0,0,0
50101,1,1,0,0,0,0,0,0,0,0,0,0
50101,2,1,0,0,0,0,0,0,0,0,0,0
50103,1,1,0,0,0,0,0,0,0,0,0,0
50103,2,1,0,0,0,0,0,0,0,0,0,0
50104,1,1,0,0,0,0,0,0,0,0,0,0
50104,2,1,0,0,0,0,0,0,0,0,0,0
50105,1,1,29,29,29,29,29,29,29,29,29,29
50106,0,1,19,19,19,19,19,19,19,19,19,19
50106,1,1,0,0,0,0,0,0,0,0,0,0
50107,0,1,11,11,11,11,11,11,11,11,11,11
50107,1,1,0,0,0,0,0,0,0,0,0,0
50108,1,1,0,0,0,0,0,0,0,0,0,0
50108,2,1,0,0,0,0,0,0,0,0,0,0
50109,0,1,0,0,0,0,0,0,0,0,0,0
50109,1,1,0,0,0,0,0,0,0,0,0,0
50110,1,1,0,0,0,0,0,0,0,0,0,0
50110,2,1,0,0,0,0,0,0,0,0,0,0
50111,1,1,0,0,0,0,0,0,0,0,0,0
50112,1,1,0,0,0,0,0,0,0,0,0,0
50112,2,1,0,0,0,0,0,0,0,0,0,0
50113,1,1,0,0,0,0,0,0,0,0,0,0
50113,2,1,22,22,22,22,22,22,22,22,22,22
50114,1,1,15,0,29,0,18,0,0,0,17,0
50115,1,1,0,0,0,0,0,0,0,0,0,0
50116,1,1,0,0,0,0,0,0,0,0,0,0
50116,2,1,0,0,0,0,0,0,0,0,0,0
50117,1,1,0,0,0,14,0,0,0,0,0,0
50119,1,1,19,19,19,19,19,19,19,19,19,19
50120,1,1,0,0,0,0,0,0,0,0,0,0
50121,1,1,0,0,0,0,0,0,0,0,0,0
50123,1,1,0,0,0,0,0,0,0,0,0,0
50123,2,1,0,0,0,0,0,0,0,0,0,0
50123,3,1,0,0,0,0,0,0,0,0,0,0
50123,4,1,0,0,0,0,0,0,0,0,0,0
50123,5,1,0,0,0,0,0,0,0,0,0,0
50123,6,1,0,0,0,0,0,0,0,0,0,0
50124,1,1,0,0,0,0,0,0,0,0,0,0
50125,1,1,0,0,0,0,0,0,19,0,0,0
50125,2,1,0,0,0,0,0,0,0,0,0,0
50126,1,1,15,15,15,15,15,15,15,15,15,15
50126,2,1,0,0,0,0,0,0,0,0,0,0
50127,0,1,7,15,20,24,13,6,36,10,21,20
50127,1,1,0,0,0,0,0,0,0,0,0,0
50128,1,1,24,24,24,24,24,24,24,24,24,24
50129,1,1,0,0,0,0,0,0,0,0,0,0
50129,2,1,0,0,0,0,0,0,0,0,0,0
50130,1,1,0,0,0,0,0,0,0,0,0,0
50131,1,1,0,0,0,0,0,0,0,0,0,0
50131,2,1,0,0,0,23,0,0,0,0,0,0
50132,1,1,0,0,0,0,0,0,0,0,0,0
50133,1,1,33,33,33,33,33,33,33,33,33,33
50134,1,1,0,0,0,0,0,0,0,0,0,0
50134,2,1,0,0,0,0,0,0,0,0,0,0
50134,3,1,0,0,0,0,0,0,0,0,0,0
50135,1,1,0,0,0,0,0,0,0,0,0,0
50136,1,1,0,0,0,0,0,0,0,0,0,0
50136,2,1,0,0,0,0,32,0,0,0,0,0
50136,3,1,0,0,0,0,11,0,0,0,0,0
50137,1,1,0,0,0,0,0,0,0,0,0,0
50137,2,1,0,0,0,0,0,0,0,0,0,0
50138,1,1,21,21,21,21,21,21,21,21,21,21
50138,2,1,22,17,12,22,24,11,8,4,0,21
50139,1,1,20,20,20,20,20,20,20,20,20,20
50140,0,1,43,43,43,43,43,43,43,43,43,43
50140,1,1,0,0,0,0,0,0,0,0,0,0
50141,1,1,0,0,0,0,0,0,0,0,0,0
50141,2,1,0,0,0,0,0,0,0,0,0,0
50141,3,1,0,0,0,0,0,0,0,0,0,0
50142,1,1,1,1,1,1,1,1,1,1,1,1
50143,1,1,0,0,0,0,0,0,0,0,0,0
50143,2,1,0,0,0,0,0,0,0,0,0,0
50144,1,1,0,0,0,0,0,0,0,0,0,0
50145,1,1,0,0,0,0,0,0,0,0,0,0
50147,1,1,0,0,0,0,0,0,0,0,0,0
50147,2,1,0,0,0,0,0,0,0,0,0,0
50148,1,1,0,0,0,0,0,0,0,0,0,0
50149,1,1,0,0,0,0,0,0,0,0,0,0
50150,1,1,15,15,15,15,15,15,15,15,15,15
50151,1,1,0,0,0,0,0,0,0,0,0,0
50152,1,1,15,15,15,15,15,15,15,15,15,15
50153,1,1,0,0,0,0,0,0,0,0,0,0
50154,1,1,11,20,12,19,0,0,9,0,10,0
50156,1,1,0,0,0,0,0,0,0,0,0,0
50156,2,1,0,0,0,0,0,0,0,0,0,0
50156,3,1,0,0,0,0,0,0,0,0,0,0
50157,1,2,10,11,0,12,0,0,0,15,0,0
50158,1,1,23,23,23,23,23,23,23,23,23,23
50159,1,1,0,0,0,0,0,0,0,0,0,0
50159,2,1,0,0,0,0,0,0,0,0,0,0
50160,1,1,0,0,0,0,0,0,0,0,0,0
50161,1,1,34,34,34,34,34,34,34,34,34,34
50162,1,1,0,0,0,0,0,0,0,0,0,0
50162,2,1,0,0,0,0,0,0,0,0,0,0
50163,1,1,0,0,0,0,0,0,0,0,0,0
50163,2,1,0,0,0,0,0,0,0,0,0,0
50163,3,1,0,0,0,0,0,0,0,0,0,0
50163,4,1,0,0,0,0,0,0,0,0,0,0
50163,5,1,0,0,0,0,0,0,0,0,0,0
50164,1,1,4,28,10,40,25,19,34,15,16,9
50166,1,1,11,11,11,11,11,11,11,11,11,11
50167,1,1,13,3,6,18,6,17,20,8,22,17
50168,1,1,0,0,0,0,0,0,0,0,0,0
50169,1,1,26,26,26,26,26,26,26,26,26,26
50170,1,1,0,0,0,0,0,0,0,0,0,0
50170,2,1,0,0,0,0,0,0,0,0,0,0
50170,3,1,0,0,0,0,0,0,0,0,0,0
50171,1,1,0,0,0,0,0,0,0,0,0,0
50171,2,1,0,0,0,0,0,0,0,0,0,0
50172,1,1,0,0,0,0,0,0,0,0,0,0
50173,1,1,0,0,0,0,0,0,0,0,0,0
50174,1,1,0,0,0,0,0,0,0,0,0,0
50174,2,1,0,0,0,0,0,0,0,0,0,0
50175,1,1,0,0,0,0,0,0,0,0,0,0
50176,1,1,0,0,0,0,0,0,0,0,0,0
50178,1,1,0,0,0,0,0,0,0,0,0,0
50178,2,1,0,0,0,0,0,0,0,0,0,0
50179,1,1,0,0,0,0,0,0,0,0,21,0
50179,2,1,0,0,0,0,0,0,0,0,0,0
50180,1,1,0,0,10,0,0,0,0,0,0,0
50181,0,1,0,0,0,0,0,0,0,0,0,0
50181,1,1,0,0,0,0,0,0,0,0,0,0
50181,2,1,0,0,0,0,0,0,0,0,0,0
50184,1,1,0,0,0,0,0,0,0,0,0,0
50184,2,1,0,0,0,0,0,0,0,0,0,0
50185,1,1,0,0,0,0,0,0,0,0,0,0
50185,2,1,0,0,0,0,0,0,0,0,0,0
50185,3,1,0,0,0,0,0,0,0,0,0,0
50186,1,1,0,0,0,0,0,0,0,0,0,0
50187,1,1,8,8,8,8,8,8,8,8,8,8
50187,2,1,0,0,0,0,0,0,0,0,0,0
50188,1,1,1,1,1,1,1,1,1,1,1,1
50188,2,1,0,0,0,0,0,0,0,0,0,0
50190,1,1,24,24,24,24,24,24,24,24,24,24
50191,1,1,0,0,0,0,0,0,0,0,0,0
50192,1,1,0,0,0,0,0,0,0,0,0,0
50193,1,1,0,18,0,14,0,0,0,0,0,0
50194,1,1,27,27,27,27,27,27,27,27,27,27
50195,1,1,0,0,0,0,7,0,0,0,0,0
50196,1,1,0,0,0,0,0,0,0,0,0,0
50196,2,1,0,0,0,0,0,0,0,0,0,0
50197,1,1,0,0,0,0,0,0,0,0,9,0
50197,2,1,0,0,0,0,0,0,0,0,0,0
50197,3,1,0,0,0,0,0,0,0,0,0,0
50198,0,1,0,0,0,0,0,0,0,0,0,0
50198,0,2,0,0,0,0,0,0,0,0,0,0
50198,1,1,0,0,0,0,0,0,0,0,0,0
50199,1,1,29,13,17,9,9,21,18,19,15,15
50201,0,1,16,16,16,16,16,16,16,16,16,16
50201,1,1,0,0,0,0,0,0,0,0,0,0
50202,1,1,30,30,30,30,30,30,30,30,30,30
50203,0,1,0,0,0,0,0,0,0,0,0,0
50203,1,1,0,9,0,0,0,0,0,0,0,0
50204,1,1,0,0,0,0,0,0,0,0,0,0
50204,2,1,0,0,0,0,0,0,0,0,0,0
50204,3,1,0,0,0,0,0,0,0,0,0,0
50205,1,1,0,0,0,0,0,0,0,0,0,0
50205,2,1,0,0,0,0,0,0,0,0,0,0
50206,1,1,0,0,0,0,27,0,0,0,13,0
50206,2,1,0,0,0,0,0,0,0,0,0,0
50207,1,1,35,35,35,35,35,35,35,35,35,35
50208,1,1,0,0,0,0,0,0,0,0,0,0
50208,2,1,0,0,0,0,0,0,0,0,0,0
50208,3,1,0,0,0,0,0,0,0,0,0,0
50209,0,1,0,0,0,0,0,0,0,0,0,0
50209,1,1,27,2,16,18,0,0,9,7,11,3
50211,1,1,1,1,1,1,1,1,1,1,1,1
50211,2,1,0,0,0,0,0,0,0,0,0,0
50212,1,1,0,0,0,0,0,0,0,0,0,0
50212,2,1,0,0,0,0,0,0,0,0,0,0
50213,1,1,0,0,0,0,0,0,0,0,0,0
50214,1,1,0,0,0,0,0,0,0,0,0,0
50214,2,1,0,0,0,0,0,0,0,0,0,0
50214,3,1,0,0,0,0,0,0,0,0,0,0
50215,1,1,0,0,0,12,0,22,0,0,0,24
50216,1,1,24,24,24,24,24,24,24,24,24,24
50217,1,1,0,0,0,0,0,0,0,0,0,0
50217,2,1,0,0,0,0,0,0,0,0,0,0
50217,3,1,0,0,0,0,0,0,0,0,0,0
50218,1,1,0,0,0,0,0,0,0,0,0,0
50219,1,1,0,0,0,0,0,0,0,0,16,0
50219,2,1,0,0,0,0,0,0,0,0,0,0
50221,1,1,0,0,0,0,0,0,0,0,0,0
50221,2,1,0,0,0,0,0,0,0,0,0,0
50223,1,1,5,0,0,0,0,9,34,7,0,0
50223,2,1,0,0,0,0,0,0,0,0,0,0
50225,1,1,12,12,12,12,12,12,12,12,12,12
50225,2,1,7,7,7,7,7,7,7,7,7,7
50226,1,1,17,17,17,17,17,17,17,17,17,17
50226,2,1,0,0,0,14,3,0,0,0,0,0
50227,1,1,0,0,0,0,0,0,0,0,0,0
50227,2,1,9,9,9,9,9,9,9,9,9,9
50228,1,1,0,0,0,0,0,0,0,0,0,0
50229,0,1,0,0,0,0,0,0,0,0,0,20
50229,1,1,0,0,8,17,20,18,9,0,0,0
50230,1,1,0,0,0,0,0,0,0,0,0,0
50232,1,1,0,0,0,0,9,0,0,0,0,0
50232,2,1,21,19,0,0,0,17,0,0,4,0
50233,1,1,26,26,26,26,26,26,26,26,26,26
50234,0,1,17,17,17,17,17,17,17,17,17,17
50234,1,1,0,0,0,0,0,0,0,0,0,0
50235,0,1,7,22,0,0,21,43,22,0,0,0
50235,1,1,0,0,0,0,0,0,0,0,0,15
50236,1,1,0,0,0,0,0,0,0,7,0,0
50237,1,1,23,0,17,0,0,0,0,0,0,37
50238,1,1,14,14,14,14,14,14,14,14,14,14
50240,1,1,0,0,0,0,0,28,0,0,0,15
50240,2,1,0,2,0,0,0,0,0,0,0,0
50241,1,1,0,0,0,0,0,0,0,0,0,0
50241,2,1,0,0,0,0,0,0,0,0,0,0
50242,1,1,0,26,0,0,24,0,6,5,8,21
50243,0,1,1,1,1,1,1,1,1,1,1,1
50243,1,1,0,0,0,0,0,0,0,0,0,0
50244,1,1,0,0,0,0,0,0,0,0,11,0
50245,0,1,27,27,27,27,27,27,27,27,27,27
50245,1,1,0,0,0,0,0,0,0,0,0,0
50246,0,1,21,21,21,21,21,21,21,21,21,21
50246,1,1,0,0,0,0,0,0,0,0,0,0
50247,1,1,0,0,0,0,0,0,0,0,0,0
50247,2,1,0,0,0,0,0,0,0,0,17,0
50248,1,1,0,0,0,0,0,0,0,0,0,0
50248,2,1,0,0,0,0,0,0,0,0,0,0
50248,3,1,0,0,0,0,0,0,0,0,0,0
50249,1,1,0,0,0,0,0,0,0,0,0,0
50249,2,1,0,0,0,0,0,0,0,0,0,0
50250,1,1,0,0,0,0,0,0,0,0,0,0
50250,2,1,0,0,0,0,0,0,0,0,0,0
50251,0,1,0,0,0,0,0,0,0,0,0,0
50251,1,1,0,0,0,0,0,0,0,0,0,0
50252,1,1,0,0,0,0,0,0,0,0,0,0
50252,2,1,0,0,0,0,0,0,0,0,0,0
50253,1,1,0,0,0,0,0,0,0,0,0,0
50254,0,1,12,12,12,12,12,12,12,12,12,12
50254,1,1,0,0,0,0,0,0,0,0,0,0
50255,1,1,0,0,0,0,0,0,0,0,0,0
50255,2,1,0,0,0,0,0,0,0,0,0,0
50256,1,1,11,11,11,11,11,11,11,11,11,11
50257,1,1,0,0,0,0,0,0,0,0,0,0
50257,2,1,0,0,0,0,0,0,0,0,0,0
50258,1,1,0,0,0,0,0,0,0,0,0,0
50259,1,1,0,0,0,0,0,0,0,0,0,0
50260,1,1,9,23,0,7,13,41,20,13,32,21
50261,1,1,0,0,0,0,0,19,0,0,0,0
50261,2,1,0,7,0,0,0,0,0,0,0,0
50262,1,1,0,0,0,0,0,0,16,0,0,0
50263,1,1,27,27,27,27,27,27,27,27,27,27
50264,1,1,38,38,38,38,38,38,38,38,38,38
50265,1,1,20,19,0,19,23,25,10,20,0,0
50266,1,1,0,0,0,0,0,0,0,0,0,0
50267,1,1,31,31,31,31,31,31,31,31,31,31
50267,2,1,0,0,0,0,0,0,0,0,0,0
50268,1,1,0,0,0,0,0,0,0,0,0,0
50269,1,1,0,0,0,0,0,0,0,0,0,0
50270,1,1,20,20,20,20,20,20,20,20,20,20
50271,1,1,0,0,0,0,0,0,0,0,0,0
50271,2,1,5,5,5,5,5,5,5,5,5,5
50271,3,1,3,0,0,17,12,0,0,12,0,0
50272,1,1,0,0,17,6,0,0,0,0,14,0
50273,1,1,0,0,0,0,0,0,0,0,0,0
50274,1,1,21,21,21,21,21,21,21,21,21,21
50275,1,1,0,0,0,0,0,0,0,0,0,0
50276,1,1,0,0,0,0,0,0,0,0,0,0
50277,1,1,0,0,0,0,0,0,0,0,0,0
50277,2,1,0,0,0,0,0,0,0,0,0,0
50277,3,1,0,0,0,0,0,0,0,0,0,0
50278,1,1,0,0,0,0,0,0,0,0,0,0
50278,2,1,0,0,0,0,0,0,0,0,0,0
50279,1,1,0,0,0,0,0,0,0,0,0,0
50279,2,1,0,0,0,0,0,0,0,0,0,0
50281,1,1,0,0,0,0,0,0,0,0,0,0
50282,1,1,0,0,0,0,10,0,0,0,0,0
50282,2,1,16,18,8,0,0,7,10,4,8,4
50283,1,1,0,0,0,0,0,0,18,20,0,0
50284,1,1,0,0,0,0,0,0,0,0,0,0
50284,2,1,0,8,0,0,0,0,0,0,0,0
50285,1,1,0,0,0,0,0,0,0,0,0,0
50286,1,1,4,0,10,0,14,14,0,0,0,0
50286,2,1,18,12,28,10,17,17,13,13,20,21
50287,1,1,15,15,15,15,15,15,15,15,15,15
50288,1,1,0,0,0,0,0,12,0,0,0,0
50288,2,1,0,0,0,0,0,0,0,0,0,0
50289,1,1,25,25,25,25,25,25,25,25,25,25
50289,2,1,0,0,0,0,0,0,0,0,0,0
50290,0,1,0,0,0,0,0,0,0,0,0,0
50290,1,1,0,0,0,0,0,0,0,0,0,0
50291,1,1,0,0,0,0,0,0,0,0,0,0
50292,1,1,11,0,0,17,15,17,0,35,0,29
50293,1,1,0,0,0,0,0,0,0,0,0,0
50294,1,1,0,0,0,0,0,0,0,0,0,0
50296,0,1,23,23,23,23,23,23,23,23,23,23
50296,0,2,8,8,8,8,8,8,8,8,8,8
50296,0,3,12,12,12,12,12,12,12,12,12,12
50296,1,1,0,0,0,0,0,0,0,0,0,0
50297,0,1,0,0,0,0,0,0,0,33,0,18
50297,1,1,0,0,0,0,0,0,0,0,23,0
50298,0,1,11,11,11,11,11,11,11,11,11,11
50298,1,1,1,1,1,1,1,1,1,1,1,1
50299,1,1,0,0,0,0,0,0,0,0,0,0
50299,2,1,0,0,0,0,0,0,0,0,0,0
50300,1,1,12,12,12,12,12,12,12,12,12,12
50301,1,1,0,0,13,0,0,0,0,0,0,0
50302,1,1,0,0,0,0,0,0,0,0,0,0
50303,1,1,29,29,29,29,29,29,29,29,29,29
50304,1,1,22,22,22,22,22,22,22,22,22,22
50305,0,1,0,0,0,0,0,0,0,0,0,0
50305,1,1,0,0,0,0,0,0,0,0,0,0
50306,1,1,0,0,0,0,0,0,0,0,0,0
50306,2,1,0,0,0,0,0,0,0,0,0,0
50307,1,1,29,29,29,29,29,29,29,29,29,29
50308,1,1,0,0,18,0,0,0,0,0,0,0
50309,0,1,0,0,0,3,0,16,0,0,0,23
50309,1,1,0,0,0,0,0,0,0,0,0,21
50310,1,1,16,16,16,16,16,16,16,16,16,16
50311,0,1,0,0,0,0,0,0,0,0,0,0
50311,1,1,0,0,0,0,0,0,0,0,0,0
50311,2,1,0,0,0,0,0,0,0,0,0,0
50312,1,1,0,8,0,0,0,0,0,0,0,0
50313,1,1,0,0,0,0,0,0,0,0,0,0
50314,1,1,5,5,5,5,5,5,5,5,5,5
50314,2,1,0,0,0,0,0,0,0,0,0,0
50315,1,1,0,0,0,0,0,0,0,0,0,0
50315,2,1,0,0,0,0,0,0,0,0,0,0
50316,1,1,0,0,0,0,0,0,0,0,0,0
50316,2,1,0,0,0,0,0,0,0,0,0,0
50317,1,1,0,0,0,0,0,0,0,2,0,0
50318,1,1,22,22,22,22,22,22,22,22,22,22
50318,2,1,0,0,0,0,0,0,0,0,0,0
50319,0,1,52,0,19,0,0,6,16,16,38,0
50319,1,1,5,5,5,5,5,5,5,5,5,5
50320,1,1,0,0,0,0,0,0,0,0,0,0
50321,1,1,0,0,0,0,0,0,0,0,0,0
50322,1,1,0,0,0,0,0,0,0,0,0,0
50323,1,1,26,26,26,26,26,26,26,26,26,26
50324,1,1,16,16,16,16,16,16,16,16,16,16
50325,1,1,0,0,0,0,0,0,0,0,0,0
50325,2,1,0,0,0,0,0,0,0,0,0,0
50326,1,1,0,0,0,0,0,0,0,0,0,0
50327,0,1,0,0,0,0,0,0,0,0,0,0
50327,1,1,0,0,0,0,0,0,0,0,0,0
50328,1,1,0,0,0,0,0,0,0,0,0,0
50329,1,1,0,0,0,0,0,0,0,0,0,0
50329,2,1,0,0,0,0,0,0,0,0,0,0
50330,1,1,0,0,0,13,0,0,0,0,0,5
50330,2,1,0,0,0,0,23,0,0,0,0,0
50331,1,1,0,0,0,0,0,33,23,20,0,0
50332,0,1,31,35,25,16,24,21,28,26,14,41
50332,1,1,19,19,19,19,19,19,19,19,19,19
50333,1,1,0,13,0,0,0,0,0,0,0,0
50333,2,1,1,1,1,1,1,1,1,1,1,1
50334,1,1,0,0,0,0,0,0,0,0,0,0
50334,2,1,0,0,0,0,0,0,0,0,0,0
50335,1,1,0,0,0,0,0,0,0,0,0,0
50335,2,1,0,0,0,0,0,0,0,0,0,0
50337,1,1,21,21,21,21,21,21,21,21,21,21
50338,1,1,0,0,0,0,0,0,0,0,0,0
50338,2,1,0,0,0,0,0,0,0,0,0,0
50339,1,1,13,15,0,18,26,0,0,20,0,0
50340,1,1,33,33,33,33,33,33,33,33,33,33
50340,2,1,0,0,0,0,0,0,0,0,0,0
50340,3,1,0,0,0,0,0,0,0,0,0,0
50341,1,1,0,0,0,0,0,0,0,0,0,0
50341,2,1,0,0,0,0,0,0,0,0,0,0
50342,1,1,9,25,3,2,19,21,27,10,5,8
50343,1,1,0,0,0,0,0,0,0,0,0,0
50343,2,1,12,0,0,0,0,0,0,0,0,0
50343,3,1,0,0,0,0,0,0,10,0,0,0
50344,1,1,18,0,0,0,11,0,20,24,0,7
50345,1,1,0,0,0,0,0,0,0,0,0,0
50345,2,1,0,13,0,0,0,0,0,0,0,21
50346,0,1,0,0,0,0,0,0,0,0,0,0
50346,0,2,0,0,0,0,0,0,0,0,0,0
50346,1,1,0,0,0,0,0,0,0,0,0,0
50347,1,1,0,0,0,0,0,0,0,0,0,0
50348,1,1,0,0,0,0,0,0,0,0,0,0
50350,1,1,0,0,0,0,0,0,0,0,0,0
50351,0,1,0,0,0,0,0,0,0,0,0,0
50351,1,1,0,0,0,0,0,0,0,33,0,0
50352,0,1,0,0,21,0,20,39,0,8,16,0