ST_CASE,VEH_NO,PER_NO,P1,P2,P3,P4,P5,P6,P7,P8,P9,P10
80457,3,1,0,0,0,0,0,0,0,0,0,0
80458,0,1,31,31,31,31,31,31,31,31,31,31
80458,1,1,0,0,0,0,0,0,0,0,0,0
80459,1,1,23,23,23,23,23,23,23,23,23,23
80460,1,1,0,0,0,0,11,0,0,0,0,0
80461,1,1,23,23,23,23,23,23,23,23,23,23
80462,1,1,0,0,0,0,0,0,0,0,0,0
80462,2,1,0,0,0,0,0,0,0,0,0,0
80463,1,1,0,0,0,0,0,0,0,0,0,0
80463,2,1,0,0,0,0,0,0,0,0,0,0
80464,1,1,47,47,47,47,47,47,47,47,47,47
80465,1,1,0,0,0,0,0,0,0,0,0,0
80466,1,1,0,0,0,0,0,0,0,0,0,0
80467,1,1,24,24,24,24,24,24,24,24,24,24
80468,1,1,0,17,35,21,24,12,19,0,19,0
80469,1,1,17,17,17,17,17,17,17,17,17,17
80470,1,1,0,0,0,0,20,0,0,0,0,0
80471,1,1,28,28,28,28,28,28,28,28,28,28
80472,1,1,15,15,15,15,15,15,15,15,15,15
80473,0,1,0,0,0,0,0,0,0,0,0,0
80473,1,1,0,0,0,0,0,0,0,0,0,0
80474,1,1,8,8,8,8,8,8,8,8,8,8
80474,2,1,0,0,0,0,0,0,0,0,0,0
80475,1,1,24,24,24,24,24,24,24,24,24,24
80475,2,1,0,0,0,0,0,0,0,0,0,0
80476,1,1,14,14,14,14,14,14,14,14,14,14
80476,2,1,13,13,13,13,13,13,13,13,13,13
80477,1,1,0,0,0,0,0,0,0,0,0,0
80478,0,1,0,0,0,0,0,0,0,0,0,0
80478,0,2,0,0,0,0,0,0,0,0,0,0
80478,1,1,0,0,0,0,0,26,0,0,0,0
80479,0,1,23,23,23,23,23,23,23,23,23,23
80479,1,1,0,0,0,0,0,0,0,0,0,0
80480,0,1,23,23,23,23,23,23,23,23,23,23
80480,1,1,15,37,0,0,0,0,0,0,0,0
80481,0,1,0,26,18,19,7,16,0,0,15,10
80481,1,1,0,0,0,0,0,0,0,0,0,0
80482,1,1,6,6,6,6,6,6,6,6,6,6
80482,2,1,0,0,0,4,0,0,0,0,0,0
80483,1,1,46,13,20,7,0,17,24,14,4,12
80484,1,1,20,20,20,20,20,20,20,20,20,20
80484,2,1,0,0,0,0,0,0,0,0,0,0
80485,1,1,24,24,24,24,24,24,24,24,24,24
80486,1,1,0,0,0,0,0,0,0,0,0,0
80486,2,1,0,0,0,0,0,0,0,0,0,0
80486,3,1,0,0,0,0,0,0,0,0,0,0
80487,1,1,0,0,29,0,0,0,0,39,8,0
80488,1,1,0,0,0,0,0,0,0,0,0,0
80489,1,1,2,2,2,2,2,2,2,2,2,2
80489,2,1,0,0,0,0,0,0,0,0,0,0
80490,1,1,0,0,0,5,0,0,0,0,0,0
80490,2,1,0,0,0,0,0,0,0,0,0,0
80491,0,1,24,24,24,24,24,24,24,24,24,24
80491,1,1,0,0,0,0,0,0,0,0,0,0
80492,0,1,0,0,0,0,0,0,0,0,0,0
80492,1,1,0,0,0,0,0,0,0,0,0,0
80493,1,1,11,11,11,11,11,11,11,11,11,11
80494,1,1,0,0,0,0,0,0,0,0,0,0
80494,2,1,0,0,0,0,0,0,0,11,0,13
80494,3,1,0,0,0,0,0,0,0,0,0,0
80494,4,1,0,0,0,0,0,0,0,0,0,0
80495,1,1,0,0,0,0,0,0,0,0,0,0
80495,2,1,0,0,0,0,0,0,0,0,0,0
80496,1,1,0,0,0,0,0,0,0,0,0,0
80496,2,1,0,0,0,0,0,0,0,0,0,0
80497,0,1,0,0,0,0,0,0,0,0,0,0
80497,1,1,0,0,0,0,0,0,0,0,0,0
80498,1,1,0,0,0,0,0,0,0,0,8,0
80498,2,1,0,0,0,0,0,0,0,0,0,0
80499,1,1,0,0,0,0,0,0,0,0,0,0
80499,2,1,0,0,0,0,0,7,0,0,0,0
80500,1,1,0,0,0,0,0,0,0,0,0,0
80501,0,1,21,21,21,21,21,21,21,21,21,21
80501,1,1,38,31,10,17,24,28,16,0,13,15
80502,0,1,20,20,20,20,20,20,20,20,20,20
80502,1,1,0,0,0,0,0,0,0,0,0,0
80503,0,1,6,6,6,6,6,6,6,6,6,6
80503,1,1,0,0,0,0,0,0,0,0,0,0
80503,2,1,0,0,0,0,0,0,0,0,0,0
80503,3,1,0,0,0,0,0,0,0,0,0,0
80504,1,1,24,24,24,24,24,24,24,24,24,24
80505,1,1,0,0,0,0,0,0,0,0,0,0
80506,1,1,9,9,9,9,9,9,9,9,9,9
80507,1,1,14,14,14,14,14,14,14,14,14,14
80508,0,1,27,27,27,27,27,27,27,27,27,27
80508,1,1,0,0,0,0,0,0,0,0,0,0
80509,1,1,22,22,22,22,22,22,22,22,22,22
80510,0,1,29,29,29,29,29,29,29,29,29,29
80510,1,1,0,0,0,0,0,0,0,0,0,0
80511,1,1,0,0,0,0,0,0,0,0,0,0
80512,0,1,18,18,18,18,18,18,18,18,18,18
80512,1,1,0,0,0,0,0,0,0,0,0,0
80513,0,1,20,20,20,20,20,20,20,20,20,20
80513,1,1,0,0,0,0,0,0,0,0,0,0
80514,1,1,0,0,0,0,0,0,0,0,0,0
80514,2,1,0,0,0,0,0,0,0,0,0,0
80515,0,1,30,30,30,30,30,30,30,30,30,30
80515,1,1,0,0,0,0,0,0,0,0,0,0
80515,2,1,0,0,0,0,0,0,0,0,0,0
80515,3,1,0,0,0,0,0,0,0,0,0,0
80516,1,1,0,0,0,0,0,0,0,0,0,0
80517,1,1,0,0,0,0,0,0,0,0,0,0
80517,2,1,0,0,0,0,0,0,0,0,0,0
80517,3,1,0,0,0,0,0,0,0,0,0,0
80517,4,1,0,0,0,0,0,0,0,0,0,0
80517,5,1,0,0,0,0,0,0,0,0,0,0
80517,6,1,0,0,0,0,0,0,0,0,0,0
80518,1,1,6,6,6,6,6,6,6,6,6,6
80519,1,1,25,12,17,20,24,18,27,24,20,9
80520,1,1,0,0,0,0,0,0,0,0,0,0
80520,2,1,0,0,0,0,0,0,0,0,0,0
80521,0,1,36,36,36,36,36,36,36,36,36,36
80522,1,1,0,0,0,0,0,0,4,0,0,0
80523,1,1,17,17,17,17,17,17,17,17,17,17
80524,1,1,0,0,0,0,0,0,0,0,0,0
80525,1,1,0,0,0,0,0,0,0,0,0,0
80526,1,1,0,0,0,0,0,0,0,0,0,0
80526,2,1,0,0,0,0,0,0,0,0,0,0
80527,1,1,0,0,0,0,0,0,0,0,0,0
80528,0,1,0,0,0,0,0,0,0,0,0,0
80528,1,1,18,0,0,0,0,0,0,0,18,0
80529,1,1,6,6,6,6,6,6,6,6,6,6
80530,1,1,0,0,0,0,0,0,0,0,0,0
80530,2,1,0,0,0,0,0,0,0,0,0,0
80531,1,1,0,0,0,0,0,0,0,0,0,0
80531,2,1,0,0,0,0,0,0,0,0,0,0
80532,1,1,11,11,11,11,11,11,11,11,11,11
80532,2,1,0,0,0,0,0,0,0,0,0,0
80532,3,1,0,0,0,0,0,0,0,0,0,0
80532,4,1,0,0,0,0,0,0,0,0,0,0
80533,0,1,17,17,17,17,17,17,17,17,17,17
80533,1,1,0,0,0,0,0,0,0,0,0,0
80534,1,1,18,18,18,18,18,18,18,18,18,18
80534,2,1,0,0,0,0,0,0,0,0,0,0
80535,0,1,0,0,0,0,0,0,0,0,0,0
80535,1,1,0,0,0,0,0,0,0,0,0,0
80536,1,1,0,0,0,0,0,0,0,0,0,0
80536,2,1,0,0,0,0,0,0,0,0,0,0
80537,1,1,17,17,17,17,17,17,17,17,17,17
80538,1,1,0,0,0,0,0,0,0,0,0,0
80538,2,1,0,0,14,0,0,0,0,0,0,0
80539,1,1,10,10,10,10,10,10,10,10,10,10
80540,1,1,25,25,25,25,25,25,25,25,25,25
80541,1,1,16,16,16,16,16,16,16,16,16,16
80542,0,1,0,0,0,0,0,0,0,0,0,0
80542,1,1,0,0,0,0,0,0,0,0,0,0
80543,1,1,0,0,0,0,0,0,0,0,0,0
80544,0,1,30,30,30,30,30,30,30,30,30,30
80544,1,1,0,0,0,0,0,0,0,0,0,0
80545,1,1,0,0,0,0,0,0,0,0,0,0
80545,2,1,0,0,0,0,0,0,0,0,0,0
80546,1,1,0,0,0,0,0,0,0,0,9,0
80546,2,1,0,0,0,0,0,0,0,0,0,0
80546,3,1,0,0,0,0,0,0,0,0,21,0
80547,1,1,0,0,0,18,0,0,0,0,0,0
80548,1,1,0,0,0,0,0,0,0,0,0,0
80548,2,1,0,0,0,0,0,0,0,0,0,0
80549,1,1,0,0,0,0,0,0,0,0,0,0
80549,2,1,0,0,0,0,0,0,0,0,0,0
90001,1,1,0,0,0,0,0,0,0,0,0,0
90002,1,1,0,18,12,0,0,0,0,30,0,0
90002,2,1,30,1,0,0,0,0,0,13,0,0
90002,3,1,13,0,8,0,0,0,0,0,0,0
90003,0,1,0,0,0,0,0,0,0,0,0,0
90003,1,1,0,0,0,0,0,10,0,0,0,0
90003,2,1,0,0,0,0,0,0,0,0,0,0
90004,0,1,0,0,0,0,0,0,0,0,0,0
90004,1,1,0,0,0,0,0,0,0,38,0,0
90005,1,1,18,18,18,18,18,18,18,18,18,18
90006,1,1,33,33,33,33,33,33,33,33,33,33
90007,0,1,0,0,0,0,0,0,0,0,0,0
90007,1,1,0,0,0,0,24,0,24,0,0,0
90008,1,1,0,0,18,0,0,0,0,0,0,0
90008,2,1,0,0,0,0,0,0,0,0,0,0
90009,1,1,2,2,2,2,2,2,2,2,2,2
90010,1,1,0,0,0,0,0,0,0,0,0,0
90011,0,1,35,35,35,35,35,35,35,35,35,35
90011,1,1,0,0,0,0,0,0,0,0,0,0
90012,1,1,25,25,25,25,25,25,25,25,25,25
90012,2,1,0,0,0,0,0,0,0,0,0,0
90013,1,1,0,0,0,0,0,0,0,0,0,0
90013,2,1,0,0,0,0,0,0,0,0,0,0
90013,3,1,0,0,0,0,0,0,38,0,24,0
90014,1,1,4,4,4,4,4,4,4,4,4,4
90014,2,1,5,0,0,0,0,0,18,0,0,0
90014,3,1,0,12,19,0,7,0,0,4,0,0
90014,4,1,0,0,0,0,0,0,0,0,0,0
90014,5,1,0,0,0,11,0,0,0,0,0,0
90015,1,1,0,0,0,0,0,0,0,0,0,0
90015,2,1,0,0,0,0,0,0,5,0,0,0
90016,1,1,7,0,3,0,18,0,7,17,0,0
90016,2,1,28,28,28,28,28,28,28,28,28,28
90017,0,1,0,0,0,0,0,0,0,0,0,0
90017,1,1,0,0,18,0,0,0,0,0,0,0
90018,1,1,0,0,0,0,0,0,0,0,0,0
90018,2,1,0,0,0,0,0,0,0,0,0,0
90018,3,1,0,0,0,0,0,0,0,0,0,0
90018,4,1,0,0,0,0,0,0,0,0,0,0
90019,1,1,0,0,0,0,0,0,0,0,0,0
90019,2,1,0,0,0,0,0,0,0,20,5,0
90019,3,1,8,0,0,0,0,9,0,0,0,0
90019,4,1,19,19,19,19,19,19,19,19,19,19
90020,1,1,0,0,18,13,0,0,0,32,0,31
90020,2,1,35,35,35,35,35,35,35,35,35,35
90022,1,1,0,0,0,0,0,0,0,0,0,0
90023,0,1,0,0,0,0,0,0,11,0,0,0
90023,1,1,0,0,0,0,0,0,0,0,0,0
90024,2,1,24,24,24,24,24,24,24,24,24,24
90025,1,1,26,26,26,26,26,26,26,26,26,26
90026,1,1,0,0,0,0,0,0,0,0,0,0
90026,2,1,0,0,0,0,0,0,0,0,0,0
90027,1,1,22,22,22,22,22,22,22,22,22,22
90028,0,1,0,0,0,0,0,0,0,0,0,0
90028,1,1,0,5,0,9,0,0,0,0,0,0
90029,1,1,11,11,11,11,11,11,11,11,11,11
90030,0,1,0,0,0,0,0,0,0,0,0,0
90030,1,1,0,0,0,0,0,0,0,0,0,0
90031,1,1,0,0,0,0,0,0,0,0,0,0
90032,1,1,0,0,0,0,0,0,0,0,0,0
90032,2,1,0,0,0,0,0,0,0,0,0,0
90033,1,1,23,8,0,15,23,0,19,0,0,6
90034,1,1,5,25,0,0,17,9,19,0,0,0
90034,2,1,13,13,13,13,13,13,13,13,13,13
90035,0,1,16,0,0,0,0,0,0,0,0,28
90035,1,1,8,21,26,0,0,13,0,21,6,11
90035,4,1,0,0,0,24,0,0,0,0,0,0
90036,1,1,19,19,19,19,19,19,19,19,19,19
90037,1,1,27,0,0,7,0,0,21,16,0,29
90038,1,1,12,12,12,12,12,12,12,12,12,12
90038,2,1,0,0,0,13,0,0,0,17,0,0
90038,3,1,0,0,0,10,3,0,0,0,0,0
90039,0,1,14,0,12,22,0,0,0,0,25,0
90039,1,1,0,21,0,0,0,0,0,0,11,0
90040,1,1,0,0,0,0,10,0,0,8,0,0
90040,2,1,32,32,32,32,32,32,32,32,32,32
90040,3,1,0,0,0,0,0,0,0,0,0,0
90041,1,1,0,12,19,7,0,0,19,7,0,21
90042,1,1,0,0,0,0,0,0,0,0,0,0
90042,2,1,0,0,0,0,0,0,0,0,0,0
90044,1,1,0,0,0,0,0,0,0,0,0,0
90045,0,1,0,0,0,0,0,0,0,0,0,0
90045,1,1,0,0,0,0,0,0,0,0,0,0
90046,1,1,13,13,13,13,13,13,13,13,13,13
90048,1,1,21,21,21,21,21,21,21,21,21,21
90048,2,1,0,0,13,10,0,0,0,0,0,0
90049,1,1,16,16,16,16,16,16,16,16,16,16
90050,1,1,0,12,0,0,16,0,0,0,0,0
90050,2,1,0,0,0,0,0,0,0,0,0,0
90051,0,1,0,0,0,0,0,0,0,0,0,0
90051,1,1,0,0,0,0,0,15,0,0,0,0
90052,1,1,0,0,0,0,0,0,0,0,0,0
90052,2,1,0,16,0,0,15,2,0,0,12,0
90053,1,1,0,0,20,0,4,0,20,0,0,0
90054,1,1,25,19,12,7,4,11,17,12,10,3
90055,1,1,0,0,0,0,0,0,0,0,0,0
90056,1,1,0,0,0,0,0,0,0,0,0,0
90056,2,1,2,2,2,2,2,2,2,2,2,2
90057,1,1,0,0,0,0,0,0,0,0,0,0
90057,2,1,0,0,0,0,0,0,0,0,0,0
90058,1,1,0,0,0,0,0,0,0,0,0,0
90059,0,1,0,0,0,0,0,0,30,0,27,0
90059,1,1,0,0,0,0,0,0,0,0,0,0
90060,0,1,9,9,9,9,9,9,9,9,9,9
90060,0,2,3,3,3,3,3,3,3,3,3,3
90060,1,1,6,6,6,6,6,6,6,6,6,6
90061,0,1,0,0,0,0,0,0,0,0,0,0
90061,1,1,0,0,0,0,0,0,0,0,0,0
90062,1,1,13,0,0,12,12,25,7,9,15,0
90063,1,1,26,26,26,26,26,26,26,26,26,26
90064,1,1,0,0,0,0,0,0,0,0,0,0
90064,2,1,0,0,0,0,0,0,0,0,0,0
90065,1,1,13,13,13,13,13,13,13,13,13,13
90066,1,1,26,26,26,26,26,26,26,26,26,26
90067,1,1,0,0,0,3,0,0,0,0,0,0
90067,2,1,0,0,0,0,0,0,0,0,0,0
90068,1,1,0,0,0,0,0,0,0,0,0,0
90069,1,1,0,0,0,0,0,0,0,0,0,0
90071,1,1,0,0,0,0,0,0,0,0,0,0
90071,2,1,0,0,0,0,0,0,0,14,0,0
90071,3,1,0,0,0,0,0,0,0,0,0,0
90071,4,1,0,0,0,0,0,0,0,0,0,0
90072,0,1,0,0,0,0,0,0,0,0,0,0
90072,1,1,0,0,0,0,0,0,0,0,0,0
90073,0,1,24,24,24,24,24,24,24,24,24,24
90073,1,1,0,0,0,0,0,0,0,0,0,0
90074,1,1,33,33,33,33,33,33,33,33,33,33
90076,1,1,9,18,16,13,16,0,0,11,0,12
90076,2,1,17,17,17,17,17,17,17,17,17,17
90077,1,1,0,0,0,0,0,0,0,0,0,0
90078,1,1,29,29,29,29,29,29,29,29,29,29
90079,1,1,15,15,15,15,15,15,15,15,15,15
90080,1,1,0,0,0,0,0,0,0,0,0,0
90080,2,1,0,0,0,0,0,0,0,0,0,0
90081,1,1,0,0,0,0,0,0,0,0,0,0
90081,2,1,0,0,0,0,0,0,0,0,0,0
90082,1,1,0,0,0,0,0,0,0,15,0,0
90082,2,1,0,0,0,0,0,0,0,0,0,0
90082,3,1,0,0,0,0,0,0,0,0,0,0
90083,1,1,0,0,10,0,0,20,15,0,0,0
90084,1,1,0,0,0,0,0,0,0,0,0,0
90084,2,1,0,0,0,0,0,0,0,0,0,0
90085,1,1,0,0,0,0,0,0,0,0,0,0
90085,2,1,0,0,0,0,0,0,0,0,0,0
90086,1,1,0,0,0,0,0,0,0,0,0,0
90086,2,1,0,0,0,0,0,0,0,0,0,0
90087,1,1,0,0,0,0,12,19,0,0,0,7
90087,2,1,0,0,0,0,0,0,0,0,0,0
90088,1,1,0,0,0,0,0,0,0,0,0,0
90089,1,1,16,16,16,16,16,16,16,16,16,16
90090,1,1,43,0,10,0,0,0,0,0,0,0
90090,2,1,8,8,8,8,8,8,8,8,8,8
90091,1,1,14,28,9,18,0,11,7,13,19,27
90091,2,1,0,0,0,0,0,0,0,0,0,0
90092,1,1,27,27,27,27,27,27,27,27,27,27
90093,1,1,22,22,22,22,22,22,22,22,22,22
90094,1,1,0,0,0,0,0,0,0,0,0,0
90094,2,1,0,0,0,0,0,0,0,0,0,0
90095,1,1,0,0,0,0,0,0,0,0,0,0
90095,2,1,12,0,0,0,0,0,0,0,0,0
90096,1,1,0,0,0,0,0,0,0,0,0,0
90097,1,1,17,0,4,0,14,14,0,15,0,15
90098,0,1,0,24,0,0,0,0,0,0,0,0
90098,1,1,0,0,0,0,0,0,0,0,6,0
90099,1,1,0,0,17,12,13,6,23,0,0,0
90099,2,1,18,18,18,18,18,18,18,18,18,18
90100,0,1,25,25,25,25,25,25,25,25,25,25
90100,1,1,16,24,0,18,0,0,0,0,0,23
90101,1,1,0,0,0,0,0,0,8,21,0,0
90101,2,1,0,0,0,0,0,0,0,0,0,0
90102,1,1,0,0,27,0,11,0,15,0,0,0
90102,2,1,0,0,0,0,0,0,0,0,0,0
90103,1,1,15,15,15,15,15,15,15,15,15,15
90104,0,1,3,3,3,3,3,3,3,3,3,3
90104,1,1,42,20,32,34,0,12,8,13,15,15
90105,0,1,18,0,0,18,0,14,35,0,0,22
90105,1,1,0,0,13,0,8,7,10,28,0,0
90106,0,1,13,13,13,13,13,13,13,13,13,13
90106,1,1,24,0,0,0,0,0,0,9,0,0
90107,1,1,0,0,0,0,0,0,0,0,0,0
90108,0,1,7,7,7,7,7,7,7,7,7,7
90108,1,1,11,13,11,25,17,10,0,7,0,0
90108,2,1,0,0,0,16,0,0,0,0,0,0
90109,1,1,22,22,22,22,22,22,22,22,22,22
90110,1,1,0,0,22,0,12,0,11,19,7,0
90111,1,1,0,0,0,0,0,0,0,0,0,0
90112,1,1,10,10,10,10,10,10,10,10,10,10
90112,2,1,2,2,2,2,2,2,2,2,2,2
90113,1,1,0,0,0,0,0,0,0,0,0,0
90113,2,1,0,0,0,0,0,0,0,0,0,0
90114,1,1,0,0,0,0,0,0,0,0,0,0
90114,2,1,19,19,19,19,19,19,19,19,19,19
90114,3,1,0,0,0,0,0,0,0,0,0,0
90115,1,1,11,5,27,9,3,4,2,7,2,8
90115,2,1,12,12,20,14,12,27,0,15,15,0
90116,1,1,0,0,0,0,0,0,0,0,0,0
90116,2,1,6,0,0,0,0,0,0,0,0,0
90116,3,1,0,0,0,0,0,0,0,0,0,0
90117,0,1,0,0,0,0,0,0,0,0,0,0
90117,1,1,0,15,0,0,0,0,0,13,0,0
90118,1,1,0,0,0,0,0,0,0,0,0,0
90118,2,1,0,0,0,0,0,0,0,0,0,0
90119,1,1,0,0,18,25,0,0,0,0,0,0
90120,1,1,0,0,0,0,0,0,0,0,0,0
90121,1,1,14,14,14,14,14,14,14,14,14,14
90121,2,1,12,0,0,0,7,0,13,0,0,0
90122,1,1,0,17,0,0,0,0,0,0,0,0
90123,1,1,25,25,25,25,25,25,25,25,25,25
90124,0,1,0,0,0,0,0,0,0,0,0,0
90124,0,2,0,12,4,0,0,0,0,26,23,11
90124,1,1,0,0,11,0,0,9,13,15,0,10
90126,1,1,0,0,0,0,0,0,0,0,0,0
90126,2,1,14,14,14,14,14,14,14,14,14,14
90127,0,1,0,0,0,0,0,0,0,0,0,0
90127,1,1,0,0,0,0,0,0,0,0,0,0
90128,1,1,28,28,28,28,28,28,28,28,28,28
90128,2,1,13,0,13,16,0,0,12,0,11,10
90129,1,1,0,0,0,0,0,0,0,0,0,0
90129,2,1,0,0,0,0,0,0,0,0,0,0
90130,1,1,0,0,0,0,0,0,0,0,0,0
90131,1,1,12,12,12,12,12,12,12,12,12,12
90132,1,1,0,0,0,0,0,0,0,0,0,0
90133,1,1,17,17,17,17,17,17,17,17,17,17
90134,0,1,0,0,0,0,0,0,0,0,0,0
90134,1,1,0,0,12,0,0,0,8,0,0,0
90135,1,1,0,0,0,0,0,0,0,0,0,0
90136,1,1,0,0,0,0,0,0,0,0,0,0
90136,2,1,0,0,5,0,17,13,0,20,0,14
90137,1,1,0,0,9,19,10,9,0,0,0,0
90138,1,1,12,12,12,12,12,12,12,12,12,12
90139,1,1,0,0,0,0,0,0,0,0,0,0
90139,2,1,0,0,0,0,0,0,0,0,0,0
90139,3,1,0,0,0,0,0,0,0,0,0,0
90139,4,1,0,0,0,0,0,0,0,0,0,0
90140,1,1,0,0,0,0,0,0,0,0,0,0
90141,1,1,0,0,0,0,0,0,0,0,0,0
90142,1,1,17,17,17,17,17,17,17,17,17,17
90143,1,1,12,0,0,0,7,0,0,0,0,7
90143,2,1,0,0,0,0,0,11,11,0,0,4
90145,1,1,0,0,0,0,0,0,0,0,0,0
90145,2,1,18,18,18,18,18,18,18,18,18,18
90146,1,1,0,0,0,0,0,0,0,0,0,0
90147,1,1,21,21,21,21,21,21,21,21,21,21
90148,1,1,12,12,12,12,12,12,12,12,12,12
90149,1,1,0,0,0,0,0,0,0,0,0,0
90149,2,1,0,0,0,0,0,0,0,0,0,0
90149,3,1,0,0,0,0,0,0,0,0,0,0
90150,1,1,17,17,17,17,17,17,17,17,17,17
90151,0,1,0,0,0,0,0,0,0,0,0,0
90151,1,1,0,0,0,0,0,0,0,0,0,0
90152,1,1,0,0,0,25,28,0,0,17,0,0
90153,1,1,8,8,8,8,8,8,8,8,8,8
90154,0,1,0,0,0,0,0,0,0,0,0,0
90154,1,1,0,0,0,0,0,0,41,0,0,0
90155,1,1,0,0,23,0,0,0,0,0,17,0
90156,1,1,0,0,8,0,0,0,0,0,0,0
90157,1,1,0,0,0,0,0,0,0,0,0,0
90157,2,1,0,0,0,0,0,0,0,0,0,0
90158,0,1,12,7,0,0,16,0,15,40,10,30
90158,1,1,0,0,4,25,5,13,0,0,0,13
90159,1,1,0,0,0,0,0,0,0,0,0,0
90159,2,1,14,0,0,0,0,0,0,13,0,0
90160,0,1,11,11,11,11,11,11,11,11,11,11
90160,1,1,0,0,0,0,0,0,0,0,0,0
90161,1,1,3,3,3,3,3,3,3,3,3,3
90161,2,1,0,22,0,0,0,0,0,0,0,0
90162,1,1,0,0,0,0,0,0,0,0,0,0
90162,2,1,0,4,0,0,0,0,5,0,10,0
90163,1,1,0,0,0,0,0,0,0,0,0,0
90163,2,1,0,0,0,0,0,0,0,0,0,0
90164,1,1,0,0,0,0,0,0,0,0,0,0
90164,2,1,0,0,0,0,0,0,0,0,0,0
90165,0,1,0,0,0,0,0,0,0,0,0,0
90165,1,1,0,0,0,0,0,0,0,0,0,0
90166,0,1,0,0,0,0,0,0,0,0,0,0
90166,1,1,0,3,0,0,6,0,0,0,0,0
90167,1,1,0,0,0,0,0,0,0,0,0,0
90167,2,1,0,31,0,0,0,10,0,0,0,0
90168,1,1,24,24,24,24,24,24,24,24,24,24
90169,1,1,13,13,13,13,13,13,13,13,13,13
90170,1,1,14,14,14,14,14,14,14,14,14,14
90171,1,1,22,26,39,0,22,0,16,0,26,0
90171,2,1,0,0,0,0,0,0,0,0,0,0
90172,1,1,0,0,0,0,0,0,0,0,0,0
90172,2,1,0,0,0,0,0,0,0,0,0,0
90173,1,1,0,0,0,0,0,0,0,0,0,0
90173,2,1,11,0,0,0,0,0,0,0,0,0
90173,3,1,0,18,0,0,3,0,0,2,0,0
90174,1,1,0,0,0,0,0,0,0,0,0,0
90175,1,1,29,29,29,29,29,29,29,29,29,29
90176,1,1,0,0,0,0,0,0,0,0,0,0
90177,1,1,0,0,0,0,0,0,0,0,0,0
90178,1,1,0,0,0,0,0,0,0,0,0,0
90178,2,1,0,0,0,0,0,0,0,19,0,0
90179,1,1,0,14,0,0,0,20,10,0,0,0
90179,2,1,16,16,16,16,16,16,16,16,16,16
90180,0,1,6,6,6,6,6,6,6,6,6,6
90180,1,1,6,17,14,14,9,24,15,18,23,17
90181,1,1,16,14,9,28,31,15,0,19,0,0
90181,2,1,12,18,0,19,0,34,0,0,0,0
90182,1,1,0,0,0,0,0,0,0,0,0,0
90183,1,1,24,24,24,24,24,24,24,24,24,24
90184,1,1,0,0,0,0,0,0,0,0,0,0
90185,1,1,0,0,0,0,0,0,0,0,0,0
90186,1,1,0,0,0,0,0,0,0,0,0,0
90186,2,1,0,0,0,16,0,9,13,26,0,0
90187,1,1,0,0,0,0,0,0,0,0,0,0
90188,1,1,17,17,17,17,17,17,17,17,17,17
90189,0,1,0,0,0,0,0,0,0,0,0,0
90189,1,1,6,4,15,30,15,23,8,3,10,20
90190,1,1,11,11,11,11,11,11,11,11,11,11
90191,1,1,0,0,9,0,0,0,0,0,0,2
90191,2,1,0,0,0,0,0,0,0,0,0,0
90192,0,1,0,0,0,0,0,0,0,0,0,0
90192,1,1,0,0,0,0,0,0,0,0,0,0
90193,1,1,0,0,0,0,0,0,0,0,0,0
90193,2,1,0,0,0,0,0,0,0,0,0,0
90194,0,1,0,0,0,0,0,0,0,0,6,20
90194,1,1,0,0,0,0,0,0,0,0,0,0
90195,1,1,9,20,18,14,0,0,0,0,19,0
90196,0,1,18,30,16,29,21,22,0,7,0,21
90196,1,1,7,7,7,7,7,7,7,7,7,7
90197,0,1,0,0,0,0,0,0,0,0,0,0
90197,1,1,0,9,0,0,0,0,0,0,0,0
90198,1,1,17,17,17,17,17,17,17,17,17,17
90199,1,1,0,0,0,0,0,0,0,0,0,23
90199,2,1,0,0,0,0,0,0,0,0,0,0
90200,1,1,0,0,0,0,0,0,0,0,0,0
90200,2,1,0,27,26,19,0,22,15,9,27,13
90201,1,1,32,32,32,32,32,32,32,32,32,32
90202,1,1,0,0,0,0,0,0,23,22,0,0
90202,2,1,0,0,0,0,0,0,0,19,0,0
90203,0,1,0,0,0,0,0,0,0,0,0,0
90203,1,1,0,0,0,15,0,0,0,0,0,0
90204,0,1,14,17,22,0,0,0,0,10,0,0
90204,1,1,27,20,0,0,16,0,9,0,0,0
90205,0,1,0,0,0,0,0,0,0,0,0,0
90205,1,1,0,0,0,0,0,0,0,0,0,0
90206,1,1,19,8,0,29,0,0,32,0,39,0
90207,1,1,21,21,21,21,21,21,21,21,21,21
90208,1,1,21,22,0,8,0,0,0,0,0,19
90208,2,1,4,4,4,4,4,4,4,4,4,4
90209,0,1,0,0,0,0,0,0,0,0,0,0
90209,1,1,0,0,0,0,0,0,0,0,0,0
90210,1,1,0,5,8,0,0,0,0,0,0,0
90210,2,1,0,0,0,0,0,0,0,0,0,0
90211,0,1,20,20,20,20,20,20,20,20,20,20
90211,1,1,0,0,0,13,4,12,0,0,0,13
90212,1,1,30,13,13,0,0,0,0,17,20,11
90213,1,1,24,24,24,24,24,24,24,24,24,24
90213,2,1,0,0,0,0,0,0,0,0,0,0
90214,2,1,0,0,0,0,0,0,0,0,0,8
90215,3,1,0,0,0,0,2,0,0,0,0,6
90215,4,1,0,0,0,0,0,0,22,0,0,7
90216,1,1,0,0,0,0,18,0,0,0,0,13