ST_CASE,VEH_NO,PER_NO,P1,P2,P3,P4,P5,P6,P7,P8,P9,P10
90216,2,1,0,0,0,0,0,0,0,0,0,0
90217,0,1,24,0,21,25,0,0,28,0,0,0
90217,1,1,0,0,0,0,0,0,0,0,0,0
90218,0,1,0,0,0,0,0,0,0,0,0,0
90218,1,1,6,6,6,6,6,6,6,6,6,6
90219,1,1,16,0,0,0,0,8,8,0,0,17
90220,0,1,0,0,0,0,0,0,0,0,0,0
90220,1,1,0,0,0,0,0,0,17,0,0,0
90221,1,1,18,18,18,18,18,18,18,18,18,18
90222,0,1,0,0,0,0,0,0,0,0,0,0
90222,1,1,0,0,0,0,0,0,0,0,0,0
90223,0,1,0,0,0,0,0,34,0,9,0,0
90223,1,1,0,0,0,0,0,0,0,0,0,0
90224,0,1,0,0,0,0,0,0,0,0,0,0
90224,1,1,0,0,0,0,0,0,0,0,10,0
90225,1,1,0,0,5,0,0,0,0,22,0,0
90226,0,1,0,0,0,0,0,0,0,0,0,0
90226,1,1,0,0,0,0,0,12,0,0,0,0
90227,0,1,0,0,0,0,0,0,0,0,0,0
90228,1,1,15,0,0,0,0,0,0,0,12,0
90228,2,1,0,0,0,0,0,0,0,0,0,0
90229,1,1,0,0,0,0,0,0,0,13,0,0
90230,1,1,0,0,0,0,0,0,0,0,0,0
90230,2,1,0,0,0,0,0,0,0,0,0,0
90231,1,1,0,0,10,0,12,0,23,35,0,0
90232,1,1,0,13,0,15,6,40,0,0,0,0
90233,0,1,0,0,0,0,0,0,0,0,0,0
90233,1,1,0,0,0,0,0,0,0,0,0,0
90234,1,1,0,0,4,0,0,0,0,0,0,0
90235,0,1,0,0,0,0,0,24,0,0,0,0
90235,1,1,5,0,0,0,0,0,0,0,0,0
90236,0,1,0,0,0,0,0,0,0,0,0,0
90236,1,1,2,2,2,2,2,2,2,2,2,2
90237,1,1,26,0,0,0,0,0,19,0,0,0
90237,2,1,0,0,0,0,0,0,0,0,0,0
90238,1,1,14,14,14,14,14,14,14,14,14,14
90238,2,1,19,0,0,19,0,14,0,0,0,0
90239,0,1,0,21,0,0,0,0,0,0,0,0
90239,1,1,0,12,0,0,0,0,0,0,0,0
90240,1,1,0,0,0,0,0,0,0,0,0,14
90240,2,1,0,9,0,0,0,0,0,0,0,14
100001,0,1,19,19,19,19,19,19,19,19,19,19
100001,1,1,0,0,0,0,0,0,0,0,0,0
100002,0,1,29,29,29,29,29,29,29,29,29,29
100002,1,1,0,0,0,0,0,0,0,0,0,0
100003,1,1,0,0,0,0,0,0,0,0,0,0
100003,2,1,0,0,0,0,0,0,0,0,0,0
100004,1,1,0,0,0,0,0,0,0,0,0,0
100004,2,1,14,0,0,0,0,0,0,0,0,0
100005,1,1,33,33,33,33,33,33,33,33,33,33
100005,2,1,3,0,0,0,0,0,0,0,0,11
100006,0,1,0,0,0,0,0,0,0,0,0,0
100006,1,1,13,0,0,0,12,0,9,0,0,0
100008,1,1,0,0,0,0,0,0,0,0,0,0
100009,0,1,28,28,28,28,28,28,28,28,28,28
100009,1,1,0,0,0,0,11,0,0,10,0,22
100010,1,1,0,0,0,0,0,0,0,0,0,0
100010,2,1,0,0,0,0,0,0,0,0,0,0
100011,1,1,20,20,20,20,20,20,20,20,20,20
100012,0,1,0,0,0,0,20,0,0,0,0,0
100012,1,1,0,0,0,19,0,0,0,0,0,0
100013,0,1,4,4,4,4,4,4,4,4,4,4
100013,1,1,0,0,0,0,0,0,15,13,0,0
100014,1,1,0,0,0,0,12,0,0,0,0,0
100014,2,1,0,0,0,0,0,0,0,0,0,0
100015,1,1,0,0,0,0,0,0,0,0,0,0
100016,1,1,0,0,0,0,0,0,0,0,0,0
100016,2,1,0,0,0,0,0,0,0,0,0,0
100016,3,1,0,0,0,0,0,0,0,0,0,0
100017,1,1,0,0,0,0,0,0,0,0,0,0
100017,2,1,0,0,0,0,0,0,0,0,0,0
100018,1,1,0,0,0,0,0,0,0,0,0,0
100019,0,1,14,14,14,14,14,14,14,14,14,14
100019,1,1,0,29,0,22,0,0,0,0,0,0
100020,1,1,0,0,0,0,0,0,0,0,0,0
100020,2,1,0,0,0,0,0,0,0,0,0,0
100021,0,1,0,4,0,20,0,25,0,21,25,0
100021,1,1,0,0,20,0,0,0,0,0,0,0
100022,1,1,0,0,0,0,0,0,0,0,0,0
100022,2,1,0,0,0,0,0,0,0,0,0,0
100022,3,1,0,0,0,0,0,0,0,0,0,0
100023,1,1,0,0,0,0,0,0,0,0,0,0
100024,1,1,0,0,0,0,0,0,0,0,0,0
100024,2,1,4,4,4,4,4,4,4,4,4,4
100025,1,1,0,0,0,0,0,0,0,0,0,0
100025,2,1,0,0,0,0,0,0,0,25,0,0
100026,1,1,18,18,18,18,18,18,18,18,18,18
100027,0,1,10,10,10,10,10,10,10,10,10,10
100027,1,1,0,0,0,0,0,0,16,0,0,0
100028,1,1,0,0,0,0,0,0,0,0,0,0
100028,2,1,0,0,0,0,0,0,0,0,0,0
100029,1,1,23,23,23,23,23,23,23,23,23,23
100030,1,1,0,0,0,0,0,0,15,0,0,0
100030,2,1,0,0,17,0,0,0,8,0,9,0
100031,0,1,17,17,17,17,17,17,17,17,17,17
100031,1,1,0,0,0,0,0,0,0,0,0,0
100032,1,1,0,0,0,0,0,13,0,0,0,0
100032,2,1,0,0,0,0,0,0,0,0,0,0
100033,0,1,23,23,23,23,23,23,23,23,23,23
100033,1,1,0,0,0,0,0,0,0,8,0,0
100034,1,1,0,0,0,0,0,0,0,0,0,0
100035,1,1,0,0,0,0,0,0,0,0,6,0
100035,2,1,20,20,20,20,20,20,20,20,20,20
100036,1,1,0,0,0,0,13,0,0,0,0,0
100037,0,1,0,0,0,0,0,0,0,0,0,0
100037,1,1,0,0,0,0,0,0,0,0,0,0
100038,0,1,0,0,0,0,0,0,0,0,0,0
100038,1,1,0,0,0,0,26,0,0,0,0,0
100039,1,1,0,0,0,0,0,0,0,0,0,0
100039,2,1,0,0,15,0,0,0,0,0,0,15
100041,1,1,0,0,0,0,0,0,0,0,0,0
100041,2,1,0,0,0,0,0,0,0,0,0,0
100042,0,1,0,0,0,0,0,0,0,0,0,0
100042,1,1,0,0,0,0,0,0,0,0,0,0
100043,1,1,0,0,0,0,0,0,0,0,0,12
100043,2,1,0,0,0,0,0,0,0,0,0,0
100044,1,1,0,0,8,16,0,28,0,0,0,12
100045,1,1,23,5,17,13,17,23,38,8,24,16
100046,1,1,23,23,23,23,23,23,23,23,23,23
100047,1,1,10,10,10,10,10,10,10,10,10,10
100048,0,1,0,0,0,0,0,0,0,0,0,0
100048,1,1,0,19,0,0,0,0,0,0,26,0
100049,0,1,11,11,11,11,11,11,11,11,11,11
100049,1,1,0,0,0,0,0,0,0,0,0,0
100050,0,1,13,13,13,13,13,13,13,13,13,13
100050,1,1,0,0,0,0,21,16,0,0,0,0
100051,1,1,12,12,12,12,12,12,12,12,12,12
100052,1,1,20,20,20,20,20,20,20,20,20,20
100053,1,1,21,21,21,21,21,21,21,21,21,21
100055,1,1,0,0,0,0,0,0,0,0,0,7
100055,2,1,0,0,0,0,0,0,0,0,0,0
100056,1,1,0,0,0,0,0,0,0,0,0,0
100057,1,1,11,11,11,11,11,11,11,11,11,11
100057,2,1,0,0,0,0,0,0,0,0,0,0
100058,0,1,33,33,33,33,33,33,33,33,33,33
100058,1,1,31,0,0,0,0,0,0,12,0,0
100059,1,1,0,0,0,0,0,0,0,0,0,0
100059,2,1,3,3,3,3,3,3,3,3,3,3
100060,0,1,0,0,0,0,0,0,0,0,0,0
100060,1,1,0,0,6,0,0,0,0,9,0,0
100061,1,1,0,0,0,0,0,0,0,0,0,0
100062,0,1,0,0,0,0,0,0,0,0,0,0
100062,1,1,0,0,0,0,0,0,0,0,0,0
100063,1,1,0,0,0,0,0,0,0,33,14,25
100064,1,1,0,0,0,0,0,0,0,0,0,0
100064,2,1,0,0,0,0,0,0,0,0,0,0
100065,0,1,0,0,0,0,0,0,0,0,0,0
100065,1,1,0,0,0,0,0,0,0,0,0,0
100066,1,1,0,0,0,0,0,0,0,0,0,0
100066,2,1,0,0,11,0,0,0,0,0,0,0
100066,3,1,0,0,0,0,0,0,0,0,0,0
100066,4,1,0,0,0,0,0,0,0,0,0,0
100067,0,1,26,26,26,26,26,26,26,26,26,26
100067,1,1,0,0,0,0,17,0,0,0,0,0
100068,1,1,0,0,0,0,0,0,0,0,0,0
100068,2,1,0,0,0,0,0,0,0,0,0,0
100069,1,1,0,0,25,0,0,0,0,0,0,0
100069,2,1,0,0,0,0,0,0,0,0,0,0
100070,1,1,0,0,0,0,0,0,0,0,0,0
100070,2,1,0,0,0,0,0,0,0,0,0,0
100071,1,1,0,0,0,0,0,0,0,0,0,0
100071,2,1,0,0,0,0,0,0,0,0,0,0
100072,0,1,0,0,0,0,0,0,0,0,0,0
100072,1,1,0,0,0,0,0,0,0,0,0,0
100073,1,1,0,0,0,0,0,0,0,0,0,0
100073,2,1,0,0,0,0,0,0,0,0,0,0
100073,3,1,0,0,0,0,0,0,0,0,0,0
100074,1,1,0,0,0,0,0,0,0,0,0,0
100074,2,1,0,0,0,0,0,0,0,0,0,0
100075,1,1,0,0,0,0,0,0,0,0,0,0
100075,2,1,0,0,0,0,0,0,0,0,0,0
100076,1,1,0,0,0,0,0,0,0,0,0,0
100078,0,1,38,38,38,38,38,38,38,38,38,38
100078,1,1,0,0,0,0,0,0,0,24,0,0
100079,0,1,0,19,0,0,0,0,0,0,0,21
100079,1,1,0,9,24,24,0,0,0,0,0,0
100080,1,1,0,0,0,0,0,0,0,0,0,0
100081,1,1,0,0,0,0,0,0,0,0,0,0
100081,2,1,0,0,0,0,0,0,0,0,0,0
100082,0,1,23,23,23,23,23,23,23,23,23,23
100082,1,1,0,0,0,0,23,30,0,0,0,0
100083,1,1,0,0,0,0,0,0,0,0,0,0
100083,2,1,0,0,0,0,0,0,0,0,0,0
100083,3,1,21,21,21,21,21,21,21,21,21,21
100083,4,1,0,0,0,0,0,0,0,0,0,0
100084,0,1,0,0,0,0,0,0,0,0,0,0
100084,1,1,0,0,0,0,0,0,0,0,0,0
100085,0,1,0,0,0,0,0,35,0,0,0,0
100085,1,1,0,0,0,0,0,0,0,0,0,0
100086,1,1,0,0,0,0,0,0,0,0,0,0
100086,2,1,0,0,0,0,0,18,0,0,0,0
100086,3,1,0,0,0,0,0,0,0,0,0,0
100086,4,1,0,0,0,0,0,13,0,0,0,0
100087,0,1,1,1,1,1,1,1,1,1,1,1
100087,1,1,0,0,0,0,0,0,0,0,0,0
100088,1,1,0,0,0,0,0,0,0,0,0,0
100088,2,1,0,0,0,0,0,0,0,0,0,0
100089,1,1,20,20,20,20,20,20,20,20,20,20
100090,1,1,0,0,0,0,0,0,0,0,0,0
100090,2,1,0,0,0,0,0,0,0,0,0,0
100091,1,1,0,0,0,0,0,0,0,0,0,0
100091,2,1,0,0,0,0,0,0,0,0,36,0
100091,3,1,0,0,0,0,0,0,0,0,0,0
100092,0,1,0,0,0,0,0,0,0,0,0,0
100092,1,1,0,0,0,0,0,0,0,0,0,0
100093,1,1,25,25,25,25,25,25,25,25,25,25
100094,1,1,0,0,0,0,0,0,0,0,0,0
100095,1,1,0,0,0,0,0,0,0,0,0,0
100096,1,1,0,0,0,0,0,0,0,0,0,0
100097,1,1,16,16,16,16,16,16,16,16,16,16
100098,0,1,1,1,1,1,1,1,1,1,1,1
100098,1,1,0,0,0,0,0,0,0,0,0,0
100099,1,1,0,0,0,0,0,0,0,0,0,0
100099,2,1,0,0,0,3,0,0,0,0,0,0
100100,1,1,0,0,0,0,0,0,0,0,0,0
100100,2,1,0,0,0,0,0,0,0,0,0,0
100101,1,1,0,0,0,0,0,0,0,0,0,0
100101,2,1,0,0,0,0,0,0,0,0,0,0
100102,0,1,14,0,2,0,5,0,0,28,0,0
100102,1,1,0,0,0,0,0,0,0,0,0,0
100102,2,1,0,0,0,0,0,0,0,25,0,0
100103,1,1,0,0,0,0,0,0,0,0,0,0
100104,1,1,0,0,0,0,0,0,0,0,0,0
100104,2,1,0,0,0,0,0,0,0,0,0,18
100104,3,1,0,0,0,0,0,27,0,0,22,31
100105,1,1,27,27,27,27,27,27,27,27,27,27
100106,0,1,0,0,0,0,0,0,0,0,0,0
100106,1,1,0,0,0,0,0,0,0,0,0,0
100107,1,1,0,0,0,0,0,0,0,0,0,0
100107,2,1,0,0,0,0,0,0,0,0,0,0
100108,1,1,0,0,0,0,0,0,0,0,0,0
100109,1,1,0,0,0,0,0,0,0,0,0,10
100109,2,1,2,2,2,2,2,2,2,2,2,2
100110,1,1,0,0,0,0,0,0,0,0,0,0
100110,2,1,19,19,19,19,19,19,19,19,19,19
100111,1,1,12,29,22,19,23,12,5,20,5,21
100112,1,1,0,0,0,0,0,0,0,0,0,0
100112,2,1,0,0,0,0,0,0,0,0,0,0
100113,1,1,0,0,0,0,0,0,0,0,0,0
100113,2,1,0,0,9,0,0,0,0,0,0,0
100114,1,1,0,0,0,0,0,0,0,0,0,0
100114,2,1,0,0,0,0,0,0,0,0,0,0
100114,3,1,5,0,0,0,0,0,0,0,0,0
100114,4,1,0,0,0,0,0,0,0,0,0,0
100115,1,1,0,15,0,0,0,12,15,0,0,0
100115,2,1,0,0,0,0,0,0,0,0,0,0
100115,3,1,0,0,0,0,0,0,0,0,0,0
100116,0,1,32,32,32,32,32,32,32,32,32,32
100116,1,1,0,0,0,0,0,0,0,0,0,0
100117,1,1,0,0,0,0,0,0,0,0,0,0
100117,2,1,0,0,0,0,0,0,0,0,0,0
100118,0,1,0,0,0,0,0,0,0,0,0,0
100118,1,1,0,0,0,0,0,0,0,0,0,0
100119,0,1,0,0,0,0,0,0,0,0,0,0
100119,1,1,0,0,0,0,0,0,0,0,0,0
100120,0,1,0,0,0,0,0,0,0,0,0,0
100120,1,1,14,0,0,0,0,0,0,5,0,0
100121,0,1,9,9,9,9,9,9,9,9,9,9
100121,1,1,0,0,0,0,11,0,0,0,0,0
100122,1,1,19,19,19,19,19,19,19,19,19,19
100123,0,1,17,17,17,17,17,17,17,17,17,17
100123,1,1,0,0,14,0,0,8,27,0,2,0
100124,1,1,0,36,0,0,0,0,0,0,0,0
100124,2,1,30,22,22,9,15,9,26,12,0,9
100125,1,1,12,19,13,0,7,6,5,16,20,0
100125,2,1,0,0,0,0,0,0,0,0,0,0
100126,0,1,0,0,0,0,0,0,0,0,0,0
100126,1,1,0,0,0,0,0,0,0,0,0,0
110001,0,1,15,15,15,15,15,15,15,15,15,15
110001,1,1,0,0,0,0,0,0,0,0,0,0
110002,0,1,0,0,0,0,0,0,0,0,0,0
110002,1,1,0,0,0,0,0,0,0,0,0,0
110003,0,1,3,3,3,3,3,3,3,3,3,3
110003,1,1,24,0,0,0,34,15,0,0,14,0
110004,1,1,0,0,0,0,0,0,0,0,0,0
110004,2,1,0,0,0,0,0,0,6,18,34,30
110005,1,1,3,3,3,3,3,3,3,3,3,3
110006,1,1,23,23,23,23,23,23,23,23,23,23
110006,2,1,0,11,0,0,0,0,0,0,0,0
110006,3,1,0,0,0,0,0,0,0,0,0,0
110006,4,1,0,0,0,0,0,0,0,0,0,0
110007,0,1,0,0,0,0,0,0,0,0,0,0
110007,1,1,0,0,0,0,0,0,0,0,0,0
110007,2,1,0,0,0,0,0,0,0,0,0,0
110008,1,1,0,0,0,0,0,0,0,0,0,0
110009,0,1,0,0,0,0,0,0,0,0,0,0
110009,1,1,0,0,0,0,0,0,0,0,0,0
110009,2,1,13,0,0,8,14,0,0,0,0,0
110010,0,1,12,12,12,12,12,12,12,12,12,12
110010,1,1,0,0,20,0,0,17,19,0,0,21
110011,1,1,0,0,0,18,0,0,0,19,13,0
110012,0,1,32,32,32,32,32,32,32,32,32,32
110012,1,1,0,0,0,0,0,0,0,0,0,0
110013,0,1,0,0,0,0,0,0,0,0,0,0
110013,1,1,0,0,0,0,0,0,0,0,0,0
110014,1,1,16,19,0,0,0,0,13,16,12,0
110014,2,1,0,0,0,0,0,0,0,0,0,0
110015,1,1,0,0,0,0,0,0,0,0,0,0
110015,2,1,0,0,0,0,0,0,0,0,0,0
110015,3,1,0,0,0,0,0,0,0,0,0,0
110016,1,1,0,16,0,0,13,0,0,14,0,0
110016,2,1,8,0,0,0,0,6,0,16,38,0
110017,0,1,0,0,0,0,0,0,0,0,0,48
110017,1,1,0,0,0,0,0,0,29,0,0,0
110018,1,1,17,17,17,17,17,17,17,17,17,17
110019,1,1,0,0,0,0,0,24,0,0,0,0
110020,0,1,39,39,39,39,39,39,39,39,39,39
110020,1,1,0,0,22,0,9,0,0,0,0,25
110022,1,1,0,0,0,0,0,0,0,0,0,0
110022,2,1,0,0,0,0,0,0,0,0,0,0
110022,3,1,0,0,0,0,0,0,26,0,0,0
110023,1,1,23,14,5,27,14,12,10,0,0,0
120001,1,1,0,0,0,0,0,0,0,0,0,0
120001,2,1,4,4,4,4,4,4,4,4,4,4
120002,1,1,19,19,19,19,19,19,19,19,19,19
120003,1,1,0,0,0,0,0,0,0,0,0,0
120003,2,1,7,7,14,0,0,0,0,0,0,0
120004,0,1,28,28,28,28,28,28,28,28,28,28
120004,1,1,0,0,0,0,0,0,0,0,0,0
120005,1,1,0,0,0,0,0,0,0,0,0,0
120005,2,1,0,0,0,0,0,0,0,0,0,0
120005,3,1,0,0,0,0,0,0,0,0,0,0
120005,4,1,6,0,0,0,0,0,0,0,0,0
120007,1,1,0,0,0,0,0,0,0,0,0,0
120007,2,1,0,0,0,30,1,0,0,0,0,0
120008,1,1,14,14,14,14,14,14,14,14,14,14
120009,0,1,13,13,13,13,13,13,13,13,13,13
120009,1,1,0,0,0,0,0,0,11,0,0,0
120011,1,1,11,0,0,13,0,25,10,0,0,19
120012,1,1,2,2,2,2,2,2,2,2,2,2
120012,2,1,0,0,0,0,0,0,0,0,0,0
120013,1,1,0,0,0,0,0,0,0,0,0,0
120013,2,1,0,0,0,0,0,0,0,0,0,0
120014,0,1,1,1,1,1,1,1,1,1,1,1
120014,1,1,0,0,0,0,0,0,0,0,0,0
120015,0,1,0,0,0,0,0,0,0,0,0,0
120015,1,1,0,0,0,0,0,0,0,0,0,0
120016,1,1,0,0,0,0,0,0,0,0,0,0
120017,1,1,0,0,0,0,11,0,0,0,0,18
120017,2,1,0,0,0,0,21,0,0,0,0,0
120017,3,1,0,0,0,0,0,0,0,0,0,0
120018,0,1,0,0,0,0,0,12,0,0,0,0
120018,0,2,0,0,0,0,0,0,0,0,0,0
120018,1,1,13,0,0,0,0,0,0,0,0,0
120019,0,1,0,0,0,12,0,0,29,0,23,23
120019,1,1,0,0,0,0,0,0,0,0,0,0
120020,0,1,0,0,0,0,0,0,0,11,0,0
120020,1,1,0,0,0,0,0,0,0,0,0,0
120021,1,1,13,13,13,13,13,13,13,13,13,13
120022,1,1,0,0,0,0,0,0,0,0,0,0
120022,2,1,0,0,0,0,0,0,0,0,0,0
120023,1,1,20,0,0,0,11,0,0,30,0,0
120023,2,1,0,0,0,0,18,0,0,0,0,0
120024,1,1,0,0,0,0,0,0,0,7,0,0
120026,0,1,1,1,1,1,1,1,1,1,1,1
120026,1,1,0,0,0,0,0,0,0,0,0,0
120027,1,1,0,0,0,0,0,0,0,0,0,0
120027,2,1,0,0,0,0,0,0,0,0,0,34
120028,1,1,8,8,8,8,8,8,8,8,8,8
120029,1,1,0,0,15,0,0,0,0,0,0,0
120029,2,1,0,0,0,0,0,0,0,0,0,0
120030,0,1,0,0,0,0,0,0,0,0,0,0
120030,1,1,0,0,0,0,0,0,0,0,0,0
120031,1,1,0,0,0,0,0,0,0,0,0,0
120031,2,1,0,0,0,0,0,0,0,0,0,0
120032,0,1,38,38,38,38,38,38,38,38,38,38
120032,1,1,0,0,0,9,0,0,0,0,0,0
120033,1,1,0,0,0,0,0,0,0,0,0,0
120034,1,1,0,0,0,0,0,0,0,0,19,0
120035,1,1,10,10,10,10,10,10,10,10,10,10
120036,1,1,0,0,0,0,0,0,0,0,0,0
120037,1,1,0,0,0,0,0,0,0,0,0,0
120038,1,1,25,25,25,25,25,25,25,25,25,25
120039,0,1,3,3,3,3,3,3,3,3,3,3
120039,1,1,0,0,0,0,0,0,0,0,0,0
120040,1,1,0,0,0,0,0,0,0,0,0,0
120041,1,1,0,0,0,0,0,0,0,0,0,0
120041,2,1,0,0,0,0,0,0,0,0,0,0
120042,1,1,44,44,44,44,44,44,44,44,44,44
120043,0,1,21,21,21,21,21,21,21,21,21,21
120043,1,1,0,0,0,0,0,0,0,0,0,0
120044,1,1,4,4,4,4,4,4,4,4,4,4
120044,2,1,14,16,10,22,5,5,14,0,17,0
120045,0,1,37,37,37,37,37,37,37,37,37,37
120045,1,1,0,0,0,0,0,0,0,0,0,0
120046,1,1,17,0,0,0,0,0,0,0,18,0
120046,2,1,0,0,0,0,0,0,0,0,0,0
120047,0,1,13,13,13,13,13,13,13,13,13,13
120047,1,1,0,0,9,0,0,0,0,0,0,0
120048,1,1,0,0,0,0,0,0,0,0,0,0
120048,2,1,0,0,0,0,0,0,0,0,0,0
120048,3,1,0,0,0,0,0,0,0,0,0,0
120049,1,1,11,11,11,11,11,11,11,11,11,11
120050,0,1,0,0,0,0,0,0,0,37,29,0
120050,1,1,0,0,0,0,0,0,0,0,0,0
120051,0,1,0,18,0,19,0,12,10,26,0,16
120051,1,1,0,9,0,0,0,0,0,0,0,26
120051,2,1,0,0,0,0,0,0,0,0,0,15
120052,0,1,0,0,0,0,0,0,0,0,0,0
120052,1,1,0,16,0,0,0,0,0,0,0,0
120053,0,1,0,21,18,0,24,38,0,12,0,0
120053,1,1,9,8,11,0,0,0,0,0,0,0
120054,1,1,14,14,14,14,14,14,14,14,14,14
120055,1,1,0,0,0,0,0,0,0,0,0,0
120056,1,1,9,0,0,0,0,0,0,0,0,0
120056,2,1,0,0,0,0,0,0,0,0,0,0
120056,3,1,0,0,0,0,7,0,15,0,16,0
120057,0,1,2,2,2,2,2,2,2,2,2,2
120057,1,1,0,0,0,0,0,0,0,0,0,0
120058,1,1,0,0,0,0,0,0,0,0,0,0
120058,2,1,0,0,0,0,0,0,0,0,0,0
120059,1,1,20,20,20,20,20,20,20,20,20,20
120059,2,1,0,0,0,0,0,8,0,0,0,0
120060,0,1,0,0,0,0,0,0,0,0,0,0
120060,1,1,0,0,0,0,0,0,24,16,12,0
120061,1,1,0,0,0,0,0,0,0,0,0,0
120061,2,1,0,0,0,0,0,0,0,0,0,0
120062,1,1,0,0,0,0,0,0,0,0,0,0
120063,1,1,0,0,0,0,0,0,0,0,0,0
120063,2,1,0,0,0,0,0,0,0,0,0,0
120064,1,1,0,0,0,0,0,0,0,0,0,0
120064,2,1,0,0,0,0,0,0,0,0,0,0
120064,3,1,0,0,0,0,0,0,0,0,0,0
120065,0,1,4,16,0,0,0,0,0,28,0,0
120065,1,1,0,0,0,0,0,0,0,0,0,0
120066,1,1,0,0,0,0,21,0,0,0,0,0
120066,2,1,0,0,0,0,0,0,0,0,0,0
120067,1,1,0,0,0,0,0,0,0,0,0,0
120068,1,1,9,16,10,19,13,0,16,32,17,12
120069,1,1,0,0,0,0,0,0,0,0,0,0
120069,2,1,0,0,0,0,0,0,0,0,0,0
120070,1,1,0,0,0,0,0,0,0,0,0,0
120070,2,1,0,0,0,7,0,0,18,0,0,0
120071,1,1,0,21,24,0,27,0,0,39,0,23
120072,0,1,22,22,22,22,22,22,22,22,22,22
120072,1,1,0,0,0,0,0,0,0,0,0,0
120073,0,1,0,0,0,0,0,0,0,9,0,18
120073,1,1,0,0,0,0,0,0,0,0,0,0
120074,0,1,15,19,0,22,0,0,34,0,0,19
120074,1,1,0,0,0,0,0,0,0,11,0,0
120076,0,1,0,0,0,0,0,0,0,0,0,0
120076,1,1,0,0,0,0,0,0,0,0,0,0
120077,1,1,0,0,0,0,0,0,0,0,0,0
120077,2,1,0,0,0,0,0,0,0,0,0,0
120078,1,1,9,9,9,9,9,9,9,9,9,9
120078,2,1,0,0,0,0,0,0,0,0,0,0
120079,1,1,0,0,0,0,0,0,0,0,0,0
120079,2,1,0,0,0,0,0,0,0,0,0,0
120080,1,1,0,0,0,0,0,0,0,0,0,0
120081,0,1,12,12,12,12,12,12,12,12,12,12
120081,1,1,0,0,0,0,0,0,0,0,0,0
120082,1,1,0,0,7,0,0,0,0,13,0,0
120083,1,1,22,22,22,22,22,22,22,22,22,22
120083,2,1,0,0,0,0,0,0,0,0,0,0
120084,0,1,17,17,17,17,17,17,17,17,17,17
120084,1,1,0,0,0,0,0,0,0,0,0,0
120085,1,1,0,0,0,0,0,0,0,0,0,0
120085,2,1,0,0,0,0,0,0,0,0,0,0
120086,1,1,0,0,0,0,0,0,0,0,0,0
120086,2,1,0,0,0,0,0,0,0,0,0,0
120088,0,1,0,0,0,0,0,9,0,0,17,0
120088,1,1,0,0,6,0,0,0,0,0,0,0
120089,0,1,32,32,32,32,32,32,32,32,32,32
120089,1,1,0,0,21,0,0,0,0,0,0,0
120090,1,1,0,0,0,0,0,0,0,0,0,15
120090,2,1,0,0,0,0,0,0,0,0,0,0
120091,0,1,16,16,16,16,16,16,16,16,16,16
120091,1,1,0,0,0,0,0,0,0,0,0,0
120092,0,1,0,0,0,0,0,0,0,0,0,0
120092,1,1,0,0,0,0,0,0,0,0,0,0
120093,0,1,0,0,0,0,0,0,0,0,0,0
120093,1,1,0,0,0,0,0,0,0,0,0,0
120094,1,1,0,0,0,0,0,0,0,0,0,0
120095,1,1,0,0,19,0,12,0,0,53,0,0
120095,2,1,0,0,0,0,0,0,0,0,0,0
120096,1,1,11,11,11,11,11,11,11,11,11,11
120096,2,1,0,0,0,0,0,0,0,0,0,0
120097,1,1,0,0,0,0,0,0,0,0,0,0
120097,2,1,0,0,0,0,0,0,0,0,0,0
120098,1,1,0,0,0,0,0,0,0,0,0,0
120098,2,1,0,0,0,0,0,0,0,0,0,33
120098,3,1,0,0,0,0,7,0,0,0,0,0
120098,4,1,0,0,0,0,0,0,0,0,0,14
120099,0,1,12,0,15,15,0,14,18,0,12,0
120099,1,1,0,0,0,0,0,0,13,0,0,0
120100,0,1,23,31,20,12,6,10,12,9,25,15
120100,1,1,0,0,0,0,0,0,0,0,0,0
120101,1,1,21,21,21,21,21,21,21,21,21,21
120101,2,1,0,0,0,0,0,0,0,0,0,0
120102,0,1,35,35,35,35,35,35,35,35,35,35
120102,1,1,0,0,0,0,0,0,0,0,0,0
120103,1,1,0,0,0,0,0,0,0,0,0,0
120103,2,1,0,0,0,0,0,0,0,0,0,0
120104,1,1,8,26,10,0,3,2,15,9,6,15
120104,2,1,0,0,0,0,0,0,0,0,0,15
120105,1,1,0,0,0,0,0,0,0,0,0,0
120105,2,1,0,0,0,0,0,0,0,0,0,0
120106,1,1,0,0,0,0,0,0,0,0,0,0
120106,2,1,7,7,7,7,7,7,7,7,7,7
120107,1,1,5,0,0,0,0,0,0,7,10,0
120107,2,1,0,0,0,0,0,0,0,0,0,0
120108,1,1,0,0,0,0,0,0,0,0,0,0
120108,2,1,0,0,0,0,0,0,0,0,0,0
120108,3,1,0,0,0,0,0,0,0,0,0,0
120108,4,1,0,0,0,0,0,0,0,0,0,0
120108,5,1,0,0,0,0,0,0,0,0,0,0
120109,1,1,0,0,0,0,0,0,0,0,0,0
120109,2,1,0,0,0,0,0,0,0,0,0,0
120109,3,1,0,0,0,0,0,0,0,0,0,0
120109,4,1,0,0,0,0,0,0,0,0,16,0
120109,5,1,0,0,0,0,0,0,0,0,0,0
120110,1,1,0,0,0,0,0,0,0,0,0,0