ST_CASE,VEH_NO,PER_NO,P1,P2,P3,P4,P5,P6,P7,P8,P9,P10
120110,2,1,0,0,0,0,0,0,0,0,0,0
120112,2,1,0,0,0,0,0,0,0,7,0,0
120112,3,1,0,0,0,0,0,0,0,0,0,0
120113,0,1,14,0,12,0,30,16,0,0,15,0
120113,1,1,0,0,0,0,0,0,0,0,0,0
120114,1,1,0,0,0,0,0,0,0,0,0,0
120114,2,1,0,0,0,0,0,0,0,0,0,0
120115,0,1,27,27,27,27,27,27,27,27,27,27
120115,1,1,0,0,0,0,0,0,0,0,0,0
120115,2,1,0,0,0,0,0,0,0,0,0,0
120116,1,1,0,0,0,0,0,0,0,0,0,0
120116,2,1,0,0,0,0,0,0,0,0,0,0
120117,0,1,0,0,0,0,0,0,0,0,0,0
120117,1,1,0,0,0,0,0,0,0,0,0,0
120118,0,1,16,16,16,16,16,16,16,16,16,16
120118,1,1,0,0,0,0,0,0,0,0,0,0
120119,1,1,0,0,0,0,0,0,0,0,0,0
120119,2,1,0,5,0,0,0,0,9,0,0,0
120120,1,1,0,0,0,0,0,0,0,0,0,0
120120,2,1,0,0,0,0,0,0,0,0,0,0
120121,1,1,0,0,0,0,0,0,0,0,0,0
120121,2,1,0,0,0,0,0,0,0,0,0,0
120121,3,1,0,0,0,0,0,0,0,0,0,0
120122,0,1,3,3,3,3,3,3,3,3,3,3
120122,1,1,0,0,0,0,0,0,0,0,0,0
120123,1,1,0,0,0,0,0,0,0,0,6,0
120123,2,1,0,0,0,0,0,0,0,0,0,0
120124,1,1,0,19,14,11,0,20,24,0,0,9
120125,1,1,9,9,9,9,9,9,9,9,9,9
120125,2,1,0,0,0,0,10,0,0,14,0,0
120126,1,1,0,0,0,0,0,0,0,0,0,0
120126,2,1,0,0,0,0,0,0,0,0,0,0
120126,3,1,0,0,0,0,0,0,0,0,0,0
120127,0,1,31,31,31,31,31,31,31,31,31,31
120127,1,1,0,0,0,0,0,0,0,0,0,0
120127,2,1,0,0,0,0,0,22,0,0,0,0
120128,1,1,0,0,0,0,0,0,0,0,0,0
120129,1,1,0,0,0,0,0,0,0,0,0,0
120130,0,1,12,12,12,12,12,12,12,12,12,12
120130,1,1,0,0,0,0,0,0,0,0,0,0
120131,1,1,0,0,0,0,0,0,0,0,0,0
120131,2,1,0,0,5,0,19,0,0,0,0,0
120132,0,1,0,0,0,0,0,0,0,0,0,0
120132,1,1,0,0,0,0,0,0,0,0,0,0
120134,1,1,0,0,0,0,0,0,0,0,0,0
120134,2,1,0,0,0,0,10,0,0,0,0,7
120136,1,1,0,0,0,0,0,0,0,0,0,0
120136,2,1,0,0,0,23,0,0,0,0,0,0
120137,1,1,0,0,0,0,0,4,0,0,0,0
120137,2,1,0,0,0,0,0,0,0,0,0,0
120138,0,1,0,0,39,0,0,0,0,0,0,0
120138,0,2,0,0,0,0,0,0,0,0,0,0
120138,1,1,0,0,0,0,0,0,0,0,0,0
120139,0,1,0,0,0,0,0,0,0,0,0,0
120139,1,1,19,11,0,24,11,12,20,18,18,17
120140,1,1,0,0,0,0,0,0,0,0,0,0
120141,1,1,0,0,0,0,0,0,0,0,0,0
120141,2,1,0,27,0,8,0,0,0,0,0,0
120142,0,1,0,0,0,0,0,0,0,0,0,0
120142,1,1,0,0,0,0,0,0,0,0,0,0
120143,0,1,0,0,0,0,0,0,0,0,0,0
120143,0,2,0,0,0,0,0,0,0,0,0,0
120143,1,1,0,0,29,0,0,0,0,0,0,0
120144,1,1,19,19,19,19,19,19,19,19,19,19
120145,1,1,0,0,0,0,0,0,0,0,0,0
120146,1,1,0,0,43,4,0,0,11,0,0,11
120147,0,1,23,23,23,23,23,23,23,23,23,23
120147,1,1,0,10,0,14,18,11,7,0,0,0
120148,0,1,5,5,5,5,5,5,5,5,5,5
120148,1,1,11,11,11,11,11,11,11,11,11,11
120149,1,1,0,0,0,0,0,0,0,0,0,0
120149,2,1,0,0,0,0,0,0,0,0,0,0
120149,3,1,0,0,0,0,0,0,0,0,0,0
120150,0,1,0,0,0,0,0,0,0,0,0,0
120150,1,1,0,0,0,0,0,0,0,0,0,0
120151,0,1,0,0,0,0,0,0,0,0,0,0
120151,1,1,0,0,0,0,21,0,0,0,0,0
120152,1,1,0,0,0,0,0,0,0,0,0,0
120153,1,1,0,0,0,0,0,0,0,0,8,0
120153,2,1,0,0,0,0,0,0,0,0,0,0
120154,0,1,9,0,5,0,0,34,0,0,0,17
120155,1,1,0,0,0,14,0,0,11,0,0,0
120156,0,1,0,0,0,11,0,0,0,0,0,0
120156,1,1,0,0,0,0,0,0,0,0,0,0
120157,1,1,0,0,0,0,0,0,0,20,0,0
120157,2,1,0,0,0,0,0,0,0,0,0,4
120158,1,1,0,0,0,0,0,13,0,0,39,0
120158,2,1,0,0,0,0,0,0,0,0,0,0
120160,1,1,0,0,0,0,0,0,0,0,0,0
120160,2,1,0,0,0,0,0,0,0,0,0,0
120161,1,1,0,0,0,0,0,0,0,0,0,0
120161,2,1,0,0,0,0,0,0,0,0,0,0
120162,1,1,0,0,0,0,0,0,0,0,0,0
120162,2,1,0,0,0,0,0,0,0,0,0,0
120162,3,1,0,0,0,0,0,0,0,0,0,0
120163,0,1,0,0,0,0,0,0,0,0,0,0
120163,1,1,16,16,16,16,16,16,16,16,16,16
120164,1,1,19,19,19,19,19,19,19,19,19,19
120164,2,1,0,0,0,0,0,0,0,0,0,0
120165,0,1,37,37,37,37,37,37,37,37,37,37
120165,1,1,0,0,0,0,0,0,0,0,0,0
120166,1,1,0,0,0,0,0,0,0,0,0,0
120166,2,1,0,0,0,0,0,0,0,0,0,0
120166,3,1,0,0,0,0,0,0,0,0,0,0
120167,1,1,0,0,0,0,0,0,0,0,0,0
120167,2,1,0,0,0,0,0,0,0,0,0,0
120167,3,1,0,0,0,0,0,0,0,0,0,0
120168,1,1,0,0,0,0,0,0,0,0,0,0
120169,1,1,27,27,27,27,27,27,27,27,27,27
120170,1,1,0,0,0,0,0,0,0,0,0,0
120170,2,1,0,0,0,0,0,0,0,0,0,0
120171,1,1,0,0,0,0,0,0,0,12,0,0
120171,2,1,0,0,0,0,0,0,0,0,0,0
120172,1,1,0,0,0,0,0,0,0,0,0,0
120173,0,1,0,0,0,0,0,0,0,0,0,21
120173,1,1,0,0,0,0,0,0,0,0,0,0
120174,0,1,0,0,0,0,0,0,0,0,0,0
120174,1,1,0,0,0,0,0,0,0,0,0,0
120175,0,1,0,0,8,23,27,0,19,0,17,0
120175,1,1,0,0,0,0,0,0,0,0,0,0
120177,1,1,0,0,0,0,0,0,0,0,0,0
120177,2,1,0,0,0,0,0,0,0,0,0,0
120178,1,1,26,26,26,26,26,26,26,26,26,26
120179,1,1,14,2,31,6,0,16,13,12,9,25
120179,2,1,0,0,0,0,0,0,0,0,0,0
120180,0,1,0,16,46,10,18,0,19,26,0,0
120180,1,1,0,0,0,10,0,0,12,0,0,0
120181,1,1,0,0,0,0,0,8,0,0,0,0
120181,2,1,0,0,0,0,12,0,0,0,0,17
120181,3,1,0,0,0,0,0,0,0,0,0,6
120182,1,1,0,0,0,0,0,0,0,0,0,0
120182,2,1,0,0,0,5,0,13,0,0,0,0
120183,1,1,0,0,0,0,0,0,0,0,0,0
120184,1,1,0,0,0,0,0,11,0,0,0,0
120184,2,1,0,0,0,0,0,0,0,0,0,0
120185,0,1,0,0,8,21,32,0,0,13,0,16
120185,1,1,0,0,0,0,0,0,0,0,11,0
120186,1,1,30,30,30,30,30,30,30,30,30,30
120187,0,1,0,0,0,0,0,0,15,0,0,0
120187,0,2,0,0,0,0,13,0,0,0,0,0
120187,1,1,0,0,0,0,0,0,0,0,26,0
120188,1,1,19,19,19,19,19,19,19,19,19,19
120189,0,1,33,0,11,12,32,19,26,11,8,5
120189,1,1,0,0,0,0,0,0,0,0,0,17
120190,1,1,0,0,0,0,0,0,0,0,0,0
120190,2,1,0,0,0,0,0,0,0,0,0,0
120191,0,1,0,0,0,0,0,0,0,0,0,0
120191,1,1,0,0,0,0,0,0,0,0,0,0
120192,1,1,9,9,9,9,9,9,9,9,9,9
120192,2,1,0,0,0,0,0,0,0,0,0,0
120192,4,1,0,0,0,0,0,0,0,0,0,0
120193,1,1,34,0,17,9,10,16,24,18,0,0
120193,2,1,0,0,0,0,0,0,0,0,0,0
120193,3,1,0,0,0,0,0,0,0,0,0,0
120193,4,1,0,0,0,0,0,0,0,0,0,0
120193,5,1,0,0,0,0,0,0,0,0,0,0
120193,6,1,3,0,0,0,0,0,0,0,0,0
120195,1,1,0,0,0,0,0,0,0,0,0,0
120195,2,1,0,0,0,0,0,0,0,0,0,0
120196,1,1,0,0,0,0,0,0,0,0,0,0
120196,2,1,0,0,0,0,0,0,0,0,0,0
120197,1,1,19,19,19,19,19,19,19,19,19,19
120198,0,1,0,0,0,0,0,0,0,0,0,0
120198,1,1,0,0,0,0,0,0,0,0,0,0
120199,1,1,0,0,0,0,0,0,0,0,0,0
120199,2,1,0,0,0,0,0,0,0,0,0,0
120200,0,1,0,0,0,0,0,0,0,0,0,0
120200,1,1,0,0,0,0,0,0,0,0,0,0
120201,0,1,0,0,0,0,0,0,0,0,0,0
120201,1,1,0,0,0,0,0,0,0,0,0,0
120201,2,1,0,0,0,0,0,0,0,0,0,0
120202,0,1,0,0,0,0,0,0,0,0,0,0
120202,2,1,0,0,0,0,0,0,0,0,0,0
120203,1,1,0,0,0,0,0,0,0,0,0,0
120204,1,1,7,7,7,7,7,7,7,7,7,7
120204,2,1,0,0,0,0,0,0,0,0,0,0
120205,1,1,0,0,0,0,0,0,0,10,0,0
120205,2,1,0,0,0,0,0,0,0,0,0,0
120206,1,1,0,0,0,0,0,0,25,0,0,0
120206,2,1,0,0,0,0,0,0,0,0,0,0
120207,0,1,0,0,0,0,0,0,0,0,0,0
120207,1,1,0,0,0,0,0,0,0,0,0,0
120208,0,1,13,13,13,13,13,13,13,13,13,13
120208,1,1,0,0,0,0,0,0,0,0,0,0
120209,1,1,0,0,0,0,0,0,0,0,0,0
120209,2,1,21,21,21,21,21,21,21,21,21,21
120210,1,1,0,0,0,0,0,24,0,0,0,0
120211,1,1,0,0,16,0,0,0,0,0,0,0
120211,2,1,0,0,0,0,0,0,0,0,0,0
120212,0,1,5,17,0,0,0,19,0,0,0,0
120212,1,1,0,0,0,0,0,0,0,0,0,0
120213,1,1,18,18,18,18,18,18,18,18,18,18
120214,0,1,0,0,0,0,0,0,0,0,0,0
120214,1,1,0,0,0,0,0,0,0,0,0,0
120215,0,1,31,31,31,31,31,31,31,31,31,31
120215,1,1,0,0,0,0,0,0,0,0,0,0
120216,1,1,22,22,22,22,22,22,22,22,22,22
120216,2,1,2,2,2,2,2,2,2,2,2,2
120217,0,1,0,15,23,8,0,0,13,0,7,0
120217,1,1,0,0,0,0,14,0,0,0,0,0
120218,0,1,15,15,15,15,15,15,15,15,15,15
120218,1,1,10,0,0,0,0,0,0,0,0,0
120219,1,1,27,27,27,27,27,27,27,27,27,27
120220,1,1,16,0,21,0,0,13,0,0,0,0
120221,1,1,15,15,15,15,15,15,15,15,15,15
120221,2,1,0,0,0,0,0,0,0,0,0,0
120222,0,1,0,0,0,23,0,0,0,0,0,0
120222,1,1,0,0,0,0,0,0,0,0,0,0
120224,1,1,19,19,19,19,19,19,19,19,19,19
120224,2,1,0,0,21,0,0,0,0,0,0,0
120224,3,1,0,0,0,0,0,0,0,0,0,0
120224,4,1,0,0,0,0,0,0,0,0,0,0
120225,1,1,0,0,0,0,0,0,0,0,0,0
120225,2,1,2,2,2,2,2,2,2,2,2,2
120226,1,1,0,9,0,0,0,11,0,0,1,0
120227,0,1,26,0,34,27,24,4,3,0,45,0
120227,1,1,0,7,0,0,0,0,0,0,0,0
120227,2,1,0,0,0,0,8,0,0,0,31,0
120227,3,1,0,0,0,0,0,0,0,0,0,15
120228,1,1,0,0,0,0,0,0,0,0,0,0
120228,2,1,0,0,0,0,0,0,0,0,0,0
120228,3,1,0,0,0,0,0,0,0,0,0,0
120228,4,1,0,0,0,0,0,0,0,0,6,0
120229,1,1,0,0,0,0,0,0,0,0,0,0
120230,1,1,0,0,0,0,0,0,0,0,0,0
120231,1,1,0,0,0,0,0,0,0,0,0,34
120231,2,1,0,0,0,9,0,0,0,22,0,0
120232,1,1,0,0,0,0,0,0,0,11,0,0
120232,2,1,0,0,0,0,0,0,0,0,0,0
120234,0,1,29,29,29,29,29,29,29,29,29,29
120234,1,1,0,0,0,0,0,0,0,0,0,0
120236,0,1,0,0,0,0,0,0,40,0,0,0
120236,1,1,0,0,0,0,0,0,0,0,0,0
120237,0,1,20,20,20,20,20,20,20,20,20,20
120237,1,1,0,0,25,0,0,0,0,0,0,0
120238,0,1,0,0,0,0,0,0,0,0,0,0
120238,1,1,0,0,0,0,0,0,0,0,0,0
120239,1,1,14,24,0,0,0,9,18,0,0,31
120240,0,1,0,0,0,14,17,0,5,0,0,0
120240,1,1,0,0,0,0,0,0,0,0,0,0
120241,1,1,0,0,7,12,0,0,10,0,11,0
120241,2,1,0,0,0,0,0,0,0,0,28,0
120241,3,1,0,0,0,0,0,0,0,0,0,6
120241,4,1,0,0,0,0,0,0,0,0,0,0
120242,1,1,0,0,0,0,0,0,0,0,0,0
120242,2,1,0,0,0,0,0,0,0,0,0,0
120243,1,1,0,0,0,0,0,0,0,0,0,0
120243,2,1,0,0,0,0,0,0,0,0,0,0
120244,1,1,0,0,0,0,0,0,0,0,0,0
120245,0,1,15,15,15,15,15,15,15,15,15,15
120245,1,1,0,0,0,0,0,0,13,0,0,0
120246,1,1,0,0,0,0,0,0,0,0,0,0
120246,2,1,0,0,0,0,0,0,0,0,0,0
120247,1,1,26,0,0,0,7,0,0,0,32,0
120248,1,1,0,0,0,0,0,0,0,0,0,0
120248,2,1,0,0,0,0,0,0,0,0,0,0
120249,0,1,0,0,0,0,0,0,12,0,0,0
120249,1,1,0,0,0,0,0,0,0,0,0,0
120250,1,1,0,0,0,0,0,0,0,0,0,0
120250,2,1,0,0,0,0,0,0,0,0,0,0
120251,0,1,0,0,0,0,0,0,0,0,0,0
120251,1,1,0,0,0,0,0,0,0,0,0,0
120252,0,1,9,30,29,12,17,0,14,38,0,40
120252,1,1,0,0,0,0,0,0,0,0,0,0
120253,0,1,6,12,0,32,19,18,0,33,0,0
120253,1,1,0,0,0,0,0,0,0,0,0,0
120254,1,1,0,0,0,0,0,0,0,0,0,0
120254,2,1,0,0,0,0,0,0,0,0,0,0
120255,1,1,0,0,0,0,0,0,0,0,0,0
120255,2,1,0,0,22,0,0,0,0,0,0,0
120255,3,1,0,0,0,0,0,0,0,0,0,0
120256,1,1,3,0,0,0,0,0,0,0,23,0
120256,2,1,0,0,0,0,0,0,0,0,0,0
120257,1,1,0,0,0,17,0,0,10,0,27,0
120257,2,1,0,0,0,0,0,0,0,0,0,0
120258,1,1,0,0,0,0,0,0,0,0,0,0
120258,2,1,0,0,0,0,0,0,0,0,0,0
120259,0,1,0,0,0,0,0,0,0,0,0,0
120259,1,1,0,0,0,0,0,0,0,0,0,0
120261,1,1,19,19,19,19,19,19,19,19,19,19
120261,2,1,0,0,0,0,0,0,0,0,0,0
120262,1,1,3,3,3,3,3,3,3,3,3,3
120263,0,1,0,0,0,0,0,0,0,0,0,0
120263,1,1,0,0,0,0,0,0,0,0,0,0
120264,1,1,0,0,0,0,0,0,0,0,0,0
120264,2,1,0,0,0,0,0,0,0,0,0,0
120265,1,1,0,0,0,0,0,0,0,0,0,0
120267,1,1,0,0,0,0,0,0,0,0,0,0
120268,1,1,0,0,0,0,0,0,0,0,0,0
120268,2,1,0,0,0,0,0,0,0,0,0,0
120269,1,1,0,10,0,0,0,0,0,0,0,0
120270,1,1,0,0,28,0,0,0,0,0,0,0
120270,2,1,0,28,0,0,0,0,0,0,0,0
120271,0,1,7,27,0,0,0,0,20,18,22,0
120271,1,1,0,0,0,0,0,0,0,12,0,0
120272,1,1,0,0,0,0,17,0,0,0,0,0
120272,2,1,0,0,0,0,0,0,0,0,0,0
120272,3,1,0,0,0,0,0,0,0,0,0,0
120273,0,1,0,0,0,29,0,0,0,36,0,0
120273,1,1,14,22,10,17,0,9,25,0,35,33
120273,2,1,0,0,0,0,0,0,0,0,0,0
120274,1,1,0,0,0,0,0,0,0,0,0,0
120274,2,1,0,0,16,0,0,10,0,0,0,0
120275,0,1,0,0,0,0,0,0,0,0,0,0
120275,1,1,0,0,0,0,0,0,0,0,0,0
120276,1,1,0,0,0,0,0,0,0,0,0,0
120276,2,1,0,0,0,0,0,0,0,0,0,0
120277,1,1,0,0,0,0,0,0,0,0,0,0
120277,2,1,0,0,0,0,0,0,0,0,0,0
120278,1,1,0,0,0,0,0,0,0,0,0,0
120279,1,1,11,0,0,0,0,0,0,14,0,0
120279,2,1,0,0,0,0,0,0,0,0,0,0
120280,0,1,0,19,0,0,15,25,0,34,0,18
120280,1,1,0,0,0,0,0,0,0,0,0,0
120280,2,1,0,0,0,0,22,0,0,0,0,0
120280,3,1,0,21,0,0,0,0,16,0,0,0
120281,1,1,14,14,14,14,14,14,14,14,14,14
120282,1,1,0,0,0,0,0,0,0,0,0,0
120282,2,1,0,0,0,0,0,0,0,0,0,0
120283,1,1,8,8,8,8,8,8,8,8,8,8
120283,2,1,3,3,3,3,3,3,3,3,3,3
120284,1,1,9,9,9,9,9,9,9,9,9,9
120286,1,1,0,0,0,0,0,0,0,0,0,0
120287,0,1,6,0,7,19,0,0,0,9,0,9
120287,1,1,0,0,0,0,0,0,0,0,0,0
120289,0,1,0,0,0,0,0,0,0,0,0,0
120289,1,1,0,0,0,0,0,0,0,0,0,0
120290,1,1,0,0,0,0,0,0,0,0,0,0
120290,2,1,2,2,2,2,2,2,2,2,2,2
120291,1,1,0,0,0,0,0,0,0,0,0,0
120291,2,1,0,0,0,0,0,0,0,0,0,0
120292,1,1,7,7,7,7,7,7,7,7,7,7
120292,2,1,0,0,0,0,0,0,22,0,0,0
120293,1,1,0,0,0,0,0,0,0,0,0,0
120293,2,1,0,0,0,0,0,0,0,0,0,0
120294,1,1,0,0,0,0,0,0,11,0,18,0
120295,1,1,0,0,0,0,0,0,0,0,0,0
120296,0,1,35,35,35,35,35,35,35,35,35,35
120296,1,1,0,0,0,0,0,0,0,0,0,0
120297,0,1,17,17,17,17,17,17,17,17,17,17
120297,1,1,0,0,0,0,0,0,0,0,0,0
120299,0,1,0,0,0,0,0,0,0,0,0,0
120299,1,1,0,0,0,20,0,0,0,0,0,0
120300,1,1,23,0,4,0,22,11,13,0,0,0
120300,2,1,0,0,0,0,0,0,0,0,0,0
120301,1,1,0,0,0,0,0,0,0,0,0,0
120302,1,1,20,20,20,20,20,20,20,20,20,20
120303,1,1,0,0,0,0,0,0,0,0,0,0
120303,2,1,12,0,0,0,0,0,0,0,0,0
120304,0,1,12,12,12,12,12,12,12,12,12,12
120304,1,1,0,0,0,0,6,0,0,0,0,22
120305,0,1,28,28,28,28,28,28,28,28,28,28
120305,1,1,0,0,13,5,0,0,0,0,0,0
120306,1,1,19,19,19,19,19,19,19,19,19,19
120306,2,1,0,0,0,0,0,0,0,0,0,0
120307,1,1,0,0,0,0,0,32,0,0,0,0
120308,1,1,0,0,0,0,0,0,8,0,0,0
120308,2,1,4,0,17,6,0,4,0,0,22,0
120309,1,1,0,0,0,0,0,0,0,0,0,0
120309,2,1,0,0,0,0,0,0,0,0,0,0
120310,1,1,0,0,0,0,0,0,9,0,0,0
120310,2,1,0,0,0,0,0,0,0,0,0,0
120311,0,1,19,19,19,19,19,19,19,19,19,19
120311,2,1,0,0,0,0,0,0,0,0,0,0
120312,1,1,17,17,17,17,17,17,17,17,17,17
120312,2,1,0,0,0,0,0,0,0,0,0,0
120313,0,1,0,0,0,0,0,0,0,0,0,0
120313,1,1,0,0,0,0,0,0,0,0,0,0
120314,0,1,0,0,0,0,0,0,0,0,0,0
120314,1,1,0,0,0,0,0,14,0,0,0,0
120315,0,1,39,39,39,39,39,39,39,39,39,39
120315,1,1,0,3,0,0,0,0,0,0,0,0
120316,0,1,0,0,0,0,0,0,0,0,0,0
120316,1,1,0,0,0,0,0,0,3,0,0,0
120317,0,1,11,11,11,11,11,11,11,11,11,11
120317,1,1,0,0,0,0,0,0,0,0,0,0
120318,0,1,13,13,13,13,13,13,13,13,13,13
120318,1,1,18,0,10,0,0,0,0,0,0,0
120319,1,1,0,0,0,0,0,0,0,0,0,0
120319,2,1,0,0,0,0,0,0,0,0,0,0
120320,1,1,0,0,0,0,0,0,0,0,0,0
120320,2,1,0,0,0,0,0,0,0,0,0,0
120322,1,1,0,8,6,27,0,7,13,0,15,6
120322,2,1,16,0,0,0,0,0,0,0,0,15
120323,1,1,12,12,12,12,12,12,12,12,12,12
120323,2,1,0,0,0,0,0,0,0,0,0,0
120324,0,1,0,0,0,0,0,0,0,0,0,0
120324,1,1,0,0,0,0,0,0,0,0,0,0
120326,0,1,0,0,0,0,0,0,0,0,0,0
120326,1,1,0,0,0,0,0,0,0,0,0,0
120327,0,1,0,0,0,0,0,0,0,0,0,0
120327,1,1,0,0,0,0,0,0,0,0,0,0
120327,2,1,0,0,0,0,0,0,0,0,0,0
120328,0,1,0,0,0,0,0,0,0,0,0,0
120328,1,1,0,0,0,0,0,0,0,0,0,0
120328,2,1,0,0,0,0,0,0,0,0,0,0
120328,3,1,0,0,0,0,0,0,0,0,0,0
120330,1,1,0,0,0,0,0,0,0,0,0,0
120331,1,1,0,0,0,0,0,0,0,12,0,0
120331,2,1,0,0,0,0,0,0,0,0,0,0
120333,1,1,26,26,26,26,26,26,26,26,26,26
120334,1,1,23,23,23,23,23,23,23,23,23,23
120335,1,1,0,0,0,0,0,0,0,0,0,0
120336,1,1,0,0,0,0,0,0,0,0,0,0
120336,2,1,0,0,0,0,0,0,0,0,0,0
120337,1,1,0,0,0,0,0,0,0,0,0,0
120337,2,1,0,0,0,0,0,0,0,0,0,0
120338,0,1,43,43,43,43,43,43,43,43,43,43
120338,1,1,0,0,0,0,0,0,0,0,0,0
120338,2,1,0,0,0,0,0,0,0,0,0,0
120339,0,1,28,28,28,28,28,28,28,28,28,28
120339,1,1,0,0,0,0,0,0,0,0,0,0
120340,0,1,0,21,32,8,0,40,21,0,0,0
120340,1,1,28,21,24,0,0,0,0,15,0,0
120341,0,1,0,0,0,6,0,0,0,10,17,0
120341,1,1,0,0,0,0,0,0,0,0,0,0
120342,1,1,0,0,0,0,0,0,0,0,8,0
120342,2,1,0,0,0,0,0,0,0,0,0,0
120343,1,1,0,0,0,0,6,0,16,0,3,9
120343,2,1,0,0,0,0,12,0,0,0,0,0
120344,0,1,0,0,25,0,0,0,0,0,0,0
120344,1,1,0,0,0,0,19,12,0,13,0,0
120345,0,1,21,21,21,21,21,21,21,21,21,21
120345,1,1,0,0,0,0,0,0,0,0,0,0
120346,0,1,0,0,0,0,0,0,0,0,0,0
120346,1,1,0,0,0,0,0,0,0,0,0,0
120347,1,1,0,0,0,0,0,0,0,0,0,0
120348,0,1,0,0,0,0,0,0,0,0,0,0
120348,1,1,0,0,0,0,25,0,0,0,0,15
120349,1,1,0,0,0,0,0,0,0,0,0,0
120349,2,1,0,0,0,0,0,0,0,0,0,0
120350,0,1,22,17,26,34,25,20,3,23,22,14
120350,1,1,0,0,0,0,0,0,0,0,0,23
120351,0,1,0,0,0,0,0,0,0,0,0,0
120351,1,1,0,0,0,0,0,12,0,0,0,0
120352,0,1,0,0,0,0,0,0,0,0,0,0
120352,1,1,0,0,0,0,0,0,0,0,0,0
120353,0,1,0,0,0,0,0,0,0,0,0,0
120353,1,1,0,0,0,0,0,0,0,0,0,0
120354,1,1,0,0,0,0,0,0,0,0,0,0
120354,2,1,0,0,0,13,0,0,0,0,0,0
120355,0,1,21,0,0,13,0,0,12,0,13,0
120355,1,1,0,0,0,0,0,0,0,0,0,0
120356,0,1,31,0,11,26,39,0,25,0,0,23
120356,1,1,0,0,27,0,0,0,0,0,0,0
120358,1,1,8,0,0,13,27,12,6,0,3,14
120359,1,1,0,0,0,0,0,0,0,0,0,0
120359,2,1,0,0,0,0,0,0,0,0,0,0
120360,1,1,0,0,13,0,0,0,0,0,0,0
120360,2,1,0,0,0,11,0,0,0,0,0,11
120360,3,1,0,0,0,0,0,0,0,0,0,0
120361,0,1,0,0,0,0,0,0,0,0,0,0
120361,1,1,0,0,0,0,0,0,0,0,0,16
120362,1,1,0,0,0,0,0,0,0,0,0,0
120362,2,1,0,0,0,0,0,0,0,0,0,0
120363,1,1,0,0,0,0,0,0,0,0,0,0
120363,2,1,0,0,0,0,0,0,0,0,0,0
120363,3,1,0,0,0,0,0,0,0,0,0,0
120364,0,1,2,2,2,2,2,2,2,2,2,2
120364,1,1,2,2,2,2,2,2,2,2,2,2
120365,0,1,0,0,0,0,0,0,0,0,0,0
120365,1,1,0,0,0,0,0,0,0,0,0,0
120366,1,1,0,0,0,0,0,0,0,0,0,0
120366,2,1,0,0,0,0,0,0,0,0,0,0
120369,0,1,1,1,1,1,1,1,1,1,1,1
120369,1,1,0,0,0,0,0,0,0,0,0,0
120370,1,1,7,7,7,7,7,7,7,7,7,7
120371,1,1,25,0,17,0,13,15,43,0,0,0
120372,1,1,0,0,0,0,0,0,0,0,0,0
120373,1,1,0,0,0,0,11,10,0,0,0,0
120374,1,1,0,0,0,0,0,0,0,0,0,0
120375,1,1,1,1,1,1,1,1,1,1,1,1
120375,2,1,0,0,0,0,0,0,0,0,0,0
120376,0,1,23,23,23,23,23,23,23,23,23,23
120376,1,1,0,0,0,0,0,0,0,0,0,0
120377,1,1,0,0,0,0,0,0,0,0,0,0
120377,2,1,0,0,0,0,0,0,0,0,0,0
120378,1,1,0,0,0,0,0,0,0,0,0,0
120378,2,1,0,0,0,0,0,0,0,0,0,0
120379,1,1,18,18,18,18,18,18,18,18,18,18
120380,1,1,0,0,0,0,0,0,0,0,0,0
120381,0,1,18,18,18,18,18,18,18,18,18,18
120381,1,1,0,0,0,0,0,0,0,0,0,0
120382,1,1,0,0,0,0,0,0,0,0,0,0
120383,0,1,15,15,15,15,15,15,15,15,15,15
120383,1,1,0,0,0,0,0,0,0,0,0,0
120384,1,1,7,7,7,7,7,7,7,7,7,7
120385,0,1,1,1,1,1,1,1,1,1,1,1
120385,1,1,12,0,0,0,0,0,0,0,0,0
120386,0,1,0,0,0,0,0,0,0,0,0,0
120386,1,1,0,0,0,0,0,0,0,0,0,0
120387,1,1,0,0,21,0,0,0,0,0,0,0
120387,2,1,9,9,9,9,9,9,9,9,9,9
120388,0,1,0,0,0,0,0,0,0,0,0,0
120388,1,1,0,0,0,0,0,0,0,0,0,0
120389,0,1,0,24,0,0,0,0,0,0,0,0
120389,1,1,0,0,0,0,0,0,0,0,0,0
120390,1,1,0,0,0,0,0,0,0,0,0,0
120391,1,1,23,23,23,23,23,23,23,23,23,23
120392,1,1,0,0,0,0,0,0,0,0,0,0
120392,2,1,7,7,7,7,7,7,7,7,7,7
120393,0,1,0,0,0,0,0,0,0,0,0,0
120393,1,1,0,0,0,5,0,0,0,0,0,13
120394,0,1,0,22,0,0,0,0,0,0,0,0
120394,1,1,0,0,0,0,0,0,0,0,0,0
120395,0,1,0,0,0,17,0,0,0,0,0,0
120395,1,1,0,0,0,0,0,0,14,0,0,0
120396,1,1,0,0,0,0,0,0,0,0,0,0
120396,2,1,0,0,0,0,0,0,0,0,0,0
120397,1,1,19,19,19,19,19,19,19,19,19,19
120398,1,1,0,0,0,0,0,0,0,0,0,0
120398,2,1,0,0,0,0,0,0,0,0,0,0
120399,1,1,18,18,18,18,18,18,18,18,18,18
120400,0,1,19,19,19,19,19,19,19,19,19,19
120400,1,1,0,0,0,0,3,0,0,0,0,0