ST_CASE,VEH_NO,PER_NO,P1,P2,P3,P4,P5,P6,P7,P8,P9,P10
120685,0,1,39,39,39,39,39,39,39,39,39,39
120685,1,1,0,0,0,0,0,0,0,0,0,0
120686,1,1,0,0,0,0,0,0,0,0,0,0
120686,2,1,0,0,0,0,0,0,0,0,0,0
120687,1,1,0,0,0,0,0,0,0,0,0,0
120687,2,1,0,0,0,0,0,0,0,0,0,0
120688,1,1,0,0,0,0,0,0,0,0,0,0
120688,2,1,0,0,0,0,0,0,0,0,0,0
120690,1,1,2,2,2,2,2,2,2,2,2,2
120691,1,1,0,0,0,0,0,0,0,0,0,0
120691,2,1,10,10,10,10,10,10,10,10,10,10
120692,0,1,24,24,24,24,24,24,24,24,24,24
120692,1,1,0,0,11,0,0,0,0,0,0,0
120693,1,1,7,7,0,11,14,17,13,4,9,13
120693,2,1,18,0,0,0,0,0,0,0,0,0
120693,3,1,13,0,0,0,0,0,32,0,0,0
120694,0,1,7,17,26,24,12,0,0,9,0,0
120694,1,1,14,14,14,14,14,14,14,14,14,14
120695,1,1,0,0,0,0,0,0,0,0,0,0
120695,2,1,0,0,0,0,0,0,0,0,0,0
120696,1,1,0,0,0,0,0,0,0,0,0,0
120696,2,1,0,0,0,0,0,0,0,0,0,0
120697,1,1,0,0,0,0,0,0,0,0,0,0
120697,2,1,0,0,0,0,0,0,0,0,0,0
120697,3,1,0,0,0,0,0,0,0,0,0,0
120698,1,1,0,0,0,0,0,0,0,0,0,0
120698,2,1,0,0,0,0,0,0,0,0,0,0
120700,1,1,0,0,0,0,0,0,0,0,0,0
120700,2,1,0,15,0,0,0,0,0,0,0,0
120701,1,1,8,8,8,8,8,8,8,8,8,8
120702,1,1,0,0,0,0,0,0,0,0,0,11
120704,1,1,0,0,0,0,0,0,0,0,0,0
120704,2,1,0,0,17,0,0,0,0,0,0,0
120704,3,1,0,0,0,0,0,15,0,0,0,0
120705,0,1,0,0,0,0,0,0,0,0,0,0
120705,1,1,0,0,0,0,0,0,0,0,0,0
120706,1,1,6,8,0,9,0,9,16,16,18,10
120706,2,1,15,0,0,0,0,0,0,0,16,0
120707,1,1,15,13,0,0,0,0,0,0,18,0
120707,2,1,6,0,0,0,0,0,0,0,0,0
120708,0,1,0,12,14,0,10,0,0,16,0,8
120708,1,1,0,0,0,0,0,0,15,0,0,0
120709,1,1,0,0,0,0,0,0,0,0,0,0
120710,1,1,0,0,0,0,11,0,0,0,0,0
120710,2,1,0,0,0,0,0,0,0,0,0,0
120711,1,1,0,0,0,0,0,0,0,0,0,0
120711,2,1,0,16,0,0,0,0,0,0,0,0
120712,1,1,0,21,0,0,0,0,0,0,0,0
120713,1,1,0,0,0,15,0,23,0,0,0,0
120713,2,1,0,0,0,0,0,0,0,0,0,0
120714,1,1,0,0,0,0,0,0,0,0,0,0
120714,2,1,7,0,0,0,0,0,0,0,0,22
120714,3,1,0,0,0,0,0,0,0,23,0,0
120715,0,1,0,12,0,0,0,0,0,0,0,0
120715,1,1,0,0,0,0,0,0,14,0,0,0
120718,1,1,0,0,0,0,0,0,15,0,0,0
120718,2,1,0,0,0,0,0,0,0,0,0,0
120719,0,1,8,8,8,8,8,8,8,8,8,8
120719,1,1,0,0,0,0,0,0,23,0,0,0
120719,2,1,0,0,0,0,0,0,0,0,0,0
120720,0,1,0,0,22,0,0,11,17,24,0,0
120720,1,1,0,0,0,0,0,0,0,5,0,0
120721,1,1,12,12,12,12,12,12,12,12,12,12
120722,1,1,2,2,2,2,2,2,2,2,2,2
120723,1,1,0,0,0,0,0,0,0,0,0,0
120724,1,1,0,0,0,0,0,0,0,0,0,0
120724,2,1,0,0,0,0,0,0,0,0,0,0
120725,0,1,0,0,0,0,0,19,0,0,0,0
120725,1,1,0,13,0,0,0,0,0,9,0,0
120726,1,1,20,0,9,0,0,0,17,0,0,4
120727,1,1,29,29,29,29,29,29,29,29,29,29
120728,1,1,0,9,12,0,0,4,8,0,0,5
120728,2,1,0,0,0,0,0,0,0,0,0,0
120729,1,1,0,0,0,0,0,0,13,0,0,0
120729,2,1,0,0,0,20,8,0,0,0,0,0
120730,0,1,0,0,0,0,0,0,0,0,0,0
120730,1,1,21,11,0,15,12,0,0,24,21,8
120731,1,1,24,24,24,24,24,24,24,24,24,24
120731,2,1,1,1,1,1,1,1,1,1,1,1
120732,1,1,0,0,0,0,0,0,0,0,0,0
120732,2,1,0,0,0,0,0,0,0,0,0,0
120733,1,1,0,0,0,0,0,0,0,0,0,0
120733,2,1,5,19,0,0,0,0,0,9,23,0
120734,0,1,0,0,0,0,0,0,0,0,0,0
120734,1,1,0,0,0,0,0,0,0,0,0,0
120735,1,1,13,13,13,13,13,13,13,13,13,13
120736,1,1,19,19,19,19,19,19,19,19,19,19
120736,2,1,18,18,18,18,18,18,18,18,18,18
120736,3,1,0,0,0,0,0,0,0,0,0,0
120737,0,1,4,4,4,4,4,4,4,4,4,4
120737,1,1,0,0,0,0,0,0,0,0,0,0
120738,0,1,2,26,0,15,0,0,12,0,0,0
120738,1,1,0,0,0,0,0,0,0,0,0,0
120739,1,1,21,21,21,21,21,21,21,21,21,21
120739,2,1,0,0,0,0,0,0,0,0,0,0
120740,1,1,0,23,0,0,0,0,0,0,15,0
120740,2,1,22,0,0,0,0,0,0,32,0,0
120741,0,1,13,0,24,0,0,0,0,0,12,0
120741,1,1,0,0,5,0,12,0,0,9,19,0
120742,1,1,0,0,0,0,0,0,0,0,0,2
120742,2,1,0,0,0,0,0,0,21,0,0,0
120743,1,1,8,8,8,8,8,8,8,8,8,8
120743,2,1,0,0,0,0,0,0,0,0,0,0
120744,1,1,24,0,0,0,24,0,0,0,0,0
120744,2,1,0,0,0,0,0,4,11,0,0,0
120745,0,1,0,0,0,0,0,0,0,0,0,0
120745,1,1,0,0,0,0,0,0,0,0,0,0
120746,1,1,11,0,0,0,0,22,0,17,0,0
120747,1,1,0,0,0,0,0,0,0,0,0,0
120747,2,1,0,0,0,0,0,0,0,0,0,0
120748,1,1,0,0,0,0,0,0,0,0,0,0
120748,2,1,0,0,11,0,0,0,0,0,0,0
120749,0,1,40,40,40,40,40,40,40,40,40,40
120749,1,1,0,0,0,0,0,0,14,0,0,0
120750,1,1,0,13,11,14,0,32,0,16,11,17
120750,2,1,0,0,0,0,0,0,0,0,0,0
120750,3,1,0,0,0,19,14,0,0,0,0,0
120750,4,1,0,23,0,0,0,0,0,0,18,0
120751,1,1,17,17,17,17,17,17,17,17,17,17
120751,2,1,0,0,0,0,0,0,0,0,0,0
120751,3,1,0,0,0,0,0,0,14,0,0,0
120752,1,1,18,18,18,18,18,18,18,18,18,18
120752,2,1,0,0,0,10,0,0,0,0,0,0
120752,3,1,0,0,0,0,0,0,0,0,0,0
120753,1,1,0,0,0,0,0,0,0,0,0,0
120754,1,1,12,6,0,0,0,27,0,13,0,0
120754,2,1,0,0,0,0,0,0,0,0,0,0
120755,1,1,0,0,0,0,0,0,0,0,0,0
120755,2,1,0,0,0,0,0,0,0,20,0,0
120756,1,1,10,32,0,4,19,0,0,0,20,0
120757,0,1,0,0,0,0,0,0,0,0,0,0
120757,1,1,0,0,0,0,0,0,0,0,0,0
120758,1,1,0,0,0,0,0,0,0,0,0,0
120759,0,1,0,0,24,20,0,10,0,0,0,0
120759,1,1,16,20,6,35,6,21,12,17,0,5
120761,1,1,0,0,0,0,0,0,0,0,0,0
120761,2,1,0,0,0,0,0,0,0,0,0,0
120761,3,1,0,0,0,0,0,0,0,0,0,0
120762,1,1,0,0,0,0,0,0,0,0,0,0
120763,0,1,0,0,0,0,0,0,0,0,0,0
120763,1,1,0,0,0,0,0,0,0,0,0,0
120764,1,1,10,10,10,10,10,10,10,10,10,10
120764,2,1,0,0,0,0,0,0,0,0,0,0
120765,0,1,0,0,0,0,5,0,0,0,0,0
120765,1,1,0,0,0,0,0,0,0,0,0,0
120766,0,1,0,20,0,0,0,0,0,0,0,0
120766,1,1,0,0,0,0,0,0,0,0,0,0
120768,0,1,0,0,0,0,0,0,0,0,0,0
120768,1,1,0,0,0,0,0,0,0,0,0,0
120769,1,1,0,31,0,0,0,0,0,0,0,9
120769,2,1,12,13,0,0,0,0,0,0,0,0
120770,0,1,0,0,0,0,0,0,0,0,0,0
120770,1,1,0,0,0,0,0,0,0,0,0,0
120771,0,1,0,0,0,24,0,0,0,0,0,0
120771,1,1,0,0,0,0,0,0,0,0,0,0
120772,1,1,6,0,0,14,0,0,0,9,12,22
120773,0,1,0,0,0,0,0,0,0,0,0,0
120773,1,1,0,0,0,0,0,0,0,0,0,0
120774,0,1,0,0,0,0,0,20,0,0,0,10
120774,1,1,0,16,0,0,0,0,0,0,19,0
120775,1,1,0,0,0,0,0,0,0,0,0,0
120775,2,1,0,0,0,0,0,0,0,0,0,0
120776,0,1,0,0,0,0,0,0,0,0,0,0
120776,1,1,0,0,0,0,0,0,0,0,0,0
120777,1,1,0,0,0,0,0,0,0,0,0,0
120777,2,1,0,0,0,0,0,0,0,0,0,0
120779,1,1,6,8,30,15,19,24,17,9,30,9
120779,2,1,0,0,0,0,0,0,0,27,0,0
120780,1,1,0,0,0,0,0,5,0,9,0,0
120780,2,1,0,0,0,0,0,0,0,0,0,0
120781,1,1,34,34,34,34,34,34,34,34,34,34
120782,1,1,0,24,0,0,7,0,0,0,0,0
120782,2,1,0,0,0,0,0,0,0,0,0,0
120782,3,1,0,0,0,0,0,0,0,0,0,0
120782,4,1,0,14,12,0,0,0,0,9,13,0
120783,0,1,15,2,13,18,13,0,33,10,28,18
120783,1,1,0,0,0,0,0,0,0,9,0,16
120784,1,1,19,19,19,19,19,19,19,19,19,19
120785,1,1,0,0,0,0,0,0,0,0,0,0
120785,2,1,0,0,0,0,0,0,0,0,0,0
120785,3,1,0,0,0,0,0,0,0,0,0,0
120785,4,1,7,0,7,0,0,0,0,0,0,0
120786,0,1,26,26,26,26,26,26,26,26,26,26
120786,1,1,0,0,0,0,0,0,9,0,0,0
120788,1,1,0,34,47,9,16,14,0,0,20,0
120789,0,1,0,0,0,0,0,0,0,0,0,0
120789,1,1,0,0,0,0,0,0,0,0,0,0
120790,0,1,0,0,13,0,0,0,0,0,40,0
120790,1,1,0,0,0,0,0,0,0,0,0,0
120790,2,1,0,0,0,0,0,0,0,0,0,0
120791,0,1,0,11,0,0,0,0,0,0,0,0
120791,1,1,0,0,0,0,0,0,0,0,0,0
120792,1,1,0,0,0,0,0,0,0,0,0,24
120792,2,1,0,0,0,0,0,0,0,13,10,0
120793,1,1,0,0,0,0,0,0,0,0,0,0
120794,0,1,0,0,0,0,0,0,0,0,0,0
120794,1,1,0,0,0,0,0,0,0,0,0,0
120795,1,1,0,0,0,0,0,0,0,0,0,0
120795,2,1,0,0,0,0,0,0,12,0,0,0
120796,0,1,0,0,0,0,0,0,22,0,0,0
120796,1,1,0,16,15,0,0,0,0,0,0,0
120796,2,1,0,0,0,0,0,0,0,0,0,0
120797,1,1,0,0,0,0,0,0,0,0,0,0
120797,2,1,0,0,0,0,0,0,0,0,0,0
120798,1,1,0,0,0,0,0,0,0,0,0,0
120799,1,1,0,0,0,0,0,0,0,0,0,0
120799,2,1,0,0,0,0,0,0,0,0,0,0
120800,0,1,0,0,0,0,0,0,0,0,0,0
120800,1,1,0,0,0,0,0,0,0,0,0,0
120801,1,1,17,0,21,0,0,0,0,0,0,0
120802,1,1,0,0,0,0,0,0,0,0,0,0
120802,2,1,0,0,0,0,0,0,0,0,0,0
120803,1,1,6,0,26,0,0,0,12,0,0,0
120803,2,1,0,0,17,10,0,0,0,0,0,18
120804,1,1,0,0,19,0,0,0,0,0,0,0
120804,2,1,0,0,0,0,0,0,0,0,0,0
120805,1,1,6,6,6,6,6,6,6,6,6,6
120807,1,1,0,0,0,0,0,0,0,0,0,0
120807,2,1,0,0,0,0,0,0,0,0,0,0
120808,1,1,0,0,0,0,0,0,0,0,0,0
120809,0,1,0,0,0,0,0,0,0,0,0,0
120809,1,1,0,0,0,0,0,0,0,0,0,0
120810,0,1,0,0,0,0,0,0,0,0,0,0
120810,1,1,15,4,0,0,0,0,0,0,0,0
120811,1,1,0,0,0,0,0,0,0,0,0,0
120811,2,1,0,0,0,0,0,0,0,0,0,0
120812,0,1,2,2,2,2,2,2,2,2,2,2
120812,1,1,0,0,0,0,0,0,0,0,0,0
120813,0,1,32,32,32,32,32,32,32,32,32,32
120813,1,1,0,0,0,0,0,0,0,0,0,0
120814,1,1,15,0,0,0,0,0,18,33,6,0
120815,1,1,14,21,5,22,8,28,28,18,9,18
120815,2,1,0,14,0,0,0,0,0,0,0,0
120816,1,1,0,0,0,0,0,0,0,0,0,0
120816,2,1,0,0,0,0,0,0,0,0,0,0
120817,1,1,2,2,2,2,2,2,2,2,2,2
120818,1,1,0,0,0,0,0,0,0,0,0,0
120818,2,1,0,0,0,0,0,0,0,0,0,0
120819,0,1,17,17,16,32,26,2,24,7,6,27
120819,1,1,0,0,0,0,0,6,0,0,0,0
120819,2,1,0,0,0,0,0,0,0,0,0,0
120820,1,1,0,0,0,0,0,0,0,29,0,10
120821,1,1,6,7,23,11,0,0,0,6,8,0
120821,2,1,0,0,0,0,0,0,0,0,0,0
120823,0,1,0,7,0,0,0,0,20,0,14,0
120823,1,1,0,0,0,0,4,0,0,0,0,0
120824,1,1,3,3,3,3,3,3,3,3,3,3
120824,2,1,0,0,0,0,0,0,0,0,0,0
120825,0,1,28,28,28,28,28,28,28,28,28,28
120825,2,1,0,10,0,0,0,0,0,0,0,0
120826,1,1,0,0,0,0,0,0,0,0,0,0
120826,2,1,0,0,0,0,0,0,0,0,0,18
120829,1,1,0,0,0,0,0,0,0,0,0,0
120830,0,1,0,0,27,0,0,0,0,0,0,0
120830,1,1,0,0,0,0,0,11,0,0,0,0
120831,0,1,0,0,0,0,0,0,0,0,0,0
120831,1,1,0,0,0,0,0,3,0,15,0,0
120832,0,1,0,0,0,0,0,0,0,0,0,0
120832,1,1,0,0,0,0,0,0,0,0,0,0
120833,0,1,0,0,0,18,11,0,11,8,17,0
120833,1,1,0,0,0,0,0,0,0,0,0,0
120834,1,1,0,0,0,0,0,0,0,19,26,0
120835,1,1,0,0,0,0,0,0,0,0,0,0
120835,2,1,0,0,0,0,0,0,0,0,0,0
120836,0,1,0,22,0,0,0,0,0,0,0,0
120836,1,1,0,0,0,0,0,0,0,0,0,0
120837,1,1,0,0,0,0,0,0,0,16,0,0
120838,0,1,22,22,22,22,22,22,22,22,22,22
120838,1,1,0,0,0,0,0,0,0,0,0,0
120839,1,1,20,20,20,20,20,20,20,20,20,20
120840,1,1,27,27,27,27,27,27,27,27,27,27
120843,1,1,0,0,6,0,0,24,0,0,0,0
120843,2,1,0,0,0,0,0,0,0,0,0,0
120844,1,1,0,0,0,0,0,0,0,0,0,0
120844,2,1,0,0,24,0,0,0,0,0,0,0
120845,1,1,0,0,0,0,0,0,5,0,0,0
120845,2,1,0,0,0,0,0,0,0,0,0,0
120846,1,1,0,0,0,0,0,0,0,0,0,0
120846,2,1,0,0,0,0,0,0,0,0,0,0
120846,3,1,0,0,0,0,0,0,0,0,0,0
120847,1,1,0,0,0,0,0,0,0,0,0,0
120847,2,1,10,10,10,10,10,10,10,10,10,10
120848,1,1,25,19,0,20,0,0,0,21,0,29
120849,1,1,0,0,0,0,0,0,0,0,0,0
120850,1,1,0,0,0,0,0,0,0,0,0,0
120851,1,1,11,11,11,11,11,11,11,11,11,11
120852,0,1,0,0,0,0,0,0,0,0,0,0
120852,1,1,0,0,0,0,0,20,0,19,0,0
120853,1,1,0,0,0,0,0,0,0,0,21,0
120853,2,1,0,0,0,0,0,0,0,0,0,0
120854,1,1,20,20,20,20,20,20,20,20,20,20
120856,1,1,0,0,0,0,0,0,0,0,0,0
120857,0,1,0,0,0,0,0,23,0,0,22,0
120857,1,1,0,0,0,0,0,0,0,0,0,0
120857,2,1,0,0,0,0,0,0,0,0,14,0
120858,0,1,7,0,0,18,0,0,2,0,27,0
120858,1,1,0,0,0,0,0,0,0,0,0,0
120859,1,1,0,0,0,0,0,0,0,0,0,11
120859,2,1,0,0,0,0,0,0,0,0,0,0
120860,1,1,14,14,14,14,14,14,14,14,14,14
120861,1,1,6,6,6,6,6,6,6,6,6,6
120861,2,1,0,0,0,0,0,0,0,0,0,0
120862,1,1,0,0,0,0,0,0,0,0,0,0
120862,2,1,0,0,0,0,0,0,0,0,0,0
120863,1,1,0,0,0,0,0,0,0,0,0,0
120863,2,1,0,0,0,0,21,0,0,0,0,0
120864,1,1,24,24,24,24,24,24,24,24,24,24
120865,1,1,0,10,23,29,0,0,0,0,0,0
120865,2,1,0,0,0,0,13,0,0,0,0,0
120866,1,1,0,0,0,0,0,0,0,0,0,0
120866,2,1,0,0,0,0,0,0,0,0,0,0
120867,1,1,0,0,0,0,0,0,0,0,0,0
120867,2,1,0,0,0,0,0,0,0,0,0,0
120867,3,1,0,0,0,0,0,0,0,0,0,0
120868,0,1,0,0,0,0,9,0,41,0,0,25
120868,1,1,0,0,24,0,0,5,0,0,0,0
120869,1,1,23,23,23,23,23,23,23,23,23,23
120870,0,1,0,0,0,0,0,0,0,0,0,0
120870,1,1,0,0,0,0,0,0,0,0,0,0
120871,0,1,0,0,0,0,0,0,0,0,0,0
120871,1,1,0,0,0,25,0,0,0,0,0,0
120872,1,1,0,0,0,0,0,0,0,0,0,0
120872,2,1,0,0,0,0,0,0,0,0,0,0
120872,3,1,0,0,0,0,0,0,0,0,0,0
120873,1,1,15,15,15,15,15,15,15,15,15,15
120873,2,1,0,0,0,0,0,0,0,0,0,0
120874,1,1,0,0,0,0,0,0,0,0,0,0
120875,1,1,0,0,0,0,0,0,0,0,0,0
120876,1,1,0,0,0,0,0,0,0,0,0,0
120876,2,1,0,0,0,0,0,0,0,0,0,0
120878,1,1,24,24,24,24,24,24,24,24,24,24
120879,1,1,0,0,0,0,0,0,0,0,0,0
120880,1,1,0,0,0,0,0,0,0,0,0,0
120880,2,1,0,0,0,0,0,0,0,0,0,0
120881,1,1,0,0,0,0,0,0,0,0,0,0
120881,2,1,0,0,0,0,0,0,0,0,0,0
120882,1,1,0,0,0,0,0,0,0,0,0,0
120882,2,1,7,13,0,0,0,0,0,0,0,0
120883,1,1,0,0,0,0,0,0,0,0,0,0
120883,2,1,0,0,0,0,0,0,0,0,0,0
120884,1,1,0,4,25,17,15,0,18,7,0,8
120885,1,1,18,18,18,18,18,18,18,18,18,18
120886,1,1,0,0,0,0,0,0,0,0,0,0
120886,2,1,0,0,0,0,0,0,0,0,0,0
120887,0,1,0,0,0,0,0,0,0,0,0,0
120887,0,2,0,0,0,20,0,0,0,0,0,0
120887,1,1,0,0,0,0,0,0,0,0,0,0
120888,1,1,0,0,0,0,0,6,0,0,0,0
120888,2,1,0,0,0,0,0,0,0,0,0,0
120889,1,1,0,0,0,0,0,0,0,0,0,0
120889,2,1,0,0,0,2,0,0,0,0,0,0
120890,1,1,0,0,0,0,0,0,0,8,0,0
120890,2,1,0,0,0,0,0,0,0,0,0,0
120890,3,1,0,0,0,0,0,0,0,0,0,0
120891,0,1,18,18,18,18,18,18,18,18,18,18
120891,1,1,16,0,0,0,0,0,0,0,19,0
120892,0,1,0,0,0,0,0,0,0,0,0,0
120892,1,1,0,0,0,0,0,0,0,0,0,0
120893,1,1,0,0,0,0,0,0,0,0,0,0
120893,2,1,0,0,0,0,0,0,0,0,0,0
120893,3,1,0,0,0,0,0,0,0,0,0,0
120894,1,1,0,0,0,0,0,0,0,0,0,0
120895,0,1,0,0,0,0,22,0,0,0,0,0
120895,1,1,24,24,24,24,24,24,24,24,24,24
120897,1,1,19,0,18,0,5,22,17,0,14,32
120898,1,1,0,0,0,0,0,0,0,0,0,0
120898,2,1,0,0,0,0,0,0,0,0,0,0
120901,1,1,0,0,0,0,0,0,0,0,0,0
120902,1,1,0,0,0,0,0,0,0,0,0,0
120902,2,1,0,0,0,0,0,0,0,0,0,0
120902,3,1,0,0,0,0,0,0,0,0,0,0
120904,1,1,19,19,19,19,19,19,19,19,19,19
120905,1,1,0,0,0,0,0,0,0,0,0,0
120906,1,1,0,0,0,0,0,0,0,0,0,0
120907,1,1,0,0,0,0,0,0,0,0,0,0
120907,2,1,0,0,0,0,0,0,0,0,0,0
120907,3,1,0,0,0,0,0,0,0,0,0,0
120908,1,1,0,0,0,0,0,0,0,0,0,0
120908,2,1,25,0,0,0,0,0,4,0,0,0
120909,1,1,29,29,29,29,29,29,29,29,29,29
120910,1,1,0,12,9,31,28,8,6,23,26,24
120910,2,1,0,0,0,0,0,0,0,0,0,0
120911,1,1,0,0,0,0,0,0,0,0,0,0
120911,2,1,13,13,13,13,13,13,13,13,13,13
120912,1,1,0,0,0,0,0,0,0,0,0,0
120913,1,1,0,0,0,0,0,0,8,17,0,0
120914,0,1,23,37,16,0,0,0,0,0,0,0
120914,1,1,0,0,0,0,0,0,0,0,0,0
120915,1,1,22,22,22,22,22,22,22,22,22,22
120915,2,1,0,0,0,0,0,0,0,0,0,0
120916,0,1,21,21,21,21,21,21,21,21,21,21
120916,1,1,0,0,0,0,0,0,0,0,0,0
120916,2,1,0,0,8,0,0,0,0,21,0,0
120917,1,1,0,0,0,0,0,0,0,0,0,0
120917,2,1,0,0,0,0,0,0,0,0,0,0
120918,0,1,0,0,0,15,12,22,11,15,0,32
120918,1,1,17,9,18,18,4,0,6,0,34,11
120919,1,1,0,0,0,0,0,0,0,0,0,0
120919,2,1,0,0,8,0,0,0,0,0,0,0
120919,3,1,0,0,0,0,0,8,0,0,0,0
120919,4,1,0,0,0,0,0,0,0,0,0,0
120920,1,1,7,7,7,7,7,7,7,7,7,7
120920,2,1,0,0,0,0,0,0,0,0,0,0
120921,1,1,0,0,0,0,0,0,0,0,0,0
120921,2,1,0,0,0,0,0,0,0,0,0,0
120922,1,1,0,0,0,0,0,0,0,0,0,0
120922,2,1,0,0,10,0,0,0,0,0,0,0
120922,3,1,0,0,0,0,0,0,0,0,0,0
120923,1,1,8,4,10,13,17,14,20,13,13,28
120924,0,1,0,0,0,0,0,0,0,0,0,0
120924,1,1,0,0,0,0,0,0,0,0,0,20
120925,1,1,13,13,13,13,13,13,13,13,13,13
120925,2,1,7,7,7,7,7,7,7,7,7,7
120926,1,1,0,0,0,0,0,0,0,0,0,0
120926,2,1,0,0,0,0,0,0,0,0,0,0
120927,1,1,0,0,0,0,0,0,0,0,0,0
120927,2,1,0,0,0,0,0,0,0,0,0,0
120927,3,1,0,0,0,0,0,0,0,0,0,0
120928,1,1,0,0,0,0,0,0,0,0,0,0
120928,2,1,22,22,22,22,22,22,22,22,22,22
120929,1,1,0,0,0,0,0,0,0,0,0,0
120929,2,1,0,0,0,0,0,0,0,0,0,0
120929,3,1,0,0,0,0,0,0,18,0,0,0
120929,4,1,0,0,0,0,25,0,0,0,0,9
120930,1,1,0,0,0,0,0,0,0,0,0,0
120930,2,1,0,0,0,0,2,0,0,0,0,0
120930,3,1,0,0,0,0,0,0,0,0,0,0
120930,4,1,0,0,0,0,0,0,0,0,0,0
120930,5,1,0,0,0,0,0,0,0,0,0,0
120930,6,1,0,0,0,0,0,0,8,0,0,0
120931,1,1,19,19,19,19,19,19,19,19,19,19
120932,1,1,11,0,0,0,0,0,8,22,16,0
120933,1,1,0,0,0,7,0,0,17,0,0,0
120933,2,1,0,0,0,0,0,0,0,0,0,0
120934,0,1,0,0,0,0,0,0,0,0,0,0
120934,1,1,0,0,0,0,0,0,0,0,0,0
120934,2,1,0,0,0,0,0,0,20,0,32,0
120935,1,1,0,0,0,0,8,0,0,0,0,0
120936,1,1,0,0,0,0,0,0,0,0,0,0
120936,2,1,0,0,0,0,0,0,0,28,0,0
120937,1,1,22,0,14,12,0,18,12,0,8,22
120938,1,1,0,0,0,0,0,0,0,0,0,0
120938,2,1,0,0,0,0,0,0,0,0,0,0
120938,3,1,0,0,0,0,0,0,0,0,0,0
120939,1,1,0,0,0,0,0,0,0,0,0,0
120939,2,1,0,0,0,0,0,0,0,0,0,0
120939,3,1,0,0,0,0,0,0,0,0,0,0
120940,1,1,0,0,0,0,12,0,0,19,0,0
120940,2,1,0,0,0,0,0,0,0,15,0,0
120941,1,1,11,11,11,11,11,11,11,11,11,11
120941,2,1,0,0,0,0,0,0,0,0,0,0
120941,3,1,0,0,0,0,0,0,0,0,0,0
120942,0,1,7,7,7,7,7,7,7,7,7,7
120942,1,1,0,0,0,0,0,7,0,0,0,0
120943,1,1,0,0,20,0,0,0,0,0,0,0
120943,2,1,0,0,0,0,0,0,0,0,0,0
120944,0,1,0,0,0,0,0,0,0,0,0,0
120944,1,1,8,25,20,0,0,10,12,16,17,27
120945,1,1,17,14,0,12,13,0,23,0,0,21
120946,1,1,0,0,0,0,25,0,0,0,0,0
120946,2,1,0,0,0,0,0,0,0,0,0,0
120947,0,1,27,27,27,27,27,27,27,27,27,27
120947,1,1,0,0,0,0,0,0,0,9,25,0
120948,1,1,0,21,0,0,0,0,0,0,0,0
120948,2,1,0,0,0,0,0,0,0,0,0,0
120949,0,1,0,0,0,0,0,43,0,28,0,14
120949,1,1,0,0,0,0,0,0,0,0,0,0
120950,0,1,18,18,18,18,18,18,18,18,18,18
120950,1,1,0,3,0,0,0,0,0,0,0,0
120951,1,1,31,31,31,31,31,31,31,31,31,31
120953,1,1,16,16,16,16,16,16,16,16,16,16
120954,1,1,0,0,0,5,0,0,15,12,0,11
120954,2,1,0,0,0,0,0,0,0,0,0,0
120955,0,1,0,0,0,0,0,0,0,0,0,0
120955,1,1,10,10,10,10,10,10,10,10,10,10
120955,2,1,0,0,0,0,20,0,0,0,0,0
120955,3,1,0,0,0,0,0,0,0,0,0,0
120956,0,1,11,11,11,11,11,11,11,11,11,11
120956,1,1,0,0,0,0,0,0,0,0,0,0
120957,1,1,19,19,19,19,19,19,19,19,19,19
120957,2,1,0,0,0,0,0,0,0,0,0,0
120958,1,1,0,0,0,0,0,0,0,0,0,0
120958,2,1,0,3,14,0,0,0,29,0,16,14
120960,1,1,29,29,29,29,29,29,29,29,29,29
120961,0,1,0,0,21,0,0,0,0,10,0,0
120961,0,2,0,0,0,0,0,0,0,0,0,0
120961,1,1,0,0,0,0,0,0,0,0,22,0
120962,1,1,18,18,18,18,18,18,18,18,18,18
120963,1,1,16,16,16,16,16,16,16,16,16,16
120963,2,1,0,0,0,0,0,0,0,0,0,0
120964,0,1,0,0,0,0,0,0,0,0,0,0
120964,1,1,0,0,0,0,0,0,0,0,0,0
120965,1,1,0,0,0,0,0,0,0,0,0,0
120966,0,1,0,0,0,0,0,0,0,0,0,0
120966,1,1,0,0,0,0,0,0,0,0,0,0
120967,1,1,0,0,0,0,0,0,0,0,0,0
120967,2,1,3,3,3,3,3,3,3,3,3,3
120968,0,1,22,21,0,21,0,0,31,6,0,0
120968,1,1,0,0,0,0,0,9,0,0,0,0
120969,1,1,13,0,0,0,11,13,0,17,9,0
120969,2,1,0,0,0,0,0,0,0,0,0,0
120970,1,1,0,0,0,0,0,0,0,0,0,0
120970,2,1,0,0,0,0,0,0,0,0,0,0
120970,3,1,0,0,0,0,0,0,0,0,0,0
120971,1,1,30,30,30,30,30,30,30,30,30,30
120971,2,1,0,0,0,0,0,0,0,0,0,0
120973,0,1,0,0,0,0,0,0,0,0,0,0
120973,1,1,0,0,0,0,0,0,0,0,0,10
120974,1,1,0,0,0,0,0,0,0,0,0,0
120974,2,1,0,0,0,0,0,0,0,0,0,0
120975,1,1,0,0,0,0,0,0,0,0,0,0
120975,2,1,0,0,0,0,0,0,0,0,0,0
120975,3,1,0,0,0,0,0,0,0,16,0,0