ST_CASE,VEH_NO,PER_NO,P1,P2,P3,P4,P5,P6,P7,P8,P9,P10
120976,0,1,0,0,0,0,0,0,0,0,0,0
120976,1,1,14,24,0,0,0,0,0,0,0,5
120977,1,1,20,20,20,20,20,20,20,20,20,20
120977,2,1,0,0,0,0,0,0,0,0,0,0
120978,1,1,0,0,0,0,0,0,0,0,0,0
120978,2,1,0,0,0,0,0,0,0,0,0,0
120979,0,1,0,0,0,0,0,0,0,0,0,0
120979,1,1,26,0,0,0,0,0,0,0,0,0
120980,0,1,20,20,20,20,20,20,20,20,20,20
120980,1,1,0,12,0,0,0,0,0,0,0,0
120981,0,1,41,8,0,0,0,0,0,0,0,0
120981,1,1,0,0,0,0,0,0,0,0,0,0
120982,1,1,0,0,0,0,0,0,0,0,0,0
120982,2,1,0,0,0,0,0,0,0,0,0,0
120983,1,1,0,0,0,0,0,0,0,0,0,0
120984,1,1,0,0,0,0,0,0,0,0,0,0
120984,2,1,0,0,0,0,0,0,0,0,0,0
120985,0,1,0,0,0,0,0,0,0,0,0,0
120985,1,1,0,0,24,15,0,0,0,0,0,0
120986,0,1,0,0,0,11,26,17,17,0,0,0
120986,1,1,0,0,0,0,34,0,0,0,0,0
120987,1,1,0,0,0,0,0,0,0,0,0,0
120988,0,1,0,37,21,9,12,0,5,0,0,0
120988,1,1,0,0,0,0,0,0,0,0,18,0
120990,0,1,21,21,21,21,21,21,21,21,21,21
120990,1,1,0,0,0,0,0,0,0,0,0,11
120991,1,1,0,0,0,0,0,0,0,0,0,0
120991,2,1,0,0,0,0,0,0,0,0,28,0
120992,1,1,0,0,0,0,0,0,0,0,0,0
120992,2,1,0,0,0,0,0,0,0,0,0,0
120993,0,1,0,0,0,0,0,0,0,0,0,0
120993,1,1,0,0,0,0,0,0,0,0,0,0
120994,0,1,0,0,21,0,0,0,0,0,0,0
120994,1,1,0,0,0,0,0,0,13,0,0,0
120995,1,1,0,0,0,0,0,0,0,0,0,0
120995,2,1,0,0,0,0,0,0,0,0,0,0
120996,1,1,0,0,0,0,0,0,0,0,14,0
120996,2,1,0,0,0,0,0,0,0,0,0,0
120997,0,1,23,23,23,23,23,23,23,23,23,23
120997,1,1,0,0,0,0,0,10,0,0,0,0
120999,0,1,0,0,0,0,0,0,0,32,0,0
120999,1,1,0,0,0,0,0,0,0,0,0,0
121000,1,1,19,19,19,19,19,19,19,19,19,19
121001,1,1,0,0,0,0,0,0,0,0,0,0
121001,2,1,0,0,0,0,0,0,0,0,0,0
121002,0,1,0,0,0,0,0,0,0,0,0,0
121002,1,1,0,0,0,0,0,0,0,0,0,0
121003,1,1,0,0,0,0,0,0,0,0,0,0
121003,2,1,0,0,0,0,0,0,0,0,0,0
121004,1,1,0,0,0,0,0,0,0,0,0,0
121004,2,1,0,0,0,0,0,0,0,0,0,0
121004,3,1,0,0,0,0,0,0,0,0,0,0
121005,1,1,0,0,0,0,0,0,0,0,0,0
121006,1,1,0,0,0,0,0,0,0,0,0,0
121006,2,1,0,0,0,0,0,0,0,0,0,0
121007,1,1,0,0,0,0,0,0,0,0,0,0
121007,2,1,0,0,0,0,0,0,0,0,0,0
121008,1,1,0,0,0,0,0,0,0,0,0,0
121008,2,1,0,0,0,0,0,0,0,0,0,0
121008,3,1,0,0,0,0,0,0,0,0,0,0
121009,1,1,0,15,0,0,17,8,15,0,28,0
121009,2,1,0,0,0,0,0,0,0,0,0,0
121010,1,1,0,0,0,0,0,0,0,0,0,0
121010,2,1,0,0,0,0,0,0,0,0,0,0
121011,1,1,0,0,0,0,0,0,0,0,0,0
121011,2,1,0,0,0,0,0,0,0,0,0,0
121012,1,1,0,0,0,0,0,0,14,0,0,0
121012,2,1,3,3,3,3,3,3,3,3,3,3
121013,0,1,1,1,1,1,1,1,1,1,1,1
121013,1,1,0,0,0,0,0,0,0,0,22,0
121014,0,1,0,0,0,0,0,0,0,0,29,0
121014,1,1,0,0,0,0,0,0,0,0,0,0
121015,1,1,0,0,0,0,0,0,0,0,0,0
121016,1,1,12,12,12,12,12,12,12,12,12,12
121017,1,1,26,20,19,15,17,11,4,26,9,43
121018,1,1,0,0,0,0,0,0,0,0,0,0
121018,2,1,0,0,0,0,0,0,0,0,0,0
121019,1,1,0,0,0,0,0,0,0,0,0,0
121019,2,1,1,1,1,1,1,1,1,1,1,1
121020,0,1,0,0,30,0,0,19,0,0,0,0
121020,1,1,0,17,0,0,5,0,0,0,0,0
121021,1,1,0,0,26,0,20,18,8,0,30,9
121022,1,1,0,0,0,0,0,0,0,0,0,0
121022,2,1,0,0,0,0,0,0,0,0,0,0
121022,3,1,0,0,0,0,0,0,0,0,0,0
121024,1,1,0,0,0,22,16,0,0,0,10,0
121025,0,1,0,0,0,0,0,0,0,0,0,0
121025,1,1,0,0,0,0,0,0,0,0,0,0
121026,0,1,0,26,31,20,0,0,0,0,0,0
121026,2,1,0,0,0,0,24,0,0,0,0,0
121027,1,1,0,0,13,0,0,0,0,0,0,0
121027,2,1,0,0,0,0,0,0,0,0,0,0
121028,1,1,0,0,0,0,0,0,0,0,0,0
121028,2,1,0,0,0,0,0,0,0,0,0,0
121029,1,1,0,0,24,0,0,0,0,0,0,0
121030,1,1,0,0,0,0,0,0,0,0,0,0
121030,2,1,0,0,0,0,0,0,0,0,0,0
121030,3,1,0,0,0,0,0,0,0,0,0,0
121031,1,1,0,0,0,0,0,0,0,0,0,0
121031,2,1,0,0,0,0,0,0,0,0,0,0
121031,3,1,0,0,0,12,0,0,0,0,0,0
121032,1,1,25,25,25,25,25,25,25,25,25,25
121033,0,1,0,0,0,0,0,0,0,0,0,0
121033,1,1,0,0,0,0,0,0,0,0,0,0
121034,0,1,37,37,37,37,37,37,37,37,37,37
121034,1,1,0,0,0,0,0,0,0,0,0,0
121035,0,1,0,0,0,0,0,0,0,0,0,0
121035,1,1,12,12,12,12,12,12,12,12,12,12
121036,1,1,22,22,22,22,22,22,22,22,22,22
121037,1,1,22,22,22,22,22,22,22,22,22,22
121037,2,1,0,0,0,0,0,0,0,0,0,0
121038,1,1,0,0,0,0,26,12,17,0,0,0
121039,1,1,0,0,0,0,0,0,0,0,0,0
121039,2,1,0,0,0,0,0,0,0,0,0,0
121039,3,1,0,0,0,0,13,0,0,0,0,0
121040,1,1,0,0,0,0,0,0,0,0,0,0
121041,1,1,0,0,0,0,0,0,0,0,0,0
121041,2,1,0,0,0,0,0,0,0,0,0,0
121042,1,1,0,0,0,0,0,0,0,0,0,0
121042,2,1,0,0,0,0,0,0,0,0,0,0
121043,1,1,0,0,0,0,0,0,0,0,0,0
121043,2,1,0,0,0,0,0,0,0,0,0,0
121044,1,1,0,0,0,0,0,0,0,0,0,0
121044,2,1,0,0,0,0,0,0,0,0,0,0
121045,1,1,0,0,0,0,0,0,0,0,0,0
121045,2,1,0,0,0,0,0,0,0,0,0,0
121046,1,1,20,20,20,20,20,20,20,20,20,20
121047,1,1,0,0,0,0,0,0,0,0,0,0
121047,2,1,13,13,13,13,13,13,13,13,13,13
121048,1,1,16,16,16,16,16,16,16,16,16,16
121048,2,1,0,0,0,0,0,0,0,0,0,0
121050,1,1,7,0,0,0,14,34,0,0,0,16
121051,0,1,0,0,0,0,0,0,0,0,0,0
121051,1,1,0,0,0,0,20,0,0,0,0,0
121052,0,1,0,0,0,0,22,23,0,0,0,35
121052,1,1,0,18,0,0,0,0,0,0,27,0
121053,1,1,0,0,6,0,7,0,0,0,10,0
121053,2,1,0,0,0,0,0,14,0,0,0,0
121054,1,1,0,0,0,0,0,0,0,0,5,0
121054,2,1,0,0,0,19,0,0,0,0,0,0
121055,0,1,31,31,31,31,31,31,31,31,31,31
121055,1,1,0,0,0,0,0,0,0,0,28,0
121056,1,1,0,0,0,0,0,0,0,0,0,0
121056,2,1,0,0,0,0,0,0,0,0,0,14
121056,3,1,0,0,0,0,0,0,0,0,0,0
121057,0,1,34,34,34,34,34,34,34,34,34,34
121057,1,1,0,0,0,0,0,0,0,0,0,0
121058,1,1,0,0,0,0,0,7,0,0,0,0
121058,2,1,0,0,0,0,0,0,0,0,0,0
121059,1,1,0,0,0,0,0,0,0,0,0,0
121060,1,1,8,8,8,8,8,8,8,8,8,8
121060,2,1,0,0,0,0,15,0,0,0,0,0
121061,1,1,0,0,0,0,0,0,0,0,0,0
121062,1,1,0,0,0,0,0,0,0,0,0,0
121062,2,1,0,0,0,0,0,0,0,0,22,0
121063,1,1,0,0,0,0,0,0,0,0,0,0
121063,2,1,0,0,0,0,0,0,0,16,0,0
121064,1,1,13,0,0,0,0,8,0,8,0,34
121064,2,1,0,0,0,15,0,0,0,0,0,0
121064,3,1,0,0,0,0,10,0,0,0,0,0
121065,1,1,0,0,0,0,0,0,0,0,0,0
121065,2,1,0,0,0,0,0,0,0,0,0,0
121066,0,1,0,0,0,0,0,0,0,0,0,0
121066,1,1,22,23,0,13,0,22,0,0,11,28
121067,1,1,0,0,0,0,0,0,0,0,0,0
121067,2,1,0,0,0,0,0,0,0,0,0,0
121068,0,1,0,0,0,0,0,0,0,0,0,0
121068,1,1,0,0,0,0,0,0,0,0,0,0
121069,1,1,0,0,0,0,0,0,0,0,0,0
121069,2,1,0,0,0,16,0,0,0,0,0,0
121070,0,1,3,13,0,31,6,0,4,10,17,0
121070,1,1,0,0,13,0,0,0,0,0,0,0
121071,1,1,0,0,0,0,0,0,0,0,0,0
121071,2,1,0,0,0,0,0,0,0,0,0,0
121072,1,1,0,0,0,0,0,0,0,0,0,0
121072,2,1,0,0,0,0,0,0,0,0,0,0
121073,1,1,0,0,0,0,0,0,0,0,0,0
121073,2,1,0,0,0,0,0,0,0,0,20,0
121074,0,1,0,0,0,0,0,0,0,0,0,0
121074,1,1,0,0,0,0,0,0,0,0,0,0
121075,1,1,0,0,0,0,0,0,0,0,0,0
121075,2,1,0,0,0,0,0,0,0,0,0,0
121075,3,1,0,0,0,0,0,0,0,0,0,0
121075,4,1,0,0,0,0,0,0,0,0,0,0
121075,5,1,0,0,0,0,0,0,0,20,0,0
121077,1,1,0,0,0,0,0,0,0,0,0,0
121077,2,1,0,0,0,0,0,0,0,0,0,0
121078,1,1,0,0,0,0,0,0,0,0,0,0
121079,0,1,0,0,0,0,0,10,0,0,30,0
121079,1,1,26,20,20,16,18,20,0,0,24,8
121080,1,1,0,0,0,0,0,0,0,0,0,0
121080,2,1,0,0,0,0,0,0,0,0,0,0
121080,3,1,0,0,0,0,0,0,0,0,0,0
121081,0,1,0,0,0,0,0,0,0,0,0,0
121081,1,1,0,0,0,0,0,0,0,0,0,0
121082,1,1,0,0,0,0,0,0,0,0,0,0
121082,2,1,0,0,0,0,0,0,0,0,0,0
121083,1,1,1,1,1,1,1,1,1,1,1,1
121083,2,1,0,0,0,0,0,0,0,0,0,0
121084,1,1,0,0,0,0,0,0,0,0,0,0
121085,1,1,0,0,0,0,0,0,0,0,0,0
121085,2,1,0,0,0,0,0,0,0,0,0,0
121086,1,1,0,0,0,10,0,0,0,0,0,0
121087,1,1,19,0,0,0,0,0,0,0,0,0
121087,2,1,14,0,0,0,0,0,0,0,0,0
121087,4,1,0,0,0,0,0,0,0,0,0,0
121087,5,1,0,0,5,0,0,0,0,0,0,0
121088,1,1,0,0,0,0,0,0,0,0,0,0
121088,2,1,0,0,0,0,0,0,0,0,0,0
121088,3,1,0,0,0,0,0,0,0,0,0,0
121089,1,1,31,21,0,0,0,0,0,11,0,3
121090,1,1,0,5,0,14,0,0,13,10,0,13
121090,2,1,12,12,0,0,0,0,0,0,0,0
121091,1,1,0,0,0,0,0,0,0,0,0,0
121092,0,1,0,0,0,0,0,0,0,0,0,0
121092,1,1,20,0,0,0,0,0,0,0,0,0
121093,1,1,0,0,0,0,0,0,0,0,4,0
121093,2,1,1,1,1,1,1,1,1,1,1,1
121094,1,1,0,0,0,0,0,0,0,0,0,0
121094,2,1,0,0,0,0,0,0,0,0,0,0
121095,0,1,0,0,0,0,0,0,0,0,0,0
121095,1,1,0,0,0,0,0,0,0,0,0,0
121096,1,1,30,30,30,30,30,30,30,30,30,30
121096,2,1,0,0,0,0,0,0,0,0,0,0
121096,3,1,0,0,0,0,13,0,0,0,0,0
121097,1,1,0,0,0,0,0,0,0,0,0,0
121098,1,1,0,0,0,0,0,0,0,0,0,0
121098,2,1,0,0,0,0,0,0,0,0,0,0
121099,1,1,0,0,0,0,0,0,0,0,0,0
121099,2,1,0,0,0,0,0,0,0,0,0,0
121100,0,1,0,0,0,0,0,0,0,0,0,0
121100,1,1,0,0,0,0,0,0,0,0,0,0
121101,1,1,0,0,0,0,0,0,0,0,0,0
121101,2,1,0,0,0,0,0,0,0,0,0,0
121102,1,1,18,18,18,18,18,18,18,18,18,18
121102,2,1,0,0,0,0,0,0,0,0,0,0
121103,1,1,0,0,0,0,0,0,0,0,0,0
121104,1,1,0,0,0,0,0,0,0,0,0,0
121105,1,1,24,0,0,0,0,0,0,0,0,0
121105,2,1,0,0,0,0,0,0,0,0,0,0
121106,0,1,10,0,0,0,7,0,15,0,0,0
121106,1,1,0,0,16,0,0,0,0,0,0,0
121107,1,1,0,0,0,0,0,0,0,0,0,0
121107,2,1,0,0,0,0,0,0,0,0,0,0
121108,0,1,0,0,0,0,26,30,0,0,0,0
121108,1,1,0,20,0,0,32,0,0,0,0,0
121109,1,1,19,19,19,19,19,19,19,19,19,19
121109,2,1,0,0,0,0,0,0,3,0,0,0
121110,1,1,0,0,0,0,0,0,0,0,0,0
121110,2,1,0,0,0,0,0,0,0,0,0,0
121110,3,1,0,0,0,0,0,0,0,0,0,0
121111,1,1,0,0,0,0,0,0,0,0,0,0
121111,2,1,0,0,0,0,0,0,0,0,0,0
121112,1,1,0,0,0,0,0,0,0,0,0,0
121112,2,1,8,8,8,8,8,8,8,8,8,8
121112,3,1,0,0,0,0,0,0,0,0,0,14
121113,1,1,0,0,0,0,0,0,0,0,0,0
121113,2,1,0,0,0,0,0,0,0,0,0,0
121113,3,1,0,0,0,0,0,0,0,0,0,0
121114,1,1,0,0,0,0,0,0,0,0,0,0
121114,2,1,0,0,0,0,0,0,0,0,0,0
121115,0,1,0,0,0,0,0,0,0,0,0,0
121115,1,1,0,0,0,0,0,0,0,0,0,0
121116,0,1,49,49,49,49,49,49,49,49,49,49
121116,1,1,0,0,0,0,0,0,0,0,0,0
121116,2,1,0,0,0,0,0,0,0,0,0,17
121117,1,1,0,0,0,0,0,0,0,0,0,0
121117,2,1,0,0,0,0,0,18,0,0,0,0
121118,0,1,14,0,0,28,0,14,0,0,29,12
121118,1,1,0,0,0,0,0,0,0,0,0,0
121119,1,1,5,5,5,5,5,5,5,5,5,5
121119,2,1,0,13,0,0,25,0,0,0,0,0
121120,1,1,42,25,15,29,24,11,13,25,11,16
121121,1,1,0,0,0,0,0,0,0,0,0,0
121121,2,1,0,0,0,0,0,0,0,0,14,0
121122,1,1,14,14,14,14,14,14,14,14,14,14
121122,2,1,0,0,0,0,0,0,9,0,0,16
121123,0,1,0,24,18,0,0,0,30,0,0,0
121123,1,1,0,0,0,0,0,0,0,0,28,0
121124,0,1,0,0,0,0,16,39,6,0,0,27
121124,1,1,0,0,0,0,0,11,0,0,0,0
121125,0,1,0,33,0,0,0,35,37,0,0,0
121125,1,1,0,8,0,0,0,0,11,0,0,0
121126,0,1,12,16,23,35,22,10,9,0,0,11
121126,1,1,0,0,0,0,0,0,0,0,0,0
121127,0,1,19,19,26,21,23,17,13,13,23,54
121127,1,1,0,0,0,0,0,0,0,0,0,0
121128,1,1,13,10,34,0,0,0,15,0,0,0
121129,1,1,18,18,18,18,18,18,18,18,18,18
121130,1,1,0,0,0,0,0,0,0,0,0,0
121130,2,1,0,0,0,0,0,0,0,0,0,0
121131,1,1,20,20,20,20,20,20,20,20,20,20
121131,2,1,0,0,0,0,0,0,0,0,0,0
121132,1,1,0,0,0,0,0,0,0,0,0,0
121132,2,1,0,0,0,0,0,0,0,0,0,0
121135,1,1,25,0,18,17,9,10,12,12,4,15
121136,1,1,0,29,0,14,0,0,0,0,0,0
121136,2,1,0,0,0,0,0,0,0,0,0,0
121137,1,1,0,0,0,0,0,0,0,0,0,0
121137,2,1,0,0,0,0,0,0,0,0,0,0
121138,0,1,0,0,0,0,0,0,0,0,0,0
121138,1,1,0,0,0,0,0,0,0,20,0,0
121139,1,1,0,0,0,0,0,0,0,0,0,0
121139,2,1,0,0,0,0,0,0,0,0,0,0
121140,1,1,26,26,26,26,26,26,26,26,26,26
121140,2,1,0,0,0,0,0,0,0,0,0,0
121140,3,1,0,14,0,0,0,0,0,0,0,0
121140,4,1,0,0,0,0,0,0,0,0,0,0
121141,0,1,0,11,0,0,33,0,0,0,0,0
121141,0,2,0,0,0,13,0,0,0,0,16,0
121141,1,1,0,0,0,0,0,0,0,0,0,0
121142,1,1,0,0,0,0,0,0,0,0,0,0
121142,2,1,0,0,0,0,0,0,0,0,0,0
121143,0,1,0,0,0,0,0,0,0,0,0,0
121143,1,1,16,0,0,0,0,0,0,0,0,0
121144,1,1,7,7,7,7,7,7,7,7,7,7
121144,2,1,19,26,0,0,30,0,0,0,0,0
121144,3,1,0,0,0,0,0,11,29,0,0,0
121144,4,1,0,0,0,0,0,0,0,0,0,0
121145,0,1,12,12,12,12,12,12,12,12,12,12
121145,1,1,0,0,0,0,0,0,16,0,0,13
121147,0,1,0,0,0,0,0,0,0,0,0,0
121147,1,1,0,0,0,0,0,0,0,0,0,0
121148,1,1,0,0,0,0,13,0,0,0,0,0
121148,2,1,0,0,0,0,0,0,0,0,0,0
121149,1,1,23,36,0,0,0,0,0,0,0,0
121150,1,1,0,0,0,0,0,0,0,0,0,0
121150,2,1,0,0,0,0,0,0,0,0,0,0
121150,3,1,0,0,8,0,0,0,0,0,0,0
121150,4,1,0,0,0,0,0,0,0,0,0,0
121151,1,1,0,0,0,0,0,0,0,0,0,0
121151,2,1,0,0,0,0,0,0,0,0,0,0
121152,1,1,23,23,23,23,23,23,23,23,23,23
121152,2,1,0,0,0,0,0,0,0,0,0,0
121152,3,1,0,0,0,0,0,0,0,0,0,0
121153,1,1,0,0,0,0,0,0,0,0,0,0
121153,2,1,0,0,21,0,0,22,0,0,0,5
121154,0,1,0,0,0,0,0,0,0,0,0,0
121154,1,1,0,0,0,0,0,0,30,0,0,0
121155,0,1,0,0,0,0,0,0,0,0,0,0
121155,1,1,0,0,0,0,0,0,0,0,0,0
121156,1,1,0,0,0,0,0,0,0,0,0,0
121156,2,1,0,0,0,0,0,0,0,0,0,0
121157,1,1,0,0,0,0,0,14,0,0,0,0
121158,1,1,0,0,0,0,0,0,0,0,0,0
121158,2,1,0,0,0,25,0,9,0,0,0,0
121159,1,1,25,25,25,25,25,25,25,25,25,25
121159,2,1,0,0,5,0,0,0,0,0,0,0
121159,3,1,0,0,0,0,0,18,0,5,0,0
121159,4,1,0,0,0,0,0,0,0,0,0,0
121160,1,1,0,0,0,0,0,0,0,0,0,0
121160,2,1,0,0,0,0,0,0,0,4,0,0
121161,1,1,0,0,0,0,0,0,0,0,0,0
121161,2,1,0,0,0,0,0,0,0,18,0,0
121162,1,1,0,0,0,0,0,0,0,0,0,0
121163,1,1,0,0,0,0,0,0,0,16,0,0
121164,0,1,0,0,0,0,0,0,0,8,0,0
121164,1,1,0,0,0,0,0,0,0,0,0,0
121165,1,1,16,16,13,28,14,0,0,32,0,38
121166,1,1,0,0,0,0,0,0,0,0,0,0
121166,2,1,0,0,0,0,0,0,0,0,0,0
121167,1,1,0,0,0,0,0,0,0,0,0,0
121167,2,1,0,0,0,0,0,0,0,0,0,0
121168,0,1,14,14,14,14,14,14,14,14,14,14
121168,1,1,0,0,0,0,0,0,0,0,0,0
121169,1,1,0,0,0,0,0,0,0,0,0,0
121169,2,1,0,0,0,0,0,0,17,0,0,0
121170,1,1,0,0,17,6,0,0,0,0,0,0
121171,0,1,19,19,19,19,19,19,19,19,19,19
121171,0,2,0,0,0,0,0,6,0,0,15,0
121171,1,1,0,0,0,0,0,0,0,0,0,0
121172,0,1,20,0,32,10,0,19,15,0,0,0
121172,1,1,12,12,12,12,12,12,12,12,12,12
121173,1,1,20,20,20,20,20,20,20,20,20,20
121173,2,1,0,0,0,0,0,0,0,0,0,0
121174,1,1,0,0,0,0,0,0,0,0,0,0
121174,2,1,0,0,0,0,0,0,0,0,0,0
121175,1,1,0,0,0,0,0,0,0,0,0,0
121175,2,1,0,0,0,0,0,0,0,0,0,0
121176,1,1,0,0,0,0,0,0,0,0,0,0
121177,1,1,0,0,0,0,0,0,0,0,0,0
121178,1,1,0,0,0,0,0,0,0,0,0,0
121179,1,1,0,0,0,0,0,0,0,0,0,0
121180,1,1,0,9,0,0,0,0,0,0,0,0
121180,2,1,0,0,0,0,0,0,0,0,0,0
121181,0,1,17,17,17,17,17,17,17,17,17,17
121181,1,1,0,0,0,0,8,0,0,0,0,0
121182,0,1,0,0,0,0,0,0,0,0,0,0
121182,1,1,0,0,0,0,0,14,0,0,14,0
121183,0,1,0,0,13,0,0,0,0,0,0,0
121183,1,1,0,0,0,0,0,0,11,0,0,0
121184,1,1,0,16,0,0,0,0,0,0,0,0
121184,2,1,0,0,0,0,0,0,0,0,0,0
121186,1,1,0,0,0,0,27,0,13,0,0,0
121186,2,1,0,0,0,0,0,0,0,14,0,0
121186,3,1,0,0,0,0,0,0,0,0,0,0
121187,1,1,18,18,18,18,18,18,18,18,18,18
121188,1,1,29,29,29,29,29,29,29,29,29,29
121189,0,1,0,0,0,0,0,0,0,0,0,0
121189,1,1,0,0,0,0,0,0,0,22,0,0
121190,1,1,22,22,22,22,22,22,22,22,22,22
121191,1,1,0,0,0,0,0,0,0,0,0,0
121191,2,1,0,0,0,0,0,0,0,0,0,0
121192,1,1,0,0,0,0,0,0,0,0,0,0
121192,2,1,0,0,0,0,0,0,0,0,0,0
121193,0,1,40,40,40,40,40,40,40,40,40,40
121193,1,1,0,0,0,0,0,0,0,0,0,0
121194,0,1,21,21,21,21,21,21,21,21,21,21
121194,1,1,0,0,0,0,0,0,0,15,0,0
121194,2,1,0,0,0,0,0,0,0,0,0,0
121195,0,1,0,0,0,0,0,0,0,19,0,10
121195,1,1,23,0,0,0,0,0,0,0,0,0
121197,0,1,0,0,0,0,0,0,0,0,0,0
121197,1,1,0,0,0,0,0,0,0,0,0,0
121198,1,1,21,31,16,12,17,17,37,11,9,34
121199,1,1,0,0,0,0,0,0,0,0,0,0
121199,2,1,0,0,0,0,0,0,0,0,0,0
121199,3,1,0,0,0,0,0,0,0,0,0,0
121199,4,1,0,0,0,0,0,0,0,0,0,0
121200,0,1,22,22,22,22,22,22,22,22,22,22
121200,1,1,0,0,0,0,0,0,0,0,0,0
121201,1,1,0,0,0,0,0,0,0,16,0,0
121201,2,1,0,0,0,0,0,0,0,0,0,0
121201,3,1,0,0,0,0,0,0,0,0,0,0
121201,4,1,0,0,0,0,0,0,0,0,0,0
121202,1,1,12,16,0,8,11,0,0,8,21,10
121203,0,1,21,21,21,21,21,21,21,21,21,21
121203,1,1,0,0,0,15,0,0,0,0,0,0
121204,1,1,12,0,0,0,0,0,0,0,30,0
121205,1,1,0,0,0,0,0,0,0,0,0,0
121205,2,1,0,0,0,0,0,0,0,0,0,0
121207,1,1,0,0,0,0,0,0,0,0,0,0
121207,2,1,0,0,0,0,0,0,0,0,0,0
121208,1,1,0,0,0,0,0,0,0,0,0,0
121208,2,1,0,0,0,0,0,0,0,0,0,0
121209,1,1,29,29,29,29,29,29,29,29,29,29
121209,2,1,0,3,36,0,0,0,16,0,0,0
121210,1,1,25,25,25,25,25,25,25,25,25,25
121210,2,1,0,0,0,0,0,0,0,0,0,0
121211,1,1,0,0,0,0,0,0,0,0,0,0
121212,1,1,0,0,0,13,12,0,2,0,0,0
121213,0,1,30,30,30,30,30,30,30,30,30,30
121213,0,2,0,0,0,0,0,0,0,0,0,0
121213,1,1,5,5,5,5,5,5,5,5,5,5
121214,1,1,0,0,0,0,0,0,0,0,0,0
121214,2,1,0,0,0,0,0,0,0,0,0,0
121215,1,1,0,0,0,0,0,0,0,0,0,0
121215,2,1,0,0,0,0,11,24,0,0,0,0
121216,0,1,0,0,0,0,0,0,0,0,0,0
121216,1,1,0,0,0,0,0,0,0,0,0,0
121217,1,1,0,0,0,0,0,0,0,0,0,0
121217,2,1,0,0,0,0,0,0,0,0,0,0
121217,3,1,0,0,0,0,0,0,0,0,0,0
121218,1,1,0,0,0,0,0,0,0,0,0,0
121219,1,1,0,0,0,0,0,0,0,0,0,0
121219,2,1,0,0,0,0,0,18,0,12,0,0
121220,1,1,8,0,0,0,0,12,17,0,0,2
121220,2,1,0,0,0,0,9,0,0,0,0,22
121221,0,1,30,21,0,0,0,23,0,13,17,0
121221,1,1,0,0,0,0,0,0,0,0,0,0
121222,0,1,10,2,20,15,0,14,10,0,17,8
121222,1,1,0,0,0,0,0,0,0,0,0,0
121223,0,1,20,24,0,0,0,0,0,0,0,0
121223,1,1,0,0,0,0,0,0,5,0,0,0
121224,0,1,3,3,3,3,3,3,3,3,3,3
121224,1,1,0,0,0,0,0,0,0,0,0,0
121225,0,1,13,13,13,13,13,13,13,13,13,13
121225,1,1,0,0,0,0,0,0,0,0,0,0
121226,1,1,0,0,0,0,0,0,0,0,0,0
121226,2,1,21,21,21,21,21,21,21,21,21,21
121227,0,1,0,0,0,0,0,0,0,0,0,0
121227,1,1,0,0,0,0,0,19,0,0,0,0
121228,1,1,0,0,0,0,0,0,0,0,0,0
121228,2,1,0,0,0,0,0,0,0,0,0,0
121228,3,1,0,0,0,0,0,0,0,0,0,0
121228,4,1,0,0,0,0,0,0,0,0,0,0
121228,5,1,0,0,0,12,0,0,0,0,0,0
121228,6,1,0,0,12,0,0,0,0,0,0,0
121228,7,1,0,0,0,0,0,0,0,0,0,0
121229,1,1,0,0,0,0,0,0,0,0,0,0
121229,2,1,0,0,0,0,0,0,0,0,0,0
121229,3,1,0,0,0,0,0,0,0,0,0,0
121230,1,1,0,9,0,0,0,0,0,0,0,0
121230,2,1,0,0,0,0,0,0,0,0,0,0
121231,1,1,0,0,0,0,0,0,0,0,0,0
121231,2,1,0,0,0,0,0,0,0,0,0,0
121232,1,1,0,0,0,0,0,0,0,0,0,0
121232,2,1,0,0,0,0,0,0,0,0,0,0
121233,0,1,0,17,14,0,0,0,0,0,0,0
121233,1,1,0,0,0,0,0,0,0,0,0,0
121234,0,1,0,0,0,0,0,0,0,0,0,0
121234,1,1,0,0,0,0,0,0,0,0,0,0
121235,0,1,0,0,0,0,31,0,0,0,0,31
121235,1,1,0,0,0,0,18,0,0,17,0,0
121236,1,1,15,15,15,15,15,15,15,15,15,15
121237,1,1,17,0,0,0,0,19,15,8,0,0
121238,1,1,0,0,0,0,0,0,0,0,0,0
121238,2,1,0,0,0,0,0,0,0,0,0,0
121239,1,1,17,17,17,17,17,17,17,17,17,17
121240,1,1,0,0,0,0,0,0,0,0,0,0
121240,2,1,0,0,0,0,0,0,0,0,0,0
121241,1,1,0,0,0,0,0,0,0,0,0,0
121241,2,1,0,0,0,0,0,0,0,0,0,0
121242,1,1,0,0,0,0,0,0,0,0,0,0
121242,2,1,0,0,0,0,0,0,0,0,17,19
121243,1,1,21,21,21,21,21,21,21,21,21,21
121243,2,1,0,0,0,0,0,0,0,0,0,0
121244,0,1,0,15,0,0,0,0,0,0,11,0
121244,0,2,0,0,0,0,0,0,0,0,0,0
121244,0,3,0,0,0,0,0,0,0,0,0,6
121244,1,1,22,3,0,3,0,11,0,38,13,0
121245,1,1,0,0,0,0,0,0,0,0,0,0
121245,2,1,0,0,0,0,0,0,0,0,0,0
121246,1,1,22,22,22,22,22,22,22,22,22,22
121247,1,1,18,18,18,18,18,18,18,18,18,18