ST_CASE,VEH_NO,PER_NO,P1,P2,P3,P4,P5,P6,P7,P8,P9,P10
121555,1,1,15,15,15,15,15,15,15,15,15,15
121556,1,1,15,15,15,15,15,15,15,15,15,15
121557,1,1,0,0,0,0,0,0,0,0,0,0
121558,0,1,0,0,0,0,0,0,0,0,0,0
121558,1,1,0,0,0,0,0,0,0,0,0,0
121559,1,1,0,0,0,0,0,0,0,0,0,0
121559,2,1,0,0,0,0,0,0,0,0,0,0
121560,1,1,0,0,0,0,0,0,0,0,0,0
121560,2,1,0,0,0,0,0,0,0,0,27,0
121560,3,1,0,0,0,0,0,0,0,0,0,0
121560,4,1,0,0,0,0,0,0,0,0,0,5
121561,1,1,22,13,10,19,17,5,15,8,14,7
121562,0,1,0,0,0,0,19,0,0,22,0,15
121562,1,1,0,0,7,0,0,0,0,10,0,0
121563,1,1,0,0,27,9,23,22,0,17,10,0
121564,0,1,0,30,33,0,0,0,0,0,0,0
121564,1,1,4,7,16,14,19,13,14,5,10,2
121565,1,1,0,0,0,0,0,0,0,0,0,0
121566,1,1,0,12,13,0,22,32,26,6,11,0
121567,1,1,0,0,0,0,0,0,0,0,0,42
121567,2,1,0,0,0,0,0,0,0,0,0,0
121568,1,1,0,0,0,20,0,21,0,0,9,0
121569,1,1,0,0,0,0,0,0,0,0,0,0
121569,2,1,0,25,36,0,0,0,18,0,15,5
121570,1,1,0,0,0,0,0,0,0,0,0,0
121570,2,1,5,5,5,5,5,5,5,5,5,5
121571,1,1,0,0,0,0,0,0,0,0,0,0
121571,2,1,0,0,0,0,10,0,0,0,0,0
121571,3,1,0,0,0,0,0,0,0,0,0,0
121572,1,1,0,0,0,0,0,0,0,0,0,0
121572,2,1,0,0,0,0,0,0,0,0,20,0
121573,1,1,0,0,0,0,0,0,0,0,0,0
121573,2,1,0,0,0,0,7,0,0,0,0,0
121573,3,1,0,0,0,0,0,0,0,0,0,0
121574,0,1,0,0,30,0,0,0,23,0,0,0
121574,1,1,0,0,0,0,0,0,7,0,0,0
121575,1,1,0,0,0,0,0,0,0,0,0,9
121575,2,1,0,0,0,0,0,0,0,0,0,0
121576,1,1,0,0,0,0,0,0,0,0,0,0
121577,1,1,7,0,0,0,19,26,0,0,0,21
121579,0,1,0,0,0,0,20,0,0,0,0,0
121579,1,1,0,0,0,0,0,0,0,0,0,0
121580,1,1,0,23,0,0,0,0,0,0,0,0
121580,2,1,0,0,0,0,0,0,0,0,0,0
121581,0,1,0,0,0,0,0,0,0,0,0,35
121581,1,1,0,26,0,0,21,17,0,0,12,0
121582,1,1,0,0,0,0,0,0,0,0,0,0
121582,2,1,0,0,0,0,0,0,0,0,0,0
121582,3,1,0,0,0,0,0,0,0,0,0,0
121583,1,1,0,0,0,0,0,11,0,0,0,0
121583,2,1,0,0,0,0,0,0,0,0,0,0
121585,1,1,0,0,0,0,0,0,0,0,0,0
121585,2,1,0,0,0,0,0,0,0,0,0,0
121587,1,1,13,13,13,13,13,13,13,13,13,13
121587,2,1,0,9,0,0,0,0,0,0,0,0
121588,0,1,0,0,0,0,0,0,0,0,0,0
121588,1,1,0,0,0,0,0,0,0,0,0,0
121589,1,1,0,0,0,0,0,0,0,0,0,0
121589,2,1,0,0,0,0,0,0,0,0,0,0
121590,1,1,6,6,6,6,6,6,6,6,6,6
121590,2,1,0,0,0,0,0,0,0,0,0,0
121591,1,1,0,0,0,0,0,0,0,0,0,0
121591,2,1,0,0,0,0,0,0,0,0,0,0
121592,0,1,0,0,0,0,0,0,0,0,0,0
121592,1,1,0,0,0,21,0,0,0,0,0,0
121593,1,1,0,0,0,0,0,0,0,0,0,0
121593,2,1,0,0,0,0,0,6,22,0,0,0
121594,0,1,23,0,14,0,46,0,0,0,4,0
121594,1,1,0,0,0,0,0,0,0,19,0,0
121595,0,1,0,0,0,0,0,0,0,0,0,0
121595,1,1,0,0,0,0,0,0,0,0,0,0
121596,1,1,0,0,7,0,27,0,5,18,22,0
121597,1,1,8,8,8,8,8,8,8,8,8,8
121597,2,1,0,0,0,0,0,0,0,0,0,0
121598,0,1,25,0,0,25,3,0,0,0,27,0
121598,1,1,29,0,0,13,0,0,0,25,0,0
121599,1,1,0,0,0,0,0,0,0,0,0,0
121599,2,1,0,0,0,0,0,15,0,0,0,0
121600,1,1,0,0,0,0,0,0,0,0,0,0
121600,2,1,0,0,0,0,0,0,0,0,0,0
121600,3,1,0,0,0,0,0,0,0,0,0,0
121601,1,1,17,17,17,17,17,17,17,17,17,17
121601,2,1,0,0,0,0,0,28,0,0,0,0
121602,1,1,20,20,20,20,20,20,20,20,20,20
121603,1,1,0,0,0,0,0,0,0,0,0,0
121603,2,1,0,0,0,0,0,0,0,0,0,0
121603,3,1,0,0,0,0,0,0,0,0,0,0
121604,1,1,7,7,7,7,7,7,7,7,7,7
121605,1,1,0,8,0,0,0,0,0,0,0,0
121605,2,1,0,0,0,0,0,0,0,0,0,0
121606,0,1,4,4,4,4,4,4,4,4,4,4
121606,0,2,22,24,8,1,34,19,32,25,36,7
121606,1,1,22,22,22,22,22,22,22,22,22,22
121608,1,1,6,0,0,12,14,0,0,0,0,0
121608,2,1,25,20,3,3,0,14,0,0,0,0
121609,1,1,1,1,1,1,1,1,1,1,1,1
121609,2,1,0,0,0,0,0,21,0,0,0,0
121610,1,1,0,0,0,0,0,0,24,0,0,14
121610,2,1,0,0,0,0,0,0,0,0,0,0
121611,1,1,21,21,21,21,21,21,21,21,21,21
121612,1,1,0,0,0,0,0,0,0,0,0,0
121613,1,1,20,20,20,20,20,20,20,20,20,20
121614,0,1,10,10,10,10,10,10,10,10,10,10
121614,1,1,0,13,0,0,0,0,0,0,0,0
121614,2,1,0,0,0,0,0,0,0,0,0,0
121615,1,1,17,17,17,17,17,17,17,17,17,17
121615,2,1,0,0,0,0,0,0,0,0,0,0
121616,1,1,0,0,0,0,0,0,0,0,0,0
121617,0,1,3,3,3,3,3,3,3,3,3,3
121617,1,1,0,0,0,0,0,0,0,0,0,0
121618,1,1,0,0,0,0,0,0,0,0,0,0
121618,2,1,11,11,11,11,11,11,11,11,11,11
121619,1,1,8,0,0,0,35,0,0,0,0,15
121620,1,1,0,0,0,0,0,0,0,0,0,0
121620,2,1,0,0,0,0,0,0,0,0,0,0
121620,3,1,0,0,0,0,0,0,0,0,9,0
121621,0,1,16,16,16,16,16,16,16,16,16,16
121621,1,1,0,0,0,0,0,0,0,0,0,0
121621,2,1,0,0,0,35,17,23,14,5,5,6
121622,1,1,0,0,0,0,0,0,0,0,0,0
121622,2,1,0,0,0,0,0,0,0,0,0,0
121623,1,1,0,0,0,0,0,0,0,0,0,0
121623,2,1,0,0,0,0,0,0,0,0,0,0
121624,1,1,0,20,0,0,0,0,0,0,0,17
121624,2,1,0,0,0,0,0,0,4,0,9,0
121625,1,1,2,2,2,2,2,2,2,2,2,2
121625,2,1,0,0,0,0,0,0,0,0,0,0
121626,1,1,0,0,0,0,14,0,0,0,0,0
121626,2,1,0,0,0,0,0,0,0,0,0,0
121627,1,1,0,0,0,0,0,0,0,0,0,0
121627,2,1,0,0,0,0,0,0,0,0,0,0
121628,1,1,0,0,0,0,0,0,0,0,0,0
121628,2,1,0,0,0,0,0,0,0,0,0,0
121629,1,1,0,0,0,0,0,0,0,0,0,0
121629,2,1,0,0,0,0,0,0,0,0,0,0
121630,1,1,0,0,0,0,0,0,0,0,0,0
121630,2,1,0,0,0,0,0,0,0,0,0,0
121631,1,1,14,20,11,19,15,16,15,12,11,21
121633,1,1,0,0,0,0,0,0,0,0,0,0
121633,2,1,0,0,0,0,0,0,0,0,0,0
121634,1,1,0,0,0,0,0,0,0,0,0,0
121634,2,1,0,0,0,0,0,0,0,0,0,7
121634,3,1,0,0,0,0,0,0,0,0,0,0
121634,4,1,0,0,0,0,0,0,0,0,0,0
121635,1,1,0,0,0,0,0,4,19,22,24,0
121636,1,1,19,19,19,19,19,19,19,19,19,19
121636,2,1,0,0,0,0,16,0,0,0,0,0
121637,1,1,0,0,0,0,0,0,0,0,0,0
121637,2,1,0,0,0,0,0,0,0,0,0,0
121638,1,1,20,20,20,20,20,20,20,20,20,20
121638,2,1,0,0,0,0,0,0,0,0,0,0
121639,1,1,0,0,0,0,0,0,0,0,0,0
121639,2,1,0,0,0,0,0,0,0,0,0,0
121640,1,1,0,0,0,0,0,0,0,0,0,0
121640,2,1,0,0,0,0,0,0,0,0,0,0
121641,1,1,2,2,2,2,2,2,2,2,2,2
121641,2,1,21,21,21,21,21,21,21,21,21,21
121642,1,1,0,0,0,0,0,0,0,0,0,0
121642,2,1,0,0,0,0,0,0,0,0,0,0
121643,1,1,9,0,0,0,11,0,12,22,19,0
121644,1,1,6,6,6,6,6,6,6,6,6,6
121645,1,1,0,0,0,0,0,0,8,12,0,0
121645,2,1,0,0,0,0,0,0,0,0,0,0
121646,1,1,21,21,21,21,21,21,21,21,21,21
121646,2,1,0,0,0,0,0,0,0,0,0,0
121647,1,1,0,0,0,0,0,0,0,0,0,0
121647,2,1,0,0,0,0,0,0,0,0,0,0
121648,1,1,0,0,0,0,0,0,0,0,0,0
121648,2,1,18,0,0,0,0,0,0,0,0,0
121649,0,1,0,0,9,5,21,0,35,0,19,21
121649,1,1,35,0,23,20,8,10,5,19,5,21
121651,0,1,0,0,0,0,0,0,0,0,0,0
121651,1,1,0,0,0,0,0,0,0,0,0,0
121652,1,1,7,16,6,19,0,10,0,4,12,10
121653,1,1,0,0,0,0,0,0,0,0,0,0
121653,2,1,0,0,0,0,0,0,0,0,7,0
121654,1,1,0,0,0,0,0,0,0,0,0,0
121654,2,1,0,0,0,0,0,0,0,0,0,0
121655,1,1,0,4,7,0,0,25,0,0,0,0
121655,2,1,0,0,0,0,0,0,0,0,0,0
121656,0,1,19,28,16,3,17,0,17,6,0,0
121656,1,1,0,0,0,0,0,0,0,0,0,0
121657,1,1,27,27,27,27,27,27,27,27,27,27
121657,2,1,0,0,0,0,0,0,0,0,0,0
121657,3,1,0,0,0,0,0,0,0,0,12,0
121658,0,1,0,0,0,0,0,0,0,0,0,0
121658,1,1,0,0,17,0,0,0,0,0,0,0
121659,0,1,0,0,0,0,0,0,0,0,0,0
121659,1,1,0,0,0,0,0,0,0,0,0,0
121659,2,1,0,0,0,0,0,0,0,0,0,0
121660,1,1,19,0,5,0,0,0,17,0,0,0
121660,2,1,0,0,0,0,0,0,0,0,0,0
121661,0,1,0,0,0,0,0,0,0,0,0,0
121661,1,1,0,0,0,0,0,0,0,0,0,0
121662,1,1,0,31,0,0,0,0,0,0,0,0
121662,2,1,0,0,1,0,0,0,0,0,0,0
121663,1,1,19,0,0,0,0,0,0,0,0,8
121663,2,1,0,0,0,0,0,0,0,0,0,0
121665,1,1,0,0,0,0,0,0,0,0,0,0
121665,2,1,0,0,0,0,0,0,0,0,0,0
121666,1,1,0,0,0,0,0,0,0,0,0,0
121666,2,1,0,0,0,0,0,0,23,0,0,0
121667,1,1,8,8,8,8,8,8,8,8,8,8
121667,2,1,12,0,0,0,0,0,0,0,0,0
121668,1,1,0,0,0,0,0,0,0,0,0,0
121669,0,1,0,0,0,0,26,0,0,0,0,0
121669,1,1,0,0,0,0,0,0,0,0,0,0
121670,1,1,0,0,0,0,0,0,0,0,0,0
121670,2,1,0,0,0,0,0,0,0,0,0,0
121671,0,1,37,37,37,37,37,37,37,37,37,37
121671,1,1,0,0,0,0,0,0,0,0,0,0
121672,0,1,17,0,0,0,10,14,13,0,21,27
121672,1,1,0,0,0,0,6,0,0,0,0,0
121673,1,1,12,12,12,12,12,12,12,12,12,12
121674,1,1,0,0,0,0,0,0,0,0,0,0
121674,2,1,0,0,0,0,0,0,0,0,0,0
121675,0,1,15,0,0,16,0,0,0,11,0,0
121675,1,1,0,0,0,0,0,0,0,0,0,0
121675,2,1,0,0,0,0,0,0,0,0,0,0
121676,0,1,0,0,0,0,0,0,0,0,0,0
121676,1,1,0,0,0,0,26,0,0,0,0,0
121677,1,1,20,20,20,20,20,20,20,20,20,20
121678,1,1,24,24,24,24,24,24,24,24,24,24
121679,1,1,0,0,0,0,0,0,0,0,0,0
121680,0,1,0,0,0,0,0,0,0,0,0,0
121681,1,1,0,0,0,0,0,0,0,0,0,0
121681,2,1,0,0,0,0,0,0,0,0,0,0
121682,1,1,0,0,0,0,0,0,0,0,0,15
121682,2,1,0,0,0,0,0,0,0,0,0,0
121683,0,1,0,0,0,0,0,0,0,0,0,0
121683,1,1,26,0,0,0,0,0,0,0,0,0
121683,2,1,0,0,0,0,0,0,0,0,0,0
121684,1,1,0,0,0,0,0,0,0,0,0,0
121684,2,1,0,0,0,0,0,0,0,0,0,0
121685,1,1,0,0,0,0,0,0,0,0,0,0
121686,0,1,20,20,20,20,20,20,20,20,20,20
121686,1,1,0,0,0,0,0,0,0,0,0,0
121687,1,1,0,0,0,0,0,0,0,0,0,0
121687,2,1,0,0,0,0,0,0,0,0,0,0
121688,0,1,0,18,0,0,0,0,35,0,0,0
121688,1,1,0,0,0,0,0,0,0,0,0,0
121691,0,1,0,0,0,0,0,0,0,0,0,0
121691,1,1,0,0,0,0,0,0,0,0,0,0
121692,1,1,0,0,0,0,16,0,0,0,0,12
121693,1,1,0,0,0,0,0,0,0,0,0,0
121693,2,1,0,0,0,0,0,0,0,0,0,0
121694,0,1,0,0,0,0,0,0,0,0,0,0
121694,1,1,0,0,0,0,0,0,0,0,0,0
121695,0,1,0,0,0,0,0,0,0,0,0,0
121695,1,1,0,0,0,0,0,0,0,0,0,0
121696,1,1,0,0,0,0,0,0,0,0,0,0
121696,2,1,0,0,0,0,0,0,0,0,0,0
121696,3,1,0,0,0,0,0,0,0,0,0,0
121697,0,1,0,0,0,14,21,0,29,12,0,15
121697,1,1,0,13,0,0,0,0,0,0,0,0
121698,1,1,0,0,0,0,0,0,0,0,0,0
121698,2,1,0,0,0,0,0,0,0,0,0,0
121699,1,1,0,0,0,0,0,0,0,0,0,0
121699,2,1,0,0,0,0,0,0,0,0,0,0
121700,0,1,11,11,11,11,11,11,11,11,11,11
121700,0,2,14,36,0,13,0,0,0,0,17,32
121700,0,3,0,0,0,0,0,0,0,0,0,0
121700,1,1,0,0,0,0,0,0,0,0,0,0
121701,1,1,0,0,0,0,0,0,0,0,0,0
121701,2,1,0,0,0,0,0,0,0,0,0,0
121702,0,1,0,0,0,20,0,0,0,20,0,18
121702,1,1,0,0,0,20,0,0,0,0,0,0
121703,1,1,0,0,11,0,0,26,0,0,0,0
121703,2,1,0,0,0,0,0,0,0,0,0,0
121704,1,1,0,0,0,0,0,0,0,0,0,0
121705,1,1,0,0,0,0,0,0,0,0,0,0
121706,0,1,0,0,0,0,0,0,0,0,0,0
121706,1,1,13,0,0,0,0,0,0,0,0,0
121706,2,1,0,0,0,0,0,0,0,0,0,15
121707,1,1,0,0,0,0,0,0,0,0,0,0
121707,2,1,0,0,0,0,5,0,0,0,0,0
121708,1,1,0,12,0,0,0,0,0,0,0,0
121709,0,1,23,14,22,8,25,11,22,16,0,20
121709,1,1,0,0,16,0,0,27,0,0,0,0
121710,0,1,0,0,0,21,25,0,0,26,0,13
121710,1,1,17,0,0,0,0,0,0,0,0,0
121711,0,1,35,0,23,5,0,0,0,0,0,11
121711,1,1,23,0,0,15,0,0,0,0,0,6
121712,1,1,14,14,14,14,14,14,14,14,14,14
121712,2,1,0,0,0,0,0,0,0,26,0,0
121713,1,1,5,5,5,5,5,5,5,5,5,5
121714,1,1,0,0,0,0,0,0,0,0,0,0
121714,2,1,0,0,0,0,0,0,0,0,0,0
121715,1,1,0,0,0,0,0,0,0,0,0,0
121715,2,1,0,0,0,0,0,0,0,0,0,0
121716,0,1,12,12,12,12,12,12,12,12,12,12
121716,1,1,0,9,9,16,22,34,17,5,26,10
121717,1,1,0,15,0,0,0,0,0,16,0,0
121717,2,1,5,17,0,4,0,0,9,0,4,0
121719,1,1,0,19,29,10,16,23,15,20,0,21
121720,0,1,6,15,0,0,0,0,0,0,14,0
121720,1,1,0,0,0,0,0,0,0,0,0,0
121721,0,1,30,30,30,30,30,30,30,30,30,30
121721,1,1,0,0,0,0,0,0,0,0,0,0
121723,0,1,0,0,0,0,12,0,0,0,0,0
121723,1,1,0,0,0,0,0,0,0,0,0,0
121724,1,1,0,0,0,0,0,0,0,0,0,0
121724,2,1,0,0,0,0,0,0,0,0,0,0
121724,3,1,0,0,0,0,0,0,0,0,0,0
121725,1,1,0,0,0,0,0,0,0,0,0,0
121725,2,1,0,0,0,0,0,0,0,0,0,0
121726,1,1,14,14,14,14,14,14,14,14,14,14
121726,2,1,0,0,0,0,0,0,0,0,2,0
121727,1,1,0,0,0,0,0,0,0,0,0,0
121727,2,1,0,0,0,0,0,0,0,0,0,0
121728,0,1,1,1,1,1,1,1,1,1,1,1
121728,0,2,0,0,0,0,0,0,0,0,0,0
121728,0,3,1,1,1,1,1,1,1,1,1,1
121728,2,1,1,1,1,1,1,1,1,1,1,1
121729,1,1,0,0,0,0,0,0,0,0,0,0
121729,2,1,0,0,0,0,0,0,0,0,0,0
121729,3,1,0,0,0,0,0,0,0,0,0,0
121730,1,1,23,23,23,23,23,23,23,23,23,23
121732,1,1,14,14,14,14,14,14,14,14,14,14
121733,0,1,1,1,1,1,1,1,1,1,1,1
121733,1,1,0,9,0,0,8,12,13,8,0,3
121736,0,1,0,0,0,0,0,0,0,0,0,0
121736,1,1,0,0,0,0,0,0,0,0,0,0
121737,0,1,0,0,0,0,0,0,0,0,0,0
121737,1,1,0,0,0,0,13,0,0,0,0,0
121738,1,1,16,16,16,16,16,16,16,16,16,16
121739,1,1,25,25,25,25,25,25,25,25,25,25
121739,2,1,0,0,0,0,0,0,0,0,0,0
121740,1,1,8,2,11,4,12,18,21,9,9,9
121740,2,1,0,0,0,0,0,0,0,0,0,0
121741,0,1,0,0,0,0,0,0,0,0,0,0
121741,1,1,0,0,0,0,0,0,0,0,0,0
121742,1,1,0,0,0,0,0,0,20,0,10,0
121743,1,1,22,22,22,22,22,22,22,22,22,22
121744,1,1,14,14,14,14,14,14,14,14,14,14
121745,1,1,0,0,0,0,0,0,0,0,0,0
121745,2,1,0,0,0,0,0,0,0,0,0,0
121746,1,1,0,0,0,0,0,0,0,0,0,0
121746,2,1,0,0,0,0,0,0,0,0,12,0
121747,1,1,0,0,0,0,0,0,0,0,0,0
121748,1,1,26,26,26,26,26,26,26,26,26,26
121748,2,1,0,0,0,0,0,0,0,0,0,0
121749,1,1,29,0,19,0,30,0,0,0,0,0
121749,2,1,6,6,6,6,6,6,6,6,6,6
121749,3,1,0,0,0,0,0,0,0,0,0,0
121750,1,1,0,0,0,0,0,0,0,0,0,0
121750,2,1,0,0,0,0,0,0,0,0,0,0
121751,0,1,0,0,0,0,0,0,0,0,0,0
121751,1,1,0,0,0,0,0,32,0,0,0,0
121752,0,1,0,0,0,0,0,0,0,0,0,0
121752,1,1,0,0,0,0,0,0,0,0,0,0
121753,1,1,17,17,17,17,17,17,17,17,17,17
121754,0,1,0,0,0,0,0,0,0,0,0,0
121754,1,1,0,0,0,0,0,0,0,0,0,0
121755,1,1,0,0,0,0,0,0,0,0,0,0
121756,1,1,0,0,0,0,0,0,0,0,0,0
121756,2,1,0,0,0,0,0,0,0,0,0,0
121757,1,1,17,17,17,17,17,17,17,17,17,17
121758,1,1,0,0,0,15,0,0,0,0,0,37
121758,2,1,0,0,0,0,0,0,0,0,0,0
121758,3,1,0,0,0,0,0,0,0,0,0,0
121759,1,1,0,0,0,0,0,0,0,0,0,0
121760,1,1,14,14,14,14,14,14,14,14,14,14
121761,1,1,0,0,0,0,0,0,0,0,0,0
121761,2,1,0,0,0,0,0,0,0,0,0,0
121762,1,1,0,0,0,0,0,0,0,0,0,0
121762,2,1,0,0,0,0,0,0,0,0,0,0
121764,0,1,0,31,32,0,0,0,22,7,28,0
121764,1,1,0,0,0,0,0,0,0,0,0,0
121765,1,1,0,0,0,0,0,0,0,0,0,0
121765,2,1,0,0,0,0,0,0,0,0,0,0
121766,1,1,0,0,0,0,0,0,0,0,0,0
121766,2,1,0,0,0,0,0,0,0,0,0,0
121767,1,1,22,11,28,18,24,29,18,11,24,11
121768,0,1,0,0,19,0,0,0,0,0,0,0
121768,1,1,0,0,0,0,0,0,0,0,2,0
121770,1,1,5,0,0,5,0,0,13,0,8,0
121770,2,1,0,0,0,0,0,5,0,0,28,0
121771,0,1,0,0,0,8,0,0,0,30,0,0
121771,1,1,0,0,0,0,0,0,0,0,0,0
121772,0,1,0,0,0,0,0,0,0,0,0,0
121772,1,1,0,0,0,0,0,0,0,0,0,0
121773,1,1,0,0,0,0,0,0,0,0,0,0
121774,1,1,0,0,0,0,0,0,3,0,16,0
121775,0,1,0,18,0,2,0,0,26,0,0,0
121775,1,1,0,0,0,0,0,0,0,0,0,0
121776,1,1,10,0,10,6,0,0,0,0,0,0
121777,1,1,0,0,0,0,0,0,0,0,0,0
121778,1,1,18,18,18,18,18,18,18,18,18,18
121779,1,1,0,0,0,0,0,0,0,0,0,0
121779,2,1,0,0,0,0,0,0,0,0,0,0
121780,1,1,0,0,0,0,0,0,0,0,0,0
121780,2,1,0,0,0,0,0,0,0,0,0,0
121781,0,1,0,0,0,0,0,0,0,0,0,0
121781,1,1,0,0,0,0,0,0,0,0,0,0
121782,1,1,0,0,0,0,0,0,0,0,0,0
121782,2,1,0,0,0,0,0,0,0,0,0,0
121783,0,1,0,0,0,28,0,0,0,34,0,19
121783,1,1,26,0,0,0,0,0,0,0,0,0
121785,1,1,19,0,0,0,0,0,17,0,0,0
121786,1,1,0,0,0,0,0,0,0,0,0,0
121786,2,1,0,0,0,0,0,0,0,0,0,0
121786,3,1,0,0,0,0,0,0,0,0,0,0
121787,1,1,0,0,0,0,0,0,0,0,0,0
121787,2,1,0,0,0,0,0,0,0,0,0,0
121787,3,1,0,0,0,0,0,0,0,0,0,0
121788,1,1,0,0,15,0,0,0,0,0,17,16
121789,0,1,0,0,0,0,0,0,0,0,0,0
121789,1,1,0,0,0,0,0,0,0,0,0,0
121790,1,1,30,30,30,30,30,30,30,30,30,30
121791,1,1,0,0,0,0,0,0,0,0,0,0
121791,2,1,0,0,0,0,0,0,0,9,0,0
121792,1,1,0,12,0,12,10,17,28,21,0,16
121793,1,1,0,0,0,0,0,0,26,0,0,0
121793,2,1,0,0,0,12,0,0,0,0,0,0
121794,1,1,0,0,0,0,0,0,19,0,0,0
121794,2,1,0,0,0,0,0,0,0,0,0,0
121796,1,1,0,0,0,0,22,5,6,0,0,6
121796,2,1,0,0,0,0,0,10,9,0,0,0
121797,1,1,0,0,0,0,0,0,0,0,0,0
121797,2,1,0,0,0,0,0,0,0,0,0,0
121799,1,1,4,0,17,17,8,4,12,3,21,21
121800,0,1,16,26,23,27,34,51,27,32,12,23
121800,1,1,0,0,26,0,0,0,0,0,0,0
121801,1,1,27,27,27,27,27,27,27,27,27,27
121803,1,1,2,2,2,2,2,2,2,2,2,2
121804,1,1,0,0,0,0,0,0,0,0,0,0
121804,2,1,0,0,0,0,0,0,0,0,0,0
121804,3,1,0,0,0,0,0,0,0,0,0,0
121804,4,1,0,0,0,0,0,0,0,0,0,0
121805,0,1,0,0,0,0,0,13,0,0,0,0
121805,1,1,0,0,0,0,15,24,0,0,0,0
121806,1,1,0,10,0,0,21,7,24,0,0,0
121806,2,1,0,0,0,40,12,0,0,0,7,0
121807,1,1,0,0,0,0,0,0,0,0,0,0
121807,2,1,0,0,0,0,0,0,0,0,0,0
121807,3,1,0,0,0,0,0,0,0,0,0,0
121807,4,1,0,25,0,0,0,0,0,0,0,0
121808,0,1,0,0,0,0,0,0,0,0,0,0
121808,1,1,0,13,0,0,0,0,0,0,0,0
121809,1,1,22,22,22,22,22,22,22,22,22,22
121810,1,1,0,7,2,22,5,0,0,0,0,0
121811,1,1,0,0,0,0,0,0,0,0,0,0
121811,2,1,0,0,0,0,0,0,0,0,0,0
121812,1,1,0,0,0,0,0,0,0,0,0,0
121812,2,1,0,0,0,0,0,0,0,0,0,0
121813,0,1,18,27,0,0,0,0,0,0,16,0
121813,1,1,0,0,0,0,0,0,0,0,0,0
121814,1,1,31,8,0,0,0,13,0,0,0,19
121815,1,1,0,0,0,0,0,0,0,0,0,0
121815,2,1,0,0,0,0,0,0,0,0,0,0
121816,0,1,7,7,7,7,7,7,7,7,7,7
121816,1,1,0,17,0,0,0,0,0,0,0,0
121817,0,1,0,0,0,0,0,0,0,0,0,0
121817,1,1,0,0,0,0,0,0,0,0,0,0
121818,1,1,0,0,0,0,0,17,0,0,5,9
121818,2,1,0,0,0,0,0,0,0,0,0,29
121819,1,1,0,0,0,0,0,0,0,0,0,0
121820,0,1,22,22,22,22,22,22,22,22,22,22
121820,1,1,0,0,7,0,0,0,20,0,0,0
121822,0,1,5,5,5,5,5,5,5,5,5,5
121822,1,1,0,24,34,0,17,0,0,16,25,0
121823,0,1,38,38,38,38,38,38,38,38,38,38
121823,0,2,0,0,0,0,0,0,0,0,0,0
121823,1,1,0,19,0,0,0,0,0,0,0,0
121824,1,1,0,0,0,0,0,0,0,0,0,0
121824,2,1,0,0,0,0,0,0,0,0,0,0
121824,3,1,0,0,0,0,0,0,0,0,0,0
121825,0,1,0,0,45,0,5,28,0,0,19,0
121825,1,1,0,0,0,0,0,0,0,0,0,0
121826,1,1,0,0,0,0,0,0,0,0,0,0
121826,2,1,0,0,0,0,0,0,0,0,0,0
121827,1,1,10,10,10,10,10,10,10,10,10,10
121828,0,1,0,0,0,0,0,0,0,0,0,0
121828,1,1,0,0,0,0,0,0,0,2,0,0
121829,1,1,0,0,0,0,0,0,0,0,0,0
121829,2,1,0,0,0,0,0,0,0,0,0,0
121830,1,1,18,16,59,43,16,10,8,0,32,9
121831,1,1,31,6,18,0,7,0,0,0,0,0
121832,0,1,21,26,0,20,9,34,0,14,0,21
121832,1,1,0,0,0,0,7,0,0,0,0,0
121833,0,1,42,0,35,4,0,25,19,26,39,21
121833,1,1,0,0,0,43,0,0,16,13,0,0
121834,1,1,6,6,6,6,6,6,6,6,6,6
121835,1,1,0,19,0,0,0,0,0,0,0,0
121836,1,1,22,22,22,22,22,22,22,22,22,22
121836,2,1,0,0,0,17,0,0,0,0,22,0
121837,0,1,0,0,0,0,0,0,0,0,0,0
121837,1,1,0,0,14,0,0,0,0,0,0,0
121838,1,1,17,17,17,17,17,17,17,17,17,17
121839,0,1,21,21,21,21,21,21,21,21,21,21
121839,1,1,0,0,0,0,0,0,0,0,0,0
121840,0,1,0,0,0,0,0,15,0,0,0,0
121840,1,1,0,0,0,8,0,0,0,0,0,0
121841,1,1,0,4,0,0,0,0,0,0,0,24
121841,2,1,10,0,0,0,0,9,13,0,7,10
121843,1,1,0,0,0,0,0,0,0,0,0,0
121843,2,1,0,0,0,0,0,0,0,0,0,0
121844,1,1,0,0,0,0,0,0,0,0,0,0
121844,2,1,0,0,0,0,0,0,0,0,0,0
121845,1,1,0,0,0,0,0,0,0,0,0,0
121845,2,1,0,0,0,0,0,0,0,0,0,0
121846,1,1,0,0,0,0,0,0,0,0,0,0
121848,0,1,35,35,35,35,35,35,35,35,35,35
121848,1,1,0,0,0,0,0,0,0,0,0,0
121849,1,1,29,0,0,0,0,0,0,0,0,0
121849,2,1,0,0,0,0,0,0,0,0,0,0
121849,3,1,0,0,0,0,0,0,0,0,0,0
121850,0,1,25,25,25,25,25,25,25,25,25,25
121850,1,1,0,0,0,0,0,0,0,0,0,0
121851,0,1,23,23,23,23,23,23,23,23,23,23
121851,1,1,0,0,0,0,0,0,0,0,0,0
121853,1,1,0,0,0,0,18,0,0,0,0,0
121854,0,1,0,0,0,0,0,0,0,0,0,7