ST_CASE,VEH_NO,PER_NO,P1,P2,P3,P4,P5,P6,P7,P8,P9,P10
121854,1,1,0,10,11,0,0,0,9,0,0,0
121855,1,1,0,0,0,0,0,11,0,0,0,15
121855,2,1,28,0,0,0,0,0,13,27,0,0
121856,1,1,0,0,0,0,0,0,0,0,0,0
121856,2,1,0,0,0,0,0,0,0,0,0,0
121857,1,1,0,0,0,0,0,0,0,0,0,0
121857,2,1,16,0,0,0,0,0,0,0,0,0
121858,0,1,29,0,0,0,0,19,0,0,0,22
121858,1,1,0,0,0,0,0,0,0,0,0,0
121859,0,1,0,0,0,0,0,0,0,0,0,0
121859,1,1,7,0,0,0,0,0,0,0,0,0
121860,0,1,17,0,0,0,0,0,0,0,0,0
121860,1,1,0,0,0,0,0,0,0,0,0,0
121861,1,1,70,70,70,70,70,70,70,70,70,70
121861,2,1,0,0,0,0,0,0,0,0,0,0
121862,1,1,13,0,0,22,0,21,0,0,26,0
121862,2,1,0,9,0,0,28,0,0,0,0,0
121863,1,1,0,0,0,0,0,0,9,0,0,0
121863,2,1,0,0,0,0,0,0,0,0,0,0
121863,3,1,0,0,0,0,0,0,0,0,0,0
121864,1,1,0,0,0,0,0,0,0,0,0,0
121865,1,1,25,25,25,25,25,25,25,25,25,25
121866,1,1,2,2,2,2,2,2,2,2,2,2
121866,2,1,0,0,0,0,20,0,0,0,0,0
121867,1,1,0,0,0,0,0,0,0,0,0,0
121868,1,1,12,12,12,12,12,12,12,12,12,12
121869,1,1,52,52,52,52,52,52,52,52,52,52
121869,2,1,0,0,0,21,0,0,13,0,0,0
121870,0,1,0,0,0,0,0,0,0,0,0,0
121870,1,1,0,0,0,0,0,0,0,0,0,0
121871,1,1,0,0,0,0,0,0,0,0,0,0
121871,2,1,0,0,0,0,0,0,0,0,0,0
121871,3,1,0,0,0,0,0,0,0,0,0,0
121871,4,1,0,0,0,0,0,0,0,0,0,0
121871,5,1,0,0,0,0,0,0,0,0,0,0
121871,6,1,0,0,0,0,0,0,0,0,0,0
121871,7,1,0,0,0,0,0,0,0,0,0,0
121871,8,1,0,0,0,0,0,0,0,0,0,0
121871,9,1,0,0,0,0,0,0,0,0,0,0
121872,0,1,17,17,17,17,17,17,17,17,17,17
121872,1,1,0,0,0,0,0,0,0,0,0,0
121873,0,1,24,24,24,24,24,24,24,24,24,24
121873,1,1,0,0,0,0,0,0,0,0,0,0
121874,0,1,23,23,23,23,23,23,23,23,23,23
121874,1,1,0,0,0,0,0,0,0,0,0,0
121875,0,1,26,0,0,12,0,0,42,0,0,0
121875,1,1,0,0,0,0,0,0,0,0,0,0
121876,1,1,0,6,0,0,0,0,0,0,0,0
121876,2,1,0,0,0,0,0,0,0,0,0,0
121877,0,1,0,0,0,0,0,0,0,0,0,0
121877,1,1,0,0,0,6,0,0,0,0,16,0
121878,1,1,0,0,0,0,0,0,0,0,0,0
121878,2,1,0,0,0,0,0,0,30,5,0,8
121878,3,1,0,0,0,0,0,0,0,0,0,0
121879,0,1,32,32,32,32,32,32,32,32,32,32
121879,1,1,0,0,0,0,0,0,0,0,0,0
121880,1,1,17,17,17,17,17,17,17,17,17,17
121881,1,1,26,26,26,26,26,26,26,26,26,26
121882,1,1,0,0,0,0,0,0,0,0,0,0
121883,1,1,0,0,0,0,0,0,0,0,0,0
121883,2,1,10,0,0,0,0,0,0,0,14,0
121884,0,1,28,28,28,28,28,28,28,28,28,28
121884,1,1,0,0,0,0,0,0,0,0,0,0
121885,0,1,0,0,0,0,0,0,0,0,0,0
121885,1,1,0,0,0,0,0,0,0,0,0,0
121886,1,1,19,19,19,19,19,19,19,19,19,19
121886,2,1,8,0,0,0,0,0,0,0,0,0
121887,1,1,28,28,28,28,28,28,28,28,28,28
121887,2,1,0,0,0,0,0,0,0,15,0,0
121888,0,1,0,0,0,0,0,10,11,13,20,0
121888,1,1,0,0,0,0,0,0,0,0,0,0
121889,1,1,0,0,0,0,0,0,0,0,0,0
121890,1,1,0,0,0,0,0,0,0,0,0,0
121890,2,1,0,0,0,0,0,0,0,0,0,0
121890,3,1,0,0,0,0,0,0,0,0,0,0
121892,1,1,0,0,0,0,0,0,0,0,0,0
121892,2,1,0,0,0,0,0,0,0,0,0,0
121893,1,1,12,12,12,12,12,12,12,12,12,12
121893,2,1,0,0,0,0,0,0,0,0,0,0
121894,0,1,22,22,22,22,22,22,22,22,22,22
121894,1,1,0,0,0,0,0,10,0,0,0,0
121895,1,1,0,0,0,0,0,0,0,0,0,0
121895,2,1,0,0,0,0,0,0,0,0,0,0
121896,0,1,24,21,19,0,7,29,28,14,8,28
121896,1,1,0,0,23,0,0,0,0,0,0,0
121897,1,1,0,0,0,0,0,0,0,0,0,0
121897,2,1,0,0,0,0,0,0,0,0,0,0
121898,1,1,0,0,0,0,0,0,0,0,0,0
121898,2,1,0,0,9,0,0,0,9,0,0,13
121899,1,1,10,14,6,14,11,15,0,0,0,22
121901,1,1,0,17,0,0,0,0,0,0,0,0
121902,1,1,0,0,0,0,0,0,0,0,0,0
121902,2,1,0,0,0,0,0,7,0,0,0,0
121903,1,1,0,0,0,0,0,0,0,0,0,0
121903,2,1,0,0,0,0,0,0,0,0,0,0
121904,0,1,0,13,16,22,0,0,0,0,0,0
121904,1,1,0,0,0,0,0,13,0,0,0,0
121905,1,1,0,0,0,0,0,0,0,0,0,0
121905,2,1,0,0,0,0,0,0,0,0,14,0
121906,1,1,15,15,15,15,15,15,15,15,15,15
121907,1,1,20,20,20,20,20,20,20,20,20,20
121908,1,1,0,0,0,0,0,0,0,0,0,0
121909,1,1,0,0,0,0,0,0,0,0,0,17
121909,2,1,0,0,16,0,0,0,0,0,0,0
121909,3,1,0,0,0,0,0,22,0,0,0,0
121910,0,1,0,0,0,0,0,9,0,0,12,0
121910,1,1,0,0,0,0,0,0,0,0,0,0
121911,1,1,0,0,0,0,0,0,0,0,0,0
121911,2,1,0,0,0,0,0,0,0,0,0,0
121911,3,1,0,0,0,0,0,0,0,11,0,10
121912,1,1,16,0,0,0,0,0,0,0,0,0
121913,0,1,0,0,0,0,0,0,0,9,0,12
121913,1,1,0,0,0,0,0,8,0,0,0,17
121914,1,1,0,0,0,0,0,0,0,0,0,0
121914,2,1,0,19,0,30,13,0,0,0,0,0
121915,1,1,17,17,17,17,17,17,17,17,17,17
121916,1,1,0,0,0,0,0,0,0,0,0,0
121916,2,1,0,0,0,0,0,21,0,0,0,0
121917,1,1,0,0,0,0,0,0,0,0,0,0
121917,2,1,0,0,0,0,0,0,0,0,0,9
121918,1,1,0,0,0,0,0,0,0,0,0,0
121918,2,1,0,0,16,0,0,0,0,0,0,0
121919,1,1,27,27,27,27,27,27,27,27,27,27
121920,1,1,26,26,26,26,26,26,26,26,26,26
121921,1,1,0,0,0,0,0,0,0,0,0,0
121922,0,1,0,0,0,0,0,0,0,0,0,0
121922,1,1,0,0,0,0,0,0,0,0,0,0
121924,1,1,18,18,18,18,18,18,18,18,18,18
121924,2,1,0,0,0,0,0,0,0,0,0,0
121925,1,1,0,0,0,0,0,0,0,0,0,0
121925,2,1,16,0,0,0,6,0,0,20,11,21
121926,0,1,0,0,0,0,0,0,0,0,0,0
121926,1,1,0,0,0,0,0,0,0,0,0,0
121927,0,1,0,0,0,0,0,0,0,0,0,0
121927,0,2,0,0,0,0,0,0,0,0,0,0
121927,0,3,0,0,0,0,0,0,0,25,26,4
121927,1,1,0,0,0,0,15,0,17,0,11,36
121928,1,1,0,0,0,0,0,0,0,0,0,0
121928,2,1,0,0,0,0,0,0,0,0,0,0
121929,0,1,0,0,0,0,0,0,0,0,0,0
121929,0,2,0,0,0,0,0,0,0,0,0,0
121929,1,1,0,0,0,0,0,0,0,0,0,0
121930,0,1,1,1,1,1,1,1,1,1,1,1
121930,1,1,0,0,0,0,10,0,0,0,0,0
121932,1,1,23,14,33,27,12,27,8,13,27,13
121933,0,1,15,15,15,15,15,15,15,15,15,15
121933,1,1,0,0,0,0,0,0,0,0,0,0
121934,0,1,0,0,0,0,0,0,0,0,0,0
121934,1,1,0,0,0,0,0,15,0,10,0,0
121935,1,1,0,0,0,0,0,0,0,16,0,23
121935,2,1,0,0,0,0,0,0,0,0,0,0
121936,1,1,0,0,0,0,0,0,0,0,0,0
121937,1,1,0,0,0,0,0,0,0,0,0,0
121938,1,1,0,0,0,0,0,0,0,0,0,5
121938,2,1,0,0,0,4,0,0,16,0,22,0
121939,1,1,6,15,0,0,0,0,0,19,18,0
121940,1,1,15,15,15,15,15,15,15,15,15,15
121941,0,1,28,28,28,28,28,28,28,28,28,28
121941,1,1,0,0,0,0,0,0,0,0,0,0
121942,1,1,2,2,2,2,2,2,2,2,2,2
121942,2,1,8,0,0,0,0,0,0,7,13,0
121943,1,1,0,0,0,0,0,0,0,0,0,0
121943,2,1,0,0,0,0,0,0,0,0,0,0
121944,1,1,0,0,0,0,0,0,0,0,0,0
121945,1,1,0,0,0,0,0,0,0,0,0,0
121945,2,1,0,0,0,0,0,0,0,0,0,0
121946,1,1,6,6,6,6,6,6,6,6,6,6
121946,2,1,0,0,0,0,0,0,0,0,0,0
121947,0,1,0,0,0,0,0,0,0,0,0,0
121947,1,1,0,0,0,0,0,0,0,0,0,0
121948,1,1,11,11,11,11,11,11,11,11,11,11
121949,1,1,0,0,3,18,0,25,8,0,27,13
121949,2,1,0,0,0,0,0,0,0,0,0,0
121949,3,1,0,0,0,15,0,0,0,0,0,0
121950,0,1,0,0,0,0,0,0,0,0,0,0
121950,1,1,0,0,0,0,0,0,0,0,0,0
121951,0,1,0,0,0,0,0,0,0,9,0,0
121951,1,1,0,0,0,0,0,0,0,0,0,0
121952,1,1,0,0,0,0,0,0,0,0,0,0
121952,2,1,0,0,0,0,0,0,0,0,0,0
121953,1,1,0,0,0,0,0,0,0,0,0,0
121953,2,1,20,20,20,20,20,20,20,20,20,20
121954,1,1,0,0,0,0,0,0,0,0,0,0
121954,2,1,0,0,0,0,0,0,0,0,0,0
121954,3,1,0,10,0,0,0,0,0,0,0,0
121955,1,1,22,22,22,22,22,22,22,22,22,22
121956,1,1,0,0,0,0,0,0,0,0,0,0
121956,2,1,0,0,0,0,0,0,0,0,0,0
121957,1,1,0,0,0,0,0,0,39,0,0,0
121958,1,1,0,0,0,0,0,0,0,0,0,0
121958,2,1,0,0,0,0,0,0,0,0,0,0
121959,0,1,31,31,31,31,31,31,31,31,31,31
121959,1,1,0,0,6,0,0,14,13,0,12,0
121960,0,1,0,0,0,0,0,0,0,0,0,0
121960,1,1,0,0,0,0,0,0,0,0,0,0
121962,0,1,9,49,32,35,34,26,34,19,10,30
121962,1,1,0,0,0,0,0,0,0,0,0,0
121963,1,1,16,14,19,7,20,18,16,17,23,17
121964,1,1,4,4,4,4,4,4,4,4,4,4
121965,1,1,0,0,0,0,0,0,0,0,0,0
121965,2,1,0,0,0,0,0,0,0,0,0,0
121966,1,1,16,0,0,0,0,0,0,0,0,14
121966,2,1,0,0,0,0,0,0,0,0,0,5
121967,0,1,10,10,10,10,10,10,10,10,10,10
121967,1,1,0,0,0,0,0,12,0,5,0,0
121968,1,1,0,0,0,0,0,0,0,9,0,0
121969,0,1,22,20,0,0,0,11,0,2,16,20
121969,1,1,0,0,0,0,0,0,0,0,0,0
121970,0,1,15,0,0,0,0,0,41,0,0,0
121970,1,1,0,0,0,0,0,0,0,0,0,0
121973,0,1,0,0,0,0,0,0,0,0,0,0
121973,1,1,0,0,0,0,0,0,0,0,0,0
121974,1,1,0,0,0,0,0,0,0,0,0,0
121975,1,1,30,30,30,30,30,30,30,30,30,30
121977,1,1,0,0,0,0,0,0,0,0,0,0
121977,2,1,0,0,0,0,0,0,0,0,0,0
121978,1,1,0,0,0,0,0,0,0,0,0,0
121978,2,1,2,2,2,2,2,2,2,2,2,2
121979,1,1,3,3,3,3,3,3,3,3,3,3
121980,0,1,0,0,0,0,0,0,0,0,0,0
121980,1,1,0,0,0,0,0,0,0,0,0,0
121981,1,1,0,3,0,0,0,0,0,0,0,25
121982,1,1,0,0,0,0,0,0,0,0,0,0
121982,2,1,0,0,0,0,0,0,0,0,0,0
121982,3,1,0,0,0,0,0,0,0,0,0,0
121982,4,1,0,0,0,0,0,0,0,0,0,0
121982,5,1,0,0,0,0,0,0,0,0,0,0
121982,6,1,0,0,0,0,0,0,0,0,0,0
121982,7,1,0,0,0,0,0,0,0,0,0,0
121982,8,1,0,9,0,0,0,0,0,0,0,12
121983,1,1,0,0,0,0,0,0,0,0,22,0
121984,0,1,0,0,0,16,0,21,0,16,0,0
121984,1,1,0,0,0,0,0,0,0,0,0,0
121985,1,1,0,24,0,0,0,0,0,0,0,0
121986,0,1,10,0,0,15,17,0,0,0,15,0
121986,1,1,0,0,0,0,0,0,0,0,0,0
121987,1,1,0,0,0,0,0,0,0,0,0,0
121987,2,1,0,0,0,0,0,0,0,0,0,0
121990,0,1,0,0,0,0,0,0,13,0,0,0
121990,1,1,0,0,0,0,0,0,0,0,0,0
121992,1,1,0,0,0,0,0,0,0,0,0,0
121992,2,1,0,17,0,0,0,0,0,0,0,0
121993,0,1,0,0,0,0,0,0,0,0,0,0
121993,1,1,30,0,0,0,0,0,0,0,0,0
121994,0,1,0,0,0,0,0,0,0,30,0,0
121994,1,1,0,0,0,0,0,0,0,0,0,0
121995,1,1,0,0,0,0,0,0,0,0,0,0
121995,2,1,0,0,0,0,0,0,0,0,0,0
121996,1,1,10,10,10,10,10,10,10,10,10,10
121996,2,1,0,0,0,0,0,0,0,0,0,0
121997,1,1,0,0,0,11,0,0,0,0,0,0
121997,2,1,0,0,0,0,0,15,0,0,0,0
121997,3,1,0,0,0,0,0,0,0,0,18,0
121997,4,1,0,0,0,0,4,0,0,0,0,0
121998,1,1,0,0,10,0,14,0,18,0,15,12
121999,1,1,0,10,2,28,0,0,0,0,0,32
121999,2,1,0,0,0,8,0,0,0,0,0,0
121999,3,1,0,0,0,0,0,0,0,0,0,0
122000,1,1,24,24,24,24,24,24,24,24,24,24
122001,1,1,0,0,0,0,0,0,0,0,0,0
122002,0,1,0,0,0,0,0,0,0,0,0,0
122002,1,1,0,0,0,0,0,0,0,22,0,0
122003,1,1,8,8,8,8,8,8,8,8,8,8
122003,2,1,0,0,0,0,0,0,0,0,0,0
122004,1,1,0,0,0,0,0,0,0,0,0,0
122004,2,1,0,0,0,0,0,0,0,0,0,0
122004,3,1,0,0,0,0,0,0,0,0,0,0
122004,4,1,0,0,0,0,0,0,0,0,0,0
122004,5,1,0,0,0,0,0,0,0,0,0,0
122005,1,1,0,0,0,0,0,0,0,0,0,0
122005,2,1,0,0,0,0,0,0,0,0,0,0
122005,3,1,0,0,0,0,0,0,0,0,0,0
122006,1,1,0,0,0,0,0,0,0,0,0,0
122006,2,1,0,0,0,0,0,0,0,0,0,0
122007,1,1,0,0,0,0,0,0,0,0,0,0
122007,2,1,0,0,0,0,0,0,0,0,0,0
122008,0,1,0,0,0,0,0,0,0,0,0,0
122008,1,1,0,30,0,0,0,0,0,0,0,0
122010,1,1,0,0,0,0,0,0,0,0,0,0
122010,2,1,0,0,0,0,0,0,0,0,0,0
122011,0,1,0,0,0,0,0,0,0,0,0,0
122011,1,1,0,0,0,0,0,0,0,0,0,0
122012,1,1,12,0,12,0,0,14,0,0,0,16
122012,2,1,2,2,2,2,2,2,2,2,2,2
122013,1,1,0,7,0,0,0,0,0,16,0,0
122013,2,1,0,0,0,0,0,0,0,0,0,0
122013,3,1,0,0,0,0,0,0,0,0,0,31
122014,1,1,2,2,2,2,2,2,2,2,2,2
122014,4,1,24,0,0,41,0,0,0,0,0,0
122015,0,1,27,27,27,27,27,27,27,27,27,27
122015,1,1,0,0,10,0,0,0,0,0,0,0
122016,1,1,0,0,0,0,0,0,0,0,0,0
122017,0,1,27,27,27,27,27,27,27,27,27,27
122017,1,1,0,0,0,7,0,15,0,0,0,0
122020,1,1,0,0,0,0,0,18,22,0,0,0
122021,0,1,18,40,5,0,0,0,20,0,0,32
122021,1,1,0,0,0,0,0,0,0,0,0,14
122022,1,1,16,7,12,18,32,15,21,0,20,9
122022,2,1,0,0,0,0,0,0,0,0,0,0
122023,1,1,0,0,0,0,0,0,0,0,0,0
122023,2,1,0,0,0,0,0,0,0,0,0,0
122024,0,1,24,24,24,24,24,24,24,24,24,24
122024,1,1,0,0,0,0,0,0,0,0,0,0
122025,0,1,0,0,0,0,0,0,0,0,0,0
122025,1,1,0,0,22,0,0,0,0,0,0,0
122026,1,1,0,0,16,0,0,0,0,18,0,0
122026,2,1,0,0,0,0,0,7,0,12,0,0
122028,1,1,33,33,33,33,33,33,33,33,33,33
122029,0,1,2,2,2,2,2,2,2,2,2,2
122029,1,1,0,0,0,0,0,0,0,0,0,0
122030,0,1,6,6,6,6,6,6,6,6,6,6
122030,1,1,0,0,0,0,0,0,0,0,0,0
122031,1,1,0,0,0,0,0,0,0,0,0,0
122031,2,1,0,0,0,0,0,0,0,0,0,0
122032,1,1,0,0,0,21,0,0,0,0,0,0
122032,2,1,0,0,0,0,0,0,0,0,0,0
122034,1,1,0,0,0,0,0,0,0,0,0,0
122034,2,1,0,10,0,0,0,0,0,29,0,0
122036,1,1,0,0,0,0,0,0,0,0,0,0
122036,2,1,0,0,0,0,0,0,0,0,0,0
122038,1,1,0,0,0,0,0,0,0,0,0,0
122039,1,1,0,0,0,0,0,0,0,0,0,0
122039,2,1,0,15,23,0,0,0,0,0,0,0
122040,1,1,0,8,0,0,0,0,23,0,0,0
122041,1,1,27,27,27,27,27,27,27,27,27,27
122042,1,1,20,20,20,20,20,20,20,20,20,20
122043,1,1,47,47,47,47,47,47,47,47,47,47
122043,2,1,0,0,0,0,0,0,0,0,0,0
122044,1,1,0,0,0,0,0,19,0,0,0,0
122044,2,1,0,0,0,0,0,0,0,0,0,0
122045,1,1,0,0,0,0,0,0,0,0,0,0
122045,2,1,0,0,0,0,0,0,0,0,0,0
122046,1,1,0,0,0,0,0,0,0,0,0,0
122047,0,1,17,17,17,17,17,17,17,17,17,17
122047,1,1,0,0,0,0,0,0,0,0,0,0
122048,1,1,3,3,3,3,3,3,3,3,3,3
122049,1,1,11,11,11,11,11,11,11,11,11,11
122050,1,1,0,0,0,0,0,0,0,0,0,0
122051,1,1,0,0,0,0,0,0,0,0,22,0
122051,2,1,0,0,0,0,0,0,0,0,0,0
122053,1,1,0,0,7,0,0,0,0,0,29,0
122054,1,1,0,0,0,0,14,0,0,0,44,9
122055,1,1,0,0,0,0,0,0,0,0,0,0
122055,2,1,0,0,0,0,0,0,0,0,0,0
122056,1,1,0,0,25,0,20,0,0,0,0,17
122057,1,1,25,25,25,25,25,25,25,25,25,25
122058,1,1,0,0,0,0,0,0,0,0,0,0
122058,2,1,0,0,0,0,0,0,0,0,0,0
122059,1,1,24,24,24,24,24,24,24,24,24,24
122060,1,1,6,6,6,6,6,6,6,6,6,6
122060,2,1,0,0,0,0,0,0,0,0,0,0
122061,1,1,0,0,0,0,0,0,0,0,0,0
122061,2,1,0,11,0,0,0,16,0,0,0,0
122062,1,1,24,24,24,24,24,24,24,24,24,24
122062,2,1,0,0,0,0,0,0,0,0,0,0
122062,3,1,0,0,0,0,0,0,0,0,0,0
122064,0,1,0,12,26,0,0,0,0,0,0,0
122064,1,1,0,0,0,0,28,0,0,0,0,0
122065,1,1,24,24,24,24,24,24,24,24,24,24
122066,1,1,0,0,0,0,0,0,0,0,0,0
122067,1,1,48,48,48,48,48,48,48,48,48,48
122067,2,1,0,0,0,0,0,0,0,0,0,0
122068,1,1,0,0,0,0,0,0,0,0,0,0
122068,2,1,0,0,0,0,0,0,0,0,0,0
122069,0,1,0,0,0,0,0,0,0,0,0,0
122069,1,1,10,0,12,0,0,0,0,0,0,0
122070,0,1,0,0,0,0,0,0,0,0,0,0
122070,1,1,0,0,0,0,19,0,0,0,0,0
122071,0,1,0,0,0,0,0,0,0,0,0,0
122071,1,1,0,0,0,0,0,0,0,0,0,0
122072,1,1,20,20,20,20,20,20,20,20,20,20
122073,1,1,22,0,17,8,7,0,0,0,11,0
122074,1,1,0,0,0,0,0,0,0,0,0,0
122074,2,1,1,1,1,1,1,1,1,1,1,1
122075,1,1,0,0,0,24,0,0,0,0,0,0
122076,1,1,0,0,0,0,0,0,0,0,0,0
122076,2,1,0,0,0,0,0,0,0,0,0,0
122076,3,1,0,0,0,0,0,0,0,0,0,0
122077,1,1,0,0,0,0,0,0,0,0,0,0
122077,2,1,0,0,0,0,0,0,0,0,0,0
122078,1,1,0,0,0,0,0,0,0,0,0,0
122078,2,1,0,0,0,0,0,0,0,0,0,0
122079,0,1,0,0,0,0,0,0,0,0,21,0
122079,1,1,0,0,0,0,0,0,0,0,0,0
122080,1,1,0,0,0,0,0,18,0,0,0,0
122080,2,1,0,0,0,0,0,0,0,0,0,0
122081,1,1,0,0,0,0,0,0,0,0,0,0
122081,2,1,0,0,0,0,0,0,0,0,0,0
122081,3,1,0,0,0,0,0,0,0,0,0,0
122082,1,1,0,0,0,0,0,0,0,0,0,0
122082,2,1,0,0,0,0,0,0,0,0,0,0
122083,1,1,0,0,0,13,0,0,0,0,0,0
122084,1,1,0,0,0,0,0,0,0,0,0,0
122084,2,1,0,0,0,0,0,0,0,0,0,0
122085,1,1,0,0,0,0,0,0,0,0,0,0
122085,2,1,0,0,0,0,0,0,0,0,0,0
122086,0,1,0,0,0,0,0,0,0,0,0,0
122086,0,2,0,0,0,0,0,0,0,0,0,0
122086,1,1,21,21,21,21,21,21,21,21,21,21
122087,0,1,0,0,0,0,0,0,0,0,0,0
122087,1,1,0,0,0,0,0,0,0,0,0,0
122088,1,1,0,0,0,0,0,0,0,0,0,0
122088,2,1,0,0,0,0,0,0,0,0,0,0
122088,3,1,0,0,0,0,0,0,0,0,16,0
122088,4,1,0,0,0,0,0,0,0,0,0,10
122089,1,1,0,0,0,0,0,0,0,0,0,0
122089,2,1,0,0,0,0,0,0,0,0,0,0
122092,1,1,0,0,0,0,0,0,0,0,0,0
122093,1,1,0,0,0,0,0,0,0,0,0,0
122093,2,1,0,0,0,0,0,0,0,0,0,0
122094,0,1,0,0,0,0,22,0,0,0,20,0
122094,1,1,0,17,0,0,0,0,0,8,15,0
122095,1,1,26,26,26,26,26,26,26,26,26,26
122095,2,1,0,0,0,0,0,0,0,0,0,0
122095,3,1,0,0,0,0,0,0,0,0,0,0
122096,0,1,26,20,0,16,25,0,0,25,40,23
122096,0,2,13,0,0,0,0,0,0,0,0,0
122096,1,1,0,0,0,0,0,0,0,0,0,0
122097,1,1,0,22,0,0,0,0,0,0,0,0
122097,2,1,0,0,0,0,0,0,0,0,0,0
122097,3,1,0,0,0,0,0,0,0,0,0,0
122098,1,1,23,23,23,23,23,23,23,23,23,23
122098,2,1,0,0,0,0,0,0,0,0,0,0
122099,1,1,0,0,0,0,0,0,0,0,0,0
122099,2,1,0,0,0,0,0,0,0,0,0,0
122100,1,1,0,0,0,18,0,0,29,0,0,29
122101,0,1,14,0,18,21,21,28,0,0,0,0
122101,1,1,0,0,15,7,0,0,17,0,0,0
122102,1,1,0,0,0,0,0,0,0,0,0,0
122102,2,1,0,0,0,0,0,0,0,0,0,0
122103,1,1,13,13,13,13,13,13,13,13,13,13
122103,2,1,0,0,0,0,0,0,0,0,0,0
122103,3,1,0,0,0,0,0,0,0,0,0,0
122103,4,1,0,0,0,0,18,0,0,0,11,0
122105,1,1,0,0,0,0,0,0,0,0,0,0
122105,2,1,0,0,0,0,0,0,0,0,3,0
122106,1,1,0,0,0,0,0,0,0,0,0,0
122106,2,1,0,0,0,0,0,0,0,0,0,0
122107,1,1,30,30,30,30,30,30,30,30,30,30
122108,1,1,0,0,0,0,0,0,0,0,0,0
122108,2,1,0,0,0,0,0,0,0,0,0,0
122110,0,1,0,0,0,0,0,0,0,0,0,0
122110,1,1,0,0,0,0,0,0,0,0,0,6
122111,0,1,36,0,0,0,7,0,0,12,0,0
122111,1,1,0,0,10,0,16,0,3,0,0,12
122112,1,1,0,0,0,0,0,25,0,0,0,0
122113,1,1,14,8,0,0,0,0,16,0,0,0
122113,2,1,0,0,0,0,6,0,0,0,0,0
122115,1,1,0,0,0,0,0,0,0,0,0,0
122115,2,1,0,0,0,0,0,0,0,0,0,0
122116,1,1,11,11,11,11,11,11,11,11,11,11
122116,2,1,0,13,0,0,0,0,0,0,0,0
122117,0,1,0,0,0,15,0,0,0,0,0,0
122117,1,1,0,0,0,0,0,0,0,0,0,0
122118,1,1,0,0,0,0,0,0,0,0,0,0
122118,2,1,0,0,0,10,0,0,0,15,0,12
122119,0,1,38,0,29,0,0,23,0,14,18,25
122119,1,1,0,0,0,0,0,0,0,0,0,0
122119,2,1,0,0,0,21,40,21,0,29,16,0
122120,0,1,0,0,0,9,20,0,0,15,0,0
122120,1,1,0,0,0,0,0,0,0,0,0,14
122121,0,1,21,21,21,21,21,21,21,21,21,21
122121,1,1,0,0,0,0,0,0,0,0,0,0
122122,1,1,18,18,18,18,18,18,18,18,18,18
122122,2,1,0,0,0,0,0,0,0,31,0,0
122123,0,1,6,31,0,0,3,0,11,0,2,32
122123,1,1,23,0,0,0,0,1,0,0,0,0
122124,1,1,0,0,0,0,0,0,0,0,0,18
122124,2,1,0,0,0,0,0,0,0,0,0,0
122125,1,1,0,0,0,0,0,0,0,0,0,0
122125,2,1,0,0,0,0,0,0,0,0,0,0
122126,1,1,0,0,0,0,0,0,0,0,0,0
122127,1,1,0,0,0,0,0,0,0,35,0,26
122127,2,1,0,0,0,0,0,0,0,0,0,0
122128,1,1,16,16,16,16,16,16,16,16,16,16
122129,0,1,0,0,0,0,0,0,0,0,0,0
122129,1,1,0,0,0,0,0,0,0,0,0,0
122130,0,1,20,0,0,16,0,0,0,0,0,0
122130,1,1,0,0,0,0,0,0,0,0,18,0
122131,0,1,3,3,3,3,3,3,3,3,3,3
122131,1,1,31,0,0,0,0,0,0,0,0,0
122132,1,1,0,0,0,0,0,0,0,0,0,0
122133,1,1,0,0,0,0,0,0,0,0,0,0
122134,0,1,0,18,14,26,0,0,37,0,0,16
122134,1,1,0,0,0,0,0,0,0,0,0,0
122134,2,1,0,0,0,0,0,11,0,0,0,0
122135,1,1,0,0,0,0,0,0,0,0,0,0
122136,1,1,0,0,0,0,0,0,0,0,0,0
122136,2,1,0,0,0,0,0,0,0,0,0,0
122137,1,1,0,0,15,0,20,0,0,0,0,5
122137,2,1,0,0,0,25,15,52,0,0,18,0
122138,0,1,0,0,6,0,0,15,0,0,0,0
122138,1,1,0,0,0,0,0,0,0,0,0,0
122139,1,1,19,19,19,19,19,19,19,19,19,19
122139,2,1,4,4,4,4,4,4,4,4,4,4
122140,1,1,0,0,0,0,0,0,0,0,0,0
122140,2,1,0,0,0,0,0,0,12,7,0,0
122141,1,1,0,0,0,0,0,0,0,0,0,0
122141,2,1,0,0,0,19,0,0,0,22,0,8
122141,3,1,0,0,0,0,0,0,0,0,0,0
122141,4,1,0,0,0,0,0,0,0,0,0,0
122142,0,1,0,28,0,15,0,0,0,14,0,0
122142,1,1,0,0,0,30,0,0,0,0,0,0
122143,0,1,0,0,0,0,0,0,0,0,0,0
122143,1,1,0,0,0,0,0,0,0,0,0,0
122145,1,1,0,0,0,0,0,0,0,0,0,0
122146,1,1,20,0,0,0,0,0,0,13,0,0
122147,1,1,0,0,0,0,0,0,0,0,0,0
122147,2,1,0,0,0,0,0,0,0,0,0,0
122147,3,1,0,0,0,0,0,0,0,0,0,16
122147,4,1,0,0,0,0,0,0,0,0,0,0
122148,1,1,0,0,0,0,0,0,0,0,0,0