ST_CASE,VEH_NO,PER_NO,P1,P2,P3,P4,P5,P6,P7,P8,P9,P10
122148,2,1,0,0,0,0,0,0,0,0,0,0
122149,0,1,0,0,0,0,0,0,0,0,0,0
122149,1,1,0,0,0,0,0,21,0,0,0,0
122150,0,1,17,25,22,0,0,0,0,0,0,0
122150,1,1,0,0,0,0,0,0,0,0,13,0
122151,1,1,0,0,0,0,0,0,0,0,0,0
122152,0,1,31,31,31,31,31,31,31,31,31,31
122152,0,2,38,0,0,0,0,20,20,0,0,10
122152,1,1,13,14,14,13,17,10,19,7,10,33
122153,0,1,0,0,14,0,41,0,0,3,44,0
122153,1,1,0,0,0,0,12,0,0,0,0,0
122154,0,1,0,0,0,0,0,0,0,0,0,0
122154,1,1,0,0,0,6,0,0,0,0,0,0
122155,0,1,0,0,7,25,13,17,30,0,0,0
122155,1,1,0,0,0,30,0,0,0,0,0,0
122156,1,1,0,0,0,0,0,0,0,0,0,0
122156,2,1,0,0,0,0,0,0,0,0,0,0
122156,3,1,0,0,0,0,0,0,0,0,0,0
122156,4,1,0,0,0,0,0,0,0,0,0,0
122157,0,1,0,0,0,0,0,0,0,0,0,0
122157,1,1,0,0,0,0,0,0,0,0,0,0
122158,1,1,13,13,13,13,13,13,13,13,13,13
122158,2,1,24,16,11,0,0,13,13,0,0,0
122159,1,1,0,0,0,0,0,0,0,0,0,0
122159,2,1,0,0,16,0,0,5,0,0,0,0
122160,1,1,23,23,23,23,23,23,23,23,23,23
122161,1,1,0,0,0,0,17,0,0,0,0,0
122161,2,1,0,0,0,0,0,0,0,0,0,0
122162,1,1,20,15,15,15,23,30,0,11,12,11
122162,2,1,0,0,0,0,0,0,20,0,0,0
122162,3,1,0,0,0,0,0,0,0,0,0,0
122162,4,1,0,0,0,0,0,0,27,0,0,0
122163,1,1,18,18,18,18,18,18,18,18,18,18
122164,1,1,0,0,0,0,0,0,0,0,0,0
122164,2,1,0,0,0,0,0,0,0,0,0,0
122165,1,1,13,13,13,13,13,13,13,13,13,13
122166,1,1,0,0,0,23,0,0,0,0,0,0
122166,2,1,0,0,0,0,0,0,0,0,0,0
122167,1,1,0,0,0,0,0,0,0,0,0,0
122167,2,1,0,0,0,0,0,0,0,0,0,0
122168,0,1,18,18,18,18,18,18,18,18,18,18
122168,1,1,0,0,0,0,0,0,0,0,0,0
122168,2,1,0,0,0,0,0,0,0,0,0,0
122169,1,1,0,0,0,0,0,0,0,0,0,0
122169,2,1,0,0,0,0,0,0,0,0,0,0
122169,3,1,0,0,0,0,0,0,0,0,0,0
122170,0,1,0,0,0,0,0,0,0,0,0,0
122170,1,1,0,0,0,0,0,0,0,0,0,0
122171,0,1,0,0,0,0,0,0,0,0,0,0
122171,1,1,0,0,0,0,0,0,0,0,0,0
122172,1,1,0,0,0,0,0,0,0,0,0,0
122172,2,1,0,0,0,0,0,0,0,0,0,0
122172,3,1,0,0,0,0,0,0,0,7,0,0
122173,0,1,0,21,0,34,29,18,0,11,8,0
122173,1,1,0,0,0,0,0,0,0,0,0,0
122174,1,1,0,0,0,0,0,0,0,0,0,0
122174,2,1,0,0,0,0,0,0,0,0,0,0
122176,0,1,0,8,0,0,0,0,0,0,0,0
122176,1,1,0,0,0,0,0,0,0,0,0,0
122176,2,1,0,0,0,0,0,0,0,0,0,0
122177,0,1,12,0,0,0,0,0,0,0,0,0
122177,1,1,0,0,0,0,0,0,0,0,0,0
122177,2,1,0,0,0,0,0,0,0,0,0,0
122178,1,1,18,18,18,18,18,18,18,18,18,18
122179,1,1,8,0,0,16,0,29,37,0,0,0
122180,0,1,0,0,0,0,0,0,0,0,0,0
122180,1,1,0,0,0,0,0,0,0,0,0,0
122181,1,1,0,0,0,0,0,0,0,0,0,0
122182,1,1,0,0,0,0,0,0,0,0,0,0
122183,1,1,21,21,21,21,21,21,21,21,21,21
122183,2,1,0,0,0,0,0,0,0,0,0,0
122184,1,1,0,0,0,0,0,0,0,0,0,0
122185,0,1,0,0,0,0,0,0,0,0,0,0
122185,1,1,15,0,0,0,0,0,0,0,17,0
122186,1,1,0,0,0,0,0,0,0,0,0,0
122186,2,1,0,0,0,0,0,0,0,0,0,0
122186,3,1,0,0,0,0,0,0,0,0,0,0
122187,1,1,15,15,15,15,15,15,15,15,15,15
122190,1,1,0,0,0,0,0,0,19,0,0,0
122191,1,1,0,0,0,0,0,0,0,0,0,0
122191,2,1,0,0,0,0,0,0,0,0,0,0
122192,1,1,0,0,0,0,0,0,0,0,0,0
122192,2,1,0,0,0,0,0,0,0,0,0,0
122192,3,1,0,0,2,0,0,0,0,0,0,0
122192,4,1,0,0,0,0,12,0,9,0,0,0
122193,1,1,17,0,0,0,0,0,0,0,0,0
122193,2,1,0,0,0,0,0,0,0,0,0,0
122194,1,1,23,23,23,23,23,23,23,23,23,23
122195,0,1,0,0,0,0,0,0,0,0,0,0
122195,1,1,0,0,0,0,0,0,0,0,0,0
122196,1,1,14,14,14,14,14,14,14,14,14,14
122197,0,1,0,0,0,0,0,50,10,0,0,0
122197,1,1,19,0,0,0,0,0,0,0,0,0
122198,1,1,28,28,28,28,28,28,28,28,28,28
122199,1,1,10,0,0,0,0,0,0,0,0,0
122199,2,1,0,0,0,0,0,0,19,0,0,0
122200,0,1,0,0,0,0,0,0,0,0,0,0
122200,1,1,0,0,0,0,0,0,0,0,0,0
122200,2,1,0,0,0,0,0,0,0,0,0,0
122200,3,1,0,0,0,0,0,0,0,0,0,0
122200,4,1,0,0,0,0,0,0,0,0,0,0
122201,0,1,0,0,0,0,0,0,0,0,0,0
122201,1,1,0,0,0,0,0,0,0,0,0,0
122202,1,1,1,1,1,1,1,1,1,1,1,1
122202,2,1,0,0,0,0,0,0,0,0,0,0
122204,1,1,0,0,0,0,0,0,0,0,0,0
122205,0,1,0,0,0,0,0,0,0,0,0,0
122205,1,1,0,0,0,0,0,0,0,0,0,0
122206,1,1,6,6,6,6,6,6,6,6,6,6
122206,2,1,0,0,0,0,0,0,0,0,0,0
122207,1,1,0,0,0,0,0,0,0,0,0,0
122208,1,1,0,0,0,0,0,0,0,0,0,0
122209,1,1,0,21,0,0,5,25,11,7,12,21
122210,1,1,0,0,0,0,0,0,0,0,0,0
122211,1,1,0,0,0,0,24,0,0,9,0,0
122212,0,1,29,0,0,0,0,0,0,13,45,0
122212,1,1,0,0,0,0,0,0,0,0,0,0
122213,1,1,0,0,0,0,1,0,9,0,0,0
122213,2,1,0,0,0,0,0,0,0,0,0,0
122214,1,1,0,0,0,0,0,0,0,0,0,0
122214,2,1,0,0,0,0,0,0,0,0,0,0
122215,1,1,0,13,0,0,0,0,0,0,30,0
122215,2,1,0,0,0,0,0,0,0,0,0,0
122216,1,1,0,0,0,0,0,0,0,0,0,0
122217,1,1,0,0,0,0,0,0,0,0,0,0
122218,1,1,14,14,14,14,14,14,14,14,14,14
122219,1,1,0,20,15,23,24,31,21,5,25,0
122220,0,1,0,0,0,0,0,0,0,0,0,0
122220,1,1,0,0,0,0,0,0,0,0,0,0
122221,0,1,0,0,0,0,0,0,0,0,0,0
122221,0,2,0,0,0,0,0,0,0,0,0,0
122221,1,1,28,28,28,28,28,28,28,28,28,28
122222,1,1,0,0,0,0,0,0,0,12,0,0
122222,2,1,0,0,0,0,0,0,0,0,0,0
122223,1,1,0,0,0,0,0,0,0,0,0,0
122223,2,1,0,0,0,0,0,0,0,0,0,0
122224,1,1,0,17,10,0,0,0,0,0,0,0
122224,2,1,0,0,0,0,26,0,0,0,0,0
122225,1,1,20,20,20,20,20,20,20,20,20,20
122226,1,1,0,0,7,0,0,0,0,0,0,0
122226,2,1,0,0,0,0,0,0,0,0,0,0
122226,3,1,0,0,0,0,0,0,0,0,0,0
122226,4,1,0,0,0,0,0,0,5,0,0,0
122227,1,1,0,0,0,0,0,0,0,0,0,0
122227,2,1,0,0,0,0,0,0,0,0,0,0
122228,1,1,0,0,14,0,0,21,0,0,0,0
122229,1,1,12,12,12,12,12,12,12,12,12,12
122230,0,1,0,0,0,0,0,0,0,0,0,0
122230,1,1,0,0,0,0,0,0,18,0,0,0
122231,0,1,0,0,0,0,0,18,0,0,0,0
122231,1,1,0,0,0,0,0,0,0,0,0,0
122232,0,1,7,7,7,7,7,7,7,7,7,7
122232,1,1,0,0,0,0,0,0,0,0,0,0
122233,0,1,0,0,0,0,0,0,0,0,0,0
122233,1,1,9,0,0,0,0,0,0,0,0,0
122233,2,1,0,0,0,0,0,0,0,0,0,0
122233,3,1,0,0,0,0,0,0,0,0,0,0
122234,1,1,26,26,26,26,26,26,26,26,26,26
122235,1,1,0,0,0,0,0,0,0,0,0,0
122235,2,1,8,6,9,15,16,13,7,20,3,19
122236,1,1,0,0,0,0,0,0,0,0,0,0
122236,2,1,0,0,0,0,0,0,0,8,0,0
122236,3,1,0,0,0,0,0,0,0,0,0,0
122236,4,1,0,0,0,0,0,0,0,0,0,0
122237,1,1,0,0,0,0,0,0,0,0,0,0
122237,2,1,0,0,0,0,0,0,0,4,0,16
122238,1,1,21,21,21,21,21,21,21,21,21,21
122238,2,1,0,0,0,0,0,0,0,0,0,0
122239,0,1,8,0,0,26,0,0,0,0,0,0
122239,1,1,12,12,12,12,12,12,12,12,12,12
122240,0,1,0,0,0,0,0,0,0,0,0,0
122240,1,1,0,0,0,0,0,0,0,0,0,0
122241,1,1,19,19,19,19,19,19,19,19,19,19
122241,2,1,0,12,0,0,0,16,0,0,0,0
122242,1,1,0,0,0,0,0,0,11,0,0,15
122242,2,1,0,0,0,0,0,13,0,0,0,0
122243,0,1,0,0,0,0,0,0,0,0,0,0
122243,1,1,0,0,0,0,0,0,0,0,0,0
122243,2,1,0,0,0,0,0,0,0,0,0,0
122244,0,1,0,16,0,0,7,25,0,12,12,0
122244,1,1,0,0,0,0,0,0,0,0,0,0
122245,0,1,5,0,0,0,0,17,0,0,0,0
122245,1,1,0,0,0,0,0,0,0,0,0,0
122246,0,1,0,0,0,0,0,0,0,0,0,0
122246,1,1,0,0,0,0,0,0,0,0,0,0
122247,0,1,13,0,0,0,0,0,0,0,0,0
122247,1,1,0,0,0,0,0,0,0,0,0,0
122248,1,1,7,15,6,16,12,15,5,3,19,14
122248,2,1,39,0,20,0,25,0,0,19,19,7
122249,1,1,0,0,0,0,14,0,0,15,12,0
122250,1,1,13,13,13,13,13,13,13,13,13,13
122250,2,1,0,0,0,0,0,0,0,0,0,0
122250,3,1,0,0,0,0,0,0,27,0,0,0
122251,1,1,0,0,0,0,0,0,0,0,0,0
122251,2,1,0,0,0,0,0,0,0,0,0,0
122251,3,1,0,0,14,0,0,0,0,0,0,0
122252,1,1,0,0,0,0,0,0,0,0,0,0
122253,1,1,0,0,0,0,0,0,0,0,0,0
122253,2,1,0,0,0,0,0,0,0,0,0,0
122254,1,1,0,0,0,0,0,0,0,0,0,0
122255,1,1,0,0,0,0,0,0,0,0,19,0
122255,2,1,9,0,0,0,0,0,0,0,0,0
122256,1,1,6,20,16,16,25,14,6,13,17,21
122257,1,1,0,0,0,0,0,0,0,0,0,0
122257,2,1,0,0,0,0,0,0,0,0,0,0
122258,1,1,0,0,0,0,10,13,23,14,0,10
122259,1,1,14,14,14,14,14,14,14,14,14,14
122261,1,1,0,0,0,0,0,0,0,0,0,0
122261,2,1,14,0,0,23,0,0,0,0,0,0
122262,1,1,0,0,0,0,0,0,0,0,0,0
122262,2,1,0,0,0,0,0,0,0,0,0,0
122262,3,1,0,0,0,0,0,0,0,0,0,0
122263,1,1,0,0,0,0,0,0,0,0,0,0
122263,2,1,0,0,0,0,0,0,0,0,0,0
122264,0,1,40,40,40,40,40,40,40,40,40,40
122264,1,1,20,20,20,20,20,20,20,20,20,20
122265,1,1,0,0,0,0,0,0,0,0,0,0
122265,2,1,0,0,0,0,0,0,0,0,0,0
122266,0,1,32,16,24,18,4,10,12,0,30,15
122266,1,1,0,0,0,0,0,0,0,0,0,0
122267,1,1,0,0,0,0,0,0,0,0,15,0
122268,1,1,0,0,0,0,0,0,0,0,0,0
122268,2,1,0,0,0,0,0,0,0,0,0,0
122268,3,1,0,0,0,0,0,0,0,0,0,0
122269,0,1,0,24,0,15,0,0,11,0,0,0
122269,1,1,0,0,0,0,0,0,24,0,0,0
122270,1,1,0,0,0,0,0,0,12,0,0,0
122270,2,1,0,0,0,29,0,0,0,0,0,0
122272,1,1,0,13,14,0,0,35,8,0,0,17
122273,1,1,0,0,0,0,8,0,0,0,0,0
122273,2,1,0,0,0,0,0,0,0,0,0,0
122274,1,1,0,0,0,0,0,0,0,0,0,0
122275,0,1,2,2,2,2,2,2,2,2,2,2
122275,1,1,0,0,0,0,0,0,0,0,0,0
122276,0,1,0,0,0,5,37,0,20,0,0,0
122276,1,1,0,0,0,0,0,0,0,0,0,0
122277,0,1,34,34,34,34,34,34,34,34,34,34
122277,1,1,0,0,0,0,7,0,17,0,0,0
122278,1,2,3,27,0,10,14,22,13,13,13,0
122279,1,1,0,0,12,0,0,0,0,0,0,0
122279,2,1,0,0,0,0,0,0,0,0,0,0
122280,0,1,8,8,8,8,8,8,8,8,8,8
122280,1,1,18,18,18,18,18,18,18,18,18,18
122281,1,1,9,9,9,9,9,9,9,9,9,9
122281,2,1,0,0,0,0,0,0,0,0,0,0
122282,1,1,0,0,0,0,0,0,0,0,0,0
122282,2,1,0,0,0,0,0,0,0,0,0,0
122282,3,1,0,0,0,0,0,0,0,0,0,0
122283,1,1,2,2,2,2,2,2,2,2,2,2
122283,2,1,13,0,0,0,0,0,0,0,0,0
122285,1,1,0,0,0,0,0,0,0,0,0,3
122285,2,1,0,0,0,0,0,0,0,0,0,0
122286,1,1,15,0,0,22,0,0,13,0,8,5
122286,2,1,0,0,0,0,0,0,0,0,0,0
122287,1,1,0,0,0,0,0,0,0,0,0,0
122287,2,1,0,0,11,13,0,15,0,0,0,28
122288,1,1,15,0,0,0,15,0,0,0,0,0
122290,1,1,0,0,0,0,0,0,0,10,0,0
122291,0,1,2,2,2,2,2,2,2,2,2,2
122291,1,1,28,0,0,0,0,0,0,0,0,0
122292,1,1,0,0,0,0,0,0,0,0,0,0
122293,0,1,0,0,0,0,0,0,0,0,0,0
122293,1,1,0,0,0,0,0,0,0,0,0,0
122294,1,1,0,0,0,0,0,0,0,0,0,0
122295,1,1,0,0,0,0,0,0,0,6,0,0
122295,2,1,15,0,0,0,16,18,0,17,21,0
122296,1,1,26,26,26,26,26,26,26,26,26,26
122297,1,1,0,0,0,0,18,0,0,0,0,0
122297,2,1,0,0,0,0,0,0,0,0,0,14
122298,1,1,13,13,13,13,13,13,13,13,13,13
122299,0,1,0,0,0,0,0,0,0,0,0,0
122299,1,1,0,0,0,0,0,17,0,0,0,0
122300,1,1,0,0,0,0,0,0,0,0,0,0
122300,2,1,0,0,0,0,0,0,0,0,0,0
122301,0,1,0,0,0,0,33,12,0,0,0,0
122301,1,1,0,0,0,0,0,0,0,0,0,0
122302,1,1,0,0,0,0,0,0,0,0,0,19
122302,2,1,0,0,0,0,0,0,14,0,0,0
122303,1,1,0,0,0,0,0,0,0,0,0,0
122303,2,1,0,0,0,0,0,0,0,0,0,0
122304,1,1,0,0,0,0,0,0,0,0,0,0
122304,2,1,0,0,0,0,0,0,0,0,0,0
122305,1,1,0,0,0,0,0,0,0,0,0,0
122305,2,1,0,0,0,0,0,0,0,0,0,0
122306,1,1,0,0,0,0,0,0,0,0,0,0
122306,2,1,0,0,0,0,0,0,0,0,0,0
122306,3,1,0,0,0,0,0,0,0,0,0,0
122307,1,1,0,0,0,0,0,0,0,0,0,0
122307,2,1,0,0,0,0,0,0,0,0,0,0
122308,1,1,13,13,13,13,13,13,13,13,13,13
122308,2,1,0,0,0,0,0,0,0,0,0,0
122309,1,1,0,0,0,0,0,0,0,0,0,0
122309,2,1,0,0,3,0,0,0,0,0,0,0
122309,3,1,0,0,0,0,0,0,0,0,0,0
122310,1,1,18,18,18,18,18,18,18,18,18,18
122311,1,1,0,0,0,0,0,0,11,0,0,0
122311,2,1,0,0,0,0,0,0,0,0,0,0
122312,1,1,0,0,0,0,0,0,0,0,0,0
122312,2,1,0,0,0,0,0,0,0,0,6,0
122313,0,1,0,0,0,0,0,0,0,0,0,0
122313,1,1,14,0,0,3,0,0,11,0,16,0
122313,2,1,0,0,5,0,0,0,0,0,0,0
122314,1,1,0,0,0,0,0,0,3,0,0,0
122314,2,1,0,0,14,0,0,4,0,0,0,0
122315,0,1,0,0,0,18,0,0,0,0,0,0
122315,1,1,0,0,0,0,0,0,0,0,0,27
122316,0,1,0,0,0,0,26,7,4,22,0,0
122316,1,1,0,0,0,0,0,0,0,0,0,0
122317,0,1,0,0,0,0,0,0,0,0,32,0
122317,1,1,0,0,0,0,0,0,0,0,0,0
122318,1,1,0,0,0,0,0,0,0,0,0,0
122319,0,1,17,0,0,0,19,0,14,0,20,19
122319,1,1,0,0,0,17,0,19,0,7,7,8
122320,0,1,0,9,2,0,5,0,0,0,0,0
122320,1,1,0,0,0,7,9,3,28,0,0,0
122321,0,1,10,0,0,0,0,0,7,0,0,0
122321,1,1,0,0,0,0,0,0,0,0,10,0
122322,1,1,0,0,0,0,0,0,0,0,0,0
122322,2,1,0,0,0,0,0,0,0,17,0,0
122322,3,1,0,0,0,0,0,0,0,7,0,0
122323,0,1,0,0,0,0,0,0,0,0,0,0
122323,1,1,0,0,0,0,0,0,0,0,0,0
122324,1,1,0,0,0,0,0,0,0,0,0,0
122324,2,1,0,0,0,0,0,0,0,0,0,0
122325,0,1,18,18,18,18,18,18,18,18,18,18
122325,1,1,0,0,0,0,20,0,0,29,0,0
122326,1,1,0,0,0,0,0,0,0,0,0,0
122326,2,1,0,0,0,0,0,0,0,0,0,0
122327,1,1,1,1,1,1,1,1,1,1,1,1
122328,0,1,0,0,24,0,27,18,0,0,20,8
122328,1,1,0,0,0,0,13,0,0,0,0,0
122329,1,1,0,0,0,0,0,0,0,0,0,0
122329,2,1,0,0,0,0,0,0,0,0,0,0
122330,0,1,16,13,0,31,0,18,9,0,0,0
122330,0,2,11,0,12,28,0,5,21,17,0,0
122330,1,1,22,0,0,16,0,29,0,0,0,0
122331,1,1,0,0,0,0,0,0,0,0,0,0
122331,2,1,0,0,0,9,0,0,0,0,0,0
122332,1,1,0,0,0,0,0,0,0,0,0,0
122332,2,1,0,0,0,0,0,0,0,0,0,0
122332,3,1,0,0,0,0,0,0,0,0,0,0
122333,1,1,0,0,0,0,0,0,0,0,0,0
122334,0,1,33,33,33,33,33,33,33,33,33,33
122334,1,1,0,0,0,0,0,0,0,0,0,0
122335,1,1,20,20,20,20,20,20,20,20,20,20
122335,2,1,0,0,0,0,0,6,28,0,7,0
122336,1,1,9,9,9,9,9,9,9,9,9,9
122336,2,1,0,0,0,0,0,0,0,0,0,0
122337,0,1,2,2,2,2,2,2,2,2,2,2
122337,1,1,10,0,0,0,0,0,0,0,0,0
122338,0,1,0,0,0,0,0,3,21,0,0,17
122338,1,1,0,0,10,0,31,0,0,22,0,0
122339,1,1,0,0,0,0,0,0,0,0,0,0
122341,1,1,0,0,0,0,0,0,0,0,0,0
122342,1,1,11,11,11,11,11,11,11,11,11,11
122342,2,1,4,4,4,4,4,4,4,4,4,4
122343,0,1,0,0,0,0,0,0,0,0,0,0
122343,1,1,0,0,0,0,0,0,0,0,0,0
122344,1,1,12,12,12,12,12,12,12,12,12,12
122344,2,1,0,0,0,0,0,0,0,0,0,0
122345,1,1,0,0,0,0,0,0,0,0,0,0
122347,1,1,11,11,11,11,11,11,11,11,11,11
122347,2,1,0,0,0,0,0,0,0,0,0,0
122348,1,1,0,0,0,0,29,0,0,0,0,0
122348,2,1,0,0,0,0,0,0,0,0,0,0
122348,3,1,0,0,0,0,0,0,0,0,0,0
122351,1,1,17,17,17,17,17,17,17,17,17,17
122352,1,1,0,0,0,0,0,0,0,20,0,0
122352,2,1,5,5,5,5,5,5,5,5,5,5
122353,1,1,0,0,0,0,0,0,32,0,0,0
122353,2,1,0,0,0,0,0,0,0,0,0,0
122354,1,1,21,21,21,21,21,21,21,21,21,21
122354,2,1,0,0,0,0,0,0,0,0,0,0
122355,1,1,0,0,0,0,0,0,0,0,0,0
122355,2,1,0,0,0,0,0,0,0,0,0,0
122356,1,1,0,0,0,0,0,0,0,0,0,0
122356,2,1,0,0,0,0,0,0,0,0,0,0
122357,1,1,23,23,23,23,23,23,23,23,23,23
122357,2,1,0,0,0,0,13,0,0,0,0,23
122358,1,1,0,0,0,0,0,0,0,0,0,0
122359,1,1,16,16,16,16,16,16,16,16,16,16
122360,1,1,0,0,0,0,0,0,0,0,0,0
122361,0,1,0,0,0,0,0,0,0,0,0,0
122361,1,1,0,0,0,0,0,0,0,0,0,0
122362,1,1,0,0,0,0,0,0,0,0,0,0
122363,1,1,8,8,8,8,8,8,8,8,8,8
122364,1,1,0,0,0,0,0,0,0,0,0,0
122364,2,1,0,0,0,0,0,0,0,0,0,0
122364,3,1,0,0,0,0,0,0,0,0,0,0
122364,4,1,0,0,0,0,0,0,0,0,25,0
122365,0,1,0,0,0,0,0,0,0,0,0,0
122365,1,1,0,0,7,0,0,0,0,0,6,0
122365,2,1,0,0,0,0,0,0,0,0,0,0
122366,0,1,0,0,0,0,0,0,0,0,0,0
122366,1,1,0,0,0,0,0,0,0,0,0,0
122367,1,1,14,14,14,14,14,14,14,14,14,14
122367,2,1,0,0,0,0,0,0,0,0,0,0
122368,0,1,0,0,0,0,0,0,0,0,0,0
122368,1,1,0,9,0,0,2,0,0,0,0,0
122368,2,1,0,0,0,0,0,0,0,0,0,0
122369,1,1,0,0,0,0,0,0,0,0,0,0
122369,2,1,0,0,0,0,0,0,0,0,0,0
122370,1,1,20,20,20,20,20,20,20,20,20,20
122371,0,1,29,29,29,29,29,29,29,29,29,29
122371,1,1,0,0,0,24,0,24,0,0,0,0
122372,1,1,0,0,0,0,0,0,0,0,0,0
122372,2,1,0,0,0,0,0,0,0,0,0,0
122373,0,1,32,0,18,0,25,0,0,20,0,0
122373,1,1,0,0,0,4,0,0,0,0,0,0
122375,1,1,0,0,0,0,0,0,0,0,0,0
122375,2,1,0,0,0,0,0,0,0,0,0,0
122376,0,1,0,0,43,0,0,0,16,0,0,0
122376,1,1,0,0,19,0,0,0,0,0,0,0
122378,1,1,0,0,0,21,0,0,0,0,0,0
122379,0,1,0,0,8,0,0,0,29,0,0,0
122379,1,1,0,0,0,0,0,0,0,8,0,0
122379,2,1,0,0,10,0,0,0,0,0,0,0
122380,0,1,13,26,0,20,0,25,25,0,0,0
122380,1,1,0,0,0,0,0,0,0,0,5,21
122382,0,1,8,8,8,8,8,8,8,8,8,8
122382,1,1,0,0,0,0,0,0,0,0,0,0
122383,1,1,0,0,0,0,0,0,0,0,0,0
122383,2,1,0,0,0,0,0,0,0,0,0,0
122384,1,1,16,16,16,16,16,16,16,16,16,16
122384,2,1,19,19,19,19,19,19,19,19,19,19
122385,0,1,0,27,0,0,0,0,0,0,18,0
122385,1,1,0,0,0,0,0,0,0,0,0,0
122386,0,1,0,0,0,0,0,0,0,0,0,0
122386,1,1,8,0,0,0,0,0,0,0,0,0
122386,2,1,0,0,0,0,0,0,32,0,0,0
122388,1,1,0,0,0,0,0,0,0,0,0,0
122388,2,1,0,0,0,0,0,14,0,0,0,0
122389,1,1,17,17,17,17,17,17,17,17,17,17
122389,2,1,0,0,0,0,0,0,0,0,0,0
122390,0,1,0,0,0,0,22,0,0,0,0,0
122390,1,1,0,0,0,0,0,0,0,10,0,0
122391,1,1,0,0,0,0,0,0,0,0,0,0
122391,2,1,0,0,0,0,0,0,8,0,0,0
122392,1,1,7,7,7,7,7,7,7,7,7,7
122392,2,1,18,18,18,18,18,18,18,18,18,18
122393,1,1,18,18,18,18,18,18,18,18,18,18
122393,2,1,0,0,0,0,0,0,0,0,0,0
122394,1,1,0,0,0,0,17,0,16,0,0,0
122395,0,1,24,24,24,24,24,24,24,24,24,24
122395,1,1,0,12,0,0,4,0,0,0,0,0
122396,1,1,0,29,7,10,26,0,0,6,0,0
122397,1,1,0,0,0,0,0,0,0,0,0,0
122398,1,1,11,11,11,11,11,11,11,11,11,11
122399,0,1,0,0,0,0,0,32,0,0,0,0
122399,1,1,0,0,0,0,0,0,0,0,0,0
122400,1,1,0,0,0,0,0,0,0,0,0,0
122400,2,1,0,0,0,0,0,0,0,0,0,0
122401,0,1,0,0,13,0,0,0,11,0,0,0
122401,1,1,0,0,0,0,16,0,27,0,0,0
122402,1,1,0,0,0,0,0,0,0,0,14,0
122402,2,1,0,29,0,0,16,17,0,0,0,0
122402,3,1,0,0,0,0,0,0,16,0,0,0
122403,1,1,0,0,0,0,0,0,16,0,0,0
122404,0,1,0,0,0,0,0,0,0,0,0,0
122404,1,1,0,0,0,0,0,0,0,0,0,0
122405,0,1,0,0,0,0,0,0,0,0,0,0
122405,1,1,0,0,0,0,0,0,0,0,0,0
122406,1,1,0,0,0,0,0,0,0,0,0,0
122407,1,1,0,0,0,0,0,0,0,0,0,0
122408,1,1,0,0,0,0,0,0,0,0,0,0
122409,1,1,0,0,0,0,0,0,0,23,0,0
122409,2,1,0,0,21,0,0,0,0,0,0,20
122410,1,1,0,0,0,0,0,0,0,0,0,10
122411,0,1,13,13,13,13,13,13,13,13,13,13
122411,1,1,0,0,0,0,36,0,0,30,0,0
122412,1,1,0,0,0,0,0,0,0,12,0,0
122412,2,1,0,0,0,0,0,0,0,0,0,0
122413,1,1,0,0,0,0,0,0,0,0,0,0
122414,1,1,13,13,13,13,13,13,13,13,13,13
122415,1,1,0,0,0,0,0,0,0,0,0,0
122416,1,1,0,0,0,0,0,0,0,0,0,0
122416,2,1,0,0,0,0,0,0,0,0,0,0
122417,0,1,0,0,0,0,0,0,0,0,0,0
122417,1,1,0,0,0,0,0,0,0,0,0,0
122418,0,1,0,0,0,0,0,0,0,0,0,0
122418,1,1,0,0,0,0,0,0,0,0,0,0
122419,1,1,0,0,0,0,0,0,0,0,0,0
122419,2,1,0,0,0,0,0,0,0,0,0,0
122419,3,1,0,0,0,0,0,18,0,21,0,0
122420,1,1,0,0,0,0,0,0,0,0,0,0
122420,2,1,0,0,0,0,0,0,0,0,0,0
122421,1,1,0,0,0,0,0,0,29,0,21,0
122421,2,1,0,0,0,0,0,0,0,0,0,0
122422,0,1,0,21,0,0,15,0,0,0,0,0
122422,1,1,0,0,0,0,0,0,0,0,0,0
122423,1,1,0,0,0,0,0,0,0,0,0,0
122424,1,1,0,0,0,0,0,0,0,0,0,0
122424,2,1,0,0,0,0,0,0,0,0,0,0
122425,1,1,0,0,0,0,0,0,0,0,0,0
122425,2,1,0,0,0,0,0,0,0,0,0,0
122426,1,1,8,8,8,8,8,8,8,8,8,8
122426,2,1,0,0,0,14,0,0,0,0,0,0
122426,3,1,0,0,0,0,0,0,0,0,0,0
122427,1,1,0,0,0,0,0,0,0,0,0,0
122427,2,1,0,0,0,0,0,0,0,0,0,0
122428,1,1,0,0,0,0,0,0,0,0,0,0
122428,2,1,0,0,0,0,0,0,0,0,0,0
122428,3,1,0,0,0,0,0,0,0,7,0,0
122428,4,1,0,0,0,0,0,0,0,0,0,0
122429,1,1,0,0,0,0,0,0,0,0,0,0
122429,2,1,0,0,0,0,0,0,0,0,0,0
122429,3,1,0,0,0,0,0,0,0,0,0,0
122429,4,1,0,0,0,0,0,0,0,0,0,0
122430,1,1,0,8,0,0,0,0,0,14,0,0
122432,0,1,29,0,0,0,0,0,0,0,14,0
122432,1,1,0,0,0,15,0,0,0,0,0,0
122433,0,1,0,0,0,0,0,0,0,0,0,0
122433,1,1,0,0,0,0,0,0,0,0,0,0
122434,1,1,0,0,0,0,0,0,0,0,0,0