ST_CASE,VEH_NO,PER_NO,P1,P2,P3,P4,P5,P6,P7,P8,P9,P10
122434,2,1,18,18,18,18,18,18,18,18,18,18
122435,0,1,28,0,0,0,0,22,27,24,0,15
122435,1,1,0,0,0,0,0,0,0,0,0,0
122436,1,1,0,0,0,0,0,0,0,0,0,0
122437,1,1,11,11,11,11,11,11,11,11,11,11
122438,1,1,0,0,0,0,0,0,0,0,0,0
122438,2,1,0,12,0,0,0,0,0,0,0,0
122438,3,1,0,0,0,0,0,0,0,0,0,0
122439,1,1,0,0,0,0,34,0,0,0,0,0
122439,2,1,0,0,0,0,0,0,0,0,0,0
122440,0,1,42,42,42,42,42,42,42,42,42,42
122440,1,1,0,0,0,0,0,4,12,0,0,0
122441,1,1,0,0,0,0,0,0,0,0,0,0
122441,2,1,0,0,0,0,0,0,0,0,0,0
122442,0,1,0,0,6,0,0,0,0,0,0,0
122442,1,1,0,0,0,0,0,0,0,0,0,0
122443,1,1,18,10,4,19,20,28,25,17,20,19
122444,0,1,0,0,0,0,0,0,0,0,0,0
122444,1,1,0,0,0,0,0,0,0,0,0,0
122445,0,1,2,0,0,0,0,0,20,40,32,0
122445,1,1,32,9,25,14,6,14,16,9,27,41
122446,1,1,0,0,0,0,0,0,0,0,0,0
122446,2,1,0,0,0,0,0,0,0,0,0,0
122447,1,1,0,0,0,0,0,0,0,0,0,0
122447,2,1,0,0,0,0,0,0,0,0,0,0
122448,0,1,0,9,14,0,37,0,0,0,0,19
122448,1,1,0,0,0,0,0,0,0,0,0,0
122449,1,1,0,0,0,0,0,0,0,0,0,0
122449,2,1,0,0,0,0,0,0,0,0,0,0
122449,3,1,0,0,0,0,0,0,0,0,0,0
122449,4,1,0,0,0,0,0,0,0,0,0,0
122449,5,1,0,0,0,0,0,0,0,0,0,0
122449,6,1,0,0,0,0,0,0,0,0,0,0
122449,7,1,0,0,0,0,0,0,0,0,0,0
122451,1,1,22,22,22,22,22,22,22,22,22,22
122452,1,1,0,14,0,13,14,0,15,0,0,22
122452,2,1,20,0,0,0,17,0,0,0,0,17
122452,3,1,0,20,0,6,18,15,0,0,0,0
122452,4,1,0,0,7,0,0,0,24,4,0,0
122452,5,1,20,15,0,0,0,42,0,0,0,0
122454,0,1,0,0,0,0,0,0,0,0,0,0
122454,1,1,0,0,0,0,0,0,0,0,12,0
122455,0,1,4,19,0,18,0,0,0,0,20,0
122455,1,1,9,0,0,0,0,0,0,28,0,17
122456,1,1,0,0,0,0,0,0,0,0,0,0
122457,0,1,0,0,0,0,0,0,0,0,0,0
122457,1,1,0,0,0,0,0,0,0,0,0,0
122457,2,1,0,0,0,0,0,0,0,0,0,0
122458,1,1,25,25,25,25,25,25,25,25,25,25
122458,2,1,0,0,17,0,0,0,0,0,0,0
122459,1,1,0,0,0,0,0,0,0,0,0,0
122460,1,1,0,0,0,0,0,0,0,0,0,0
122461,0,1,0,0,38,14,12,0,0,19,0,0
122461,1,1,12,0,0,0,0,0,18,0,52,0
122462,1,1,0,0,0,0,0,0,0,0,0,0
122463,0,1,20,20,20,20,20,20,20,20,20,20
122463,0,2,12,12,12,12,12,12,12,12,12,12
122463,1,1,0,0,0,0,0,0,0,0,0,0
122463,2,1,0,0,0,0,0,0,0,0,0,0
122463,3,1,0,0,0,0,0,0,0,0,0,0
122464,1,1,0,0,0,0,0,0,0,0,0,0
122464,2,1,0,0,0,0,0,19,0,0,0,0
122465,0,1,0,0,0,0,0,0,0,0,0,0
122465,1,1,0,0,0,0,0,11,5,0,0,0
122466,1,1,21,21,21,21,21,21,21,21,21,21
122466,2,1,0,0,0,22,0,0,0,0,0,0
122467,1,1,16,16,16,16,16,16,16,16,16,16
122467,2,1,0,0,0,9,0,0,0,0,0,0
122467,3,1,0,0,0,0,0,0,0,0,0,0
122467,4,1,0,0,0,0,0,0,0,0,0,0
122468,1,1,0,0,0,0,0,0,0,0,0,0
122468,2,1,0,0,0,0,0,0,0,0,0,0
122469,1,1,0,0,0,0,0,0,0,0,0,0
122469,2,1,0,0,0,0,0,0,0,0,0,0
122470,0,1,0,0,0,0,0,0,0,0,0,0
122470,1,1,0,0,0,0,0,0,0,0,0,0
122471,1,1,0,0,0,0,8,0,0,0,0,0
122471,2,1,0,0,0,0,0,0,0,0,0,0
122471,3,1,0,0,0,0,0,0,0,0,0,0
122472,1,1,20,20,20,20,20,20,20,20,20,20
122472,2,1,0,0,0,0,0,0,0,0,0,0
122474,1,1,12,11,16,15,0,0,7,9,18,28
122474,2,1,0,0,0,0,0,0,0,0,0,0
122474,3,1,0,0,0,0,0,0,0,0,0,0
122474,4,1,0,0,0,0,0,0,0,0,0,16
122475,1,1,11,11,11,11,11,11,11,11,11,11
122476,0,1,19,19,19,19,19,19,19,19,19,19
122476,1,1,0,0,0,0,0,0,0,0,0,0
122477,0,1,15,15,15,15,15,15,15,15,15,15
122477,1,1,0,0,0,0,0,0,0,0,0,0
122477,2,1,0,0,0,0,0,0,0,0,0,0
122477,3,1,0,0,0,0,0,0,0,0,0,0
122478,1,1,0,16,21,0,0,0,0,0,0,0
122479,0,1,0,0,0,0,0,0,0,0,0,0
122479,1,1,0,0,0,0,0,0,0,0,0,0
122480,1,1,16,16,16,16,16,16,16,16,16,16
122480,2,1,0,0,0,0,0,0,0,0,0,0
122482,1,1,0,0,0,0,0,0,0,0,0,0
122483,1,1,0,0,0,0,0,0,0,8,0,0
122483,2,1,0,0,0,0,0,0,0,0,0,0
122484,1,1,0,0,0,0,0,0,0,0,0,0
122484,2,1,4,4,4,4,4,4,4,4,4,4
122485,1,1,0,0,0,0,0,0,0,0,0,0
122485,2,1,0,0,0,0,0,0,0,0,0,0
122485,3,1,0,0,0,0,0,0,0,0,0,0
122486,1,1,11,11,11,11,11,11,11,11,11,11
122487,0,1,19,19,19,19,19,19,19,19,19,19
122487,1,1,0,0,0,0,0,0,0,0,0,0
122488,1,1,17,3,15,0,29,0,36,5,4,0
122488,2,1,0,0,0,11,0,21,0,29,23,10
122489,1,1,0,0,0,0,0,0,0,0,0,0
122490,0,1,0,0,0,0,0,36,0,17,19,0
122490,1,1,0,0,0,0,0,0,0,0,0,0
122491,1,1,3,3,3,3,3,3,3,3,3,3
122491,2,1,27,27,27,27,27,27,27,27,27,27
122492,1,1,0,0,0,21,13,0,0,0,0,0
122492,2,1,0,0,0,17,0,0,0,0,0,0
122493,0,1,0,0,19,22,0,0,0,0,12,0
122493,1,1,0,0,0,0,0,0,0,0,0,0
122494,1,1,21,21,21,21,21,21,21,21,21,21
122494,2,1,0,0,0,0,0,0,0,0,0,0
122495,0,1,31,31,31,31,31,31,31,31,31,31
122495,1,1,0,0,0,0,0,0,0,0,0,0
122497,1,1,0,0,0,0,10,0,0,0,0,0
122497,2,1,0,0,14,0,0,0,0,0,0,0
122498,1,1,15,0,0,0,13,0,0,0,10,12
122498,2,1,15,15,0,19,0,0,0,0,21,0
122499,0,1,0,0,0,0,0,0,0,0,0,0
122499,1,1,0,0,0,0,0,0,0,0,0,0
122500,1,1,0,0,0,0,25,30,0,0,0,0
122500,2,1,0,0,0,0,0,0,0,0,0,0
122501,1,1,0,0,0,0,0,0,10,0,0,0
122501,2,1,0,0,0,0,0,0,0,0,0,9
122502,0,1,0,14,0,0,0,0,0,0,11,0
122502,1,1,8,21,24,0,10,0,16,0,0,0
122503,0,1,0,0,0,0,0,0,0,0,0,0
122503,1,1,8,8,8,8,8,8,8,8,8,8
122504,1,1,33,33,33,33,33,33,33,33,33,33
122505,0,1,25,25,25,25,25,25,25,25,25,25
122505,1,1,0,0,0,0,4,0,0,0,0,0
122506,1,1,0,0,0,0,0,0,0,0,0,0
122506,2,1,0,0,0,0,0,0,0,0,0,0
122507,1,1,0,0,0,0,0,0,0,0,0,0
122507,2,1,0,0,0,0,0,0,0,0,0,0
122507,3,1,0,0,0,0,0,0,0,0,0,0
122507,4,1,0,0,0,0,0,0,0,0,0,0
122507,5,1,0,0,0,0,0,0,0,0,0,0
122507,6,1,0,0,0,0,0,0,0,0,0,0
122508,1,1,0,0,0,0,0,0,0,0,0,0
122508,2,1,0,0,0,0,0,0,0,0,0,0
122510,1,1,0,0,0,0,0,0,0,0,0,0
122511,1,1,0,0,0,0,0,0,0,0,0,0
122511,2,1,0,0,0,0,0,0,0,0,0,0
122511,3,1,0,0,0,0,0,0,0,0,0,0
122512,0,1,0,0,0,0,0,0,0,0,0,0
122512,0,2,0,0,0,20,0,0,0,0,0,0
122512,1,1,0,0,0,0,0,0,0,0,0,0
122513,1,1,28,28,28,28,28,28,28,28,28,28
122513,2,1,0,0,0,0,17,16,0,11,0,0
122513,3,1,0,0,0,0,0,0,0,0,0,0
122513,4,1,0,0,0,0,0,0,0,0,0,0
122514,1,1,0,0,0,0,0,0,5,0,0,0
122514,2,1,0,0,0,0,0,0,0,0,0,0
122515,0,1,0,0,0,0,0,0,0,0,0,0
122515,1,1,0,0,23,0,0,0,0,0,0,0
122516,1,1,0,0,0,0,0,0,0,0,0,0
122516,2,1,0,0,0,0,0,0,0,0,0,0
122517,1,1,0,0,0,0,0,0,0,0,0,0
122517,2,1,0,0,0,0,0,0,0,0,0,0
122517,3,1,0,0,0,0,0,0,0,0,0,0
122517,4,1,0,0,0,0,0,0,0,0,0,0
122518,1,1,0,0,0,0,0,0,0,0,0,0
122518,2,1,0,0,0,0,0,0,0,0,0,0
122519,1,1,19,19,19,19,19,19,19,19,19,19
122520,1,1,0,0,0,0,0,0,0,0,0,0
122520,2,1,12,12,12,12,12,12,12,12,12,12
122521,0,1,0,0,0,0,0,0,0,0,0,0
122521,1,1,0,0,0,0,0,0,11,0,0,0
122522,1,1,20,20,20,20,20,20,20,20,20,20
122523,1,1,20,20,20,20,20,20,20,20,20,20
122524,1,1,0,0,0,0,0,0,0,0,0,0
122524,2,1,0,0,0,0,0,0,0,0,0,0
122524,3,1,0,0,0,0,0,0,0,0,0,0
122524,4,1,0,0,0,0,0,0,0,0,0,0
122525,1,1,42,42,42,42,42,42,42,42,42,42
122525,2,1,0,0,0,0,0,0,0,0,0,0
122526,1,1,27,27,27,27,27,27,27,27,27,27
122526,2,1,0,0,0,0,0,0,0,0,0,0
122527,0,1,0,0,0,0,0,0,0,0,0,0
122527,1,1,0,0,0,0,0,0,0,0,0,0
122528,1,1,0,0,0,0,0,0,0,0,0,0
122528,2,1,0,0,0,0,0,0,0,0,0,23
122528,3,1,19,0,0,0,0,0,0,0,0,0
122529,1,1,0,0,0,0,0,0,0,0,0,0
122529,2,1,0,0,0,0,0,0,0,0,0,0
122530,1,1,0,0,0,0,0,0,0,0,0,0
122531,1,1,0,0,0,0,0,0,0,0,0,0
122531,2,1,0,0,0,0,0,0,0,0,0,0
122533,1,1,0,0,0,0,0,0,0,0,0,0
122534,1,1,0,0,0,0,0,0,0,0,0,0
122535,0,1,0,0,0,0,0,0,0,0,0,0
122535,1,1,0,0,0,0,0,15,0,0,0,0
122536,1,1,0,0,0,0,0,0,0,0,0,0
122536,2,1,0,0,0,0,0,0,0,0,0,0
122536,3,1,0,0,0,0,0,0,0,0,0,0
122537,1,1,0,0,0,0,0,0,0,0,0,0
122537,2,1,0,0,0,0,0,0,0,0,0,0
122537,3,1,0,0,0,0,0,0,0,0,0,13
122537,4,1,0,0,0,0,0,0,0,0,0,0
122538,1,1,0,0,0,0,0,0,0,0,0,0
122538,2,1,0,4,0,0,15,0,0,17,0,9
122539,1,1,0,0,0,0,0,0,0,0,0,0
122539,2,1,0,0,0,0,0,0,0,0,0,0
122540,0,1,0,0,0,0,33,0,0,0,0,0
122540,1,1,0,0,0,0,0,0,0,0,0,0
122541,1,1,0,0,0,0,0,0,0,0,0,0
122541,2,1,0,0,0,0,0,0,0,0,21,0
122542,1,1,0,0,0,0,0,0,0,0,0,0
122542,2,1,0,0,0,0,0,0,0,0,0,0
122542,3,1,0,0,0,0,0,0,0,0,16,0
122543,1,1,0,0,0,0,0,0,0,0,0,0
122543,2,1,0,0,0,0,0,0,0,0,0,0
122544,0,1,0,0,0,0,0,16,0,0,0,0
122544,1,1,17,0,0,8,0,0,23,0,9,0
122545,1,1,0,35,13,14,0,0,0,9,0,24
122546,0,1,25,25,25,25,25,25,25,25,25,25
122546,1,1,0,0,0,0,0,0,0,0,0,0
122547,1,1,0,0,0,0,0,0,0,0,0,0
122547,2,1,0,0,0,0,0,15,0,0,0,0
122548,0,1,0,0,0,0,0,40,0,0,14,0
122548,1,1,0,0,0,0,0,0,0,0,0,0
122549,1,1,0,0,0,0,0,0,0,0,0,22
122549,2,1,0,0,0,0,0,0,0,0,0,0
122550,1,1,0,0,0,0,0,0,0,0,16,0
122550,2,1,0,0,0,0,0,0,0,0,0,0
122551,1,1,0,0,0,0,0,0,0,0,0,0
122551,2,1,0,0,0,0,0,0,0,0,0,0
122552,1,1,0,0,0,0,0,0,0,0,0,0
122552,2,1,0,0,0,0,0,0,0,0,0,0
122553,0,1,0,0,0,0,0,0,0,0,0,0
122553,1,1,0,0,0,0,0,0,0,0,0,0
122554,1,1,0,0,0,0,0,0,0,0,0,0
122554,2,1,3,3,3,3,3,3,3,3,3,3
122554,3,1,0,12,0,0,0,0,0,0,0,0
122554,4,1,21,0,0,0,8,0,0,0,0,0
122555,1,1,0,0,0,0,0,0,0,0,0,0
122556,0,1,14,14,14,14,14,14,14,14,14,14
122556,1,1,0,0,0,15,0,0,0,0,0,0
122557,1,1,0,0,0,0,0,0,0,0,0,0
122557,2,1,0,0,0,0,0,0,0,0,0,0
122559,0,1,22,22,22,22,22,22,22,22,22,22
122559,1,1,0,0,0,0,0,0,0,0,0,0
122561,0,1,0,0,0,38,0,0,42,0,7,27
122561,1,1,0,0,0,0,0,0,0,0,0,0
122562,1,1,19,19,19,19,19,19,19,19,19,19
122562,2,1,0,0,0,0,0,0,0,0,0,0
122563,1,1,0,0,0,0,0,0,0,0,0,0
122563,2,1,0,0,0,0,0,0,0,0,0,0
122564,0,1,22,0,24,30,43,23,0,38,0,0
122564,1,1,0,22,18,0,35,0,0,0,13,13
122565,1,1,0,0,0,0,0,0,0,0,0,0
122565,2,1,0,0,0,0,0,0,0,0,0,0
122566,0,1,0,0,0,39,0,0,0,0,0,0
122566,1,1,0,0,0,0,0,0,0,0,0,6
122567,1,1,2,2,2,2,2,2,2,2,2,2
122567,2,1,0,0,0,0,0,0,0,0,0,0
122567,3,1,0,0,0,0,0,0,0,0,0,0
122568,0,1,17,17,17,17,17,17,17,17,17,17
122568,1,1,0,0,0,0,0,0,0,0,0,0
122569,1,1,0,0,0,0,0,0,0,0,0,0
122569,2,1,0,0,0,0,0,0,0,0,0,0
122570,1,1,0,0,0,0,0,16,24,0,0,0
122570,2,1,0,0,0,0,0,0,0,0,0,0
122570,3,1,0,0,0,0,0,0,0,0,0,0
122571,1,1,6,0,15,0,0,5,0,13,0,0
122573,1,1,0,0,0,0,0,11,0,0,0,0
122573,2,1,0,0,0,0,0,0,0,0,0,0
122574,1,1,0,0,0,0,0,0,0,0,0,20
122575,0,1,0,0,0,0,0,0,7,35,0,0
122575,1,1,18,0,11,14,15,15,0,31,0,0
122576,0,1,0,0,0,0,0,0,0,0,0,0
122576,0,2,10,11,28,0,0,0,0,0,0,0
122576,0,3,0,0,0,0,0,0,0,0,0,0
122576,1,1,0,0,0,0,0,0,21,0,0,0
122578,1,1,11,11,6,21,0,7,3,17,0,0
122578,2,1,0,0,0,0,0,0,0,0,0,0
122578,3,1,0,13,0,0,0,0,0,0,0,0
122579,1,1,20,20,20,20,20,20,20,20,20,20
122579,2,1,13,13,13,13,13,13,13,13,13,13
122580,1,1,0,0,0,0,0,0,0,0,0,0
122580,2,1,0,0,0,0,0,0,0,0,0,0
122581,1,1,18,18,18,18,18,18,18,18,18,18
122582,1,1,24,0,25,15,25,9,0,0,15,14
122583,1,1,0,0,0,0,0,0,0,0,0,0
122585,1,1,24,24,24,24,24,24,24,24,24,24
122586,0,1,0,0,0,0,0,0,0,0,0,0
122586,1,1,0,0,0,0,0,0,0,0,0,0
122587,0,1,25,13,6,21,19,10,6,40,18,29
122587,1,1,0,0,3,0,0,0,0,0,0,0
122588,1,1,0,0,0,0,0,0,0,0,0,0
122588,2,1,15,0,0,0,0,0,0,0,0,0
122589,1,1,15,4,14,10,38,6,4,3,5,13
122589,2,1,19,0,0,0,0,0,0,0,18,0
122590,1,1,0,0,0,0,0,0,0,0,0,0
122591,0,1,0,11,23,18,0,0,0,39,27,0
122591,1,1,0,0,0,0,0,28,0,0,0,0
122592,0,1,0,0,0,0,0,0,0,0,0,0
122592,1,1,0,0,0,0,0,0,0,0,0,0
122593,1,1,0,0,0,0,0,0,0,0,0,0
122593,2,1,0,0,0,0,0,0,0,0,0,0
122594,0,1,0,0,0,0,0,0,25,0,0,0
122594,1,1,0,0,0,0,0,0,0,0,0,0
122595,0,1,0,0,0,0,0,0,22,0,35,14
122595,1,1,0,0,0,0,0,0,0,0,0,0
122596,0,1,0,32,0,0,0,0,0,18,0,0
122596,1,1,0,0,0,0,0,0,0,0,0,0
122597,0,1,0,14,22,0,0,0,0,0,0,0
122597,1,1,0,0,0,0,0,0,0,0,0,0
122598,0,1,0,0,0,0,16,0,0,0,0,0
122598,1,1,0,0,0,0,0,0,0,0,0,0
122599,0,1,0,0,0,0,0,0,0,0,0,0
122599,1,1,26,0,0,0,0,0,0,0,0,0
122600,1,1,0,0,0,0,0,0,0,0,0,0
122601,1,1,8,8,8,8,8,8,8,8,8,8
122601,2,1,0,0,0,0,0,0,0,0,0,0
122602,0,1,0,0,0,0,0,0,0,0,0,0
122602,1,1,0,0,0,33,0,0,0,7,0,0
122603,1,1,0,0,0,0,0,0,0,0,0,0
122603,2,1,0,0,0,0,0,0,0,0,0,0
122604,1,1,0,16,0,0,0,0,0,11,0,0
122604,2,1,0,0,0,0,0,0,0,0,0,0
122605,1,1,0,0,0,0,0,0,0,0,0,0
122605,2,1,0,0,0,0,0,0,0,0,0,0
122605,3,1,0,0,0,0,0,0,0,0,0,0
122606,1,1,0,0,0,0,0,0,0,0,0,0
122606,2,1,0,0,0,0,0,0,0,0,0,0
122607,1,1,0,0,0,0,0,0,0,0,0,0
122607,2,1,0,0,0,0,0,0,0,0,0,0
122607,3,1,0,0,0,0,0,0,0,0,0,0
122607,4,1,0,0,0,0,0,0,0,0,0,0
122607,5,1,0,0,0,0,0,0,0,0,0,0
122607,6,1,0,0,0,0,0,0,0,0,0,0
122607,7,1,0,0,0,0,0,0,0,0,0,0
122608,0,1,0,0,0,0,0,0,0,0,0,0
122608,1,1,0,0,0,0,0,0,0,0,0,0
122609,1,1,0,0,0,0,0,0,0,0,0,0
122609,2,1,0,0,0,0,0,0,0,0,0,0
122610,1,1,0,0,0,0,0,0,0,0,0,0
122610,2,1,0,0,0,0,0,0,0,0,0,0
122611,0,1,7,7,7,7,7,7,7,7,7,7
122611,1,1,0,0,0,0,0,0,0,0,0,0
122612,1,1,25,25,25,25,25,25,25,25,25,25
122612,2,1,0,0,0,0,0,0,0,0,0,0
122613,1,1,20,20,20,20,20,20,20,20,20,20
122613,2,1,0,0,0,0,0,0,0,0,0,0
122613,3,1,0,0,0,0,0,0,0,0,0,0
122614,1,1,0,0,0,0,0,0,0,0,0,0
122614,2,1,0,0,0,0,0,0,0,0,0,0
122615,1,1,10,10,10,10,10,10,10,10,10,10
122615,2,1,0,0,0,0,0,0,0,0,0,0
122616,1,1,0,0,0,0,0,0,0,0,0,0
122616,2,1,0,0,0,0,0,0,0,0,0,0
122616,3,1,0,0,0,0,0,0,0,0,0,16
122617,1,1,0,0,0,0,0,0,0,0,0,0
122618,1,1,0,0,0,0,0,0,0,0,0,0
122618,2,1,0,0,0,0,0,0,0,0,0,0
122620,1,1,0,15,7,15,0,0,0,0,23,0
122620,2,1,0,0,0,0,0,16,0,0,0,0
122621,1,1,0,0,0,0,0,0,0,0,0,0
122622,1,1,10,10,10,10,10,10,10,10,10,10
122622,2,1,0,0,0,0,0,0,0,0,0,0
122624,1,1,31,31,31,31,31,31,31,31,31,31
122625,1,1,0,0,0,0,0,0,0,0,0,0
122626,0,1,0,0,0,0,0,0,0,0,0,0
122626,1,1,0,0,0,0,0,0,0,0,0,0
122627,1,1,0,0,0,0,0,0,0,0,0,0
122627,2,1,0,0,0,0,0,0,0,0,0,0
122628,0,1,32,32,32,32,32,32,32,32,32,32
122628,1,1,0,0,0,0,0,0,0,0,0,0
122629,1,1,0,0,0,0,0,0,0,0,0,0
122629,2,1,0,0,25,0,0,0,0,0,0,0
122630,1,1,0,0,0,0,0,0,0,0,0,0
122630,2,1,0,0,0,0,0,0,0,0,0,0
122630,3,1,0,0,0,0,0,0,0,0,0,0
122630,4,1,0,0,0,0,0,0,0,0,0,0
122630,5,1,0,0,0,0,0,0,0,0,0,0
122631,0,1,0,0,0,0,0,0,0,0,0,0
122631,1,1,0,0,0,0,0,0,0,0,0,0
122632,1,1,0,0,0,0,0,0,0,0,0,0
122632,2,1,11,9,22,13,0,24,17,22,23,5
122633,1,1,16,8,8,8,9,20,20,13,23,18
122634,1,1,0,0,0,0,0,0,0,0,0,0
122634,2,1,0,0,0,0,0,0,0,0,0,0
122635,0,1,15,15,15,15,15,15,15,15,15,15
122635,1,1,0,0,0,0,0,0,0,0,0,0
122636,1,1,0,0,0,0,0,0,0,0,0,0
122637,1,1,0,0,0,0,0,0,0,0,0,0
122637,2,1,0,0,0,0,0,0,0,0,0,0
122638,1,1,0,0,0,0,0,0,0,0,0,0
122638,2,1,10,10,10,10,10,10,10,10,10,10
122639,0,1,22,22,22,22,22,22,22,22,22,22
122639,1,1,0,0,19,23,0,0,0,0,6,0
122640,1,1,0,0,20,0,10,0,0,0,0,0
122640,2,1,0,0,0,0,0,0,0,0,0,0
122641,1,1,0,0,0,0,0,0,0,0,0,0
122641,2,1,0,0,0,0,0,0,0,0,0,0
122641,3,1,0,0,0,0,5,0,0,0,0,0
122642,1,1,0,17,5,0,8,0,0,22,0,0
122642,2,1,0,0,20,0,0,0,0,0,23,0
122643,1,1,22,22,22,22,22,22,22,22,22,22
122644,1,1,0,0,0,0,0,0,0,0,0,0
122644,2,1,0,0,0,0,0,0,0,0,42,0
122644,3,1,0,0,0,0,0,0,0,0,0,0
122644,4,1,0,0,0,0,0,0,0,0,0,0
122644,5,1,0,0,0,0,0,0,0,0,0,0
122645,0,1,36,36,36,36,36,36,36,36,36,36
122645,1,1,0,0,0,0,0,0,0,0,0,0
122646,1,1,0,0,0,0,0,0,0,0,0,0
122646,2,1,0,0,0,0,0,0,0,0,0,0
122646,3,1,0,0,0,0,0,0,0,0,0,0
122647,0,1,34,0,0,3,0,22,0,0,0,0
122647,1,1,0,0,0,0,0,0,0,0,29,0
122648,0,1,19,19,19,19,19,19,19,19,19,19
122648,1,1,0,0,0,0,0,0,0,0,0,0
122648,2,1,0,0,0,0,0,0,0,0,0,0
122649,1,1,0,0,0,0,0,0,0,0,0,0
122650,1,1,0,4,0,0,0,0,0,0,0,0
122650,2,1,0,0,0,0,0,0,0,0,0,0
122651,1,1,0,0,0,0,0,0,0,0,0,0
122653,1,1,29,2,0,18,0,19,23,28,0,0
122654,0,1,0,15,27,0,0,0,0,0,18,0
122654,1,1,0,0,18,28,0,0,0,0,16,0
122655,1,1,0,0,0,0,0,0,0,0,0,0
122655,2,1,0,0,0,0,0,0,0,0,0,0
122656,0,1,0,0,0,0,0,0,0,0,0,0
122656,1,1,0,0,0,0,0,0,0,0,0,0
122657,1,1,0,0,0,0,0,0,11,0,0,0
122657,2,1,0,0,0,0,0,16,0,0,0,0
122657,3,1,0,0,0,0,0,0,0,0,0,0
122658,1,1,0,0,0,0,0,0,0,0,0,0
122658,2,1,0,0,0,0,0,0,0,0,0,0
122659,0,1,0,0,22,0,0,0,18,0,0,0
122659,1,1,18,0,0,0,0,0,0,0,0,0
122660,1,1,0,0,0,0,0,0,0,0,0,0
122660,2,1,0,0,0,0,0,0,0,0,16,0
122661,1,1,7,7,7,7,7,7,7,7,7,7
122661,2,1,0,0,0,0,0,0,0,0,0,0
122662,1,1,0,0,0,0,0,0,0,13,0,0
122662,2,1,0,5,0,0,0,0,0,0,0,0
122663,1,1,0,0,0,0,0,0,0,0,0,0
122664,1,1,17,17,17,17,17,17,17,17,17,17
122665,1,1,14,0,4,5,0,4,23,0,20,0
122665,2,1,0,0,18,0,27,0,0,0,0,0
122666,0,1,0,0,0,0,0,0,0,0,0,0
122666,1,1,0,0,0,0,0,0,0,0,0,0
122667,1,1,22,22,22,22,22,22,22,22,22,22
122668,0,1,0,0,0,0,0,0,0,0,0,0
122668,1,1,0,0,0,0,0,0,0,9,0,0
122669,1,1,0,0,0,23,0,0,0,0,0,0
122669,2,1,0,0,0,0,0,0,0,0,0,0
122669,3,1,0,0,0,0,0,0,0,0,0,0
122670,0,1,7,7,7,7,7,7,7,7,7,7
122670,1,1,7,7,7,7,7,7,7,7,7,7
122671,0,1,0,0,0,0,0,0,0,0,0,0
122671,1,1,0,0,0,0,0,0,0,0,0,0
122672,1,1,10,10,10,10,10,10,10,10,10,10
122673,1,1,0,0,0,0,0,0,0,0,0,0
122674,1,1,24,24,24,24,24,24,24,24,24,24
122674,2,1,0,0,0,0,0,0,0,0,0,0
122675,1,1,0,0,0,0,0,0,0,0,0,0
122675,2,1,0,0,0,0,0,0,0,0,0,0
122676,0,1,9,0,0,0,0,0,0,0,27,13
122676,0,2,0,0,0,0,0,0,0,0,0,0
122676,1,1,0,0,0,0,0,0,0,0,0,0
122677,0,1,0,0,0,2,0,0,19,23,31,11
122677,1,1,0,0,0,0,0,0,0,0,0,0
122678,0,1,0,0,0,0,0,0,0,0,0,0
122678,1,1,0,0,0,0,0,0,0,0,0,0
122678,2,1,0,0,0,0,0,0,0,0,14,0
122678,3,1,0,0,0,0,0,0,15,0,0,0
122679,1,1,0,0,0,0,0,0,0,0,0,0
122680,0,1,11,11,11,11,11,11,11,11,11,11
122680,1,1,0,0,0,0,0,0,0,0,0,0
122681,1,1,43,43,43,43,43,43,43,43,43,43
122681,2,1,0,0,0,0,0,0,0,0,0,0
122682,0,1,0,0,0,0,0,0,0,0,0,0
122682,1,1,0,0,0,0,0,0,0,0,15,0
122684,1,1,0,0,0,0,0,0,0,0,0,0
122684,2,1,6,6,6,6,6,6,6,6,6,6
122685,1,1,21,21,21,21,21,21,21,21,21,21
122685,2,1,0,0,0,0,13,0,18,17,0,0
122686,1,1,0,0,0,0,0,0,0,0,0,0
122686,2,1,0,0,0,0,0,0,0,0,0,0
122687,1,1,0,0,9,28,0,0,0,0,0,0
122688,1,1,0,0,0,0,0,0,0,0,0,0
122689,0,1,1,1,1,1,1,1,1,1,1,1
122689,1,1,0,0,0,0,0,0,0,0,0,0
122690,1,1,0,0,0,0,0,0,0,0,0,0
122690,2,1,0,0,0,0,0,0,0,0,0,0
122691,1,1,0,0,0,0,0,0,0,0,0,0
122691,2,1,0,0,0,0,0,0,0,0,0,0
122692,0,1,0,0,0,0,0,0,0,0,0,0
122692,1,1,0,0,0,0,0,0,0,0,0,0
122693,0,1,30,30,30,30,30,30,30,30,30,30
122693,1,1,0,0,0,0,0,0,0,0,0,0
122694,1,1,0,5,21,21,18,0,3,0,0,4
122694,2,1,0,0,0,0,0,0,6,0,0,0
122695,1,1,0,0,0,0,0,0,0,0,0,0
122695,2,1,0,0,0,0,0,0,0,0,0,0
122697,1,1,0,0,0,0,0,0,0,0,0,0
122697,2,1,0,0,0,0,0,0,0,0,0,0
122698,1,1,18,0,0,0,0,0,9,0,0,0
122698,2,1,16,21,10,25,23,25,19,7,28,12