ST_CASE,VEH_NO,PER_NO,P1,P2,P3,P4,P5,P6,P7,P8,P9,P10
122699,1,1,12,12,12,12,12,12,12,12,12,12
122702,0,1,0,14,0,0,0,0,0,0,26,0
122702,1,1,0,0,0,0,0,0,0,0,0,0
122703,1,1,38,0,0,0,0,0,0,0,5,0
122703,2,1,0,14,0,14,0,11,20,0,25,0
122705,1,1,0,0,0,0,24,0,0,34,0,4
122705,2,1,0,20,34,8,24,0,24,0,0,0
122706,1,1,0,16,0,0,0,0,0,4,0,5
122706,2,1,0,0,0,0,0,0,0,0,0,0
122708,0,1,17,0,12,24,35,0,28,18,0,12
122708,1,1,16,0,0,0,0,0,0,0,0,0
122709,1,1,20,20,20,20,20,20,20,20,20,20
122710,1,1,0,0,0,0,0,0,0,0,0,0
122712,0,1,6,0,12,17,12,0,17,10,21,0
122712,1,1,0,0,0,0,0,0,0,0,0,0
122713,1,1,25,25,25,25,25,25,25,25,25,25
122714,0,1,0,0,0,0,0,0,0,0,0,0
122714,1,1,0,0,14,0,0,0,4,11,0,0
122716,1,1,0,0,0,0,0,0,0,0,0,0
122717,1,1,16,0,18,0,0,6,0,0,0,0
122718,0,1,0,0,0,0,26,0,0,13,5,0
122718,1,1,0,0,0,0,0,0,0,0,0,0
122719,1,1,12,12,12,12,12,12,12,12,12,12
122720,1,1,25,25,25,25,25,25,25,25,25,25
122721,1,1,13,13,13,13,13,13,13,13,13,13
122722,1,1,0,0,0,0,0,0,0,0,0,0
122722,2,1,0,0,0,0,0,0,0,0,0,0
122723,1,1,0,0,0,0,0,0,0,0,0,0
122723,2,1,0,16,0,0,0,17,0,0,0,0
122724,0,1,0,0,0,0,0,0,0,0,0,16
122724,1,1,0,0,0,0,0,0,10,0,0,0
122725,1,1,0,0,0,0,0,0,13,0,0,0
122725,2,1,0,0,0,0,0,0,0,0,0,0
122726,1,1,0,0,0,0,0,0,0,0,0,0
122726,2,1,0,0,0,0,0,0,0,0,0,0
122726,3,1,0,0,0,0,0,0,0,0,0,0
122726,4,1,0,0,0,0,0,0,0,0,0,0
122726,5,1,0,0,0,0,0,0,0,0,0,0
122726,6,1,0,0,0,0,0,0,0,0,0,0
122726,7,1,0,0,0,0,0,0,0,0,0,0
122726,8,1,0,0,0,0,0,0,0,0,0,0
122727,1,1,13,13,13,13,13,13,13,13,13,13
122727,2,1,0,0,0,0,0,0,0,0,0,0
122728,1,1,0,0,0,0,0,0,0,0,0,0
122728,2,1,0,0,0,12,0,0,0,0,0,0
122729,1,1,23,23,23,23,23,23,23,23,23,23
122731,1,1,21,21,21,21,21,21,21,21,21,21
122731,2,1,0,5,0,0,0,0,0,0,0,0
122731,3,1,0,0,0,0,0,0,0,0,0,0
122732,1,1,0,0,0,0,0,0,0,0,0,0
122732,2,1,0,0,0,0,0,0,0,0,0,0
122733,1,1,0,25,0,28,9,0,10,0,10,9
122734,1,1,0,0,0,0,0,0,0,0,0,0
122735,0,1,31,31,31,31,31,31,31,31,31,31
122735,1,1,0,0,0,0,0,0,0,0,0,0
122736,1,1,0,0,0,0,0,0,0,0,0,0
122736,2,1,0,0,0,0,0,0,0,0,0,0
122737,0,1,0,0,0,0,0,0,0,0,0,0
122737,1,1,0,0,0,0,0,0,0,0,0,0
122738,1,1,2,2,2,2,2,2,2,2,2,2
122738,2,1,0,0,0,0,0,0,0,0,0,0
122739,1,1,0,0,0,0,0,0,0,0,0,0
122739,2,1,0,0,2,0,0,0,0,0,0,0
122740,0,1,0,0,0,0,0,0,0,0,0,0
122740,1,1,0,0,0,0,2,26,0,29,0,0
122741,1,1,0,25,0,0,0,14,15,37,4,23
122742,0,1,16,10,14,37,14,27,36,15,0,24
122742,1,1,0,0,0,0,0,28,0,0,0,20
122743,1,1,0,0,0,29,0,0,0,0,0,0
122743,2,1,0,0,0,0,0,0,0,0,0,25
122744,1,1,0,0,0,0,0,0,0,0,0,0
122745,1,1,22,22,22,22,22,22,22,22,22,22
122746,1,1,26,26,26,26,26,26,26,26,26,26
122747,1,1,0,0,0,0,0,0,0,0,0,0
122748,0,1,0,0,0,0,0,0,0,0,0,0
122748,1,1,0,0,0,0,0,0,0,0,0,0
122749,1,1,0,0,0,0,0,0,0,0,0,0
122749,2,1,0,0,0,0,0,0,0,0,0,4
122750,0,1,0,0,0,0,0,0,0,0,0,0
122750,1,1,0,16,19,0,0,0,0,2,40,0
122751,1,1,0,0,0,0,0,0,0,11,0,0
122751,2,1,0,0,0,0,16,0,0,0,0,0
122752,0,1,0,0,0,0,0,0,0,0,0,0
122752,1,1,0,0,0,0,0,0,0,0,0,0
122753,1,1,0,33,0,0,0,0,0,0,0,0
122753,2,1,0,29,15,0,0,0,0,0,13,12
122754,1,1,0,0,0,0,0,0,0,0,0,0
122754,2,1,0,0,0,0,0,0,0,0,0,0
122756,1,1,15,15,15,15,15,15,15,15,15,15
122757,1,1,0,0,0,0,0,0,0,0,0,0
122758,1,1,0,0,0,0,0,0,0,0,0,0
122759,0,1,0,0,0,0,0,19,0,0,0,0
122759,1,1,0,0,0,0,0,0,0,0,0,0
122760,1,1,0,9,0,0,0,0,0,0,0,0
122761,1,1,0,0,0,0,0,0,0,0,0,0
122761,2,1,2,2,2,2,2,2,2,2,2,2
122762,1,1,0,0,0,0,0,0,0,0,0,0
122762,2,1,0,0,0,0,0,0,24,0,0,0
122763,0,1,12,12,12,12,12,12,12,12,12,12
122763,1,1,0,0,0,0,0,0,0,0,0,0
122764,1,1,15,15,15,15,15,15,15,15,15,15
122766,1,1,0,0,0,0,0,0,0,0,0,0
122766,2,1,0,0,0,0,0,0,0,0,0,0
122767,1,1,0,0,0,0,0,0,0,0,0,0
122767,2,1,0,0,0,0,0,0,0,0,0,0
122768,1,1,0,0,0,0,0,0,0,0,0,0
122769,0,1,0,0,0,0,0,0,0,0,0,0
122769,1,1,0,0,0,0,0,18,26,27,0,12
122770,1,1,0,0,0,0,0,0,0,0,0,0
122770,2,1,0,0,0,0,0,0,0,0,0,0
122771,1,1,0,0,0,10,0,0,0,0,0,0
122771,2,1,16,16,16,16,16,16,16,16,16,16
122772,0,1,0,0,0,0,8,0,0,0,18,25
122772,1,1,0,0,0,0,0,0,0,0,23,0
122773,0,1,0,0,0,0,0,0,15,0,0,0
122773,1,1,0,0,0,0,0,0,0,0,0,10
122774,1,1,0,0,0,0,0,0,0,0,0,0
122775,1,1,8,8,8,8,8,8,8,8,8,8
122776,1,1,11,11,11,11,11,11,11,11,11,11
122777,1,1,0,0,0,0,0,0,0,0,0,0
122777,2,1,0,0,0,0,0,0,0,0,0,0
122778,1,1,0,19,6,29,0,22,0,0,0,10
122778,2,1,0,0,0,0,0,0,0,0,0,0
122779,0,1,15,0,0,0,0,15,29,0,25,41
122779,1,1,0,0,0,0,0,0,0,0,0,10
122780,1,1,0,0,0,0,0,0,0,0,0,0
122781,1,1,33,0,15,0,9,4,10,16,0,16
122781,2,1,0,0,0,0,0,0,0,0,0,0
122783,1,1,23,0,0,9,22,0,16,0,0,0
122785,1,1,0,0,0,0,0,0,0,0,0,0
122786,1,1,0,0,0,0,0,0,0,0,0,0
122786,2,1,0,0,0,0,0,0,0,0,0,0
122787,1,1,14,14,14,14,14,14,14,14,14,14
122788,1,1,0,0,0,0,0,0,0,0,0,0
122788,2,1,0,0,0,0,0,0,0,0,0,0
122789,1,1,18,18,18,18,18,18,18,18,18,18
122789,2,1,0,0,0,0,0,0,0,0,0,0
122790,1,1,19,19,19,19,19,19,19,19,19,19
122790,2,1,0,0,0,0,0,0,0,0,0,0
122791,1,1,0,0,0,0,0,0,0,0,0,0
122791,2,1,0,0,0,0,0,0,0,0,0,0
122792,1,1,0,6,9,9,0,0,0,0,0,0
122792,2,1,0,0,0,0,0,0,0,0,0,0
122793,1,1,0,0,0,19,0,0,0,0,0,0
122793,2,1,0,0,0,0,0,0,0,0,0,0
122794,1,1,0,0,0,0,0,0,0,0,0,0
122794,2,1,0,0,0,0,0,0,0,0,0,0
122794,3,1,0,0,0,0,0,0,0,0,0,0
122795,1,1,32,32,32,32,32,32,32,32,32,32
122795,2,1,0,0,19,0,0,0,0,0,0,0
122796,1,1,3,3,3,3,3,3,3,3,3,3
122797,1,1,0,0,0,0,0,14,0,0,0,0
122797,2,1,11,11,11,11,11,11,11,11,11,11
122798,1,1,12,31,18,12,23,0,0,13,8,0
122799,1,1,0,0,0,0,0,0,0,0,0,0
122799,2,1,0,0,0,0,0,0,0,0,0,0
122800,1,1,0,0,0,0,0,0,0,0,0,0
122801,1,1,12,12,12,12,12,12,12,12,12,12
122802,1,1,0,0,0,0,0,0,0,0,0,0
122803,1,1,21,21,21,21,21,21,21,21,21,21
122804,1,1,0,0,0,0,0,0,0,0,0,0
122805,0,1,0,0,0,0,0,0,0,0,0,0
122805,1,1,0,0,0,0,0,0,0,0,0,0
122806,1,1,0,0,0,0,0,0,0,0,0,0
122806,2,1,0,0,0,0,0,0,0,0,0,0
122807,0,1,0,0,14,31,0,0,0,0,0,0
122807,1,1,0,0,0,0,0,0,0,0,0,0
122808,1,1,0,0,11,17,0,0,0,13,0,0
122808,2,1,0,0,0,0,0,27,0,0,0,0
122810,1,1,0,0,0,0,0,0,0,0,0,0
122811,0,1,12,0,0,0,0,23,0,0,0,0
122811,1,1,0,0,14,0,0,0,0,0,0,0
122812,1,1,0,0,0,0,0,0,0,0,0,0
122812,2,1,0,0,0,0,0,0,0,0,0,0
122812,3,1,0,0,0,0,0,0,0,0,0,0
122813,1,1,14,0,0,30,0,0,0,0,17,0
122813,2,1,0,0,0,0,0,0,0,0,0,0
122814,1,1,0,0,0,0,0,0,0,0,0,0
122814,2,1,0,0,0,0,0,0,0,0,0,0
122816,0,1,0,0,0,0,0,0,0,0,0,0
122816,1,1,11,0,8,12,30,8,23,9,34,30
122817,0,1,0,0,0,0,0,0,27,32,0,0
122817,1,1,0,0,0,0,0,0,0,0,0,0
122817,2,1,0,0,0,0,0,0,0,0,0,0
122818,1,1,18,18,18,18,18,18,18,18,18,18
122819,1,1,26,26,26,26,26,26,26,26,26,26
122819,2,1,0,0,14,0,0,0,29,29,0,0
122819,3,1,0,0,0,0,0,0,0,0,0,0
122819,4,1,0,0,0,0,0,0,0,0,0,0
122820,0,1,9,0,0,0,0,0,0,0,0,29
122820,1,1,0,0,0,0,0,0,0,0,0,0
122821,0,1,0,0,0,30,0,0,0,17,3,0
122821,1,1,0,0,0,0,0,0,0,0,0,0
122822,0,1,18,22,0,0,0,0,0,0,0,0
122822,1,1,0,0,0,0,0,0,0,0,0,0
122823,1,1,32,32,32,32,32,32,32,32,32,32
122825,0,1,0,0,0,0,0,0,0,0,0,0
122825,1,1,0,0,0,0,0,0,0,0,0,0
122826,1,1,0,0,0,0,0,0,0,0,0,0
122826,2,1,0,0,0,0,0,0,0,0,0,0
122827,1,1,0,0,0,0,0,0,0,0,0,0
122827,2,1,0,0,0,0,0,0,0,0,0,0
122828,0,1,0,0,0,0,0,0,0,0,0,0
122828,1,1,0,0,0,0,0,0,0,0,0,0
122829,1,1,0,0,0,0,0,0,0,0,0,0
122830,1,1,0,0,0,0,0,0,0,0,0,0
122830,2,1,0,0,0,0,0,0,0,0,0,0
122831,1,1,0,0,0,0,0,0,0,0,0,0
122831,2,1,0,10,0,0,0,23,0,0,0,0
122832,1,1,17,17,17,17,17,17,17,17,17,17
122833,1,1,0,0,0,0,0,0,0,0,0,0
122833,2,1,0,0,0,0,0,0,0,0,0,0
122834,0,1,0,0,0,0,0,0,0,0,0,0
122834,1,1,0,0,0,0,0,0,0,0,0,0
122835,0,1,0,20,0,24,10,0,0,42,38,36
122835,1,1,0,0,0,0,0,0,0,0,0,0
122836,1,1,0,0,0,0,0,0,0,0,0,0
122836,2,1,0,0,0,0,0,0,0,0,0,0
122837,1,1,0,0,0,0,0,0,0,0,0,0
122838,1,1,5,7,20,33,35,9,0,14,16,18
122839,0,1,0,0,0,0,0,0,0,0,0,0
122839,1,1,0,0,0,9,0,0,0,0,0,0
122840,1,1,0,21,0,0,0,20,3,0,13,0
122841,1,1,0,0,0,0,0,0,0,0,0,0
122841,2,1,40,0,0,15,0,0,0,0,0,0
122843,0,1,0,0,0,0,0,0,0,0,0,0
122843,1,1,0,0,0,0,0,0,0,0,0,0
122845,1,1,0,0,0,0,0,0,0,0,0,0
122845,2,1,35,0,23,0,0,0,0,0,0,0
122845,3,1,0,0,0,0,0,0,0,0,0,0
122845,4,1,0,0,0,0,0,0,0,0,0,0
122846,1,1,0,0,0,0,0,0,0,0,0,0
122846,2,1,0,0,0,0,0,0,0,0,0,0
122848,1,1,0,0,0,0,0,0,0,0,0,0
122849,1,1,0,0,0,0,0,0,0,0,0,0
122849,2,1,0,0,0,0,0,0,0,0,0,0
122849,3,1,0,0,0,0,0,0,0,0,0,0
122850,1,1,0,0,0,0,0,29,0,0,0,0
122850,2,1,0,0,0,0,0,0,0,0,0,0
122851,1,1,21,0,0,0,0,0,0,0,0,0
122852,1,1,0,13,0,28,30,19,0,13,16,18
122853,0,1,29,12,0,28,10,25,26,35,23,13
122853,1,1,0,0,0,0,0,0,0,0,0,0
122854,0,1,0,0,0,0,0,0,0,0,0,0
122854,1,1,0,0,0,0,0,0,0,0,0,0
122855,0,1,0,0,16,0,21,0,0,0,13,14
122855,1,1,0,0,0,0,0,16,0,0,0,0
122856,1,1,38,0,16,0,0,0,0,0,10,0
122856,2,1,0,0,0,0,9,0,0,8,0,9
122856,3,1,0,0,0,0,0,0,9,0,0,0
122857,1,1,14,14,14,14,14,14,14,14,14,14
122857,2,1,0,0,0,0,0,11,0,0,0,0
122858,0,1,0,0,0,0,0,0,0,0,0,0
122858,1,1,0,0,0,0,0,0,0,0,0,0
122859,1,1,7,0,0,0,0,0,0,14,0,0
122860,1,1,15,15,15,15,15,15,15,15,15,15
122861,1,1,0,29,27,0,0,0,0,0,0,0
122861,2,1,0,0,0,0,0,0,0,0,0,0
122862,1,1,0,0,0,0,0,0,0,0,0,0
122862,2,1,0,0,0,0,0,0,0,0,0,0
122862,3,1,0,0,0,0,0,0,0,0,0,0
122863,1,1,0,0,0,0,0,0,0,0,0,0
122863,2,1,0,0,0,0,0,0,0,0,0,0
122863,3,1,0,0,0,0,0,0,0,0,0,0
122864,1,1,0,0,0,0,0,0,0,15,0,0
122864,2,1,0,25,0,0,0,0,0,0,0,0
122865,0,1,0,0,0,0,0,0,0,0,18,0
122865,1,1,0,0,0,0,0,0,0,0,0,0
122867,1,1,13,0,19,18,14,0,10,13,0,0
122868,1,1,13,13,13,13,13,13,13,13,13,13
122869,1,1,0,0,0,0,0,0,0,0,0,0
122869,2,1,0,0,0,0,0,0,0,0,0,0
122869,3,1,0,0,0,0,0,0,0,0,0,0
122870,1,1,17,17,17,17,17,17,17,17,17,17
122871,0,1,25,25,25,25,25,25,25,25,25,25
122871,1,1,8,0,0,0,0,0,0,0,0,22
122872,1,1,0,0,0,0,0,0,0,0,0,0
122872,2,1,0,0,0,0,0,0,0,0,0,0
122873,1,1,24,24,24,24,24,24,24,24,24,24
122873,2,1,0,0,0,0,0,0,0,2,0,0
122875,1,1,0,0,0,0,0,0,0,0,0,0
122875,2,1,0,0,0,0,0,0,0,0,0,0
122876,1,1,0,0,0,0,0,0,0,0,0,0
122876,2,1,0,0,0,0,0,11,0,0,0,0
122877,1,1,0,0,0,0,0,0,0,0,0,0
122877,2,1,0,0,0,0,0,0,0,0,0,0
122877,3,1,0,0,0,0,0,0,0,0,0,0
122877,4,1,0,0,0,0,0,0,0,0,0,0
122878,0,1,0,0,0,0,0,0,0,0,0,0
122878,1,1,0,0,0,0,0,0,0,0,0,0
122879,1,1,0,0,0,0,0,0,0,0,0,0
122879,2,1,0,0,0,0,0,0,0,0,0,0
122880,1,1,0,0,0,0,0,0,0,0,0,0
122880,2,1,0,0,0,0,0,0,0,0,0,0
122880,3,1,0,0,0,0,0,27,0,0,0,0
122880,4,1,0,0,0,0,0,0,0,0,0,0
122880,5,1,0,0,0,0,0,0,0,0,0,0
122881,0,1,27,27,27,27,27,27,27,27,27,27
122881,1,1,0,0,0,0,0,0,0,0,0,0
122882,1,1,0,0,0,0,0,0,0,0,0,0
122882,2,1,0,0,0,0,0,0,0,0,0,0
122883,1,1,0,0,0,0,0,0,0,0,0,0
122883,2,1,0,0,0,0,0,0,0,0,0,0
122884,1,1,0,0,0,0,0,25,0,0,0,0
122885,1,1,0,11,0,0,0,0,0,0,0,0
122885,2,1,0,0,0,0,0,20,0,0,0,0
122886,1,1,24,24,24,24,24,24,24,24,24,24
122887,1,1,0,0,0,0,0,0,0,0,0,0
122887,2,1,0,0,0,0,0,0,0,0,0,0
122888,0,1,20,20,20,20,20,20,20,20,20,20
122888,1,1,0,0,0,0,0,0,0,0,0,0
122889,0,1,0,0,0,0,0,22,0,0,0,0
122889,1,1,0,0,0,0,0,0,0,6,0,0
122890,1,1,19,19,19,19,19,19,19,19,19,19
122891,1,1,0,0,0,0,0,0,0,0,0,0
122891,2,1,0,0,0,0,0,0,0,0,0,0
122891,3,1,0,0,0,0,0,0,0,0,0,0
122891,4,1,0,0,0,0,0,0,0,0,0,0
122892,0,1,0,19,0,0,36,29,19,0,0,13
122892,1,1,0,0,0,0,0,0,0,0,0,0
122893,0,1,13,9,29,0,0,0,0,0,0,0
122893,1,1,0,0,0,0,0,0,0,0,0,0
122894,0,1,13,24,13,0,0,26,0,0,23,25
122894,1,1,0,0,23,0,0,0,0,0,0,0
122895,1,1,12,16,21,13,28,18,4,16,24,34
122895,2,1,0,0,13,0,0,0,21,0,0,0
122895,3,1,0,0,0,0,0,0,0,0,35,20
122895,4,1,0,0,0,0,0,0,0,34,0,0
122896,1,1,0,0,0,0,0,0,0,0,0,0
122896,2,1,0,0,0,0,0,0,0,0,0,0
122897,1,1,0,0,0,0,0,0,0,0,0,0
122897,2,1,0,0,0,0,0,0,0,0,0,0
122898,1,1,0,0,0,0,0,0,0,0,0,0
122898,2,1,0,0,0,0,0,0,0,0,0,0
122899,0,1,0,0,0,0,0,0,24,0,0,0
122899,1,1,0,0,0,0,0,0,0,0,0,0
122901,1,1,0,0,0,0,0,0,0,9,0,0
122901,2,1,0,0,0,22,0,0,0,0,0,0
122902,0,1,0,0,0,0,0,0,17,0,0,0
122902,1,1,0,0,0,0,0,0,0,0,0,0
122903,0,1,25,0,19,0,0,23,24,37,0,0
122903,1,1,0,0,0,0,0,0,0,0,0,0
122904,1,1,20,20,20,20,20,20,20,20,20,20
122905,1,1,0,0,0,0,0,0,0,0,0,17
122906,1,1,17,17,17,17,17,17,17,17,17,17
122907,1,1,11,11,11,11,11,11,11,11,11,11
122908,1,1,0,0,0,0,0,0,0,0,0,0
122908,2,1,29,20,0,0,0,0,9,7,0,13
122909,1,1,0,0,0,0,0,0,0,0,0,0
122909,2,1,0,0,0,0,0,0,0,0,0,0
122910,1,1,0,0,5,0,0,0,0,0,0,22
122910,2,1,0,0,0,0,0,0,0,0,0,0
122910,3,1,0,0,0,0,22,0,0,0,0,0
122910,4,1,0,0,0,0,0,0,0,0,0,0
122910,5,1,15,0,0,0,0,0,0,0,13,0
122911,1,1,0,0,0,0,0,0,0,0,0,0
122911,2,1,15,15,15,15,15,15,15,15,15,15
122911,3,1,0,0,0,0,0,0,0,0,0,0
122912,1,1,0,0,0,0,0,0,0,0,0,0
122912,2,1,0,0,0,0,0,0,0,0,0,0
122913,1,1,2,2,2,2,2,2,2,2,2,2
122913,2,1,0,0,0,0,0,0,0,0,0,0
122914,1,1,0,0,0,0,16,0,0,0,0,0
122915,1,1,0,10,0,0,0,0,0,0,0,0
122915,2,1,0,0,0,0,0,0,0,0,19,0
122916,1,1,0,0,0,0,0,0,0,0,0,0
122916,2,1,0,0,0,0,0,0,0,0,0,0
122916,3,1,0,0,0,0,0,0,0,0,0,0
122919,1,1,17,17,17,17,17,17,17,17,17,17
122919,2,1,0,0,0,0,0,0,0,0,0,0
122921,0,1,0,0,0,0,0,0,0,0,0,0
122921,1,1,0,0,0,0,0,0,0,0,0,0
122922,1,1,0,0,0,0,0,0,0,0,0,0
122922,2,1,0,0,0,0,0,0,0,0,0,0
122923,0,1,11,11,11,11,11,11,11,11,11,11
122923,1,1,0,0,0,0,0,0,0,0,0,0
122924,0,1,0,0,0,0,0,0,0,0,0,0
122924,1,1,0,0,0,0,0,0,0,0,0,0
122924,2,1,0,7,0,0,0,0,0,0,0,26
122926,1,1,0,0,0,0,0,0,0,0,0,0
122926,2,1,0,0,0,0,0,0,0,0,6,0
122927,1,1,24,24,24,24,24,24,24,24,24,24
122928,1,1,6,6,6,6,6,6,6,6,6,6
122929,1,1,0,0,0,0,0,0,0,0,0,0
122929,2,1,0,0,0,0,0,0,0,0,0,0
122930,1,1,0,0,0,0,0,0,0,0,0,0
122930,2,1,0,0,0,0,0,0,0,0,0,0
122930,3,1,0,0,0,0,0,0,0,0,0,0
122931,1,1,0,0,12,0,0,0,0,0,0,0
122931,2,1,0,0,0,0,9,8,11,10,0,0
122932,1,1,0,0,0,0,0,0,0,0,0,0
122932,2,1,0,0,0,0,0,0,0,0,0,0
122934,1,1,0,0,0,0,0,0,0,0,0,0
122934,2,1,0,0,22,0,0,0,0,0,0,0
122935,0,1,6,0,0,0,40,0,0,40,17,0
122935,1,1,0,0,0,0,0,0,28,0,0,0
122936,1,1,22,42,9,0,0,18,0,0,0,0
122938,1,1,8,8,8,8,8,8,8,8,8,8
122938,2,1,0,0,0,0,0,0,0,0,0,0
122939,0,1,0,0,0,0,0,0,0,0,0,0
122939,1,1,0,0,0,0,0,0,0,0,0,0
122940,1,1,0,0,0,0,0,0,0,0,0,0
122940,2,1,0,0,0,0,0,0,0,0,0,0
122941,1,1,0,0,0,0,0,0,0,0,0,0
122941,2,1,0,0,0,0,0,0,0,0,0,0
122942,1,1,14,14,14,14,14,14,14,14,14,14
122942,2,1,0,0,0,0,0,0,0,0,0,0
122942,3,1,0,0,0,0,0,0,0,0,0,0
122943,0,1,33,33,33,33,33,33,33,33,33,33
122943,1,1,0,0,0,0,0,0,0,0,0,0
122944,1,1,0,0,0,0,0,0,0,0,0,0
122944,2,1,0,0,0,0,0,0,0,0,0,0
122945,0,1,0,0,0,0,19,19,0,0,0,11
122945,1,1,0,0,0,0,0,0,0,0,0,0
122946,1,1,7,7,7,7,7,7,7,7,7,7
122947,0,1,0,0,0,0,15,0,0,0,0,14
122947,1,1,0,0,0,0,0,0,0,0,0,0
122948,0,1,0,0,5,32,0,0,0,0,17,4
122948,1,1,0,0,0,0,0,0,0,0,0,0
122949,1,1,0,0,0,0,0,0,0,0,0,0
122949,2,1,0,0,0,0,0,0,0,0,0,0
122950,0,1,0,0,0,26,0,0,0,0,23,0
122950,1,1,15,0,21,0,0,0,0,0,0,0
122950,2,1,0,0,0,0,0,0,0,0,0,0
122951,1,1,31,31,31,31,31,31,31,31,31,31
122952,0,1,0,13,16,0,18,0,0,0,0,0
122952,1,1,0,0,0,0,0,0,0,0,0,0
122953,0,1,0,0,0,0,16,0,0,0,0,0
122953,1,1,0,0,0,0,0,14,0,0,0,9
122954,1,1,0,0,0,0,0,0,0,0,0,0
122955,0,1,0,0,0,0,0,0,0,0,0,0
122955,1,1,0,0,0,0,0,0,0,0,0,0
122956,1,1,6,0,0,0,0,0,7,4,0,0
122956,2,1,0,0,0,0,0,0,0,0,0,0
122957,1,1,0,0,0,0,0,0,0,12,0,0
122958,1,1,0,0,0,0,0,0,0,0,0,0
122958,2,1,0,0,0,0,0,0,0,0,0,0
122959,0,1,0,0,0,0,0,0,0,0,0,0
122959,1,1,0,0,0,22,0,0,0,0,0,0
122960,1,1,0,0,0,0,0,0,0,0,0,0
122960,2,1,0,0,0,0,0,0,0,0,0,0
122961,0,1,22,22,22,22,22,22,22,22,22,22
122961,1,1,0,0,0,0,0,0,0,0,0,0
122962,1,1,18,18,18,18,18,18,18,18,18,18
122963,1,1,0,0,0,0,0,0,0,0,0,0
122963,2,1,0,0,0,0,0,0,0,0,0,0
122964,1,1,0,0,0,0,0,0,0,0,0,0
122964,2,1,0,0,0,0,0,0,0,0,0,0
122965,1,1,0,0,0,0,0,0,0,0,0,0
122965,2,1,0,0,0,0,0,4,11,7,0,0
122966,0,1,0,0,0,0,0,0,0,0,0,24
122966,1,1,0,0,0,0,0,0,0,0,0,0
122966,2,1,0,0,0,0,0,0,0,0,0,0
122967,1,1,0,25,0,0,13,0,0,0,34,19
122967,2,1,0,0,0,0,0,0,0,0,0,20
122967,3,1,0,0,0,0,0,0,0,0,0,0
122967,4,1,0,0,0,16,0,0,0,0,0,0
122968,0,1,0,0,0,0,0,0,0,0,0,0
122968,1,1,0,0,0,0,0,0,0,0,0,0
122969,1,1,8,8,8,8,8,8,8,8,8,8
122971,0,1,0,0,0,0,0,0,0,0,0,25
122971,1,1,0,0,0,0,0,0,0,0,0,0
122972,0,1,0,0,0,0,0,0,0,0,0,0
122972,1,1,0,0,0,0,0,0,0,0,0,0
122973,0,1,0,0,0,0,0,0,0,0,0,0
122973,2,1,0,0,0,0,0,0,0,0,0,0
122974,1,1,0,0,0,0,0,0,0,0,0,0
122975,0,1,35,35,35,35,35,35,35,35,35,35
122975,1,1,0,0,0,0,0,0,0,0,0,0
122976,1,1,0,0,0,0,0,0,10,0,0,0
122976,2,1,18,0,0,0,0,0,0,0,0,0
122977,1,1,16,16,16,16,16,16,16,16,16,16
122977,2,1,0,0,0,0,19,11,0,0,0,0
122978,1,1,0,0,0,0,0,0,0,0,0,0
122978,2,1,0,0,0,0,0,0,0,0,0,0
122979,1,1,0,0,0,0,0,0,0,0,0,0
122979,2,1,0,0,0,0,0,0,0,0,0,0
122980,0,1,0,0,15,10,0,13,0,8,0,0
122980,1,1,0,0,0,0,0,0,0,0,0,0
122980,2,1,0,0,0,0,0,16,18,0,18,0
122981,1,1,0,0,0,13,0,0,0,15,0,0
122981,2,1,0,0,0,0,0,0,0,0,0,0
122981,3,1,0,0,0,0,0,0,0,0,0,0
122982,1,1,0,0,0,0,0,0,0,0,0,0
122983,1,1,0,0,0,0,0,0,0,0,0,0
122983,2,1,12,0,0,0,0,0,0,0,0,0
122983,3,1,0,0,0,0,0,0,0,0,0,0
122983,4,1,0,0,0,27,0,0,0,0,0,0
122983,5,1,33,0,0,0,0,0,0,0,0,0
122985,1,1,24,0,15,31,8,29,17,0,7,0
122985,2,1,0,0,0,0,0,0,0,0,0,0
122985,3,1,0,34,0,0,0,0,0,34,0,0
122986,1,4,0,0,9,14,28,22,14,0,9,0
122987,0,1,0,0,0,0,0,0,0,0,0,0
122987,1,1,0,0,0,0,0,0,0,0,0,0
122987,2,1,0,0,0,0,0,0,0,0,0,0
122988,1,1,0,0,0,0,0,0,0,0,0,0
122988,2,1,0,0,0,0,0,0,0,0,0,0
122988,3,1,23,0,0,0,0,0,0,0,0,0
122989,1,1,0,0,0,0,0,0,0,0,0,0
122989,2,1,0,0,0,0,0,0,0,0,0,0
122990,1,1,0,0,0,0,0,0,0,0,0,0
122990,2,1,0,0,0,0,0,0,0,0,0,0
122991,1,1,0,0,0,0,0,0,0,0,0,0
122992,1,1,0,0,0,0,0,0,0,0,0,9
122992,2,1,0,0,0,0,0,0,0,0,0,0
122993,1,1,9,9,9,9,9,9,9,9,9,9
122993,2,1,0,0,0,0,0,0,0,0,0,0
122994,1,1,0,0,0,0,0,0,0,0,0,0
122994,2,1,0,0,13,0,0,0,0,15,0,0
122994,3,1,0,0,0,0,0,0,0,0,0,0
122995,1,1,0,0,0,0,0,0,0,0,0,0
122995,2,1,0,0,0,0,0,0,0,0,0,0