ST_CASE,VEH_NO,PER_NO,P1,P2,P3,P4,P5,P6,P7,P8,P9,P10
122996,1,1,16,16,16,16,16,16,16,16,16,16
122996,2,1,0,11,0,11,20,0,0,13,13,0
122997,1,1,0,9,0,6,0,9,0,13,19,0
122999,1,1,0,0,0,5,6,0,0,0,0,0
123000,0,1,0,0,0,0,0,0,0,0,0,0
123000,1,1,0,0,0,0,0,0,0,0,0,0
123001,1,1,0,0,0,20,0,0,21,0,0,0
123002,0,1,12,0,0,19,0,0,0,0,0,0
123002,1,1,0,0,20,0,0,0,0,17,0,0
123004,1,1,0,0,0,0,0,0,0,0,0,0
123004,2,1,0,0,0,0,0,0,0,0,0,0
123005,1,1,0,0,0,0,0,0,0,0,0,0
123005,2,1,0,0,0,0,0,0,0,0,0,0
123006,0,1,20,20,20,20,20,20,20,20,20,20
123006,1,1,0,0,0,0,0,0,0,0,0,0
123007,0,1,0,15,0,0,0,0,0,0,0,11
123007,1,1,0,0,0,0,0,0,0,0,0,0
123009,0,1,36,36,36,36,36,36,36,36,36,36
123009,1,1,0,0,0,0,0,0,0,0,0,0
123010,0,1,0,9,19,0,0,0,0,0,0,0
123010,1,1,0,21,0,0,0,0,0,0,0,0
123011,0,1,0,0,0,0,39,0,0,0,0,0
123011,1,1,0,13,0,0,0,0,0,0,0,0
123012,0,1,0,0,0,0,0,0,0,0,0,0
123012,1,1,0,0,0,0,0,0,0,0,0,0
123013,1,1,0,0,0,0,0,0,0,0,0,0
123014,1,1,0,0,0,0,0,0,0,0,0,0
123014,2,1,0,0,0,0,0,0,0,0,0,0
123015,0,1,0,0,0,0,0,0,0,0,0,0
123015,1,1,0,0,0,0,0,0,0,0,0,41
123017,0,1,22,22,22,22,22,22,22,22,22,22
123017,1,1,28,7,0,14,0,0,0,0,0,0
123018,1,1,19,19,19,19,19,19,19,19,19,19
123020,1,1,0,0,0,0,0,0,0,0,0,0
123020,2,1,0,0,0,0,0,0,0,0,0,0
123021,1,1,0,0,0,0,0,0,0,0,0,0
123021,2,1,0,0,0,0,0,0,0,0,0,0
123022,1,1,0,0,0,0,0,0,0,0,0,0
123023,1,1,0,0,0,0,0,0,0,0,0,0
123024,1,1,10,10,10,10,10,10,10,10,10,10
123024,2,1,0,0,0,0,0,0,0,0,0,0
123025,0,1,0,0,12,0,34,0,0,0,0,0
123025,1,1,0,0,0,0,0,0,0,0,0,0
123027,1,1,0,0,0,0,0,0,0,0,0,0
123027,2,1,0,0,0,0,0,0,0,0,0,0
123027,3,1,0,0,0,0,0,0,0,0,0,0
123028,1,1,0,0,0,0,0,0,0,0,0,0
123028,2,1,9,0,0,0,0,0,0,0,0,0
123028,3,1,0,0,0,0,0,0,0,0,0,0
123029,0,1,31,31,31,31,31,31,31,31,31,31
123029,1,1,0,0,0,0,0,11,0,0,0,0
123030,0,1,6,6,6,6,6,6,6,6,6,6
123030,1,1,0,0,0,0,0,0,0,0,0,0
123031,0,1,0,0,11,0,0,15,10,0,0,0
123031,1,1,0,0,12,0,0,0,0,0,0,0
123032,1,1,2,2,2,2,2,2,2,2,2,2
123032,2,1,0,0,0,0,0,0,0,0,0,0
123033,1,1,17,17,17,17,17,17,17,17,17,17
123033,2,1,10,10,10,10,10,10,10,10,10,10
123034,1,1,0,0,0,0,0,0,0,0,0,0
123034,2,1,0,0,0,0,0,0,0,0,0,0
123036,0,1,0,0,0,0,0,0,0,0,19,0
123036,1,1,0,0,0,0,6,0,0,0,0,0
123038,0,1,0,0,0,0,0,0,0,0,0,0
123038,1,1,0,0,0,0,0,0,0,0,0,0
123039,1,1,0,0,0,0,0,0,0,0,0,0
123040,1,1,27,27,27,27,27,27,27,27,27,27
123041,1,1,22,22,22,22,22,22,22,22,22,22
123042,0,1,0,0,20,15,7,0,0,0,0,16
123042,2,1,0,8,0,0,0,39,0,0,0,0
123043,1,1,0,0,0,0,0,0,0,0,0,0
123043,2,1,0,0,0,0,0,0,0,0,0,0
123044,0,1,0,0,0,0,0,0,0,0,0,0
123044,1,1,0,0,0,0,0,0,0,0,0,0
123045,1,1,0,17,21,11,7,5,13,7,8,24
123045,2,1,0,0,0,0,0,28,16,0,0,0
123045,3,1,0,0,0,19,11,0,0,0,0,0
123046,0,1,30,30,30,30,30,30,30,30,30,30
123046,1,1,0,0,0,0,0,0,0,0,0,0
123048,1,1,0,0,0,0,0,0,0,0,0,0
123048,2,1,0,0,0,0,0,0,0,0,0,0
123049,1,1,0,22,0,0,0,0,17,0,0,0
123049,2,1,0,0,0,0,0,0,0,0,0,0
123050,1,1,0,0,0,0,0,0,0,0,0,0
123050,2,1,0,0,0,0,0,0,0,0,0,0
123051,0,1,15,0,0,16,7,20,0,18,13,0
123051,1,1,0,0,0,0,0,0,0,0,0,0
123053,1,1,0,0,0,0,0,0,0,0,0,0
123053,2,1,0,0,0,0,0,0,0,0,0,0
123053,3,1,0,0,0,0,0,0,0,0,0,0
123053,4,1,0,0,0,0,0,0,0,0,0,0
123053,5,1,0,0,0,0,0,0,0,0,0,0
123054,1,1,0,0,0,0,0,0,0,0,0,0
123054,2,1,0,0,0,0,0,0,0,0,0,0
123055,0,1,0,0,0,0,0,0,0,0,0,11
123055,1,1,0,0,0,0,0,0,0,0,0,0
123056,1,1,13,13,13,13,13,13,13,13,13,13
123056,2,1,0,0,0,0,0,0,0,0,0,0
123057,1,1,0,0,0,0,0,0,0,0,0,0
123058,1,1,0,0,0,0,11,0,0,0,0,0
123058,2,1,0,0,8,0,4,0,0,0,0,0
123059,1,1,0,0,0,0,0,0,0,0,0,0
123059,2,1,0,0,0,0,0,0,0,0,0,0
123059,3,1,0,0,0,16,0,0,0,0,0,0
123060,1,1,0,0,0,7,0,0,0,0,0,0
123060,2,1,0,0,0,0,0,0,0,0,0,0
123061,0,1,34,34,34,34,34,34,34,34,34,34
123061,1,1,0,0,0,0,0,0,0,0,0,0
123061,2,1,0,0,0,0,0,0,0,0,0,0
123063,1,1,10,10,10,10,10,10,10,10,10,10
123064,1,1,0,0,0,0,0,0,0,0,0,0
123064,2,1,0,0,0,0,0,0,0,0,0,0
123065,0,1,0,0,0,16,0,0,0,0,11,0
123065,1,1,0,0,0,0,0,0,0,0,0,0
123066,1,1,0,0,0,0,0,0,0,0,0,0
123067,0,1,0,20,18,0,21,0,0,0,0,0
123067,1,1,0,0,0,0,0,0,0,0,0,0
123068,0,1,0,0,10,0,0,0,0,0,0,0
123068,1,1,0,0,0,21,0,0,0,0,0,0
123069,0,1,32,32,32,32,32,32,32,32,32,32
123069,1,1,0,0,0,0,0,0,0,0,0,0
123070,1,1,0,0,0,0,0,0,0,0,12,0
123071,1,1,19,19,19,19,19,19,19,19,19,19
123072,1,1,25,25,25,25,25,25,25,25,25,25
123073,1,1,18,18,18,18,18,18,18,18,18,18
123074,0,1,16,16,16,16,16,16,16,16,16,16
123074,1,1,0,0,0,0,0,0,0,0,0,0
123074,2,1,0,0,16,0,0,0,0,0,0,0
123075,1,1,0,0,0,0,0,0,0,0,0,0
123075,2,1,0,0,0,0,0,0,0,0,0,0
123076,1,1,11,0,0,0,0,0,0,0,5,0
123076,2,1,0,9,0,0,0,0,0,0,0,4
123077,0,1,0,0,0,0,0,0,0,0,0,0
123077,1,1,0,0,22,0,0,0,0,0,0,0
123078,1,1,0,0,0,0,0,0,0,0,0,0
123079,0,1,0,0,0,0,0,0,0,0,0,0
123079,1,1,0,0,0,0,0,0,17,0,0,0
123080,0,1,0,0,15,23,0,17,0,0,0,0
123080,1,1,0,0,0,0,0,0,0,11,0,0
123081,1,1,0,0,0,0,0,0,0,0,0,0
123082,1,1,25,0,0,18,0,9,0,0,0,0
123082,2,1,0,0,0,0,0,0,0,0,0,0
123083,1,1,0,0,0,0,0,0,0,0,0,0
123084,1,1,0,0,0,0,0,0,0,0,0,0
123084,2,1,0,0,0,0,0,0,0,0,0,0
123085,0,1,0,0,0,30,0,0,0,0,0,0
123085,1,1,0,0,0,0,0,0,0,0,0,0
123086,1,1,0,12,0,0,0,0,0,0,0,0
123086,2,1,0,0,0,0,0,0,0,0,0,0
123087,1,1,0,0,13,0,0,0,0,5,0,0
123087,2,1,0,0,0,0,0,0,0,0,0,0
123088,1,1,19,0,0,0,0,0,0,0,0,24
123089,1,1,20,20,20,20,20,20,20,20,20,20
123090,0,1,0,0,0,0,0,0,0,0,0,0
123090,1,1,0,0,0,0,12,0,0,12,0,0
123091,0,1,0,0,0,0,0,0,0,0,0,0
123091,1,1,0,0,0,0,0,0,0,0,0,0
123091,2,1,0,0,0,0,0,0,0,0,0,0
123092,1,1,0,0,0,0,0,0,0,0,0,0
123093,1,1,0,24,0,0,0,0,0,0,0,0
123093,2,1,0,0,0,0,0,0,0,0,15,0
123094,0,1,20,20,20,20,20,20,20,20,20,20
123094,1,1,0,0,0,0,0,0,0,0,0,0
123095,0,1,0,49,0,0,0,14,24,0,0,0
123095,1,1,0,0,0,0,0,0,0,0,0,0
123097,1,1,0,0,0,0,9,0,0,12,25,14
123098,1,1,0,0,0,0,0,0,0,0,0,0
123098,2,1,0,0,0,0,0,0,0,0,0,0
123099,0,1,0,0,0,0,0,0,0,24,0,0
123099,1,1,0,0,0,0,0,0,0,0,0,0
123101,1,1,0,0,0,0,0,0,0,0,0,0
123101,2,1,9,0,0,0,0,0,0,0,0,0
123102,1,1,2,0,0,0,0,6,0,9,0,9
123102,2,1,0,6,10,29,15,0,22,7,0,5
123103,1,1,12,12,12,12,12,12,12,12,12,12
123103,2,1,0,0,35,0,0,0,0,19,0,0
123104,1,1,19,28,15,4,13,11,16,22,30,19
123104,2,1,14,2,21,0,0,0,8,0,0,0
123105,1,2,0,22,2,0,33,0,0,0,40,0
123106,0,1,0,33,14,21,23,45,12,0,0,16
123106,1,1,0,0,6,0,0,0,28,0,0,0
123107,1,1,0,0,0,0,0,0,0,0,0,2
123107,2,1,0,0,0,0,0,0,0,11,0,0
123108,0,1,0,0,0,0,0,0,0,0,0,0
123108,1,1,0,0,0,0,0,0,0,0,0,0
123109,1,1,10,15,27,21,4,23,3,20,14,4
123109,2,1,0,0,0,0,0,0,0,0,0,0
123110,1,1,19,19,19,19,19,19,19,19,19,19
123110,2,1,0,0,0,0,0,0,14,0,0,0
123112,1,1,35,0,0,0,0,0,0,0,0,0
123113,1,1,0,0,0,0,0,0,0,0,0,0
123114,1,1,0,0,0,0,0,16,0,0,0,0
123114,2,1,0,0,0,0,0,0,0,0,0,0
123114,3,1,0,0,0,0,0,0,0,0,0,0
123114,4,1,0,0,0,0,0,0,0,0,0,0
123116,1,1,19,19,19,19,19,19,19,19,19,19
123117,1,1,0,0,0,0,0,0,0,0,0,0
123117,2,1,0,0,0,0,0,0,0,0,0,0
123119,1,1,19,19,19,19,19,19,19,19,19,19
123119,2,1,0,0,0,0,0,0,0,0,0,0
123120,1,1,0,0,0,0,0,0,0,0,0,0
123121,1,1,0,5,0,0,0,0,0,0,0,0
123121,2,1,0,17,16,14,0,0,0,0,18,0
123122,1,1,32,0,11,20,14,0,20,20,20,0
123122,2,1,0,15,0,0,0,21,0,27,28,0
123124,0,1,0,0,0,0,0,0,0,0,0,0
123124,1,1,0,0,11,0,0,0,0,26,0,17
123126,1,1,0,0,0,0,0,0,0,0,0,0
123127,1,1,18,18,18,18,18,18,18,18,18,18
123128,0,1,0,0,0,0,0,0,0,0,0,0
123128,1,1,0,0,0,0,0,0,0,0,0,0
123129,1,1,0,0,0,0,0,0,0,0,0,0
123129,2,1,9,9,9,9,9,9,9,9,9,9
123130,1,1,24,0,0,8,0,15,19,0,0,0
123131,1,1,12,12,12,12,12,12,12,12,12,12
123131,2,1,0,0,0,0,0,0,0,0,0,0
123131,3,1,0,0,0,0,0,0,0,0,0,23
123131,4,1,0,0,0,0,0,0,0,18,0,15
123132,0,1,0,0,0,0,0,0,0,0,0,0
123132,1,1,0,0,0,0,0,0,0,0,0,0
123133,1,1,0,0,0,0,0,0,0,0,0,0
123133,2,1,0,0,0,0,0,10,0,0,0,0
123135,0,1,25,25,25,25,25,25,25,25,25,25
123135,1,1,0,0,0,0,0,0,0,0,0,0
123136,0,1,0,0,0,0,0,0,0,0,0,0
123136,1,1,0,0,0,0,0,0,0,0,0,0
123138,1,1,20,16,0,0,13,0,0,0,0,30
123139,1,1,23,23,23,23,23,23,23,23,23,23
123140,1,1,0,0,0,0,0,0,0,0,0,0
123140,2,1,0,0,0,0,0,0,0,0,0,0
123141,1,1,0,0,0,0,0,0,0,0,0,0
123141,2,1,0,0,0,26,0,0,0,0,0,0
123143,0,1,0,0,13,16,0,0,0,24,0,0
123143,1,1,0,0,0,0,0,0,0,0,0,0
123144,1,1,0,0,0,0,0,0,0,0,20,0
123144,2,1,0,0,18,11,0,10,0,0,0,0
123146,0,1,20,20,23,50,20,25,19,12,11,2
123146,1,1,0,0,0,0,0,0,0,0,0,16
123147,1,1,0,0,0,0,0,0,0,0,0,0
123147,2,1,0,0,0,13,0,0,0,0,20,13
123148,1,1,0,0,0,0,0,0,0,0,0,0
123148,2,1,0,0,0,0,0,0,0,0,0,0
123149,1,1,0,0,18,0,0,15,10,0,7,0
123149,2,1,0,0,0,0,0,3,12,11,0,29
123149,3,1,0,15,0,13,0,0,9,0,0,18
123150,0,1,0,11,0,0,0,25,0,0,0,0
123150,1,1,0,0,0,0,0,0,0,0,0,0
123151,1,1,0,0,0,0,0,0,0,0,0,0
123151,2,1,0,0,0,0,0,0,0,0,0,0
123152,1,1,0,0,0,0,0,0,0,0,2,0
123152,2,1,0,0,0,0,0,0,0,0,0,0
123154,1,1,25,25,25,25,25,25,25,25,25,25
123155,1,1,0,0,0,0,0,0,0,0,0,0
123155,2,1,0,0,0,0,0,0,0,19,0,0
123155,3,1,0,0,0,0,0,0,0,0,0,0
123156,1,1,25,25,25,25,25,25,25,25,25,25
123157,1,1,0,0,0,0,11,0,0,0,0,0
123157,2,1,0,0,0,0,20,0,0,0,0,0
123158,1,1,0,0,0,0,0,0,0,0,0,0
123158,2,1,0,0,0,0,0,0,0,0,0,0
123159,0,1,0,0,0,0,8,0,0,17,0,0
123159,1,1,27,0,0,0,0,0,0,0,0,0
123160,0,1,0,0,0,0,0,0,0,0,0,0
123160,1,1,0,0,0,0,0,0,0,0,0,0
123161,1,1,0,0,0,0,0,0,0,0,0,0
123161,2,1,0,0,0,0,0,0,0,0,0,0
123162,1,1,0,0,0,0,0,0,0,0,0,0
123162,2,1,0,0,0,0,0,0,0,0,0,0
123163,1,1,0,0,0,0,0,0,0,0,0,0
123163,2,1,0,0,0,0,0,37,18,0,0,0
123163,3,1,0,0,12,0,0,0,0,0,19,0
123164,1,1,0,0,0,0,0,0,0,0,0,0
123164,2,1,0,0,0,0,0,0,0,0,0,0
123165,0,1,0,0,0,0,0,0,0,0,0,0
123165,1,1,0,0,0,0,0,0,0,0,0,0
123166,0,1,0,0,0,0,0,0,0,0,0,0
123166,1,1,0,0,0,0,0,0,0,0,0,0
123167,1,1,0,0,0,0,0,0,0,0,0,0
123168,1,1,14,14,14,14,14,14,14,14,14,14
123169,1,1,0,0,0,0,0,0,0,0,0,0
123169,2,1,0,0,0,0,0,0,0,0,0,0
123170,0,1,0,0,31,0,0,0,0,0,0,0
123170,0,2,0,0,0,0,0,0,0,0,0,0
123170,1,1,0,0,0,0,0,0,0,0,0,0
123171,0,1,20,22,0,0,0,28,0,0,20,0
123171,1,1,14,14,14,14,14,14,14,14,14,14
123172,0,1,0,0,24,0,0,0,14,14,0,0
123172,1,1,0,0,0,0,0,0,0,0,0,0
123173,0,1,0,0,0,0,0,0,0,0,0,3
123173,1,1,0,0,0,0,0,0,9,0,0,0
123174,1,1,0,0,0,0,0,0,0,0,0,0
123174,2,1,0,0,0,0,0,0,0,0,0,0
123175,1,1,7,15,0,0,31,29,0,9,0,30
123176,1,1,0,0,0,0,0,0,0,0,0,0
123176,2,1,0,0,0,0,0,0,0,0,0,0
123177,0,1,14,14,14,14,14,14,14,14,14,14
123177,1,1,0,0,0,0,19,0,0,0,0,0
123178,1,1,20,20,20,20,20,20,20,20,20,20
123178,2,1,0,0,0,0,0,0,0,0,0,0
123179,0,1,22,0,0,0,0,0,0,0,0,0
123179,1,1,2,2,2,2,2,2,2,2,2,2
123180,0,1,0,0,0,0,0,0,0,0,34,0
123180,1,1,0,0,0,0,0,0,0,0,0,0
123181,1,1,0,0,0,0,0,0,0,0,0,0
123181,2,1,0,0,0,0,0,0,0,0,0,0
123182,1,1,9,9,9,9,9,9,9,9,9,9
123182,2,1,0,12,0,0,0,19,33,0,0,0
123184,0,1,17,0,0,0,0,0,22,0,0,0
123184,1,1,0,0,0,0,0,0,0,0,0,0
123185,0,1,0,0,0,0,0,0,0,0,0,0
123185,1,1,0,0,0,0,0,0,0,0,0,15
123186,0,1,0,0,0,0,0,0,28,0,32,0
123186,1,1,0,0,0,0,0,0,0,0,0,0
123187,0,1,0,39,13,42,0,0,0,0,0,0
123187,1,1,0,0,5,0,0,0,0,0,0,0
123188,0,1,0,0,0,0,0,0,0,0,10,0
123188,1,1,0,0,0,0,0,0,0,0,0,10
123189,0,1,0,0,0,0,0,0,0,0,0,0
123189,1,1,7,4,0,0,0,0,0,0,0,0
123190,1,1,0,0,0,14,0,0,16,0,0,0
123190,2,1,0,0,0,0,0,0,0,0,0,0
123190,3,1,0,0,0,0,0,0,0,0,0,0
123191,1,1,0,26,0,0,0,0,0,0,0,0
123191,2,1,0,0,0,0,5,0,0,0,0,0
123192,1,1,0,0,0,0,12,0,0,0,0,0
123192,2,1,0,0,0,0,0,0,0,0,0,0
123193,1,1,22,22,22,22,22,22,22,22,22,22
123193,2,1,0,0,0,0,0,0,0,0,0,0
123193,3,1,0,0,0,0,0,0,0,0,0,0
123193,4,1,0,21,15,21,0,0,0,0,0,10
123194,0,1,0,0,0,0,0,0,0,0,0,0
123194,1,1,0,0,24,0,0,0,0,0,0,0
123195,1,1,26,17,10,27,13,11,17,17,20,12
123196,0,1,0,0,0,0,0,0,0,0,0,0
123196,1,1,0,0,10,0,0,0,0,0,0,0
123197,1,1,20,0,20,16,0,0,6,20,0,0
123197,2,1,0,0,0,0,0,0,0,20,22,0
123198,1,1,27,27,27,27,27,27,27,27,27,27
123199,1,1,18,0,31,9,13,22,19,0,2,6
123200,0,1,0,0,0,0,0,0,0,0,0,0
123200,1,1,0,0,0,0,0,26,0,0,15,0
123201,1,1,0,10,0,0,0,0,0,0,0,0
123201,2,1,0,0,0,0,0,0,7,0,0,0
123201,3,1,0,0,0,0,0,0,0,10,0,0
130001,0,1,21,18,8,31,18,23,38,38,15,10
130001,1,1,0,0,0,0,0,0,0,0,0,0
130002,1,1,0,0,24,15,23,0,0,0,16,0
130003,1,1,10,10,10,10,10,10,10,10,10,10
130003,2,1,0,0,0,0,0,0,0,0,0,0
130003,3,1,0,0,0,0,0,0,0,0,0,0
130003,4,1,0,0,0,0,0,0,25,0,0,0
130004,1,1,0,0,0,5,16,0,9,0,0,0
130005,0,1,34,20,0,0,0,0,0,19,0,0
130005,1,1,0,0,0,0,0,0,0,0,0,0
130006,1,1,11,0,0,17,13,11,0,0,0,28
130006,2,1,0,17,28,0,0,0,15,10,28,0
130006,3,1,15,0,21,15,0,0,0,4,16,0
130007,1,1,0,0,0,0,25,0,0,0,0,10
130008,1,1,0,0,0,0,0,0,0,0,0,0
130008,2,1,13,0,0,0,0,0,0,0,0,0
130009,0,1,0,0,0,0,0,0,0,0,0,0
130009,1,1,0,0,0,0,0,0,0,0,0,0
130010,1,1,0,0,0,0,0,0,0,0,0,0
130010,2,1,0,0,0,0,0,0,26,0,0,0
130010,3,1,0,17,0,0,0,3,0,0,28,0
130011,0,1,0,0,0,0,0,0,0,0,0,0
130011,1,1,0,30,24,16,0,16,19,0,0,0
130012,1,1,0,0,0,0,0,0,0,0,33,0
130012,2,1,0,0,0,0,0,0,0,0,0,0
130013,1,1,0,0,0,0,19,0,0,0,0,12
130013,2,1,3,3,3,3,3,3,3,3,3,3
130013,3,1,0,0,0,0,0,0,0,0,0,0
130014,1,1,0,0,0,0,0,0,19,0,16,0
130014,2,1,0,0,0,0,0,0,0,0,0,0
130015,1,1,0,0,0,0,0,0,0,0,0,0
130016,1,1,10,24,2,22,20,20,24,10,0,36
130017,1,1,0,0,0,0,0,0,8,11,15,0
130018,0,1,19,18,21,6,36,8,0,25,11,11
130018,1,1,0,0,0,17,0,0,7,0,0,0
130018,2,1,0,0,0,0,0,0,10,0,0,0
130019,1,1,0,0,0,0,0,0,0,0,0,0
130020,1,1,0,0,0,0,0,0,0,0,0,0
130020,2,1,18,0,0,6,0,4,0,2,0,0
130020,3,1,0,0,0,0,0,0,0,0,12,12
130020,4,1,0,0,0,0,0,0,0,0,14,0
130020,5,1,15,0,0,0,0,0,7,0,0,0
130021,0,1,21,21,21,21,21,21,21,21,21,21
130021,1,1,21,21,14,0,0,0,0,0,0,4
130021,2,1,0,0,0,0,17,26,0,0,0,0
130022,1,1,0,0,0,0,0,0,0,0,0,0
130023,1,1,0,12,0,0,0,0,0,0,0,0
130023,2,1,0,0,0,0,0,0,0,0,0,0
130024,1,1,0,0,0,0,0,0,0,0,0,0
130025,1,1,1,1,1,1,1,1,1,1,1,1
130025,2,1,0,0,0,0,0,0,0,0,0,0
130026,1,1,0,18,0,0,0,18,22,0,8,0
130027,1,1,10,10,10,10,10,10,10,10,10,10
130027,2,1,0,5,0,0,0,0,0,0,0,11
130028,1,1,16,0,0,27,0,13,0,14,0,0
130029,1,1,8,0,2,12,0,0,29,14,0,0
130029,2,1,8,8,8,8,8,8,8,8,8,8
130030,1,1,0,0,0,0,0,0,0,9,9,0
130030,2,1,0,0,0,11,0,0,0,0,0,0
130031,1,1,0,0,0,0,0,0,28,0,11,0
130031,2,1,8,0,0,0,0,0,9,0,16,0
130032,1,1,0,0,0,0,0,0,0,0,0,0
130033,1,1,32,33,0,0,9,25,0,0,0,0
130034,0,1,0,0,0,0,0,0,0,0,0,0
130034,1,1,21,0,0,0,0,0,0,0,0,0
130035,1,1,12,25,19,37,6,20,0,11,12,10
130036,1,1,0,0,0,0,0,18,17,0,0,0
130037,1,1,0,20,0,0,0,0,8,12,0,0
130037,2,1,0,0,0,0,0,0,0,11,27,0
130038,1,1,0,0,0,0,0,0,0,0,10,0
130038,2,1,0,0,0,0,0,0,0,0,0,0
130039,0,1,0,0,0,0,0,0,0,0,0,10
130039,1,1,0,0,0,0,0,0,0,23,12,0
130040,0,1,0,0,0,0,0,0,0,0,0,0
130040,1,1,0,0,0,0,0,0,0,0,0,0
130041,1,1,0,0,0,6,12,0,0,0,9,8
130042,1,1,30,0,0,14,0,0,0,11,19,0
130043,1,1,38,0,0,0,0,0,0,0,0,10
130043,2,1,0,0,0,0,0,0,0,0,0,0
130044,1,1,0,0,0,0,0,0,0,0,0,0
130044,2,1,9,8,0,3,0,12,0,0,0,0
130045,1,1,0,0,0,0,0,0,0,0,0,0
130046,1,1,16,6,32,14,26,15,14,23,0,12
130047,1,1,0,15,0,7,36,0,0,12,0,0
130048,1,1,6,6,6,6,6,6,6,6,6,6
130049,1,1,0,0,23,30,0,10,0,0,0,10
130049,2,1,0,0,0,0,0,0,0,0,0,0
130049,3,1,14,16,0,0,0,0,0,0,0,0
130050,1,1,0,21,0,0,0,0,0,0,10,0
130050,2,1,0,0,0,0,0,0,0,0,0,14
130050,3,1,18,0,0,0,0,0,9,0,0,0
130050,4,1,8,0,0,0,0,0,0,8,0,0
130051,0,1,0,0,0,0,11,12,20,21,30,0
130051,1,1,0,0,10,0,0,11,25,0,10,4
130052,1,1,0,0,0,0,0,0,0,0,0,0
130053,1,1,19,0,0,44,0,10,0,0,0,0
130054,1,1,17,16,0,12,0,26,0,0,0,0
130055,1,1,18,18,18,18,18,18,18,18,18,18
130055,2,1,0,0,0,0,0,12,0,0,0,0
130056,1,1,16,16,16,16,16,16,16,16,16,16
130057,0,1,0,0,0,0,0,0,0,0,0,0
130057,1,1,0,0,0,0,0,19,0,0,0,0
130058,0,1,0,0,0,0,0,0,0,0,0,0
130058,1,1,0,0,0,0,0,0,0,0,0,0
130059,1,1,0,0,0,0,0,0,0,0,0,0
130060,1,1,7,21,12,18,25,17,12,28,26,33
130061,1,1,0,0,0,15,0,0,0,0,0,5
130061,2,1,0,0,7,0,0,0,0,0,0,0
130061,3,1,0,0,0,0,0,0,0,12,0,28
130061,4,1,0,0,0,0,0,0,0,0,0,8
130061,5,1,0,0,0,23,0,0,0,0,20,0
130061,6,1,0,0,0,0,0,0,17,24,0,0
130061,7,1,6,0,0,0,0,8,0,0,0,10
130061,8,1,0,0,0,10,0,0,0,0,14,0
130062,0,1,0,7,13,0,0,18,0,0,0,0
130062,1,1,0,5,0,0,0,0,0,0,0,0
130063,1,1,0,0,0,16,0,0,0,5,0,25
130063,2,1,0,0,0,0,0,0,0,0,0,0
130064,1,1,0,0,0,0,0,0,0,0,0,0
130064,2,1,0,0,0,0,0,0,0,24,0,0
130064,3,1,0,0,0,0,0,0,0,0,0,0
130064,4,1,0,0,0,0,0,0,0,0,0,0
130064,5,1,0,0,0,0,0,0,0,0,0,0
130064,6,1,0,0,0,0,0,0,0,0,0,0
130064,7,1,0,0,52,0,0,0,0,0,0,0
130065,1,1,0,0,0,0,0,0,0,0,0,0
130066,1,1,22,15,15,46,0,17,14,0,20,18
130067,0,1,0,0,0,0,11,0,0,12,0,0
130067,0,2,0,0,0,0,0,0,0,0,0,0
130067,1,1,0,0,0,0,0,0,0,0,0,0
130068,0,1,0,0,0,0,0,0,0,0,0,0
130068,1,1,0,0,0,0,0,0,0,0,0,0
130068,2,1,0,0,0,0,0,0,0,0,0,0
130069,1,1,0,0,0,0,0,0,0,0,0,0
130069,2,1,0,0,0,0,0,0,0,0,0,0
130070,0,1,24,24,24,24,24,24,24,24,24,24
130070,1,1,0,0,0,0,0,0,0,0,0,0
130071,0,1,0,0,8,0,0,0,0,13,0,0
130071,1,1,0,0,0,0,0,0,0,0,0,0
130072,0,1,28,28,28,28,28,28,28,28,28,28
130072,1,1,0,12,0,0,0,0,0,0,0,0
130073,1,1,19,19,19,19,19,19,19,19,19,19
130073,2,1,0,0,0,8,0,0,14,0,0,0
130073,3,1,15,0,0,0,0,0,0,0,0,0
130074,1,1,10,10,10,10,10,10,10,10,10,10
130075,1,1,0,0,0,0,0,0,0,0,0,16
130075,2,1,0,22,0,0,0,0,0,0,0,0
130076,1,1,0,0,0,0,0,0,0,0,0,0
130077,1,1,20,31,13,0,0,0,22,0,18,23
130078,1,1,14,14,14,14,14,14,14,14,14,14
130079,1,1,0,0,0,0,0,0,0,0,0,0
130079,2,1,0,0,0,0,0,0,0,0,0,0
130080,0,1,0,0,0,18,0,23,0,25,0,20
130080,1,1,15,0,0,6,0,0,15,0,18,0
130081,1,1,0,0,0,0,0,0,0,0,0,0
130081,2,1,0,0,0,0,18,0,0,0,24,0
130082,1,1,0,0,0,19,29,0,0,0,10,0
130082,2,1,0,0,0,0,0,0,0,0,0,0
130083,1,1,0,0,0,0,0,0,0,0,0,0
130083,2,1,0,0,0,0,0,0,0,0,0,0
130084,1,1,3,3,3,3,3,3,3,3,3,3
130085,0,1,0,0,0,0,0,0,0,0,0,0
130085,1,1,23,14,0,7,27,20,7,14,6,15
130086,1,1,0,0,0,28,24,18,0,28,0,0
130087,1,1,0,0,17,0,13,0,0,0,33,0
130087,2,1,3,0,0,0,0,0,0,0,0,0