ST_CASE,VEH_NO,PER_NO,P1,P2,P3,P4,P5,P6,P7,P8,P9,P10
130377,1,1,0,0,0,0,0,0,0,0,0,0
130377,2,1,0,0,0,0,0,0,0,0,0,0
130378,1,1,8,0,0,0,0,0,0,0,0,0
130378,2,1,0,0,0,0,0,0,0,0,0,0
130379,1,1,0,0,0,0,0,0,0,0,0,0
130379,2,1,40,40,40,40,40,40,40,40,40,40
130380,1,1,0,11,0,0,0,0,0,38,0,0
130380,2,1,3,0,0,0,0,28,17,0,0,0
130381,1,1,0,0,0,0,0,0,0,0,0,0
130381,2,1,0,0,0,0,0,0,0,0,0,0
130382,1,1,0,0,0,0,0,0,0,0,0,0
130382,2,1,0,0,0,0,0,0,0,0,0,0
130383,0,1,22,0,0,17,29,0,0,0,0,0
130383,1,1,0,0,0,0,0,0,0,0,0,0
130384,1,1,7,8,0,0,0,0,15,0,0,11
130385,1,1,18,12,15,21,26,34,10,0,0,12
130386,1,1,12,12,12,12,12,12,12,12,12,12
130387,1,1,0,0,0,0,0,0,0,0,0,0
130387,2,1,0,0,0,0,0,0,0,0,0,0
130388,1,1,0,0,0,0,0,0,0,0,0,0
130388,2,1,0,0,0,0,0,0,0,0,0,0
130388,3,1,0,0,0,0,0,0,0,0,0,0
130389,1,1,22,0,0,6,19,17,4,20,0,0
130389,2,1,0,0,0,0,0,0,0,0,0,0
130390,1,1,15,15,15,15,15,15,15,15,15,15
130391,1,1,0,0,0,0,26,0,0,0,0,0
130392,1,1,0,0,0,0,0,0,0,0,0,0
130393,1,1,0,0,0,0,0,0,0,0,0,0
130393,2,1,0,0,0,0,0,0,0,0,0,0
130394,1,1,0,0,0,0,0,0,16,0,0,0
130394,2,1,0,0,0,0,0,0,0,0,0,0
130394,3,1,0,0,0,0,0,0,0,0,0,0
130395,1,1,0,0,0,0,0,0,0,30,0,0
130396,1,1,0,0,0,0,0,0,0,0,0,0
130397,1,1,0,0,0,0,0,0,0,0,0,0
130397,2,1,0,0,0,0,0,0,0,0,0,0
130398,1,1,4,0,0,0,0,0,22,0,0,0
130398,2,1,17,0,29,0,0,0,0,16,0,0
130399,1,1,0,7,0,0,0,0,17,0,0,0
130399,2,1,31,0,0,0,0,0,0,0,0,0
130400,1,1,0,0,0,0,0,0,0,0,0,0
130401,1,1,0,0,0,0,0,0,0,0,0,0
130401,2,1,0,0,0,0,0,0,0,0,0,0
130402,1,1,0,0,0,0,0,0,0,0,0,0
130402,2,1,0,0,0,0,0,0,0,0,0,0
130403,1,1,0,0,0,20,9,0,0,13,0,0
130404,1,1,6,6,6,6,6,6,6,6,6,6
130404,2,1,0,0,9,16,12,0,0,13,0,3
130404,3,1,0,0,0,0,0,0,0,0,0,0
130405,0,1,0,0,0,0,0,0,0,0,0,0
130405,1,1,0,0,0,0,0,0,0,0,0,0
130406,1,1,21,0,0,28,11,0,0,0,0,0
130406,2,1,0,0,0,0,0,0,0,0,0,0
130407,1,1,16,16,16,16,16,16,16,16,16,16
130408,1,1,0,0,0,0,0,0,0,0,0,0
130409,1,1,0,0,0,0,0,0,0,0,0,0
130409,2,1,0,0,0,0,0,0,0,0,0,0
130409,3,1,0,0,0,0,18,0,0,0,0,0
130409,4,1,0,0,9,0,0,0,0,0,0,0
130410,1,1,23,23,23,23,23,23,23,23,23,23
130410,2,1,0,0,0,0,5,0,0,0,0,0
130411,1,1,0,0,0,0,0,0,0,0,0,0
130411,2,1,0,0,0,0,0,0,0,0,0,0
130411,3,1,0,0,0,0,0,0,0,0,0,0
130412,1,1,0,0,0,0,0,0,0,0,0,0
130412,2,1,14,0,7,0,0,16,2,0,0,11
130412,3,1,0,0,0,0,0,0,0,0,0,0
130413,1,1,0,0,0,0,0,0,0,0,0,0
130413,2,1,0,0,0,0,0,0,0,0,0,17
130414,0,1,0,0,0,3,0,16,6,15,22,19
130414,1,1,0,0,0,0,4,0,0,0,0,8
130415,1,1,0,0,0,0,0,0,0,0,0,0
130415,2,1,0,0,0,0,0,0,0,0,0,0
130416,1,1,0,0,0,0,0,0,0,0,0,0
130416,2,1,0,0,0,0,0,0,0,0,0,0
130417,1,1,18,18,18,18,18,18,18,18,18,18
130418,1,1,0,0,0,0,0,0,0,0,0,0
130418,2,1,0,0,0,0,0,0,0,0,0,0
130419,1,1,3,3,3,3,3,3,3,3,3,3
130420,1,1,0,0,9,8,0,19,0,24,0,0
130421,1,1,0,0,0,0,0,0,0,0,0,0
130422,2,1,0,0,0,0,0,0,0,0,0,0
130423,1,1,0,0,0,0,0,0,0,0,0,0
130424,0,1,0,0,0,0,0,0,0,0,16,0
130424,1,1,0,0,0,0,0,0,0,0,0,0
130425,1,1,0,0,0,0,0,0,0,0,0,0
130426,1,1,16,16,16,16,16,16,16,16,16,16
130427,1,1,0,0,0,0,0,0,34,0,0,0
130427,2,1,0,0,0,0,0,0,0,0,0,0
130428,1,1,0,0,0,0,0,0,0,0,0,0
130429,0,1,21,20,0,0,13,0,15,0,0,11
130429,1,1,0,0,0,14,0,0,0,0,0,0
130430,1,1,0,0,0,0,0,0,0,0,8,13
130430,2,1,0,0,0,0,0,0,0,0,0,0
130431,1,1,0,0,0,0,0,0,0,0,0,0
130431,2,1,0,0,0,0,0,0,0,0,0,0
130432,1,1,0,0,0,0,0,0,0,0,0,0
130433,1,1,16,16,16,16,16,16,16,16,16,16
130434,1,1,0,0,0,0,0,0,0,0,0,0
130434,2,1,0,0,0,0,0,0,0,0,0,0
130435,1,1,14,33,0,0,34,19,0,25,0,0
130436,1,1,0,0,0,0,0,0,0,0,0,16
130436,2,1,0,0,0,0,0,0,0,3,0,0
130437,1,1,0,0,0,0,0,0,0,0,0,0
130437,2,1,0,0,0,0,0,0,26,0,0,0
130438,1,1,0,0,0,0,0,0,0,0,0,0
130438,2,1,0,0,0,0,0,0,0,0,0,0
130439,1,1,0,0,0,0,0,0,0,0,0,0
130440,1,1,0,0,0,0,0,0,0,0,0,0
130440,2,1,0,0,0,0,0,0,0,0,0,0
130440,3,1,0,0,0,18,0,0,0,0,0,0
130442,1,1,0,12,21,15,10,16,16,14,0,11
130442,2,1,0,0,0,0,0,0,0,0,0,0
130443,1,1,0,0,0,0,0,0,0,0,0,0
130444,1,1,0,0,0,0,0,0,0,0,0,0
130444,2,1,0,0,0,0,0,0,0,0,0,0
130445,0,1,12,11,0,0,0,0,0,0,19,0
130445,1,1,0,0,0,0,0,0,0,0,9,0
130446,1,1,0,0,0,0,0,0,0,0,0,0
130446,2,1,0,0,0,0,0,0,0,0,0,0
130447,1,1,0,0,0,0,0,0,0,0,0,0
130447,2,1,0,0,0,0,0,0,0,0,0,0
130448,1,1,8,24,14,16,6,3,0,3,19,20
130449,1,1,0,0,0,0,0,0,0,0,0,0
130449,2,1,0,0,0,0,0,0,0,0,0,0
130450,1,1,0,0,5,0,0,14,0,0,0,0
130450,2,1,0,0,0,0,0,0,0,0,0,0
130451,1,1,26,26,26,26,26,26,26,26,26,26
130451,2,1,0,0,0,0,0,0,0,0,0,0
130452,1,1,2,2,2,2,2,2,2,2,2,2
130453,1,1,0,0,24,18,16,0,19,0,0,12
130453,2,1,0,0,0,0,0,0,3,0,0,0
130454,1,1,0,0,0,15,0,0,0,0,15,28
130455,0,1,0,19,16,0,0,0,0,0,0,0
130455,1,1,0,6,0,0,0,0,0,0,0,0
130456,1,1,0,0,0,0,0,0,0,0,0,0
130456,2,1,0,0,0,0,0,0,0,0,0,0
130456,3,1,0,0,0,0,0,0,0,0,0,0
130457,1,1,0,0,8,0,5,0,0,0,0,0
130457,2,1,0,0,0,0,0,0,0,0,0,0
130458,1,1,0,0,0,0,0,0,0,0,0,0
130458,2,1,0,0,0,0,0,0,0,0,0,13
130459,1,1,0,0,0,0,0,0,0,0,0,0
130459,2,1,0,0,0,0,0,0,0,0,0,0
130459,3,1,0,0,0,0,0,0,0,0,21,0
130460,1,1,0,0,0,0,0,0,0,0,0,0
130461,1,1,10,10,10,10,10,10,10,10,10,10
130461,2,1,0,0,0,0,0,5,0,34,0,0
130462,1,1,0,0,0,7,0,0,9,0,0,0
130463,0,1,0,0,0,0,0,0,0,0,0,0
130463,1,1,0,0,0,0,0,0,0,0,0,0
130464,1,1,0,0,0,0,0,0,0,0,0,0
130465,0,1,0,21,0,0,0,18,0,0,14,0
130465,1,1,0,0,0,0,0,0,0,0,0,0
130466,1,1,0,0,23,0,0,0,0,0,0,0
130466,2,1,0,0,0,0,2,0,0,0,8,0
130467,1,1,0,0,0,0,0,26,0,0,0,0
130468,1,1,0,0,0,0,0,0,0,0,0,0
130468,2,1,10,0,0,0,0,0,0,0,0,0
130468,3,1,0,0,0,0,0,5,0,0,0,0
130469,1,1,0,0,7,23,0,0,0,0,0,30
130469,2,1,0,0,0,0,7,0,0,0,0,0
130470,1,1,0,0,0,0,0,39,0,0,0,0
130470,2,1,0,0,0,0,0,0,0,0,0,0
130470,3,1,0,0,0,0,0,0,0,0,0,0
130471,1,1,0,0,0,0,0,0,0,0,31,23
130471,2,1,6,6,6,6,6,6,6,6,6,6
130472,1,1,0,0,13,0,4,0,14,0,0,0
130472,2,1,0,0,0,0,0,0,0,0,0,10
130472,3,1,0,0,12,0,0,0,0,0,0,0
130472,4,1,0,0,0,0,0,0,0,0,0,0
130473,1,1,0,0,0,0,0,0,0,0,0,0
130474,1,1,0,0,0,0,0,0,0,0,0,0
130474,2,1,0,0,0,0,0,0,0,0,0,0
130475,1,1,14,0,0,31,13,0,0,0,18,10
130476,1,1,0,0,0,0,0,0,0,0,0,0
130477,1,1,0,0,0,0,0,0,0,0,0,0
130477,2,1,0,0,0,0,0,0,0,0,0,0
130478,1,1,3,3,3,3,3,3,3,3,3,3
130479,1,1,0,0,0,0,24,0,0,0,0,0
130480,1,1,40,40,40,40,40,40,40,40,40,40
130480,2,1,0,0,0,0,0,0,0,0,0,0
130480,3,1,0,0,0,0,0,0,0,0,0,0
130481,1,1,0,0,0,0,0,0,0,0,0,0
130481,2,1,0,0,0,0,0,0,0,0,0,0
130482,1,1,12,12,12,12,12,12,12,12,12,12
130483,1,1,3,3,3,3,3,3,3,3,3,3
130483,3,1,0,0,0,0,0,0,0,0,0,0
130484,0,1,19,19,19,19,19,19,19,19,19,19
130484,1,1,0,0,0,0,0,0,0,0,0,0
130486,0,1,22,0,18,0,0,0,7,0,0,0
130486,1,1,0,0,11,0,0,12,0,0,0,0
130487,1,1,0,0,0,0,0,0,0,0,0,0
130488,1,1,0,0,0,0,0,0,0,0,0,0
130488,2,1,0,0,0,0,0,0,0,0,0,0
130489,1,1,0,0,0,0,0,0,0,0,0,0
130489,2,1,0,0,0,0,0,0,0,0,0,0
130489,3,1,0,0,0,0,0,0,0,0,0,0
130490,0,1,39,39,39,39,39,39,39,39,39,39
130490,1,1,29,0,0,0,0,19,0,0,0,0
130491,1,1,0,0,0,0,0,0,0,0,0,0
130491,2,1,0,0,0,0,0,0,0,0,0,0
130492,0,1,0,0,0,0,0,0,0,0,0,0
130492,1,1,0,0,0,0,0,0,0,0,0,0
130493,1,1,30,30,30,30,30,30,30,30,30,30
130493,2,1,0,24,0,0,0,0,0,0,0,0
130493,3,1,0,0,0,0,8,0,0,0,0,0
130494,1,1,15,4,0,0,0,0,0,0,0,0
130494,2,1,0,0,0,0,0,0,0,0,0,21
130495,0,1,22,22,22,22,22,22,22,22,22,22
130495,1,1,0,0,0,0,0,0,0,0,0,0
130496,1,1,0,30,30,0,30,0,0,22,31,0
130496,2,1,0,0,0,0,0,0,0,0,0,0
130497,1,1,11,11,11,11,11,11,11,11,11,11
130498,0,1,16,0,0,0,41,0,0,0,0,0
130498,1,1,0,0,0,0,0,0,0,0,0,0
130499,0,1,0,0,0,0,0,0,0,0,0,0
130499,1,1,0,0,0,0,0,0,0,0,0,0
130500,1,1,0,0,0,0,0,0,0,0,0,0
130500,2,1,0,0,0,0,0,12,0,0,0,0
130501,1,1,0,0,0,0,0,0,0,0,0,0
130501,2,1,0,0,0,0,0,0,0,0,0,0
130501,3,1,0,0,0,0,0,0,0,0,0,0
130502,1,1,0,0,0,0,0,0,0,0,0,0
130503,1,1,0,0,0,0,0,0,0,0,0,0
130503,2,1,0,0,0,0,0,0,0,0,0,0
130504,1,1,17,17,17,17,17,17,17,17,17,17
130504,2,1,0,0,0,0,0,0,0,0,0,38
130505,1,1,7,0,0,12,9,15,15,40,14,0
130505,2,1,0,0,0,0,0,0,0,0,0,0
130506,1,1,0,16,0,0,27,0,12,0,0,0
130507,1,1,0,0,0,0,0,0,0,0,0,0
130507,2,1,0,0,0,0,0,0,19,0,0,0
130507,3,1,0,0,0,0,0,0,0,0,0,0
130507,4,1,0,0,0,0,0,0,0,0,0,0
130507,5,1,0,0,0,8,0,0,0,0,0,0
130508,1,1,0,0,0,0,0,0,0,0,0,0
130509,1,1,0,12,0,0,12,0,0,0,0,0
130509,2,1,0,0,0,0,0,0,0,0,0,0
130510,1,1,0,0,0,0,0,0,0,0,0,0
130512,1,1,24,0,21,0,38,0,12,23,0,0
130513,1,1,18,0,9,0,0,0,0,0,0,8
130514,1,1,0,9,15,0,0,0,0,7,0,0
130515,1,1,0,0,0,0,5,22,21,0,0,0
130516,1,1,0,0,0,0,0,0,0,0,0,0
130516,2,1,0,0,0,0,0,0,0,0,0,0
130517,1,1,19,19,19,19,19,19,19,19,19,19
130518,0,1,7,7,7,7,7,7,7,7,7,7
130518,1,1,0,0,0,0,0,0,0,0,0,0
130519,0,1,34,17,0,18,0,38,0,0,23,0
130519,1,1,0,0,8,31,0,0,0,0,0,0
130520,1,1,0,14,0,18,8,14,0,0,16,11
130521,1,1,11,0,28,0,13,0,40,24,0,0
130522,1,1,0,0,0,0,10,0,0,0,0,0
130523,1,1,0,0,0,0,0,0,0,0,0,0
130523,2,1,0,0,0,0,0,0,0,0,0,0
130524,1,1,0,0,0,0,0,0,0,0,0,0
130525,1,1,0,12,0,0,0,0,0,0,15,0
130525,2,1,0,0,0,0,0,0,0,0,0,0
130526,1,1,0,0,0,0,0,0,0,0,0,0
130527,1,1,0,0,0,0,0,0,0,0,0,0
130527,2,1,0,0,0,0,0,0,0,0,0,0
130528,1,1,0,0,0,0,0,0,0,0,0,0
130528,2,1,0,0,0,0,0,0,0,0,0,0
130529,1,1,0,0,0,0,0,0,0,0,0,0
130530,1,1,0,0,0,0,0,0,0,0,0,0
130530,2,1,0,0,11,0,20,0,12,0,0,3
130531,1,1,0,0,0,0,0,0,0,0,0,0
130531,2,1,0,0,0,0,0,0,0,0,0,0
130532,1,1,0,0,0,0,0,0,0,0,0,0
130532,2,1,0,0,0,0,0,0,0,0,0,0
130533,1,1,0,0,0,0,0,0,0,0,0,0
130534,1,1,0,0,0,0,0,0,0,0,0,0
130535,1,1,0,0,0,0,0,0,0,0,0,0
130535,2,1,0,0,0,0,0,0,0,0,0,0
130536,0,1,0,0,0,0,0,0,0,0,0,0
130536,1,1,0,0,0,0,0,0,0,41,0,9
130537,1,1,0,0,15,17,0,4,0,0,0,18
130538,1,1,13,13,13,13,13,13,13,13,13,13
130539,1,1,0,0,0,0,0,0,0,0,0,0
130539,2,1,0,11,0,0,0,0,0,9,0,0
130540,1,1,16,16,16,16,16,16,16,16,16,16
130540,2,1,9,0,4,0,0,0,0,0,0,0
130541,1,1,0,0,0,0,0,0,0,0,0,11
130541,2,1,0,0,0,0,0,0,0,0,0,0
130542,0,1,40,40,40,40,40,40,40,40,40,40
130542,1,1,0,0,0,2,0,0,0,22,0,18
130543,1,1,0,0,0,0,0,13,0,0,0,21
130544,1,1,0,0,0,0,0,0,0,0,0,0
130544,2,1,0,0,0,0,0,0,0,0,0,0
130545,0,1,0,0,0,0,0,0,0,0,0,0
130545,0,2,0,0,0,0,0,0,0,0,0,0
130545,0,3,0,0,0,0,0,0,0,0,0,0
130545,1,1,0,0,0,0,0,0,0,0,0,0
130545,3,1,0,0,0,0,0,0,0,0,8,0
130546,1,1,0,0,0,0,0,0,0,0,0,0
130547,1,1,24,0,0,0,0,0,0,0,0,0
130547,2,1,0,0,0,0,0,0,0,0,0,0
130548,1,1,0,0,0,0,0,0,0,0,0,18
130548,2,1,0,0,0,0,0,0,0,0,0,0
130549,1,1,0,0,0,0,0,0,0,0,0,0
130550,1,1,10,14,13,13,19,19,24,0,0,9
130551,0,1,27,27,27,27,27,27,27,27,27,27
130551,1,1,18,0,0,0,26,0,0,0,24,5
130552,1,1,0,0,0,0,0,0,0,0,0,0
130552,2,1,0,0,0,0,0,19,0,0,0,0
130553,1,1,0,0,0,0,0,0,0,0,0,0
130554,1,1,0,0,0,0,0,0,0,0,0,0
130555,1,1,0,0,0,15,14,0,0,15,0,20
130556,1,1,0,0,0,0,0,0,0,0,0,0
130556,2,1,0,0,0,0,0,0,0,0,0,0
130557,1,1,0,22,8,11,0,0,0,16,0,0
130558,1,1,0,0,0,0,0,0,0,0,0,0
130558,2,1,0,0,0,0,0,0,0,0,0,0
130559,1,1,0,0,0,0,0,0,0,0,0,0
130560,1,1,12,0,0,20,0,18,0,23,0,12
130561,0,1,0,14,0,10,0,14,0,44,0,27
130561,1,1,0,0,0,10,0,0,0,23,0,13
130562,1,1,0,0,0,0,0,0,0,0,0,0
130563,1,1,0,0,0,0,0,0,0,0,0,0
130563,2,1,0,0,0,0,0,0,0,0,0,0
130564,1,1,16,16,16,16,16,16,16,16,16,16
130565,1,1,0,0,3,30,0,0,21,12,0,0
130565,2,1,0,0,0,0,0,0,0,0,0,0
130566,1,1,0,0,0,0,0,0,0,0,0,0
130566,2,1,0,0,0,0,0,0,0,0,0,0
130567,1,1,0,0,0,0,0,0,0,0,0,0
130568,1,1,0,0,0,0,0,0,0,0,0,0
130568,2,1,0,0,0,0,0,0,0,0,0,0
130568,3,1,0,0,0,0,0,0,0,0,0,0
130569,1,1,24,31,9,0,17,20,21,13,24,17
130569,2,1,0,0,0,0,0,0,0,0,0,0
130570,1,1,31,31,31,31,31,31,31,31,31,31
130570,2,1,0,0,0,0,0,0,0,0,20,0
130570,3,1,0,0,0,0,0,0,0,0,0,0
130571,0,1,0,0,0,0,0,0,0,0,0,0
130571,1,1,0,0,0,0,0,0,0,0,0,0
130572,1,1,0,0,0,0,0,0,0,0,0,0
130572,2,1,0,0,29,0,0,0,0,0,0,14
130573,1,1,0,0,0,0,0,0,0,0,0,0
130575,1,1,3,3,3,3,3,3,3,3,3,3
130575,2,1,0,0,0,0,0,0,0,0,0,0
130576,1,1,0,0,0,15,0,0,0,0,0,0
130576,2,1,0,0,0,0,0,0,0,0,0,0
130576,3,1,0,0,0,0,0,0,0,0,0,0
130576,4,1,0,0,0,0,8,0,0,0,0,0
130577,0,1,0,0,0,0,0,0,0,0,0,0
130577,1,1,0,0,0,0,0,0,0,0,0,0
130578,0,1,0,0,17,0,0,0,12,0,0,19
130578,1,1,0,0,0,0,0,0,0,0,0,15
130579,1,1,0,0,0,0,0,0,0,0,0,0
130579,2,1,0,0,0,21,0,0,0,0,0,0
130579,3,1,0,0,0,0,0,0,0,23,0,0
130580,1,1,5,0,0,0,0,0,0,0,0,0
130580,2,1,13,13,13,13,13,13,13,13,13,13
130580,3,1,0,0,0,0,0,0,0,0,0,0
130581,1,1,0,0,0,0,0,0,0,0,0,0
130581,2,1,0,0,0,0,0,0,0,0,0,0
130582,1,1,0,0,0,0,0,0,9,0,0,49
130583,1,1,26,26,26,26,26,26,26,26,26,26
130584,1,1,0,16,0,0,9,0,22,19,18,14
130585,1,1,27,27,27,27,27,27,27,27,27,27
130585,2,1,0,0,0,0,0,0,0,0,0,0
130586,1,1,0,0,0,0,0,0,0,0,0,0
130586,2,1,0,0,0,0,0,0,0,0,0,0
130587,1,1,0,0,0,0,0,0,0,0,0,0
130588,1,1,0,0,0,0,0,0,0,0,0,0
130588,2,1,0,0,0,0,0,0,0,0,0,0
130589,1,1,0,0,0,0,0,0,0,5,0,0
130590,1,1,0,0,0,0,0,0,0,0,0,0
130590,3,1,0,0,0,0,0,0,0,0,0,0
130591,1,1,0,0,0,0,0,0,0,0,0,0
130592,1,1,0,0,0,0,0,0,0,0,0,0
130592,2,1,0,0,0,0,0,0,0,0,0,0
130593,1,1,0,0,0,0,0,0,0,0,12,0
130594,1,1,0,0,0,0,0,0,0,0,0,0
130594,2,1,0,0,0,0,0,0,0,0,0,0
130595,1,1,0,0,0,0,0,0,0,4,0,18
130595,2,1,0,18,0,0,15,0,11,5,0,0
130596,1,1,0,0,0,0,25,0,0,0,0,0
130596,2,1,0,0,0,0,0,0,0,0,0,0
130597,1,1,0,0,0,0,0,0,0,0,0,0
130598,1,1,12,0,0,16,11,23,0,10,0,0
130599,0,1,37,13,13,21,24,24,19,11,18,17
130599,1,1,0,0,0,0,0,0,0,0,0,0
130599,2,1,0,0,0,0,0,0,0,0,0,0
130600,1,1,0,0,0,0,0,0,23,0,0,0
130600,2,1,0,0,0,0,0,0,0,0,0,0
130601,1,1,0,0,0,0,15,0,0,22,0,22
130601,2,1,0,0,0,0,0,0,0,0,0,0
130601,3,1,0,0,0,0,0,0,0,0,0,0
130602,1,1,0,0,0,0,0,0,0,0,0,0
130602,2,1,0,0,0,0,0,0,0,0,0,0
130603,1,1,0,0,0,0,0,0,0,0,0,0
130604,0,1,37,0,14,14,12,0,24,12,14,33
130604,1,1,0,0,0,0,0,0,0,0,0,0
130605,1,1,0,14,0,0,0,0,0,0,0,0
130605,2,1,0,0,0,0,0,0,0,0,0,0
130606,1,1,0,0,0,0,0,0,0,0,0,0
130606,2,1,0,0,0,0,0,0,0,0,0,0
130607,1,1,0,0,0,0,0,0,0,0,0,0
130607,2,1,0,0,0,0,0,0,0,0,0,0
130607,3,1,8,0,0,0,0,0,0,0,0,0
130608,1,1,0,0,0,0,0,0,0,0,0,0
130609,1,1,0,0,0,0,0,0,0,0,0,0
130609,2,1,0,0,0,0,0,0,0,0,0,0
130610,1,1,0,0,0,0,0,0,0,0,0,0
130610,2,1,0,0,0,0,0,0,0,0,0,0
130611,1,1,0,0,0,18,0,0,0,22,0,0
130612,1,1,0,0,0,0,0,0,0,0,0,0
130612,2,1,0,0,0,0,0,0,0,0,0,0
130613,1,1,23,0,0,0,0,0,0,0,0,0
130614,1,1,11,11,11,11,11,11,11,11,11,11
130614,2,1,0,0,0,0,0,0,0,0,0,0
130615,1,1,8,8,8,8,8,8,8,8,8,8
130616,1,1,20,0,0,0,0,0,0,0,0,0
130616,2,1,0,0,0,10,0,0,0,0,0,0
130617,0,1,0,0,11,13,29,0,0,0,0,0
130617,1,1,0,0,0,0,0,0,0,0,0,0
130618,1,1,0,0,0,0,0,0,0,0,11,0
130619,1,1,18,18,18,18,18,18,18,18,18,18
130620,1,1,0,0,0,0,0,0,0,0,0,0
130621,1,1,0,0,0,0,0,0,0,0,0,0
130621,2,1,0,0,0,0,0,0,0,0,0,0
130621,3,1,0,0,0,0,0,0,0,0,0,0
130622,1,1,0,0,0,0,0,0,0,0,0,0
130623,1,1,24,24,24,24,24,24,24,24,24,24
130624,0,1,8,8,8,8,8,8,8,8,8,8
130624,1,1,0,12,0,11,0,0,0,0,0,0
130625,1,1,0,0,0,0,0,0,0,0,0,0
130625,2,1,0,0,0,0,0,0,0,0,10,0
130625,3,1,0,0,0,0,0,0,0,0,0,0
130626,1,1,0,0,0,0,0,0,0,0,0,0
130626,2,1,0,29,0,0,0,0,0,0,0,0
130627,0,1,0,0,0,0,0,0,0,0,0,0
130627,1,1,0,0,0,0,0,13,0,0,0,0
130628,1,1,10,25,26,23,19,20,7,20,11,9
130629,1,1,0,26,0,0,11,37,0,0,0,17
130629,2,1,0,27,0,0,0,0,29,0,0,6
130630,1,1,0,0,0,0,0,0,0,0,0,0
130630,2,1,0,0,0,0,0,0,0,0,0,0
130631,1,1,0,0,0,0,0,0,0,0,0,0
130631,2,1,0,0,0,0,0,0,0,0,0,0
130632,0,1,0,0,0,0,0,0,0,0,23,0
130632,1,1,0,0,0,0,0,25,0,0,0,0
130633,1,1,30,18,12,29,13,0,0,15,16,0
130634,1,1,11,11,11,11,11,11,11,11,11,11
130634,2,1,0,0,0,0,0,0,0,0,0,0
130635,1,1,0,0,0,0,0,0,0,0,0,0
130635,2,1,0,0,0,0,0,0,0,0,0,0
130636,1,1,0,0,14,0,0,0,23,0,0,0
130636,2,1,0,0,0,0,0,0,0,0,0,0
130637,1,1,0,0,10,0,0,0,0,0,0,0
130637,2,1,8,0,0,0,2,0,0,16,0,0
130638,1,1,0,0,0,0,0,0,0,0,0,0
130638,2,1,0,0,0,0,0,0,0,0,0,0
130639,1,1,0,0,0,0,0,0,0,0,0,0
130639,2,1,0,0,0,0,0,0,0,0,0,0
130640,1,1,0,0,0,0,0,0,0,0,0,26
130640,2,1,0,0,0,0,0,0,0,0,0,0
130640,3,1,0,0,0,0,0,0,0,0,0,0
130641,1,1,0,9,0,0,0,0,0,0,0,0
130641,2,1,0,0,0,0,0,0,0,0,0,0
130642,1,1,0,26,0,0,0,0,0,0,16,11
130642,2,1,0,0,0,0,0,12,0,0,0,0
130643,1,1,0,0,0,0,0,0,0,0,0,0
130643,2,1,0,0,0,0,0,0,0,0,0,0
130644,1,1,24,24,24,24,24,24,24,24,24,24
130645,1,1,26,26,26,26,26,26,26,26,26,26
130646,1,1,0,0,14,0,0,0,0,0,0,0
130646,2,1,0,0,0,0,0,0,0,0,0,0
130647,1,1,0,0,0,0,0,0,0,0,0,0
130647,2,1,0,0,0,0,2,0,0,0,0,0
130647,3,1,18,0,43,0,0,0,4,0,0,0
130648,1,1,0,0,0,26,11,0,0,0,0,0
130648,2,1,0,0,0,0,0,0,0,0,0,0
130649,1,1,0,30,22,0,13,15,16,0,16,0
130650,1,1,0,0,0,0,0,0,0,0,0,0
130650,2,1,18,18,18,18,18,18,18,18,18,18
130651,1,1,15,13,0,28,0,0,0,10,13,13
130652,1,1,0,0,0,0,0,0,0,0,0,0
130653,1,1,0,0,0,0,0,0,0,0,0,0
130653,2,1,0,0,0,0,0,0,0,0,0,0
130654,1,1,0,0,0,3,0,0,0,0,0,0
130654,2,1,0,10,0,0,0,0,0,0,18,0
130655,1,1,0,0,0,0,0,0,10,0,0,0
130655,2,1,0,0,0,0,0,0,0,0,0,0
130656,1,1,25,0,0,32,0,0,0,0,0,0
130656,2,1,0,0,8,15,0,12,0,0,0,0
130656,3,1,0,0,0,0,0,0,0,0,0,0
130657,1,1,0,0,0,0,0,0,0,0,0,0
130658,1,1,0,0,0,0,0,0,0,0,0,0
130658,2,1,0,0,0,0,0,0,0,0,0,0
130659,0,1,0,0,0,0,0,0,0,0,0,0
130659,1,1,0,0,0,0,0,0,0,0,0,0
130660,1,1,0,0,15,0,0,0,0,0,23,0
130660,2,1,0,0,0,0,0,0,0,0,0,0
130661,1,1,24,24,24,24,24,24,24,24,24,24
130662,1,1,0,0,0,0,0,0,0,0,0,0
130663,1,1,0,0,36,19,8,0,15,25,16,18
130664,1,1,0,0,0,0,0,0,0,0,0,0
130664,2,1,0,0,0,0,0,0,0,0,0,0
130664,3,1,0,0,0,0,0,0,0,0,0,0
130665,1,1,0,0,0,20,0,0,0,0,0,0
130666,1,1,11,11,11,11,11,11,11,11,11,11
130667,1,1,13,13,13,13,13,13,13,13,13,13
130667,2,1,0,0,0,0,0,0,0,0,0,0
130668,1,1,0,0,0,22,0,13,0,0,0,0
130668,2,1,0,0,0,0,0,0,0,0,0,0
130669,1,1,0,0,0,0,0,0,0,0,0,0
130670,1,1,0,0,0,0,0,0,0,0,3,0
130670,2,1,0,0,0,0,0,0,0,0,0,0
130671,0,1,0,0,0,0,0,0,23,0,22,0
130671,1,1,0,0,0,0,0,0,0,0,0,0
130672,1,1,19,0,0,17,30,21,0,0,11,0
130672,2,1,0,0,0,13,12,0,0,8,0,0