ST_CASE,VEH_NO,PER_NO,P1,P2,P3,P4,P5,P6,P7,P8,P9,P10
130673,1,1,31,31,31,31,31,31,31,31,31,31
130673,2,1,0,0,0,0,0,0,0,0,0,0
130674,1,1,0,0,0,0,0,0,0,0,0,0
130674,2,1,0,0,0,0,0,0,0,0,0,0
130675,1,1,0,0,0,0,0,0,0,0,0,0
130675,2,1,0,28,0,0,0,0,0,0,0,8
130676,0,1,0,0,0,0,0,0,0,0,0,0
130676,1,1,0,0,0,0,0,0,0,0,0,0
130677,1,1,0,0,0,0,0,0,0,0,0,0
130678,1,1,0,0,0,0,0,0,0,0,0,0
130678,2,1,0,0,0,0,0,0,0,0,0,0
130679,1,1,0,0,0,0,0,0,0,0,0,0
130679,2,1,0,0,0,0,0,0,0,0,0,0
130679,3,1,0,0,0,0,0,0,0,0,0,0
130680,1,1,0,0,0,0,0,0,0,0,0,0
130680,2,1,0,0,0,0,0,0,0,0,0,0
130681,1,1,0,0,0,0,0,0,0,0,0,9
130681,2,1,0,0,0,0,0,0,0,0,0,0
130682,1,1,0,12,24,18,0,31,0,0,0,0
130683,0,1,0,0,0,0,0,0,0,0,0,0
130683,1,1,0,0,0,0,0,0,0,0,0,0
130684,0,1,12,21,26,15,0,0,27,0,0,16
130684,2,1,0,0,0,0,0,0,0,0,0,0
130685,1,1,0,0,0,0,0,0,0,0,0,0
130686,1,1,8,20,23,7,13,13,0,0,21,8
130687,1,1,0,0,0,0,0,0,0,0,0,0
130688,0,1,0,0,3,0,27,0,0,18,0,0
130688,1,1,0,0,0,0,0,0,0,0,0,0
130689,1,1,10,15,0,0,0,0,0,6,0,18
130689,2,1,0,0,0,0,0,0,0,0,0,0
130690,1,1,20,0,0,0,0,0,0,0,22,0
130690,2,1,13,13,13,13,13,13,13,13,13,13
130691,1,1,0,0,0,0,0,0,0,0,0,0
130691,2,1,0,0,0,6,0,0,0,0,0,0
130692,1,1,0,9,0,15,0,0,0,0,0,19
130693,1,1,0,0,0,0,0,0,0,0,0,0
130693,2,1,0,0,0,0,0,0,0,0,0,0
130694,1,1,0,0,0,0,0,0,0,0,0,0
130695,0,1,24,24,24,24,24,24,24,24,24,24
130695,1,1,0,0,0,0,19,0,0,0,0,0
130696,1,1,0,0,0,0,0,0,0,0,0,0
130696,2,1,0,0,0,0,0,0,0,0,0,0
130697,1,1,0,13,19,0,3,0,0,0,18,0
130697,2,1,0,0,0,13,0,14,0,0,0,0
130698,1,1,1,1,1,1,1,1,1,1,1,1
130699,1,1,0,0,0,0,0,0,0,0,20,0
130700,0,1,0,0,0,0,0,0,0,0,0,0
130700,1,1,0,0,0,0,0,0,0,0,0,0
130701,1,1,0,0,0,0,0,0,0,0,0,0
130701,2,1,0,0,0,0,0,0,0,0,0,0
130703,1,1,13,13,13,13,13,13,13,13,13,13
130704,1,1,19,19,19,19,19,19,19,19,19,19
130704,2,1,0,0,0,0,0,0,0,0,0,0
130705,1,1,0,0,0,0,0,0,0,0,0,0
130706,0,1,0,0,0,0,0,0,0,0,0,0
130706,1,1,0,0,0,0,0,6,0,0,0,0
130707,1,1,16,11,0,0,0,0,0,0,0,0
130708,1,1,27,20,20,15,29,18,19,24,15,0
130709,1,1,0,12,26,0,0,23,31,22,24,5
130710,1,1,0,0,13,16,0,0,0,19,8,0
130710,2,1,24,0,36,0,0,0,40,0,0,0
130710,3,1,0,0,0,0,0,0,0,0,0,13
130710,4,1,23,0,0,0,0,0,0,0,0,0
130710,5,1,0,0,0,0,0,0,0,0,0,0
130711,0,1,0,0,0,0,0,0,0,0,0,0
130711,1,1,0,0,0,0,0,0,0,0,0,0
130712,1,1,15,15,15,15,15,15,15,15,15,15
130713,1,1,0,0,0,0,0,0,0,0,0,0
130713,2,1,0,0,0,0,0,0,0,0,0,0
130714,1,1,19,19,19,19,19,19,19,19,19,19
130714,2,1,0,0,0,0,0,0,0,0,0,0
130715,1,1,0,0,0,0,0,8,0,0,0,0
130715,2,1,0,0,0,0,0,0,0,0,0,0
130716,1,1,11,11,11,11,11,11,11,11,11,11
130717,1,1,10,0,17,6,33,14,0,0,0,0
130718,1,1,0,0,0,0,0,0,0,0,0,0
130718,2,1,0,0,0,0,0,0,0,0,0,0
130719,1,1,0,0,0,0,0,0,0,0,0,0
130720,1,1,0,0,0,0,0,0,0,0,0,0
130720,2,1,0,0,0,0,0,0,0,0,0,0
130721,1,1,0,0,0,0,0,0,0,0,0,0
130722,1,1,0,0,0,0,0,0,21,0,0,0
130724,1,1,0,0,0,0,0,0,0,0,0,0
130725,1,1,0,0,0,0,0,0,0,0,0,0
130726,0,1,0,0,0,0,0,0,0,0,0,0
130726,1,1,0,0,0,0,0,0,0,0,0,16
130726,2,1,0,0,0,0,0,0,0,0,0,0
130727,1,1,0,0,0,0,0,0,0,0,0,0
130727,2,1,0,0,0,0,0,0,0,0,0,0
130727,3,1,0,0,0,0,0,0,0,0,14,0
130728,1,1,0,0,0,0,0,0,0,0,0,0
130728,2,1,0,0,0,0,0,0,0,0,0,0
130729,0,1,0,32,15,19,0,0,19,0,0,4
130729,1,1,17,0,0,0,0,0,0,0,0,0
130730,1,1,13,13,13,13,13,13,13,13,13,13
130730,2,1,0,0,0,0,0,0,0,0,0,0
130732,1,1,0,0,0,0,0,0,0,0,0,0
130732,2,1,0,10,0,0,0,0,0,0,0,0
130733,1,1,0,0,0,0,0,0,0,0,0,0
130733,2,1,0,0,0,0,0,0,0,0,0,0
130734,1,1,0,0,0,0,0,0,0,0,0,0
130734,2,1,0,0,0,0,0,0,0,0,0,0
130735,1,1,0,0,0,0,0,0,0,0,0,0
130735,2,1,0,0,0,0,0,5,0,0,0,0
130736,1,1,0,0,0,0,0,16,0,0,0,20
130737,1,1,9,0,0,17,0,10,0,15,22,8
130738,0,1,0,0,0,0,0,0,0,0,0,0
130738,1,1,0,0,0,0,0,0,0,0,0,0
130739,0,1,0,27,0,0,0,0,0,38,0,22
130739,1,1,17,9,5,25,0,0,0,17,0,0
130740,1,1,0,0,0,0,0,0,0,0,0,0
130740,2,1,0,0,0,0,0,0,0,0,0,0
130741,1,1,25,0,0,0,17,15,11,28,0,17
130742,1,1,0,0,0,0,0,0,0,0,0,0
130742,2,1,0,0,0,0,0,0,8,0,0,0
130743,1,1,25,25,25,25,25,25,25,25,25,25
130744,1,1,0,0,0,0,0,0,0,0,0,0
130745,1,1,0,0,0,0,0,0,0,0,0,0
130745,2,1,0,0,0,8,0,0,0,0,0,0
130746,1,1,0,0,0,0,0,0,0,0,0,0
130746,3,1,0,0,0,0,0,0,0,0,0,0
130747,1,1,9,9,9,9,9,9,9,9,9,9
130747,2,1,0,0,0,0,0,0,0,0,0,0
130747,3,1,11,24,0,0,0,0,0,0,10,0
130748,1,1,15,15,15,15,15,15,15,15,15,15
130748,2,1,18,4,19,21,0,14,0,29,0,0
130749,1,1,0,24,18,0,0,0,0,0,0,0
130750,1,1,0,0,0,0,0,0,0,0,0,0
130750,2,1,0,0,0,0,0,0,0,0,0,0
130751,0,1,0,0,20,0,0,0,32,0,0,0
130751,1,1,0,0,0,0,0,0,0,0,0,11
130751,2,1,0,0,0,0,0,0,0,0,0,0
130752,0,1,18,0,19,0,30,23,0,0,0,7
130752,1,1,0,9,0,0,0,5,0,0,0,0
130753,1,1,19,5,0,17,0,0,21,19,0,0
130753,2,1,0,0,0,0,0,0,0,0,0,0
130754,1,1,0,23,0,11,0,25,0,0,0,0
130755,1,1,0,0,0,0,0,0,0,0,0,0
130755,2,1,0,0,0,0,0,0,0,0,0,0
130756,1,1,0,0,0,0,0,0,0,0,0,0
130756,2,1,0,0,0,0,0,0,0,0,0,0
130757,1,1,16,0,13,0,0,0,0,14,0,31
130758,1,1,0,0,0,0,0,0,0,0,0,0
130758,2,1,0,0,0,0,0,0,0,0,0,0
130759,1,1,0,0,0,0,0,2,0,0,0,0
130759,2,1,0,0,0,0,0,0,0,0,0,4
130760,0,1,17,10,14,11,0,0,28,10,0,38
130760,1,1,0,0,0,0,0,0,0,0,0,0
130761,1,1,10,7,19,20,8,16,25,8,12,20
130761,2,1,0,0,0,0,0,0,0,0,0,0
130761,3,1,18,2,0,10,0,19,0,0,0,0
130762,0,1,27,0,6,0,0,18,0,0,0,8
130762,1,1,0,31,0,0,16,0,0,0,0,0
130763,1,1,0,0,0,0,0,0,0,0,0,0
130764,1,1,0,0,0,0,0,0,0,0,0,0
130765,0,1,12,12,12,12,12,12,12,12,12,12
130765,1,1,0,0,20,0,0,0,5,0,0,0
130766,0,1,0,0,0,0,0,0,0,0,0,0
130766,1,1,21,21,21,21,21,21,21,21,21,21
130767,1,1,6,21,23,0,37,0,34,35,11,15
130768,1,1,0,0,0,0,0,0,0,9,0,22
130768,2,1,0,0,0,0,0,0,0,0,0,0
130769,1,1,14,14,14,14,14,14,14,14,14,14
130769,2,1,13,4,0,0,0,0,6,6,13,0
130770,0,1,30,18,0,0,13,0,13,49,21,0
130770,1,1,0,0,0,0,20,0,0,0,0,16
130771,0,1,0,0,0,0,0,0,0,0,0,0
130771,1,1,0,0,0,0,0,0,5,0,0,0
130772,1,1,0,19,0,0,0,0,0,25,0,0
130773,1,1,0,0,6,0,0,0,0,0,0,0
130773,2,1,0,0,0,0,0,0,0,0,0,0
130774,1,1,0,0,0,0,0,0,0,0,0,0
130774,2,1,0,0,0,0,13,0,10,0,0,0
130775,0,1,0,0,0,0,0,28,0,0,0,0
130775,1,1,0,0,0,0,0,0,0,0,31,0
130776,1,1,0,0,0,0,0,0,0,0,0,0
130777,1,1,0,0,0,0,0,0,0,0,0,0
130777,2,1,0,0,0,0,0,0,0,0,0,0
130778,1,1,0,0,0,10,0,0,0,0,11,0
130778,2,1,0,0,0,0,0,0,0,0,0,0
130779,1,1,0,0,0,0,0,0,0,0,0,0
130779,2,1,0,0,0,0,0,6,0,0,0,0
130779,3,1,0,0,0,0,0,0,0,0,0,0
130780,1,1,0,0,0,0,0,0,0,0,0,0
130781,1,1,0,0,0,0,0,0,0,0,0,0
130781,2,1,0,0,0,25,0,0,0,0,0,0
130782,1,1,0,0,0,0,0,0,0,0,0,0
130782,2,1,0,0,0,0,0,0,0,0,0,0
130783,1,1,0,0,0,0,0,0,0,0,0,0
130784,1,1,25,25,25,25,25,25,25,25,25,25
130785,1,1,0,0,0,0,0,19,0,0,0,0
130786,1,1,0,0,0,0,0,0,0,0,11,38
130786,2,1,0,0,0,20,0,0,0,0,0,0
130787,0,1,16,16,16,16,16,16,16,16,16,16
130787,1,1,12,12,12,12,12,12,12,12,12,12
130788,1,1,0,0,0,0,0,0,0,0,0,0
130788,2,1,0,0,0,0,0,0,0,0,0,0
130788,3,1,0,0,0,25,0,0,0,0,0,0
130788,4,1,0,0,0,0,0,0,0,0,0,0
130789,1,1,17,17,17,17,17,17,17,17,17,17
130789,2,1,0,0,0,0,0,0,0,0,0,0
130790,0,1,10,30,20,27,18,4,19,0,0,35
130790,1,1,0,0,0,0,14,10,0,5,0,0
130791,1,1,0,0,0,0,0,0,17,0,0,0
130792,1,1,0,0,0,0,0,0,0,14,0,0
130793,1,1,22,22,22,22,22,22,22,22,22,22
130794,1,1,20,0,7,0,0,0,0,0,0,0
130794,2,1,0,0,0,0,0,0,0,0,0,0
130795,1,1,39,5,0,17,21,0,10,0,0,10
130796,0,1,0,0,0,0,37,27,9,40,22,0
130796,1,1,5,0,0,0,0,0,5,0,0,0
130797,1,1,0,15,0,0,23,0,0,3,31,0
130798,1,1,17,17,17,17,17,17,17,17,17,17
130799,0,1,0,0,0,0,0,0,0,0,0,0
130799,1,1,0,12,0,0,0,0,0,0,0,0
130799,3,1,0,0,11,0,0,0,0,0,0,0
130800,1,1,0,0,30,0,0,26,0,0,0,0
130801,1,1,0,0,0,0,0,0,0,0,0,0
130801,2,1,0,0,0,0,0,0,0,0,0,0
130802,1,1,10,0,0,0,0,0,0,0,0,0
130802,2,1,0,0,0,0,0,0,0,0,0,0
130803,0,1,36,30,0,18,0,0,0,0,0,0
130803,1,1,0,0,0,0,0,0,0,0,0,0
130804,1,1,0,0,0,0,0,0,0,11,0,0
130804,2,1,0,0,7,0,0,0,0,0,0,0
130805,1,1,29,29,29,29,29,29,29,29,29,29
130806,1,1,0,0,0,0,0,0,0,0,0,0
130806,2,1,0,29,0,0,0,14,0,37,0,0
130807,1,1,0,0,0,0,0,0,0,0,0,0
130808,1,1,19,19,19,19,19,19,19,19,19,19
130809,1,1,14,0,0,0,0,0,0,0,0,0
130809,2,1,0,0,0,0,0,0,0,0,0,0
130810,1,1,0,0,0,0,0,0,0,10,0,0
130811,1,1,0,0,0,0,0,0,0,0,0,0
130812,1,1,10,10,10,10,10,10,10,10,10,10
130813,1,1,16,16,16,16,16,16,16,16,16,16
130814,1,1,26,26,26,26,26,26,26,26,26,26
130815,1,1,17,17,17,17,17,17,17,17,17,17
130816,1,1,0,0,0,0,0,0,0,0,16,0
130816,2,1,0,0,0,0,0,0,0,0,0,0
130817,1,1,0,0,0,0,0,0,0,0,0,0
130818,1,1,0,0,13,0,0,0,0,0,0,19
130818,2,1,0,0,0,0,0,0,0,0,0,0
130819,1,1,7,0,13,37,16,18,8,0,0,0
130820,1,1,33,12,0,15,0,17,5,0,3,24
130821,1,1,0,0,0,0,0,0,0,0,0,0
130821,2,1,0,0,0,0,0,0,0,0,0,0
130822,1,1,13,13,13,13,13,13,13,13,13,13
130823,1,1,0,0,0,0,0,0,0,0,0,0
130824,0,1,0,0,0,0,17,0,29,0,0,0
130824,1,1,4,4,4,4,4,4,4,4,4,4
130825,1,1,0,0,0,0,0,0,0,0,0,0
130826,0,1,0,29,0,0,0,0,0,0,0,0
130826,1,1,0,0,0,0,0,0,0,0,0,0
130827,1,1,0,26,0,0,35,0,0,0,0,0
130828,1,1,0,0,0,0,0,0,0,0,0,11
130828,2,1,0,0,0,0,0,0,0,0,0,0
130829,0,1,12,26,0,17,30,20,36,0,28,9
130829,1,1,0,0,0,0,0,0,6,0,0,0
130830,1,1,0,0,0,0,0,0,0,0,0,0
130830,2,1,0,0,0,0,0,0,0,0,0,0
130831,0,1,0,0,0,0,0,0,0,0,0,0
130831,1,1,0,0,0,0,0,17,0,0,0,0
130832,1,2,14,0,0,0,0,0,0,34,7,0
130833,1,1,0,0,0,0,0,0,0,0,0,0
130834,0,1,10,11,18,7,19,21,13,14,20,37
130834,1,1,0,0,0,0,0,0,0,0,0,0
130835,1,1,0,0,0,0,0,0,0,0,0,0
130835,2,1,0,0,0,0,0,0,0,0,0,0
130836,1,1,0,0,9,0,0,0,0,0,0,0
130836,2,1,0,0,0,0,0,0,14,0,0,0
130837,1,1,0,0,0,0,0,0,0,0,0,0
130837,2,1,26,20,0,7,17,0,0,0,0,18
130838,1,1,0,0,0,0,0,0,0,0,0,0
130838,2,1,0,0,0,0,0,0,0,0,0,0
130839,1,1,25,25,25,25,25,25,25,25,25,25
130840,1,1,0,0,0,0,0,0,0,0,0,0
130840,2,1,0,0,0,0,0,0,0,0,0,0
130841,1,1,0,0,0,0,0,0,0,0,0,0
130841,2,1,0,0,0,0,0,0,0,0,0,0
130842,0,1,0,0,0,0,0,0,0,0,0,0
130842,1,1,18,0,0,0,0,8,9,0,0,0
130843,1,1,0,0,0,0,0,0,0,0,0,0
130843,2,1,0,0,0,0,0,0,8,0,0,0
130844,1,1,0,0,0,30,18,37,20,0,0,0
130844,2,1,0,0,0,0,0,0,0,0,0,0
130844,3,1,0,0,0,22,0,0,0,0,19,0
130845,1,1,0,0,0,0,0,0,0,0,0,2
130845,2,1,0,0,0,0,0,0,0,0,0,0
130845,3,1,0,0,0,0,0,0,0,0,0,0
130846,1,1,5,5,5,5,5,5,5,5,5,5
130847,0,1,13,0,11,0,23,0,5,9,0,0
130847,1,1,0,0,0,0,0,0,0,0,0,0
130848,1,1,16,16,16,16,16,16,16,16,16,16
130849,1,1,0,0,0,0,0,0,0,0,0,0
130849,2,1,0,0,0,0,0,0,0,0,0,0
130850,1,1,0,0,29,10,8,26,0,0,0,0
130851,1,1,10,10,10,10,10,10,10,10,10,10
130852,1,1,0,0,0,0,0,0,0,0,0,0
130852,2,1,0,0,0,0,0,0,0,0,0,0
130852,3,1,0,0,0,0,0,0,0,0,0,0
130853,0,1,28,28,28,28,28,28,28,28,28,28
130853,1,1,0,0,0,0,0,0,0,0,0,0
130854,1,1,0,0,0,0,0,0,0,0,0,0
130854,2,1,0,0,0,0,0,0,0,0,0,0
130855,1,1,0,0,0,0,0,0,0,0,0,0
130856,1,1,0,0,0,0,0,0,0,0,0,0
130857,1,1,23,0,7,17,0,18,0,20,13,22
130858,1,1,0,0,0,0,0,0,0,0,0,0
130858,2,1,0,0,0,0,0,0,0,0,0,0
130859,1,1,0,0,0,0,0,0,0,0,0,0
130859,2,1,0,0,0,0,0,0,0,0,0,0
130860,1,1,0,0,0,0,0,0,0,0,0,0
130861,0,1,0,0,0,12,23,0,0,20,11,0
130861,1,1,0,0,0,0,0,0,0,0,0,0
130862,1,1,0,0,0,0,0,0,0,0,0,0
130863,1,1,0,0,0,0,0,0,0,0,0,0
130863,2,1,0,0,0,0,0,0,0,0,0,0
130863,3,1,0,0,0,0,0,0,0,0,0,0
130864,1,1,19,19,19,19,19,19,19,19,19,19
130864,2,1,0,0,0,0,0,0,0,0,0,0
130865,0,1,6,6,6,6,6,6,6,6,6,6
130865,1,1,0,0,0,0,0,16,0,0,0,0
130866,1,1,0,0,0,4,0,0,0,0,0,0
130866,2,1,0,0,0,0,0,0,0,0,0,0
130867,1,1,10,0,0,0,0,0,18,0,0,5
130868,0,1,0,0,26,0,23,21,0,0,0,0
130868,1,1,0,0,0,0,0,0,0,0,0,0
130869,1,1,0,0,0,0,0,0,0,0,0,0
130869,2,1,0,0,0,0,0,0,0,0,0,0
130869,3,1,0,0,0,0,0,0,0,0,0,0
130870,1,1,0,0,0,0,0,0,0,0,0,0
130870,2,1,0,0,0,0,0,0,0,0,0,0
130871,1,1,0,0,0,0,0,0,0,0,0,12
130871,2,1,0,0,0,0,0,0,0,0,0,0
130872,1,1,0,0,0,0,0,0,0,0,0,0
130872,2,1,8,0,0,0,0,0,0,0,0,0
130872,3,1,0,0,0,0,0,0,0,0,0,12
130873,1,1,0,0,0,0,0,0,0,4,15,0
130873,2,1,8,0,0,0,0,0,0,0,0,0
130874,1,1,0,19,0,11,0,0,0,17,23,0
130875,1,1,0,0,0,0,0,0,0,0,0,0
130876,1,1,0,18,0,0,0,0,0,0,0,0
130876,2,1,0,0,0,0,0,0,0,0,0,0
130877,1,1,0,0,0,0,0,0,22,0,0,0
130877,2,1,0,0,0,0,0,0,8,0,0,0
130877,3,1,0,0,0,0,0,0,14,0,0,0
130877,4,1,0,0,0,0,18,0,0,0,0,0
130878,1,1,0,0,0,0,0,0,0,0,0,0
130878,2,1,0,0,0,0,0,0,0,0,0,0
130879,1,1,33,22,0,0,16,0,0,20,11,23
130880,1,1,0,0,0,0,0,19,17,0,28,0
130881,1,1,0,0,0,0,0,0,0,0,0,0
130882,1,1,18,18,18,18,18,18,18,18,18,18
130883,1,1,0,0,0,0,0,0,46,0,0,0
130884,1,1,0,0,0,0,0,0,0,0,0,0
130884,2,1,0,0,0,0,0,0,0,0,0,0
130885,1,1,0,0,0,0,0,0,0,0,0,0
130886,0,1,0,0,0,0,0,21,0,17,0,0
130886,1,1,0,0,0,0,0,0,0,0,0,0
130887,1,1,18,18,18,18,18,18,18,18,18,18
130887,2,1,0,0,0,0,0,0,0,0,0,0
130888,1,1,0,0,0,0,0,0,0,0,0,0
130888,2,1,0,0,0,0,0,0,0,0,0,0
130889,0,1,0,0,0,0,0,0,0,0,0,0
130889,1,1,0,0,0,0,0,0,0,0,0,0
130890,1,1,0,0,24,14,0,24,0,0,0,0
130890,2,1,0,0,0,0,0,0,4,0,0,0
130891,1,1,0,0,0,0,0,0,0,0,0,0
130892,1,1,0,0,0,0,0,0,0,0,0,0
130892,2,1,0,6,18,0,0,0,0,15,30,0
130893,1,1,0,0,0,0,0,0,0,0,0,0
130893,2,1,0,0,0,0,0,0,0,0,0,0
130893,3,1,12,0,0,0,15,33,0,0,0,0
130894,1,1,0,0,0,0,0,0,0,0,0,0
130895,1,1,0,0,0,0,0,0,0,17,0,0
130895,2,1,0,0,0,0,0,0,0,0,0,0
130896,1,1,0,17,25,0,0,0,0,0,0,4
130897,1,1,0,0,0,0,0,0,0,0,0,0
130898,0,1,15,23,0,12,0,0,0,0,22,7
130898,1,1,0,7,6,13,10,0,5,0,0,17
130899,1,1,0,0,0,0,0,0,0,0,0,0
130900,1,1,0,0,22,0,0,18,0,0,0,0
130900,2,1,0,0,0,0,0,0,0,0,0,0
130901,1,1,0,0,0,28,10,0,3,0,5,0
130902,1,1,17,10,23,0,9,25,15,19,0,0
130902,2,1,0,0,0,0,25,17,26,0,0,0
130903,0,1,0,8,0,51,35,23,24,0,36,13
130903,1,1,0,0,0,0,0,0,5,0,0,0
130904,0,1,19,19,19,19,19,19,19,19,19,19
130904,1,1,0,0,10,0,17,0,30,0,0,6
130905,1,1,0,0,14,0,0,0,0,0,25,0
130906,1,1,18,18,18,18,18,18,18,18,18,18
130907,1,1,29,29,29,29,29,29,29,29,29,29
130908,1,1,36,36,36,36,36,36,36,36,36,36
130909,0,1,21,50,29,9,0,0,14,0,17,0
130909,1,1,0,0,0,0,0,0,35,0,0,0
130910,1,1,19,19,19,19,19,19,19,19,19,19
130911,1,1,0,0,11,0,0,0,0,0,0,0
130911,2,1,0,0,0,0,0,0,0,0,0,0
130912,1,1,25,29,19,17,35,0,20,0,0,13
130913,1,1,0,0,0,0,0,0,0,0,0,0
130914,1,1,0,0,0,20,0,0,0,0,0,0
130915,0,1,0,0,0,0,0,0,0,0,0,0
130915,1,1,0,0,0,0,0,0,0,0,0,0
130915,2,1,34,4,0,0,0,0,0,0,0,10
130916,1,1,0,0,0,0,0,0,0,0,0,0
130916,2,1,0,0,0,0,0,0,0,0,0,0
130917,1,1,0,0,0,0,0,0,0,0,0,0
130918,1,1,0,0,0,0,0,0,0,0,0,0
130918,2,1,0,0,0,0,0,0,0,0,0,0
130919,1,1,0,0,0,0,0,0,0,0,0,0
130920,1,1,0,0,0,0,0,4,0,0,0,0
130920,2,1,4,0,22,0,0,24,0,0,0,0
130921,1,1,0,0,0,0,0,0,0,0,0,0
130921,2,1,2,2,2,2,2,2,2,2,2,2
130922,1,1,0,8,0,0,0,0,0,0,0,0
130922,2,1,0,0,0,0,0,0,0,0,0,0
130923,1,1,0,0,0,0,0,0,0,0,0,0
130924,1,1,0,0,0,0,0,0,0,0,0,0
130924,2,1,0,0,0,0,0,0,0,0,0,0
130925,0,1,1,1,1,1,1,1,1,1,1,1
130925,1,1,0,0,0,0,0,0,0,0,0,0
130926,1,1,4,4,4,4,4,4,4,4,4,4
130926,2,1,0,0,13,0,0,21,20,0,0,0
130927,1,1,18,0,0,0,0,8,0,0,0,0
130927,2,1,1,1,1,1,1,1,1,1,1,1
130928,1,1,0,0,0,0,0,0,0,0,0,0
130929,1,1,0,0,0,0,0,0,0,0,7,0
130929,2,1,0,0,0,0,0,0,0,0,0,0
130929,3,1,0,0,0,17,0,0,0,0,0,0
130930,1,1,40,40,40,40,40,40,40,40,40,40
130931,1,1,0,0,0,0,0,0,0,0,0,0
130932,1,1,0,0,0,0,0,0,0,5,8,0
130933,1,1,0,0,0,0,0,0,0,0,0,0
130934,1,1,0,0,0,0,0,0,0,0,0,0
130934,2,1,0,0,0,0,0,0,0,0,0,0
130935,1,1,1,1,1,1,1,1,1,1,1,1
130936,1,1,0,0,0,0,0,0,0,0,0,0
130937,1,1,0,0,0,0,0,0,0,0,0,0
130938,1,1,26,26,26,26,26,26,26,26,26,26
130939,1,1,0,0,0,0,0,0,0,0,0,0
130939,2,1,35,0,0,10,12,0,3,0,0,24
130940,1,1,0,0,0,0,0,0,0,0,0,0
130940,2,1,0,0,0,0,0,0,0,0,0,0
130941,1,1,0,0,0,0,0,0,0,0,0,0
130941,2,1,0,0,0,0,0,0,0,0,0,0
130942,0,1,0,0,6,0,19,0,0,0,0,31
130942,1,1,0,0,0,0,0,0,0,0,0,0
130943,0,1,0,0,0,0,0,0,0,0,0,0
130943,1,1,0,27,0,0,0,0,0,0,0,0
130944,1,1,0,0,0,0,0,0,0,0,0,0
130944,2,1,0,0,0,0,0,0,0,0,0,0
130945,1,1,0,21,0,5,0,0,0,0,0,12
130945,2,1,0,0,0,0,0,0,0,0,0,0
130946,0,1,0,0,0,0,0,0,0,0,0,0
130946,1,1,0,0,0,0,0,0,0,0,0,0
130947,1,1,10,10,10,10,10,10,10,10,10,10
130948,0,1,31,31,31,31,31,31,31,31,31,31
130948,1,1,0,0,0,0,0,0,0,0,0,0
130949,1,1,17,15,23,9,0,6,0,18,18,19
130949,2,1,0,0,0,0,0,0,0,0,0,0
130950,1,1,0,0,0,30,0,0,0,6,0,9
130951,0,1,0,0,0,0,0,0,0,0,0,0
130951,1,1,0,0,0,0,0,0,0,0,0,0
130952,1,1,0,0,0,0,0,0,0,0,0,0
130952,2,1,0,0,0,19,0,16,0,0,0,0
130953,0,1,0,0,0,20,0,0,0,0,0,0
130953,1,1,0,0,0,0,22,0,0,15,0,0
130954,0,1,1,1,1,1,1,1,1,1,1,1
130954,1,1,18,0,0,0,0,0,0,15,0,0
130955,0,1,0,0,0,18,22,30,35,0,9,22
130955,1,1,0,0,0,23,0,0,0,0,0,0
130956,1,1,9,0,0,0,0,0,0,21,0,20
130957,1,1,0,0,0,0,6,8,0,0,8,0
130957,2,1,0,0,0,0,7,0,0,0,0,0
130958,1,1,7,0,0,10,0,0,0,4,0,0
130958,2,1,0,0,0,0,0,0,0,0,0,0
130959,1,1,18,18,18,18,18,18,18,18,18,18
130960,0,1,0,0,0,0,0,0,0,0,0,0
130960,1,1,0,0,0,0,0,0,0,0,0,0
130961,0,1,0,0,0,0,0,0,0,0,0,0
130961,1,1,0,0,0,0,0,0,0,0,0,0
130962,0,1,0,0,0,0,24,0,0,0,0,0
130962,1,1,0,0,0,0,0,0,0,0,0,2
130963,1,1,0,0,0,0,0,0,0,0,0,0
130963,2,1,0,0,0,0,0,0,0,0,0,0
130964,1,1,0,0,0,0,0,0,0,0,0,0
130964,2,1,0,0,0,0,0,0,0,0,0,0
130964,3,1,16,0,0,0,27,7,0,0,0,0
130965,0,1,4,4,4,4,4,4,4,4,4,4
130965,1,1,0,0,0,0,0,0,0,0,0,0
130966,0,1,7,7,7,7,7,7,7,7,7,7
130966,1,1,0,0,0,0,0,0,15,0,0,23
130967,1,1,6,12,9,13,0,0,13,5,12,6
130968,1,1,0,0,0,0,0,0,0,0,0,0
130968,2,1,0,0,0,0,0,0,0,0,0,0
130968,3,1,0,0,0,0,0,0,0,0,0,0
130969,1,1,0,0,0,31,26,21,0,0,0,8
130970,0,1,0,0,0,28,0,19,25,36,12,0
130970,1,1,0,0,0,19,0,0,0,0,0,10
130971,1,1,0,0,0,0,0,0,0,0,0,0
130971,2,1,0,0,0,0,0,0,0,0,0,0
130971,3,1,0,0,0,0,0,0,0,0,0,0
130972,1,1,0,0,0,0,27,0,0,0,0,0
130972,2,1,0,0,0,0,0,0,0,0,0,0
130973,1,1,0,0,0,0,0,0,0,0,0,0
130973,2,1,0,0,0,0,0,0,0,0,0,0
130974,1,1,14,5,17,31,0,23,10,20,30,0
130975,1,1,0,0,0,0,0,0,0,0,0,0
130975,2,1,0,0,0,0,0,0,0,14,0,0
130976,1,1,0,0,0,0,0,0,0,0,0,0
130976,2,1,9,0,0,0,9,0,0,0,0,0