ST_CASE,VEH_NO,PER_NO,P1,P2,P3,P4,P5,P6,P7,P8,P9,P10
130976,3,1,0,0,0,0,0,0,0,0,0,0
130977,1,1,0,7,9,0,16,19,5,10,20,0
130978,1,1,0,0,0,0,0,0,0,0,0,0
130979,1,1,1,1,1,1,1,1,1,1,1,1
130980,1,1,11,11,11,11,11,11,11,11,11,11
130981,0,1,12,12,12,12,12,12,12,12,12,12
130981,1,1,0,0,0,0,0,0,0,0,0,0
130982,0,1,0,4,0,0,0,0,0,0,19,19
130982,1,1,0,19,0,0,34,0,20,7,41,0
130983,1,1,0,0,0,15,0,3,0,0,0,0
130983,2,1,0,0,0,0,0,0,0,0,0,0
130984,1,1,0,0,0,0,0,0,0,0,0,0
130984,2,1,0,0,0,0,0,0,0,0,0,0
130985,0,1,11,11,11,11,11,11,11,11,11,11
130985,1,1,0,0,0,0,0,0,18,0,0,0
130986,1,1,9,0,0,0,24,0,0,0,20,0
130986,2,1,0,0,0,0,0,0,0,0,0,0
130986,3,1,0,0,0,0,0,0,0,0,0,0
130987,1,1,13,13,13,13,13,13,13,13,13,13
130987,2,1,26,22,15,18,13,27,14,18,0,17
130988,1,1,0,17,0,0,0,0,0,0,17,10
130989,0,1,0,0,2,19,0,0,0,0,0,0
130989,1,1,0,0,0,0,0,0,0,0,0,0
130990,1,1,0,0,0,8,0,0,16,0,0,0
130990,2,1,0,0,0,0,0,0,7,0,0,12
130991,1,1,11,11,11,11,11,11,11,11,11,11
130992,0,1,0,0,0,28,9,17,0,0,0,22
130992,1,1,0,0,0,0,0,0,0,0,15,5
130993,0,1,11,0,0,0,0,0,0,18,13,0
130993,1,1,21,0,0,0,0,0,0,18,0,9
130994,1,1,8,8,8,8,8,8,8,8,8,8
130994,2,1,4,3,4,0,7,0,8,8,0,0
130994,3,1,0,22,0,20,0,0,10,22,0,0
130995,1,1,0,0,0,0,0,0,0,0,0,0
130996,1,1,0,0,0,0,0,0,0,0,0,0
130996,2,1,0,0,0,0,0,0,0,0,0,0
130996,3,1,0,0,0,0,0,0,0,0,0,0
130997,1,1,0,0,0,0,0,0,0,0,0,0
130998,1,1,30,0,40,0,0,0,35,0,0,0
130999,0,1,0,22,8,12,0,0,15,0,30,0
130999,1,1,1,1,1,1,1,1,1,1,1,1
131000,0,1,0,0,0,16,24,0,0,4,0,12
131000,1,1,0,0,0,0,0,0,0,0,0,0
131001,1,1,17,17,17,17,17,17,17,17,17,17
131002,1,1,17,17,17,17,17,17,17,17,17,17
131002,2,1,0,0,0,6,0,25,0,0,0,0
131003,1,1,0,15,12,0,0,0,0,24,0,0
131004,0,1,17,26,0,0,0,0,0,0,0,0
131004,1,1,0,0,21,0,0,0,0,0,0,0
131005,1,1,1,1,1,1,1,1,1,1,1,1
131005,2,1,0,0,0,0,0,19,0,0,0,0
131006,0,1,0,0,0,0,0,0,0,27,0,8
131006,1,1,0,0,0,0,18,17,0,0,0,0
131007,1,1,4,14,0,0,15,0,0,0,4,9
131008,1,1,0,0,0,0,0,0,0,0,0,0
131008,2,1,0,0,0,0,0,0,0,0,0,0
131009,1,1,0,0,0,0,0,0,0,0,0,0
131009,2,1,0,0,0,0,0,15,14,0,0,0
131010,1,1,0,0,0,0,0,0,0,0,0,0
131011,1,1,0,0,0,0,0,0,0,0,0,0
131012,1,1,0,0,0,0,0,0,0,0,0,0
131012,2,1,0,0,0,0,0,0,0,0,0,0
131013,1,1,0,0,0,0,0,0,0,0,0,0
131013,2,1,0,0,0,0,0,0,0,0,0,0
131013,3,1,0,0,0,0,0,0,0,0,0,0
131014,1,1,0,22,0,0,0,9,0,0,0,0
131015,0,1,0,0,0,18,0,0,0,20,0,0
131015,1,1,0,0,0,0,0,0,0,0,0,0
131016,0,1,0,0,0,0,0,0,0,0,0,0
131016,0,2,0,0,0,0,0,0,0,0,0,0
131016,0,3,0,0,0,7,0,0,0,0,0,0
131016,1,1,0,0,0,0,0,0,0,0,0,0
131017,1,1,0,0,0,0,0,0,0,0,0,0
131017,2,1,0,0,0,0,0,0,0,0,0,0
131018,1,1,0,0,0,0,0,0,0,0,0,0
131018,2,1,0,0,0,0,0,0,0,0,0,0
131019,1,1,0,6,0,0,17,0,0,15,15,0
131020,0,1,0,0,33,15,0,16,19,36,0,0
131020,1,1,0,0,0,16,0,0,0,0,0,0
131021,0,1,27,27,27,27,27,27,27,27,27,27
131021,1,1,0,0,0,0,0,0,0,0,0,0
131022,1,1,0,0,0,0,0,0,0,0,0,0
131022,2,1,0,0,0,0,0,0,0,0,0,0
131023,1,1,0,0,0,0,0,0,0,0,0,0
131023,2,1,0,0,0,0,0,0,0,0,0,0
131024,1,1,0,0,0,0,0,0,0,0,0,0
131024,2,1,0,0,0,0,0,0,0,0,0,0
131025,1,1,0,0,0,0,0,0,0,0,0,0
131025,2,1,0,0,0,0,0,0,0,0,0,0
131026,1,1,0,0,0,0,0,0,0,0,0,24
131026,2,1,0,0,0,0,0,17,0,0,0,0
131027,1,1,0,0,0,0,0,0,0,0,10,24
131027,2,1,0,0,0,0,0,0,0,0,0,0
131028,1,1,0,0,0,0,0,0,0,0,0,0
131028,2,1,0,0,0,0,0,0,0,0,0,0
131029,1,1,0,0,0,0,0,0,0,0,0,0
131029,2,1,0,0,0,0,0,0,0,0,0,0
131029,3,1,23,0,0,0,0,0,0,0,0,0
131030,0,1,22,19,0,0,0,0,0,19,0,0
131030,1,1,0,0,7,0,6,0,2,13,0,0
131031,1,1,27,27,27,27,27,27,27,27,27,27
131032,1,1,0,0,0,0,0,0,0,0,0,0
131032,2,1,0,0,0,0,0,0,0,0,0,0
131033,1,1,0,0,0,18,0,0,28,0,0,0
131033,2,1,0,0,0,0,0,0,0,0,0,0
131034,1,1,0,0,0,0,0,0,0,0,0,0
131035,1,1,18,18,18,18,18,18,18,18,18,18
131035,2,1,10,0,0,0,0,0,0,0,0,26
131036,1,1,16,0,14,0,25,0,16,0,0,0
131037,1,1,0,0,18,0,0,0,25,0,0,0
131037,2,1,0,4,0,0,0,0,0,13,0,0
131038,1,1,0,0,0,0,0,0,21,0,27,0
131039,1,1,15,0,0,0,0,31,0,0,0,15
131040,1,1,0,0,0,0,0,0,0,0,0,0
131040,2,1,0,0,0,0,0,0,0,0,0,0
131040,3,1,0,0,0,10,0,0,0,0,0,0
131041,1,1,11,17,0,0,0,0,0,0,0,0
131042,1,1,18,20,18,13,15,6,20,16,27,5
131043,1,1,0,0,7,0,0,0,0,0,0,0
131043,2,1,0,0,0,0,0,0,0,0,0,0
131044,1,1,0,0,0,0,0,0,0,0,0,0
131044,2,1,0,0,0,0,0,0,0,0,0,0
131045,1,1,0,0,0,0,0,0,0,0,0,12
131045,2,1,0,0,0,0,0,0,0,0,0,0
131047,1,1,0,0,0,0,0,0,2,17,0,0
131047,2,1,0,0,0,0,0,0,0,0,0,0
131048,1,1,0,0,0,0,0,0,0,0,0,0
131048,2,1,0,0,0,0,0,0,0,11,0,0
131049,0,1,0,41,18,0,0,8,0,0,0,0
131049,1,1,0,0,0,0,37,0,8,0,0,0
131050,0,1,0,0,18,0,32,15,28,0,0,0
131050,1,1,21,21,21,21,21,21,21,21,21,21
131051,1,1,21,21,21,21,21,21,21,21,21,21
131052,0,1,20,0,30,13,26,23,13,0,7,0
131052,1,1,0,0,0,0,0,0,0,0,0,0
131052,2,1,0,17,0,0,0,0,11,0,0,0
131053,1,1,0,0,0,0,0,0,0,0,0,0
131053,2,1,0,0,0,0,0,0,0,0,0,0
131054,1,1,0,0,0,0,8,0,18,0,0,0
131054,2,1,0,0,0,0,0,0,0,0,0,0
131055,1,1,0,7,0,0,0,6,0,0,0,0
131056,0,1,16,16,16,16,16,16,16,16,16,16
131056,1,1,0,0,0,0,0,0,0,0,0,0
131057,1,1,22,22,22,22,22,22,22,22,22,22
131058,1,1,13,0,0,0,0,10,0,0,0,0
131059,1,1,0,0,0,0,0,0,0,0,0,0
131059,2,1,0,0,0,0,0,0,0,0,0,0
131059,3,1,0,0,0,0,0,0,0,0,0,0
131060,0,1,0,0,0,0,0,0,0,0,0,0
131060,0,2,30,15,42,0,21,8,0,0,45,27
131060,1,1,0,0,0,0,0,9,25,9,4,0
131061,0,1,0,0,0,0,0,0,0,0,0,0
131061,1,1,0,0,0,0,0,0,0,0,0,11
131062,0,1,19,19,19,19,19,19,19,19,19,19
131062,1,1,0,0,0,0,0,0,0,0,0,0
131063,1,1,0,0,0,0,0,0,0,0,0,0
131063,2,1,0,0,0,0,0,0,0,0,0,0
131063,3,1,0,0,0,0,0,0,0,0,0,0
131064,1,1,0,0,0,0,0,0,0,0,0,0
131064,2,1,0,0,0,0,0,0,0,0,0,0
131064,3,1,0,0,0,0,0,0,0,0,0,0
131064,4,1,0,0,0,0,0,0,0,0,0,0
131065,1,1,0,0,0,0,0,0,0,0,0,0
131065,2,1,0,0,0,0,0,0,0,0,0,0
131066,1,1,0,13,0,19,0,0,14,0,0,17
131066,2,1,0,0,0,0,0,0,0,0,0,0
131067,1,1,0,0,0,0,0,0,0,0,0,0
131068,1,1,17,17,17,17,17,17,17,17,17,17
131069,1,1,0,0,0,0,0,0,0,0,0,0
131070,1,1,0,0,0,0,0,0,0,0,0,0
131070,2,1,0,0,0,0,0,0,0,0,0,0
131071,1,1,0,42,0,0,0,0,0,2,0,0
131071,2,1,15,0,0,17,0,0,0,0,0,0
131072,0,1,0,0,0,0,0,19,0,22,0,0
131072,1,1,0,0,0,0,0,0,0,0,0,0
131072,2,1,0,0,0,0,0,0,0,0,0,0
131073,0,1,0,24,27,0,10,30,0,22,9,0
131073,1,1,0,0,0,0,0,0,0,0,0,0
131074,0,1,6,6,6,6,6,6,6,6,6,6
131074,1,1,0,0,0,0,0,0,0,0,0,0
131075,1,1,0,0,0,0,0,0,0,0,0,0
131076,1,1,0,0,0,0,0,0,0,0,0,0
131076,2,1,0,0,0,0,0,0,0,0,0,0
131077,1,1,0,0,0,0,0,0,0,0,0,0
131077,2,1,0,0,0,0,0,0,0,0,0,0
131077,3,1,0,0,0,0,0,0,0,0,0,0
131077,4,1,0,0,0,14,0,0,0,0,0,0
131078,0,1,0,0,0,0,0,35,0,0,28,0
131078,1,1,0,0,0,0,0,0,0,0,0,0
131079,1,1,0,0,0,0,0,0,0,0,0,0
131079,2,1,0,0,0,0,0,0,0,0,0,0
131080,0,1,0,50,5,0,0,0,0,6,0,11
131080,1,1,9,0,18,0,0,0,0,0,0,0
131081,1,1,0,0,0,0,0,0,0,0,0,0
131082,1,1,0,0,0,0,0,0,0,0,0,0
131082,2,1,0,0,0,0,0,0,0,0,0,0
131083,1,1,0,0,0,0,0,0,0,0,0,0
131083,2,1,0,0,0,0,0,0,0,0,0,0
131083,3,1,0,0,0,0,0,0,0,0,0,0
131083,4,1,0,0,0,0,0,11,0,0,0,0
131084,1,1,0,32,0,0,0,15,12,0,9,0
131085,1,1,0,0,22,13,0,0,0,0,0,0
131086,1,1,0,0,0,0,0,0,0,0,0,0
131086,2,1,0,0,0,0,0,0,0,0,0,0
131087,0,1,34,0,0,0,0,32,0,49,0,0
131087,1,1,0,0,0,0,0,0,0,0,0,0
131088,1,1,0,0,0,0,0,0,0,0,0,0
131089,1,1,0,0,0,0,0,0,0,0,0,0
131089,2,1,0,0,0,0,0,0,0,0,0,0
131090,1,1,23,0,0,11,0,0,0,8,0,0
131091,0,1,0,0,0,0,0,0,0,0,0,0
131091,1,1,0,0,0,0,0,0,0,0,0,0
131091,2,1,0,0,0,0,0,0,0,0,0,0
131092,0,1,0,0,0,0,0,0,0,0,0,0
131092,1,1,0,0,0,0,0,0,0,0,0,0
131093,1,1,18,24,22,13,0,13,0,0,22,0
131094,1,1,0,0,0,0,0,0,0,0,0,0
131094,2,1,0,0,0,0,0,0,0,0,0,0
131096,1,1,0,0,0,0,0,0,0,0,0,0
131096,2,1,0,0,0,0,0,0,0,0,0,0
131097,1,1,4,4,4,4,4,4,4,4,4,4
131099,0,1,17,23,8,11,13,32,21,12,0,20
131099,1,1,19,0,0,0,0,0,0,0,0,0
131100,0,1,0,0,0,11,0,0,0,0,0,0
131100,1,1,0,0,0,0,0,0,0,0,0,0
131101,1,1,0,0,0,0,0,0,0,0,0,0
131102,0,1,9,0,25,0,0,23,18,11,0,18
131102,1,1,0,0,0,0,0,0,0,0,0,0
131103,1,1,16,0,0,0,21,20,0,0,34,34
131104,1,1,0,0,0,0,0,0,0,0,0,0
131105,1,1,0,0,0,0,0,0,0,0,6,0
131106,1,1,0,0,0,0,0,0,0,0,0,0
131106,2,1,0,0,0,0,0,17,0,0,0,0
131106,3,1,0,0,0,0,0,15,0,0,0,0
131107,1,1,0,0,0,0,0,0,0,0,0,0
131108,1,1,0,0,23,0,0,0,0,0,5,0
131109,1,1,27,0,0,21,0,16,0,0,0,8
131109,2,1,0,0,0,0,0,0,0,0,0,0
131110,0,1,0,0,0,0,0,0,0,0,0,0
131110,1,1,0,0,0,0,0,0,0,0,0,0
131110,2,1,0,0,0,0,0,0,0,0,0,0
131110,3,1,0,0,0,0,0,0,0,0,0,11
131112,1,1,0,0,0,10,0,0,0,0,0,0
131112,2,1,0,0,0,0,0,0,0,0,0,0
131113,1,1,13,13,13,13,13,13,13,13,13,13
131113,2,1,0,0,0,0,0,22,0,0,0,0
131113,3,1,0,0,0,0,0,0,0,0,0,0
131114,1,1,0,0,0,0,0,0,0,0,0,0
131115,1,1,0,19,0,0,0,0,0,0,0,0
131115,2,1,0,0,0,0,0,0,0,0,0,0
131115,3,1,0,0,0,0,0,0,0,0,0,0
131115,4,1,0,0,11,0,0,0,0,0,0,0
131116,1,1,0,0,19,19,18,25,12,0,10,0
131117,1,1,0,0,0,0,0,0,0,0,0,0
131118,1,1,15,15,15,15,15,15,15,15,15,15
131118,2,1,0,13,0,0,0,0,0,0,0,0
131119,1,1,0,0,0,0,0,0,0,0,0,0
131119,2,1,0,0,0,0,0,0,0,0,0,0
131120,1,1,14,14,14,14,14,14,14,14,14,14
131121,1,1,0,0,0,0,0,0,0,0,0,0
131121,2,1,0,0,0,0,0,0,0,0,0,0
131121,3,1,0,0,0,0,0,0,0,0,0,0
131121,4,1,0,0,0,0,0,0,0,0,0,0
131122,0,1,0,0,0,0,0,0,0,10,0,0
131122,1,1,0,0,0,0,0,11,9,0,0,0
131123,1,1,0,0,0,0,0,0,0,0,0,0
131124,1,1,0,0,10,0,19,0,0,0,0,0
131124,2,1,0,0,34,22,12,26,0,0,13,0
131124,3,1,0,6,4,9,0,0,18,0,0,0
131124,4,1,0,2,0,3,0,0,0,0,0,0
131125,1,1,0,0,0,0,20,0,0,0,0,0
131125,2,1,0,0,0,0,8,0,30,0,0,0
131126,0,1,0,19,42,8,0,17,17,15,37,0
131126,1,1,0,0,0,0,0,30,0,0,0,10
131126,2,1,0,18,0,0,0,0,0,0,0,0
131127,1,1,9,0,12,0,37,0,0,14,5,0
131128,1,1,13,13,13,13,13,13,13,13,13,13
131129,1,1,0,0,0,0,0,0,0,0,0,0
131129,2,1,0,0,0,0,0,0,0,0,0,0
131130,1,1,2,2,2,2,2,2,2,2,2,2
131131,1,1,0,0,0,0,0,0,0,0,0,0
131131,2,1,0,0,0,0,0,0,0,0,0,0
131132,1,1,0,0,0,0,0,16,0,12,12,0
131133,0,1,15,0,18,0,0,10,0,19,18,4
131133,1,1,0,26,0,0,0,12,0,0,0,0
131134,1,1,0,0,0,0,0,0,0,0,0,0
131134,2,1,0,0,0,0,0,0,0,0,0,0
131135,0,1,0,0,0,0,0,0,0,0,0,0
131135,1,1,0,0,0,0,5,0,0,0,0,0
131136,1,1,0,0,0,0,0,0,0,0,0,0
131137,1,1,0,0,0,0,0,0,0,0,0,0
131137,2,1,0,0,0,0,0,0,0,0,0,0
131137,3,1,0,0,0,0,0,0,0,0,0,0
131138,1,1,0,0,0,0,0,0,0,0,0,0
131138,2,1,0,0,0,0,0,0,0,0,0,0
131139,1,1,0,0,0,0,0,0,0,0,0,0
131139,2,1,0,0,0,0,0,0,0,0,0,0
131139,3,1,0,0,0,0,0,0,0,0,0,0
131140,1,1,0,0,21,0,0,0,0,0,0,0
131140,2,1,0,0,0,0,0,23,0,0,0,0
131141,1,1,0,0,0,0,0,0,0,32,0,0
131141,2,1,0,0,0,0,0,0,0,0,0,0
131142,1,1,0,0,0,0,0,0,0,0,0,0
131142,2,1,0,0,0,0,0,0,0,0,0,0
131143,0,1,0,0,0,0,0,0,0,0,0,0
131143,1,1,0,18,23,0,0,17,0,20,0,0
131143,2,1,0,0,0,0,0,0,0,0,0,0
131144,1,1,0,0,0,0,0,0,0,0,0,0
131145,1,1,16,17,24,14,10,0,6,5,13,19
131146,1,1,13,13,13,13,13,13,13,13,13,13
131147,1,1,0,0,0,0,0,0,0,0,0,34
131148,1,1,0,0,0,0,0,0,0,0,0,0
131149,1,1,23,19,29,12,19,22,31,10,23,21
131150,1,1,16,0,0,0,0,0,0,0,0,0
131150,2,1,0,0,0,0,0,0,0,0,0,0
131150,3,1,0,0,0,0,0,0,0,0,0,0
131151,1,1,1,1,1,1,1,1,1,1,1,1
131152,0,1,0,0,0,0,0,31,0,0,0,0
131152,1,1,0,0,0,0,0,0,0,8,0,0
131153,1,1,0,0,11,0,0,0,16,15,0,35
131154,1,1,0,0,0,0,0,0,0,17,0,0
131155,1,1,0,0,0,26,0,0,0,0,0,0
131155,2,1,0,0,0,0,0,0,0,0,0,0
131156,1,1,23,23,23,23,23,23,23,23,23,23
131156,2,1,0,0,0,0,26,0,0,0,0,0
131158,1,1,0,0,0,0,0,0,0,0,0,0
131158,2,1,0,0,0,0,0,0,0,0,0,0
131158,3,1,0,0,0,0,0,0,0,0,0,0
131160,1,1,0,0,0,0,0,0,0,0,0,0
131160,2,1,0,0,0,0,0,16,0,0,0,0
131161,1,1,0,0,0,0,0,0,0,0,0,0
131161,2,1,0,0,0,0,0,0,0,0,0,0
131162,1,1,0,25,0,12,0,0,0,0,0,0
131162,2,1,0,0,0,0,0,0,0,0,0,0
131163,1,1,0,0,0,0,0,0,0,0,0,0
131163,2,1,0,5,11,0,0,23,28,25,0,2
131164,0,1,0,0,0,18,19,0,0,0,0,0
131164,0,2,0,0,0,0,0,0,0,0,0,0
131164,1,1,14,14,14,14,14,14,14,14,14,14
131165,1,1,0,0,0,0,0,0,0,0,0,0
131165,2,1,0,0,0,0,0,0,0,0,0,0
131166,1,1,0,0,0,0,0,0,0,0,0,0
131166,2,1,0,0,0,0,0,0,0,0,0,0
131167,0,1,29,0,15,0,13,10,21,17,0,0
131167,1,1,0,0,0,0,0,0,0,0,0,0
131167,2,1,0,0,15,19,0,0,0,0,0,0
131168,1,1,0,9,0,0,0,0,0,0,0,0
131168,2,1,0,0,0,0,0,0,0,0,0,0
131168,3,1,0,0,0,0,0,0,0,6,0,0
131168,4,1,0,0,0,0,0,0,0,0,0,0
131168,5,1,0,0,0,0,0,0,0,0,0,0
131168,6,1,0,0,0,0,0,0,12,0,0,0
131171,0,1,0,0,0,0,0,12,0,0,0,0
131171,1,1,0,0,0,4,0,0,0,0,0,0
131172,1,1,0,0,0,0,0,0,0,0,0,0
131172,2,1,0,0,0,0,0,0,0,0,0,0
131173,1,1,20,20,12,17,10,22,11,28,16,16
131174,1,1,0,0,0,0,0,0,0,0,0,0
131175,1,1,0,0,0,0,0,0,0,0,0,0
131175,2,1,0,0,0,0,0,0,0,0,0,0
131176,1,1,0,0,0,0,0,0,0,0,0,0
131176,2,1,0,0,0,0,0,0,0,0,0,0
131177,1,1,15,0,19,0,0,0,26,0,30,16
131177,2,1,0,0,0,0,0,0,0,0,0,0
131178,1,1,16,7,15,13,0,4,7,10,2,8
131179,1,1,0,0,0,0,0,0,0,0,0,0
131179,2,1,0,0,0,0,0,0,0,0,0,0
131180,1,1,0,22,0,0,0,0,0,0,0,0
131180,2,1,0,0,0,0,0,0,0,0,0,0
131180,3,1,0,0,0,0,0,0,0,0,0,0
131180,4,1,0,0,0,0,0,0,0,0,0,0
131181,1,1,0,0,0,0,0,0,0,0,0,13
131182,1,1,2,2,2,2,2,2,2,2,2,2
131183,1,1,0,0,0,0,0,0,0,0,0,0
131183,2,1,0,0,0,0,0,0,0,0,0,0
131184,0,1,18,18,18,18,18,18,18,18,18,18
131184,1,1,6,0,29,0,15,9,0,0,0,0
131185,1,1,0,0,0,0,0,0,0,0,0,0
131186,1,1,0,9,11,0,5,10,6,19,0,16
131186,2,1,0,0,0,0,0,0,0,0,0,0
131187,1,1,0,0,0,0,0,0,0,0,0,0
131187,2,1,0,0,0,0,0,0,0,0,0,0
131188,1,1,0,0,0,0,0,0,0,0,0,0
131188,2,1,0,0,0,0,0,0,0,0,0,0
131189,1,1,15,15,15,15,15,15,15,15,15,15
131189,2,1,0,0,0,0,0,0,0,0,0,0
131190,1,1,0,0,0,0,0,0,0,0,0,0
131191,1,1,22,22,22,22,22,22,22,22,22,22
131192,0,1,0,32,0,0,0,26,0,0,0,25
131192,1,1,0,0,0,0,0,0,16,0,0,0
131192,2,1,0,0,0,20,0,0,0,0,0,0
131193,0,1,0,0,0,0,0,0,0,0,0,0
131193,1,1,0,0,0,0,0,0,0,0,0,0
131194,1,1,0,0,0,0,0,0,0,0,0,0
131194,2,1,0,0,0,0,0,0,0,0,0,0
131195,1,1,0,0,0,0,0,0,0,0,0,0
131195,2,1,0,0,0,0,0,0,0,0,0,0
131196,1,1,25,20,0,17,0,0,17,0,15,0
131196,2,1,0,0,0,0,0,0,0,0,0,0
131197,0,1,0,0,0,0,0,0,0,0,0,0
131197,1,1,0,0,13,0,0,0,0,0,0,0
131198,0,1,0,0,0,0,0,0,0,0,0,0
131198,0,2,0,0,0,0,0,0,0,0,0,0
131198,1,1,0,0,0,0,0,0,0,0,0,0
131199,0,1,0,28,0,0,12,0,0,0,0,0
131199,1,1,0,0,0,0,0,0,0,0,0,0
131200,0,1,0,0,0,0,0,0,0,0,0,0
131200,1,1,0,0,0,0,0,0,0,0,0,0
131201,0,1,42,0,0,39,11,10,0,0,11,4
131201,1,1,0,0,0,0,0,0,0,0,0,0
131202,0,1,0,0,0,0,0,0,0,0,0,0
131202,1,1,0,0,0,0,0,0,0,0,0,0
131203,0,1,16,0,0,0,0,0,22,8,0,0
131203,1,1,0,0,0,0,0,0,0,0,0,0
131204,1,1,0,0,0,0,0,0,0,0,0,0
131204,2,1,0,0,0,0,0,0,0,0,0,0
131205,1,1,0,0,0,0,0,0,0,0,0,0
131205,2,1,0,0,0,0,0,0,0,0,0,0
131206,0,1,0,5,0,0,0,0,0,0,0,0
131206,1,1,0,0,0,0,0,0,0,0,0,0
131206,2,1,0,0,0,0,0,0,0,0,0,0
131206,3,1,0,0,0,0,0,0,0,0,0,0
131207,1,1,0,0,10,0,0,0,0,0,21,0
131208,1,1,0,0,0,0,0,0,0,0,0,0
131208,2,1,0,0,0,0,0,0,0,0,0,0
131209,1,1,0,0,25,0,0,13,30,0,0,0
131210,1,1,0,0,0,0,0,0,7,0,0,0
131211,1,1,0,0,0,0,0,0,0,0,6,0
131212,1,1,0,0,0,0,0,0,0,0,0,0
131212,2,1,0,0,0,0,0,0,0,0,0,0
131213,1,1,31,31,31,31,31,31,31,31,31,31
131213,2,1,0,0,15,0,0,0,0,0,0,0
131214,1,1,0,0,0,0,0,0,0,0,0,0
131214,2,1,0,0,0,0,0,0,0,0,0,0
131215,1,1,17,21,20,0,20,11,0,23,0,0
131216,1,1,0,0,0,0,0,0,15,0,5,16
131216,2,1,0,0,34,8,0,0,0,0,0,0
131217,0,1,0,0,0,0,0,0,0,0,0,0
131217,1,1,0,0,0,0,0,0,0,0,0,0
131218,0,1,0,0,0,0,0,0,0,17,20,0
131218,1,1,0,0,0,0,0,0,0,0,0,0
131219,1,1,25,0,0,31,0,0,0,46,0,11
131220,1,1,0,0,0,0,0,0,0,0,0,0
131220,2,1,0,0,0,0,0,0,0,0,0,0
131221,1,1,0,0,16,0,0,23,0,29,0,19
131221,2,1,0,0,0,0,0,0,0,0,0,0
131222,0,1,20,20,20,20,20,20,20,20,20,20
131222,1,1,0,15,0,0,0,20,0,0,0,12
131223,1,1,0,0,0,0,0,0,0,0,0,0
131223,2,1,0,0,0,0,0,0,0,0,0,0
131224,0,1,32,32,32,32,32,32,32,32,32,32
131224,1,1,0,0,0,0,0,0,0,0,0,0
131225,1,1,26,26,26,26,26,26,26,26,26,26
131225,2,1,0,0,0,0,0,8,0,0,0,0
131226,1,1,0,0,0,0,0,0,0,0,0,0
131226,2,1,0,0,0,0,0,0,0,0,0,0
131227,1,1,0,0,0,0,0,0,0,0,0,0
131227,2,1,0,0,0,0,0,0,0,0,0,0
131228,1,1,0,0,0,21,0,0,0,0,0,0
131228,2,1,0,0,0,0,0,0,0,0,0,0
131229,1,1,4,0,0,0,0,0,0,0,0,0
131229,2,1,0,0,0,0,0,0,0,0,0,0
131230,1,1,0,0,10,0,0,14,0,0,0,0
131231,0,1,18,18,18,18,18,18,18,18,18,18
131231,0,2,1,1,1,1,1,1,1,1,1,1
131231,1,1,0,11,0,0,0,0,0,0,13,0
131232,1,1,0,0,0,0,0,0,0,0,0,0
131232,2,1,7,0,0,0,0,0,0,0,0,0
131233,1,1,0,0,24,0,0,0,0,0,0,0
131233,2,1,7,0,13,4,0,5,5,23,3,7
131234,1,1,0,0,0,0,0,7,0,0,0,19
131235,1,1,0,0,0,0,0,0,0,0,0,0
131235,2,1,0,0,0,0,0,0,0,0,0,0
131236,1,1,0,0,0,16,0,9,0,0,0,23
131237,0,1,20,20,20,20,20,20,20,20,20,20
131237,1,1,0,12,14,0,10,24,0,0,15,13
131238,1,1,0,0,31,17,0,0,0,0,0,32
131239,0,1,0,0,0,0,0,0,0,0,0,0
131239,1,1,10,17,0,0,0,0,0,0,0,0
131240,1,1,0,0,0,0,0,0,0,0,0,0
131240,2,1,2,0,0,0,0,0,0,0,0,0
131241,1,1,0,0,0,0,0,0,0,0,0,0
131241,2,1,0,0,0,0,0,0,0,0,0,0
131242,0,1,39,0,0,0,18,33,0,0,0,0
131242,1,1,0,24,0,0,0,0,0,0,0,0
131243,0,1,0,0,0,0,0,0,0,0,0,0
131243,1,1,0,0,0,0,0,6,0,25,10,11
131244,1,1,0,0,0,0,0,0,0,0,0,0
131245,1,1,0,0,0,0,0,0,0,0,0,0
131246,1,1,28,28,28,28,28,28,28,28,28,28
131246,2,1,0,0,0,0,0,0,14,0,0,0
131247,0,1,16,21,8,15,24,23,20,32,0,15
131247,1,1,0,9,0,15,0,0,0,0,0,0
131247,2,1,0,0,0,10,0,0,0,0,0,0
131248,1,1,0,17,16,0,0,0,0,0,0,0
131249,1,1,0,0,0,0,0,0,0,0,0,0
131249,2,1,0,16,0,0,0,0,0,0,0,0
131250,0,1,0,22,0,18,6,0,13,17,0,22
131250,1,1,0,0,0,0,16,0,0,0,34,0
131250,2,1,0,0,11,0,0,5,5,5,0,0
131251,0,1,4,4,4,4,4,4,4,4,4,4
131251,1,1,4,4,4,4,4,4,4,4,4,4
131252,0,1,0,0,0,0,0,0,0,0,0,0
131252,1,1,0,0,0,0,0,0,10,0,0,0
131253,1,1,0,0,0,0,0,0,0,0,0,0
131254,1,1,18,18,18,18,18,18,18,18,18,18
131254,2,1,0,0,0,0,19,0,0,0,0,0
131254,3,1,0,9,0,0,0,0,0,0,0,0
131255,1,1,3,0,0,0,0,0,0,0,14,23
131255,2,1,0,0,0,0,0,0,0,0,0,0
131256,0,1,17,0,0,0,0,0,13,0,0,15
131256,1,1,0,0,0,0,0,0,0,0,0,0
131257,1,1,0,0,0,0,15,0,0,0,0,0
131258,1,1,0,0,0,0,0,0,0,0,0,0
131259,0,1,18,18,18,18,18,18,18,18,18,18
131259,1,1,0,0,0,0,0,0,0,0,0,0