ST_CASE,VEH_NO,PER_NO,P1,P2,P3,P4,P5,P6,P7,P8,P9,P10
131260,1,1,0,0,0,0,0,0,0,0,0,0
131260,2,1,0,0,0,0,0,0,0,0,0,0
131261,1,1,0,0,0,0,0,0,0,0,0,0
131262,1,1,13,0,0,0,0,0,0,0,0,0
131262,2,1,0,0,0,0,0,0,0,0,0,0
131263,0,1,0,0,16,0,0,0,0,0,34,0
131263,1,1,0,0,12,0,18,0,0,0,27,0
131264,1,1,0,0,0,0,0,0,0,0,0,0
131265,1,1,0,0,0,0,0,34,24,16,0,0
131266,1,1,18,0,0,0,0,0,0,20,0,0
131267,1,1,16,16,16,16,16,16,16,16,16,16
131268,1,1,0,0,0,0,0,0,0,0,0,0
131268,2,1,0,0,0,0,0,0,0,0,0,0
131269,1,1,29,29,29,29,29,29,29,29,29,29
131269,2,1,0,11,0,0,0,0,0,0,0,0
131270,1,1,0,0,0,0,0,0,0,0,0,0
131270,2,1,0,0,0,0,0,0,0,0,0,0
131271,1,1,0,0,0,0,0,0,0,0,0,0
131272,1,1,15,0,18,0,0,0,10,0,0,12
131272,2,1,0,0,0,0,2,0,0,0,11,0
131273,1,1,0,0,0,0,0,0,0,0,0,0
131273,2,1,0,0,12,10,0,13,0,0,7,0
131274,1,1,0,0,0,0,0,0,0,0,0,0
131275,0,1,0,0,0,0,0,0,0,0,0,0
131275,1,1,0,0,0,0,0,0,0,0,0,0
131276,0,1,21,21,21,21,21,21,21,21,21,21
131276,1,1,0,0,0,0,0,0,0,0,0,0
131277,1,1,8,8,8,8,8,8,8,8,8,8
131278,1,1,0,12,0,11,0,9,0,0,6,14
131279,1,1,0,0,0,0,0,0,0,0,0,0
131280,1,1,0,0,0,0,0,0,0,0,0,0
131280,2,1,0,0,0,0,0,0,0,0,0,0
131281,1,1,0,0,0,0,0,0,0,0,0,0
131281,2,1,0,0,0,0,0,0,0,0,0,0
131282,1,1,13,21,22,16,0,0,0,0,0,0
131283,1,1,18,0,20,0,0,0,0,0,0,0
131283,2,1,3,0,11,2,24,0,15,2,8,15
131284,1,1,0,0,0,0,0,0,0,0,0,0
131284,2,1,0,0,0,0,0,0,0,0,0,5
131285,1,1,5,16,19,38,40,24,14,27,9,8
131285,2,1,0,12,0,0,0,0,0,0,0,0
131286,1,1,0,27,0,0,0,10,24,0,9,14
131286,2,1,0,0,0,0,0,0,0,0,0,0
131286,3,1,0,0,0,0,0,0,0,11,0,0
131286,4,1,0,7,0,0,0,0,0,0,6,0
131286,5,1,0,7,0,0,7,0,0,4,15,0
131287,1,1,0,0,0,0,0,0,0,0,0,0
131287,2,1,4,4,4,4,4,4,4,4,4,4
131287,3,1,0,0,0,0,0,0,0,0,0,0
131287,4,1,0,0,0,0,0,0,0,0,0,0
131287,5,1,0,0,0,0,0,0,0,0,0,0
131287,6,1,0,0,0,0,0,0,0,0,0,0
131288,1,1,0,0,0,0,0,0,0,0,0,0
131288,2,1,0,0,0,0,0,0,0,0,0,0
131289,1,1,13,13,13,13,13,13,13,13,13,13
131289,2,1,0,0,0,0,0,0,0,0,0,0
131290,1,1,12,23,9,3,15,11,16,12,0,30
131290,2,1,0,0,0,0,0,0,15,0,0,19
131291,1,1,0,0,0,0,0,0,0,0,0,0
131291,2,1,0,0,0,0,0,0,0,0,0,0
131292,1,1,0,0,24,0,14,0,28,6,0,0
131292,2,1,0,0,0,0,0,0,0,0,0,18
131293,1,1,0,0,0,0,0,0,0,0,0,0
131293,2,1,0,0,0,0,0,0,0,0,0,0
131294,1,1,15,26,27,15,21,22,17,22,19,0
131295,1,1,0,0,0,0,0,0,0,0,0,0
131296,1,1,0,0,0,0,0,0,0,0,0,0
131296,2,1,0,0,0,0,0,0,0,0,0,17
131297,1,1,0,14,8,7,11,12,24,14,39,34
131298,1,1,0,0,0,0,25,0,0,0,0,0
131298,2,1,0,0,0,0,0,0,0,0,0,0
131299,1,1,0,0,0,0,0,0,0,0,0,0
131299,2,1,0,0,0,0,0,0,0,0,0,0
131300,1,1,0,0,0,0,0,25,0,0,0,25
131301,1,1,7,7,7,7,7,7,7,7,7,7
131301,2,1,0,0,0,0,0,0,0,0,0,0
131302,1,1,10,18,0,0,0,27,0,0,0,0
131302,2,1,24,0,0,0,0,16,0,0,0,0
131303,0,1,0,0,0,34,0,14,0,0,0,0
131303,1,1,0,0,0,0,0,15,0,0,0,0
131304,1,1,0,0,0,0,0,0,0,0,0,0
131304,2,1,0,0,0,0,0,0,0,0,0,0
131305,0,1,0,0,0,0,0,0,0,0,0,0
131305,1,1,0,0,0,0,0,0,0,0,0,0
131306,0,1,0,0,0,0,0,0,0,0,0,0
131306,1,1,19,0,0,0,0,0,0,0,0,0
131307,1,1,0,0,0,0,0,0,0,0,0,0
131307,2,1,0,0,0,12,0,0,0,0,0,0
131308,1,1,0,0,0,0,0,0,32,0,0,0
131308,2,1,0,0,0,0,0,0,0,0,0,0
131309,0,1,27,0,0,0,0,0,0,0,22,11
131309,2,1,0,0,0,0,0,0,0,0,0,0
131310,1,1,0,29,0,0,0,0,0,0,25,0
131310,2,1,0,0,0,0,0,0,0,0,0,0
131311,1,1,0,0,0,0,0,0,0,0,0,0
131311,2,1,0,0,0,0,0,0,0,0,0,0
131312,1,1,0,0,0,0,0,0,0,0,0,0
131313,1,1,0,0,0,0,0,0,0,0,0,0
131313,2,1,0,0,0,0,0,0,0,0,0,0
131314,1,1,0,0,0,0,0,0,0,0,0,0
131314,2,1,0,0,0,0,0,0,0,0,0,0
131315,0,1,6,0,22,0,0,18,0,0,0,0
131315,1,1,0,0,0,0,0,0,0,0,0,0
131315,2,1,0,0,0,0,0,0,0,0,0,18
131316,1,1,21,0,0,0,0,0,0,0,0,0
131317,1,1,2,0,0,0,15,22,12,34,0,13
131318,1,1,0,15,0,0,0,0,0,0,0,0
131318,2,1,0,0,0,0,0,0,0,0,0,0
131318,3,1,0,0,0,0,0,0,0,0,0,0
131319,1,1,0,0,0,0,0,0,0,0,0,0
131319,2,1,0,0,0,0,0,0,0,0,0,0
131319,3,1,0,0,0,0,0,0,0,0,0,0
131319,4,1,0,0,0,5,0,0,0,0,0,0
131320,0,1,0,10,0,0,0,0,21,0,0,0
131320,1,1,0,0,0,0,0,0,0,0,0,0
131321,1,1,0,0,0,0,0,0,0,0,0,0
131321,2,1,0,0,0,0,0,0,0,0,0,0
131322,1,1,0,0,0,0,0,0,0,0,0,0
131322,2,1,0,0,0,0,0,0,0,0,0,0
131322,3,1,0,0,0,0,0,0,0,0,18,26
131323,1,1,0,0,0,0,0,0,0,0,0,0
131323,2,1,0,0,0,0,0,0,0,0,0,0
131323,3,1,0,0,0,0,0,0,0,0,0,0
131324,0,1,0,9,0,0,32,28,0,0,19,7
131324,1,1,3,0,28,0,11,0,28,10,11,0
131325,1,1,0,0,0,0,0,0,0,0,0,0
131325,2,1,0,0,0,0,0,0,0,0,0,0
131326,1,1,0,9,0,0,0,0,0,0,10,0
131327,1,1,0,0,0,0,0,21,0,0,0,0
131328,1,1,40,40,40,40,40,40,40,40,40,40
131329,1,1,41,18,19,0,15,24,14,0,0,9
131330,1,1,0,0,0,25,0,0,0,0,0,0
131331,1,1,0,0,33,0,0,0,0,5,0,0
131332,1,1,5,0,0,0,0,0,0,0,0,0
131333,1,1,0,8,0,0,0,0,0,0,0,0
131334,0,1,25,25,25,25,25,25,25,25,25,25
131334,1,1,0,0,0,0,0,0,0,0,0,0
131335,1,1,0,30,18,30,0,0,0,0,0,0
131336,1,1,0,19,0,0,0,0,0,0,0,0
131337,1,1,0,0,27,0,0,0,0,0,0,0
131337,2,1,0,0,0,0,0,0,0,0,0,0
131337,3,1,0,0,13,0,0,0,0,0,0,17
131337,4,1,0,0,0,0,0,0,0,0,0,0
131337,5,1,0,0,0,0,0,0,0,0,0,0
131338,0,1,0,0,0,0,9,0,0,0,13,0
131338,1,1,0,0,0,0,0,0,0,18,0,0
131339,1,1,0,0,0,0,0,0,0,0,0,0
131340,0,1,0,0,0,0,0,0,0,0,0,0
131340,1,1,0,0,0,0,15,0,0,0,0,0
131341,1,1,0,0,0,0,0,0,0,0,0,0
131342,1,1,0,0,0,0,0,0,0,0,0,39
131343,0,1,0,0,0,0,0,0,0,0,0,0
131343,1,1,0,0,30,0,0,0,0,0,0,0
131344,1,1,0,0,0,0,0,0,0,0,0,0
131344,2,1,0,0,0,0,0,0,0,0,0,0
131345,1,1,0,0,0,11,10,0,6,7,0,0
131345,2,1,0,0,0,0,0,0,0,0,0,0
131346,0,1,0,0,31,29,21,0,0,0,0,28
131346,1,1,0,0,0,0,0,0,0,0,0,0
131347,1,1,0,22,0,0,0,27,0,12,21,0
131347,2,1,0,0,0,0,0,0,0,0,0,0
131348,1,1,0,0,0,0,0,0,0,0,0,0
131349,0,1,0,9,0,19,0,0,0,0,0,0
131349,1,1,0,0,25,0,11,0,0,0,0,18
131350,1,1,0,0,0,13,0,0,0,0,0,0
131351,1,1,0,0,0,0,0,0,0,0,0,0
131351,2,1,0,0,0,0,0,0,0,0,0,0
131352,1,1,0,0,0,0,0,0,0,0,0,0
131353,1,1,21,21,21,21,21,21,21,21,21,21
131354,1,1,12,12,12,12,12,12,12,12,12,12
131354,2,1,5,0,10,0,0,0,0,0,0,0
131355,0,1,0,0,0,0,0,0,0,0,0,0
131355,1,1,0,0,0,0,0,0,0,0,0,0
131355,2,1,0,0,0,0,0,0,0,0,0,0
131356,1,1,15,32,0,16,15,7,21,19,0,0
131357,0,1,0,0,0,0,0,0,0,0,0,0
131357,1,1,0,0,0,0,0,6,0,0,0,0
131358,1,1,15,15,15,15,15,15,15,15,15,15
131359,1,1,26,0,8,0,20,12,0,0,0,22
131360,1,1,5,5,5,5,5,5,5,5,5,5
131361,0,1,0,19,3,0,9,22,0,10,0,4
131361,1,1,0,41,0,0,0,0,0,0,0,0
131362,1,1,0,0,0,0,0,0,0,0,0,0
131362,2,1,0,0,0,0,0,0,0,0,0,0
131362,3,1,0,0,0,0,0,0,0,15,0,0
131363,1,1,0,0,0,0,0,14,0,0,16,0
131364,0,1,0,0,0,0,0,27,0,0,33,0
131364,1,1,0,0,0,0,0,0,0,0,0,0
131365,1,1,0,0,0,0,0,0,0,0,0,0
131366,0,1,0,0,6,23,8,0,11,7,0,0
131366,1,1,0,0,0,0,0,0,0,0,0,0
131366,2,1,0,10,0,0,0,0,0,11,0,15
131367,1,1,12,25,13,0,0,17,0,0,0,6
131367,2,1,0,0,0,0,0,0,0,0,0,0
131368,1,1,0,0,0,0,0,0,7,0,0,0
131369,1,1,20,20,20,20,20,20,20,20,20,20
131370,1,1,0,0,0,0,0,0,0,0,0,0
131371,1,1,0,0,0,0,0,0,0,0,0,0
131371,2,1,0,0,11,30,0,0,0,0,5,22
131372,1,1,0,0,0,0,0,0,0,0,0,0
131372,2,1,0,0,0,0,0,0,0,0,0,0
131373,1,1,0,0,0,0,0,0,0,0,0,0
131374,1,1,0,0,0,0,0,0,0,0,0,0
131375,1,1,0,0,0,0,0,0,0,0,0,0
131376,1,1,0,0,35,0,0,0,0,13,0,0
131376,2,1,0,7,0,0,0,0,0,0,0,0
131377,1,1,8,0,0,8,19,0,21,0,0,0
131377,2,1,0,0,0,0,0,0,0,0,0,0
131378,1,1,10,10,10,10,10,10,10,10,10,10
131378,2,1,0,0,18,0,0,0,0,0,0,0
131379,1,1,9,16,25,5,16,5,16,8,15,28
131379,2,1,0,0,0,0,0,0,0,0,0,0
131380,1,1,0,0,0,0,0,0,0,0,0,0
131380,2,1,0,0,0,0,0,0,0,0,0,0
131381,1,1,0,0,0,0,0,0,0,0,0,0
131381,2,1,0,4,0,0,0,0,0,0,0,0
131382,1,1,0,30,0,0,0,0,35,0,0,0
131383,1,1,0,0,0,17,25,0,0,0,0,0
131383,2,1,0,0,0,13,0,0,0,0,0,0
131384,1,1,8,0,11,25,0,0,17,0,0,12
131385,1,1,0,15,0,20,21,0,25,0,11,0
131385,2,1,0,17,23,0,0,0,0,0,0,25
131386,1,1,0,5,14,12,0,0,35,0,12,13
131387,1,1,0,0,0,0,0,0,0,0,0,0
131387,2,1,0,0,19,0,0,0,0,0,8,0
131388,1,1,0,11,0,15,0,0,0,0,0,0
131388,2,1,0,0,0,0,0,9,0,0,22,0
131389,1,1,19,19,19,19,19,19,19,19,19,19
131389,2,1,0,0,0,0,0,0,0,0,0,0
131390,1,1,0,0,0,0,0,0,0,0,0,0
131390,2,1,0,0,0,0,10,0,0,0,0,0
131391,1,1,32,0,9,0,26,0,6,0,39,0
131392,1,1,19,0,0,0,0,0,0,0,0,0
131392,2,1,15,0,0,0,0,4,0,0,0,0
131393,1,1,15,15,15,15,15,15,15,15,15,15
131394,1,1,0,0,0,0,12,17,14,0,0,33
131395,1,1,0,0,0,0,0,0,0,0,0,0
150001,1,1,14,14,14,14,14,14,14,14,14,14
150002,0,1,0,0,0,0,0,0,0,0,0,0
150002,1,1,0,0,0,0,2,0,0,13,0,0
150003,1,1,0,0,0,0,0,0,0,0,0,0
150004,0,1,0,0,0,0,0,0,0,0,0,0
150004,0,2,0,0,36,0,0,0,0,0,0,0
150004,1,1,0,0,0,0,0,6,0,0,8,0
150004,2,1,0,0,0,0,0,0,0,0,0,0
150005,1,1,16,16,16,16,16,16,16,16,16,16
150006,0,1,0,0,0,0,0,0,0,0,0,0
150006,1,1,11,22,0,0,0,0,0,16,17,0
150007,1,1,0,8,0,0,18,0,0,0,0,0
150007,2,1,0,0,0,0,0,0,0,0,0,0
150007,3,1,0,0,0,0,0,0,0,0,0,0
150007,4,1,0,0,0,0,0,0,0,0,0,0
150008,1,1,13,13,13,13,13,13,13,13,13,13
150009,0,1,0,0,0,0,0,0,0,0,0,0
150009,0,2,0,0,0,0,0,0,0,0,0,0
150009,0,3,0,0,0,0,0,0,0,0,0,0
150009,0,4,21,0,18,8,0,9,20,0,22,10
150009,0,5,16,0,0,0,0,24,0,8,0,0
150009,0,6,18,0,13,0,14,28,0,22,0,33
150009,1,1,9,11,14,15,18,6,23,14,15,7
150009,2,1,21,16,5,0,0,0,17,0,23,0
150010,1,1,1,1,1,1,1,1,1,1,1,1
150010,2,1,0,0,0,20,0,0,0,0,0,0
150011,0,1,11,11,11,11,11,11,11,11,11,11
150011,1,1,0,0,21,0,33,14,0,0,19,0
150012,1,1,0,0,0,0,0,0,0,0,0,0
150013,0,1,0,0,0,0,0,0,0,0,0,0
150013,1,1,0,0,0,0,0,0,0,0,0,0
150014,0,1,0,0,0,0,19,4,0,0,50,0
150014,1,1,0,0,0,0,0,0,0,0,0,0
150015,1,1,10,10,10,10,10,10,10,10,10,10
150015,2,1,0,0,0,0,0,0,0,0,0,0
150016,1,1,0,0,0,0,0,0,0,0,0,0
150016,2,1,0,0,0,0,0,5,0,0,0,0
150017,1,1,0,0,0,0,0,0,0,0,0,0
150018,1,1,0,0,0,0,0,0,0,0,0,0
150019,0,1,25,25,25,25,25,25,25,25,25,25
150019,1,1,0,0,0,0,0,0,5,7,21,0
150020,0,1,30,30,30,30,30,30,30,30,30,30
150020,1,1,0,0,0,0,0,0,24,0,0,6
150021,0,1,0,0,22,0,20,29,0,0,0,0
150021,1,1,0,0,0,0,0,0,0,0,0,0
150021,2,1,0,0,0,0,0,0,0,0,0,0
150022,0,1,0,0,0,0,0,0,0,0,0,0
150022,1,1,0,0,0,0,0,12,0,0,0,14
150023,1,1,0,0,0,0,0,0,0,0,0,0
150023,2,1,0,0,0,0,0,0,0,0,0,0
150024,1,1,11,11,11,11,11,11,11,11,11,11
150024,2,1,0,0,0,0,0,0,0,0,0,0
150025,1,1,0,0,0,0,0,0,0,0,0,0
150026,1,1,16,16,16,16,16,16,16,16,16,16
150026,2,1,0,16,18,0,15,0,0,10,0,12
150028,1,1,0,0,0,0,0,0,0,0,0,0
150029,1,1,16,16,16,16,16,16,16,16,16,16
150030,1,1,19,19,19,19,19,19,19,19,19,19
150030,2,1,0,0,0,13,0,0,0,8,0,0
150031,0,1,0,0,0,0,0,0,0,0,0,0
150031,1,1,0,0,0,0,0,0,0,0,0,0
150032,1,1,0,0,0,0,0,0,0,0,0,0
150032,2,1,0,0,0,0,0,0,0,0,0,0
150033,0,1,20,20,20,20,20,20,20,20,20,20
150033,1,1,0,0,21,0,0,14,11,11,0,0
150034,1,1,11,11,11,11,11,11,11,11,11,11
150035,1,1,14,14,14,14,14,14,14,14,14,14
150035,2,1,9,9,9,9,9,9,9,9,9,9
150036,1,1,0,0,0,0,36,0,0,0,0,0
150036,2,1,0,0,0,0,0,0,0,0,0,0
150037,0,1,22,28,0,15,41,0,0,30,14,0
150037,1,1,0,0,0,0,0,0,0,0,0,0
150038,1,1,0,0,0,0,0,0,0,0,0,0
150038,2,1,0,0,0,0,0,0,0,0,0,0
150039,1,1,0,0,13,0,0,0,0,0,0,0
150039,2,1,0,0,0,0,0,0,0,0,0,0
150040,1,1,0,0,0,0,0,0,0,0,0,0
150040,2,1,0,0,0,0,0,0,0,0,0,0
150040,3,1,0,0,0,0,0,0,0,0,0,0
150041,0,1,1,1,1,1,1,1,1,1,1,1
150041,1,1,7,0,17,0,0,0,5,0,0,23
150041,2,1,0,0,5,0,0,0,15,7,0,0
150042,1,1,0,0,0,0,0,0,0,0,0,0
150042,2,1,8,8,8,8,8,8,8,8,8,8
150043,0,1,0,0,0,0,0,0,0,0,0,0
150043,1,1,0,0,0,0,0,0,0,0,0,0
150044,0,1,0,0,0,0,0,0,0,0,0,0
150044,1,1,0,0,0,0,0,0,0,14,0,0
150045,0,1,0,0,0,0,0,0,0,0,0,0
150045,1,1,0,0,0,0,0,0,0,0,0,0
150046,1,1,14,14,14,14,14,14,14,14,14,14
150046,2,1,0,0,0,0,0,0,0,0,0,0
150047,1,1,21,21,21,21,21,21,21,21,21,21
150047,2,1,0,26,7,12,5,0,0,0,0,0
150047,3,1,0,18,0,0,9,0,14,0,21,0
150048,1,1,1,1,1,1,1,1,1,1,1,1
150049,1,1,0,0,0,0,0,0,0,0,0,0
150049,2,1,0,0,0,0,0,0,0,0,0,0
150050,0,1,0,0,11,0,53,10,0,0,0,0
150050,1,1,10,0,18,22,0,0,0,0,18,0
150051,0,1,0,0,32,0,0,2,13,26,27,10
150051,1,1,0,0,0,0,0,0,0,0,0,0
150052,0,1,30,30,30,30,30,30,30,30,30,30
150052,1,1,0,0,0,0,0,21,0,0,2,0
150053,1,1,11,11,11,11,11,11,11,11,11,11
150053,2,1,0,0,0,0,0,0,0,0,0,0
150054,0,1,0,0,0,0,0,0,0,0,0,0
150054,1,1,0,0,0,0,0,0,0,0,0,0
150055,1,1,0,0,0,0,0,0,0,0,0,0
150055,2,1,0,0,0,0,0,0,0,0,0,10
150056,1,1,1,1,1,1,1,1,1,1,1,1
150057,0,1,0,0,0,0,0,0,0,0,0,0
150057,1,1,0,0,0,0,0,0,0,0,0,0
150058,1,1,0,0,0,0,0,0,0,0,0,0
150059,0,1,40,40,40,40,40,40,40,40,40,40
150059,1,1,7,7,7,7,7,7,7,7,7,7
150060,1,1,0,0,0,0,0,0,0,0,0,0
150061,1,1,21,0,0,0,0,10,0,0,0,43
150062,1,1,27,27,27,27,27,27,27,27,27,27
150062,2,1,0,0,0,0,0,0,0,0,0,0
150062,3,1,0,0,0,0,0,0,0,0,0,0
150063,1,1,0,0,9,0,0,0,18,0,0,0
150063,2,1,0,0,0,0,0,0,0,0,0,0
150065,0,1,0,0,0,0,0,37,0,0,4,0
150065,1,1,0,0,0,0,0,0,0,0,0,0
150066,0,1,0,0,0,0,0,0,0,0,0,0
150066,1,1,0,0,0,16,0,0,12,5,0,0
150067,0,1,0,0,0,0,0,0,0,0,0,0
150067,1,1,0,0,0,0,0,0,0,0,0,0
150068,1,1,0,0,0,0,0,0,0,0,0,0
150068,2,1,0,0,0,0,0,0,0,0,0,0
150069,0,1,0,0,0,0,0,0,0,0,0,0
150069,1,1,0,0,0,0,0,0,0,0,0,0
150070,1,1,0,0,0,0,0,0,0,0,0,8
150072,1,1,0,0,0,0,0,0,0,0,0,0
150072,2,1,0,0,0,0,0,0,0,0,0,0
150073,1,1,16,16,16,16,16,16,16,16,16,16
150074,0,1,26,22,46,21,0,0,28,13,36,9
150074,1,1,0,0,0,0,0,7,0,0,0,0
150075,1,1,2,2,2,2,2,2,2,2,2,2
150076,1,1,13,13,13,13,13,13,13,13,13,13
150077,1,1,5,5,5,5,5,5,5,5,5,5
150078,0,1,0,31,0,0,0,0,0,0,0,0
150078,1,1,11,29,37,12,0,0,0,0,0,0
150079,1,1,17,17,17,17,17,17,17,17,17,17
150080,0,1,0,0,0,0,0,0,0,0,0,0
150080,1,1,0,0,0,0,0,0,0,0,0,0
150081,1,1,20,0,19,0,17,0,0,0,27,0
150081,2,1,0,0,0,0,0,0,0,0,0,0
150082,1,1,0,0,0,0,0,0,0,0,0,0
150082,2,1,0,0,0,0,0,0,0,0,0,0
150082,3,1,0,0,0,0,0,0,11,0,0,0
150083,0,1,27,0,29,8,0,0,0,25,8,0
150083,1,1,8,8,8,8,8,8,8,8,8,8
150083,2,1,7,0,15,14,0,12,8,9,0,0
150084,1,1,18,18,18,18,18,18,18,18,18,18
150085,1,1,0,0,0,0,0,0,0,0,0,0
150085,2,1,0,0,0,0,0,0,0,0,0,0
150086,0,1,0,0,0,0,0,0,0,0,0,0
150086,1,1,13,0,8,6,0,0,0,0,0,0
150087,1,1,0,0,0,0,0,0,0,0,0,0
150087,2,1,0,0,0,0,6,9,0,7,11,15
150088,0,1,4,4,4,4,4,4,4,4,4,4
150088,1,1,15,0,0,0,0,0,0,0,0,9
150089,1,1,22,22,22,22,22,22,22,22,22,22
150091,1,1,0,0,0,0,0,0,0,0,0,0
150092,1,1,0,0,0,0,0,0,12,0,0,0
150092,2,1,0,0,0,12,0,0,0,0,0,0
150093,1,1,0,0,0,0,0,0,0,0,0,0
150093,2,1,0,0,0,0,0,0,3,20,0,0
150094,0,1,0,0,0,0,0,0,0,0,0,0
150094,1,1,0,0,0,12,0,0,0,0,0,0
150095,0,1,0,0,0,0,0,0,0,0,0,0
150096,0,1,0,0,0,0,0,0,0,0,0,0
150096,0,2,0,0,0,0,0,0,0,0,0,0
150096,1,1,0,0,0,0,0,0,0,0,0,0
150097,1,1,0,0,0,0,0,0,0,0,0,0
150097,2,1,17,0,12,0,0,0,19,36,0,0
150098,1,1,28,28,28,28,28,28,28,28,28,28
150099,1,1,0,0,0,0,0,0,0,0,0,0
150099,2,1,0,0,0,0,0,0,0,0,0,0
150100,0,1,0,0,0,0,0,0,0,0,0,0
150100,1,1,0,0,0,0,0,0,0,0,0,0
150101,0,1,0,0,0,0,0,0,0,0,0,0
150101,1,1,0,0,0,0,0,0,0,0,0,0
150102,1,1,0,0,0,0,0,0,0,0,0,0
150103,1,1,0,0,0,0,0,0,0,0,0,0
150103,2,1,0,0,0,0,0,0,0,0,0,0
150104,1,1,10,10,10,10,10,10,10,10,10,10
150105,1,1,27,27,27,27,27,27,27,27,27,27
150106,1,1,0,0,0,0,0,0,0,0,0,0
150106,2,1,0,0,0,0,0,0,0,0,0,0
160001,1,1,0,0,0,0,0,0,0,0,0,0
160001,2,1,0,0,0,0,0,0,0,0,0,0
160002,1,1,23,23,23,23,23,23,23,23,23,23
160002,2,1,0,0,0,0,0,0,0,0,0,0
160003,1,1,10,10,10,10,10,10,10,10,10,10
160004,1,1,0,0,0,0,0,0,0,0,0,0
160004,2,1,0,0,0,0,0,0,0,0,0,0
160005,1,1,0,0,0,0,0,0,0,0,0,0
160005,2,1,0,0,0,0,0,0,0,0,0,0
160006,1,1,0,0,10,0,0,0,0,0,0,0
160006,2,1,0,0,0,0,0,0,0,0,0,0
160007,1,1,0,13,0,0,0,0,0,0,0,0
160008,1,1,0,0,0,0,0,0,0,0,0,0
160008,2,1,0,0,0,0,0,0,0,0,0,0
160009,1,1,0,0,0,0,0,0,0,0,0,0
160009,2,1,0,0,0,0,0,0,0,0,0,0
160010,1,1,36,36,36,36,36,36,36,36,36,36
160010,2,1,0,0,0,0,0,0,0,0,0,0
160011,0,1,1,1,1,1,1,1,1,1,1,1
160011,1,1,0,0,0,0,0,0,0,0,0,0
160012,1,1,0,0,0,0,0,0,0,0,0,0
160013,1,1,17,17,17,17,17,17,17,17,17,17
160014,1,1,16,16,16,16,16,16,16,16,16,16
160015,1,1,0,0,0,0,0,0,0,0,0,0
160015,2,1,0,0,0,0,0,0,0,0,0,0
160016,1,1,0,0,0,0,0,0,0,0,0,0
160016,2,1,0,0,0,0,0,0,0,0,0,0
160017,1,1,0,0,0,0,0,0,0,0,0,0
160017,2,1,6,6,6,6,6,6,6,6,6,6
160018,1,1,0,0,0,0,0,0,0,0,0,0
160018,2,1,0,0,0,0,0,0,0,0,0,0
160019,1,1,0,0,0,0,0,0,0,0,0,0
160019,2,1,0,0,0,0,0,0,0,0,0,0
160020,0,1,0,0,0,0,0,17,0,0,0,0
160020,0,2,0,0,31,0,0,0,0,0,0,0
160020,1,1,0,0,0,0,0,0,0,0,0,0
160021,1,1,0,0,0,0,0,0,0,0,0,0
160022,1,1,10,10,10,10,10,10,10,10,10,10
160022,2,1,0,29,0,0,0,0,0,0,0,0
160023,1,1,12,12,12,12,12,12,12,12,12,12
160023,2,1,6,0,0,0,0,0,0,0,0,0
160024,1,1,8,8,8,8,8,8,8,8,8,8
160024,2,1,0,0,0,0,0,0,0,0,0,0
160025,1,1,0,0,0,0,0,0,0,0,0,0
160025,2,1,0,0,0,0,0,0,0,0,0,0
160025,3,1,0,0,0,0,0,0,0,0,0,0
160026,1,1,0,0,0,0,0,0,0,0,0,0
160027,1,1,32,32,32,32,32,32,32,32,32,32
160027,2,1,0,0,0,0,0,0,0,0,0,0
160028,1,1,0,0,0,0,0,0,0,0,0,0
160029,1,1,0,0,0,0,0,0,0,0,0,0
160030,1,1,6,6,6,6,6,6,6,6,6,6
160030,2,1,0,0,0,0,0,0,0,0,0,0
160031,0,1,0,0,0,0,0,0,0,0,0,0
160031,1,1,0,0,0,0,0,0,0,0,0,0
160032,1,1,0,25,0,0,0,0,0,0,22,0
160033,1,1,0,0,0,0,6,0,0,26,0,0
160033,2,1,0,0,0,0,0,0,0,0,0,0
160034,1,1,24,24,24,24,24,24,24,24,24,24
160035,1,1,0,0,0,0,0,0,0,0,24,0
160036,1,1,11,11,11,11,11,11,11,11,11,11
160037,1,1,0,0,0,0,0,0,0,0,0,0
160038,1,1,0,0,0,0,0,0,0,0,0,0
160039,1,1,0,0,0,0,0,0,0,0,0,0
160040,1,1,0,0,0,0,0,0,0,0,0,0
160041,1,1,17,0,0,0,0,0,0,0,0,0
160041,2,1,0,0,0,0,0,0,0,0,0,0
160042,1,1,0,0,0,0,10,0,0,0,0,0
160042,2,1,0,0,0,0,0,0,0,0,0,0
160043,1,1,0,0,0,0,0,0,0,0,0,0
160043,2,1,0,0,0,0,0,0,0,0,0,0
160044,0,1,0,0,0,0,0,0,0,0,0,0
160044,1,1,0,0,0,0,0,0,0,0,0,0
160045,1,1,27,27,27,27,27,27,27,27,27,27
160046,1,1,0,0,0,0,0,0,0,0,0,0
160047,1,1,25,25,25,25,25,25,25,25,25,25
160048,1,1,0,0,0,0,0,0,0,0,0,0
160048,2,1,0,0,0,0,0,0,0,0,0,0
160049,1,1,0,0,0,0,0,0,0,0,0,0
160049,2,1,0,0,0,0,0,0,0,0,0,0
160050,1,1,28,28,28,28,28,28,28,28,28,28
160051,1,1,15,15,15,15,15,15,15,15,15,15