ST_CASE,VEH_NO,PER_NO,P1,P2,P3,P4,P5,P6,P7,P8,P9,P10
170448,1,1,0,0,0,14,0,0,0,0,0,0
170448,2,1,0,0,0,0,0,0,0,0,0,0
170448,3,1,0,0,0,0,0,0,0,0,0,0
170449,1,1,0,0,0,0,0,0,0,0,0,0
170449,2,1,0,0,0,0,0,0,0,0,0,0
170450,1,1,0,0,0,0,0,0,0,0,0,0
170450,2,1,0,0,0,0,0,0,0,0,0,0
170451,1,1,0,0,0,0,0,0,0,0,0,0
170451,2,1,0,0,0,0,0,0,0,0,0,0
170452,1,1,0,0,0,0,0,29,0,0,0,0
170453,1,1,22,22,22,22,22,22,22,22,22,22
170453,2,1,0,0,0,0,0,0,0,0,0,0
170454,0,1,0,0,0,13,0,0,0,28,0,0
170454,1,1,0,0,0,0,0,0,0,17,0,0
170455,1,1,26,26,26,26,26,26,26,26,26,26
170456,1,1,34,34,34,34,34,34,34,34,34,34
170457,1,1,0,0,0,0,0,0,0,0,0,0
170457,2,1,0,0,0,0,0,0,0,0,13,0
170457,3,1,0,0,0,0,0,0,0,0,0,0
170457,4,1,0,0,0,0,0,0,0,0,0,0
170457,5,1,0,0,0,0,0,0,0,13,0,0
170458,1,1,16,16,16,16,16,16,16,16,16,16
170459,1,1,0,0,12,0,0,0,0,0,0,0
170460,1,1,22,22,22,22,22,22,22,22,22,22
170461,1,1,0,0,0,0,0,0,0,0,0,0
170462,1,1,0,0,0,0,0,0,0,0,0,0
170462,2,1,0,0,0,0,0,0,0,0,0,0
170463,1,1,0,0,0,0,0,0,0,0,0,0
170464,0,1,0,0,0,0,28,32,0,0,0,0
170464,1,1,0,0,0,0,0,0,0,0,0,0
170465,1,1,21,21,21,21,21,21,21,21,21,21
170466,1,1,0,0,0,0,0,0,0,0,0,0
170467,1,1,0,0,0,0,0,0,0,0,0,0
170467,2,1,0,0,0,0,0,0,0,0,0,0
170468,1,1,0,0,0,0,0,0,0,0,0,0
170469,0,1,0,0,0,0,0,0,0,0,0,0
170469,1,1,0,0,0,0,0,0,0,0,0,0
170470,1,1,0,0,0,0,0,0,0,0,0,0
170470,2,1,0,0,0,0,0,0,0,0,0,0
170471,1,1,0,0,0,0,0,0,0,0,15,0
170471,2,1,0,0,0,0,0,0,0,0,0,0
170472,0,1,13,13,13,13,13,13,13,13,13,13
170472,1,1,0,0,0,0,0,0,0,0,0,0
170473,1,1,0,0,0,0,0,0,0,0,0,0
170473,2,1,0,0,0,0,0,0,0,0,0,3
170474,0,1,13,13,13,13,13,13,13,13,13,13
170474,1,1,0,0,0,0,0,0,20,0,0,0
170475,1,1,18,18,18,18,18,18,18,18,18,18
170476,0,1,37,37,37,37,37,37,37,37,37,37
170476,1,1,0,0,0,0,0,0,0,0,0,0
170477,1,1,27,27,27,27,27,27,27,27,27,27
170478,1,1,0,0,0,0,0,0,0,0,0,0
170479,1,1,13,13,13,13,13,13,13,13,13,13
170479,2,1,0,0,0,3,0,0,0,0,0,0
170480,1,1,17,20,0,0,0,0,0,43,0,0
170480,2,1,0,0,0,0,0,0,0,0,0,0
170481,1,1,8,8,8,8,8,8,8,8,8,8
170481,2,1,0,0,0,14,0,0,0,0,0,0
170481,3,1,0,0,0,0,0,0,0,0,0,0
170482,1,1,0,0,0,0,0,15,0,19,0,14
170482,2,1,0,0,30,0,26,28,0,13,0,0
170482,3,1,0,0,0,0,0,0,0,11,0,0
170482,4,1,0,0,0,0,11,16,9,0,0,0
170483,1,1,13,13,13,13,13,13,13,13,13,13
170484,1,1,0,0,0,0,0,0,0,0,0,0
170484,2,1,0,0,0,0,0,0,0,0,0,0
170485,1,1,0,0,0,0,0,0,0,0,0,0
170485,2,1,0,0,0,0,0,0,0,0,0,0
170486,1,1,0,0,0,0,0,0,0,0,0,0
170486,2,1,0,0,0,0,0,0,0,0,0,0
170486,3,1,0,0,0,0,0,0,0,0,0,0
170487,1,1,22,22,22,22,22,22,22,22,22,22
170488,1,1,0,0,10,0,0,12,0,17,0,0
170488,2,1,0,0,0,15,0,0,0,0,0,0
170489,1,1,0,0,0,0,0,0,0,0,0,0
170489,2,1,0,0,0,0,0,0,0,13,15,0
170490,0,1,9,9,9,9,9,9,9,9,9,9
170490,1,1,0,0,0,0,0,0,0,0,0,0
170491,1,1,17,17,17,17,17,17,17,17,17,17
170492,1,1,21,21,21,21,21,21,21,21,21,21
170493,0,1,0,0,0,0,0,0,0,0,0,0
170493,1,1,0,0,0,0,0,0,0,0,14,0
170494,0,1,10,10,10,10,10,10,10,10,10,10
170494,1,1,0,0,21,0,0,0,0,0,0,0
170495,0,1,0,0,0,0,0,0,0,0,0,0
170495,1,1,0,0,0,17,0,0,0,0,18,0
170496,1,1,0,0,0,0,0,0,0,0,0,0
170497,1,1,0,0,0,0,0,0,17,24,3,0
170497,2,1,15,19,11,0,14,10,15,4,30,15
170497,3,1,0,0,0,0,0,0,0,0,0,0
170498,1,1,25,25,25,25,25,25,25,25,25,25
170499,1,1,20,8,15,15,13,20,12,16,12,0
170499,2,1,0,4,0,0,25,0,0,19,0,0
170500,1,1,0,0,0,0,0,0,0,0,0,0
170500,2,1,0,0,0,0,0,0,0,0,0,0
170501,1,1,0,0,0,0,0,0,0,0,0,0
170501,2,1,0,0,0,0,0,0,0,0,0,0
170501,3,1,0,0,0,0,0,0,0,0,0,0
170502,1,1,0,0,0,0,0,0,0,0,0,0
170502,2,1,0,0,0,0,0,0,0,0,0,0
170503,1,1,4,4,4,4,4,4,4,4,4,4
170503,2,1,0,0,0,0,12,0,22,0,0,0
170504,1,1,0,0,0,0,0,0,0,0,0,0
170505,1,1,0,0,0,0,0,0,0,0,0,0
170505,2,1,0,0,0,0,0,0,0,0,0,0
170506,1,1,19,19,19,19,19,19,19,19,19,19
170506,2,1,0,0,0,0,0,0,0,0,0,0
170507,1,1,0,0,0,0,0,0,0,0,0,0
170507,2,1,0,0,0,0,0,0,0,0,0,0
170508,1,1,0,0,0,0,0,0,0,0,0,0
170509,0,1,0,0,0,0,0,0,0,0,0,0
170509,1,1,2,2,2,2,2,2,2,2,2,2
170510,0,1,12,0,0,0,0,0,0,0,17,0
170510,1,1,0,0,0,16,0,0,16,0,8,0
170511,1,1,0,0,0,0,0,0,0,0,0,0
170511,2,1,0,0,0,0,0,0,0,0,0,0
170512,1,1,24,24,24,24,24,24,24,24,24,24
170513,1,1,18,18,18,18,18,18,18,18,18,18
170514,1,1,22,22,22,22,22,22,22,22,22,22
170515,1,1,17,17,17,17,17,17,17,17,17,17
170516,0,1,0,0,0,0,0,0,0,0,0,0
170516,1,1,0,0,0,0,0,0,0,0,0,0
170517,1,1,13,13,13,13,13,13,13,13,13,13
170517,2,1,0,0,0,0,0,0,0,0,0,0
170518,1,1,19,19,19,19,19,19,19,19,19,19
170519,1,1,0,0,0,0,0,0,0,0,0,0
170519,2,1,0,11,0,0,0,0,13,24,0,8
170520,1,1,0,0,0,0,0,0,0,0,0,0
170520,2,1,0,0,0,0,0,0,0,0,0,0
170520,3,1,0,0,0,0,0,0,0,0,0,0
170521,1,1,0,0,0,0,0,0,0,0,0,0
170521,2,1,0,0,0,0,0,0,0,0,0,0
170521,3,1,0,0,0,0,0,0,0,0,0,0
170522,1,1,16,16,16,16,16,16,16,16,16,16
170523,1,1,22,10,0,0,0,0,7,0,0,0
170523,2,1,0,0,0,0,0,0,0,0,0,0
170524,1,1,0,0,0,0,0,0,0,0,0,0
170525,1,1,0,0,0,0,0,0,0,0,0,0
170525,2,1,0,0,0,0,0,0,0,0,0,0
170526,1,1,31,27,5,20,11,14,13,12,9,4
170527,1,1,11,11,11,11,11,11,11,11,11,11
170529,1,1,0,16,0,0,0,0,0,0,24,0
170529,2,1,0,0,0,0,0,0,0,0,0,0
170530,1,1,13,13,13,13,13,13,13,13,13,13
170531,1,1,0,0,0,9,0,0,0,0,19,0
170531,2,1,13,0,0,0,0,0,0,0,21,11
170532,1,1,22,25,20,16,24,11,19,6,24,5
170533,0,1,0,0,0,0,0,0,0,0,0,0
170533,1,1,16,16,16,16,16,16,16,16,16,16
170534,1,1,11,11,11,11,11,11,11,11,11,11
170535,1,1,0,0,0,0,0,0,0,0,0,0
170536,1,1,0,0,0,0,0,0,0,0,0,0
170537,1,1,0,0,0,0,0,0,0,0,0,0
170537,2,1,0,0,0,0,0,0,0,0,0,0
170538,0,1,7,7,7,7,7,7,7,7,7,7
170538,1,1,0,0,0,0,0,0,0,0,0,0
170539,1,1,0,0,0,0,0,0,14,18,16,27
170540,1,1,0,0,0,0,0,0,0,0,16,0
170541,1,1,0,0,0,0,0,5,0,0,0,0
170542,0,1,32,0,0,0,0,31,0,0,11,30
170542,1,1,1,1,1,1,1,1,1,1,1,1
170543,0,1,0,0,0,0,0,0,0,0,0,0
170543,1,1,0,0,0,0,0,0,0,0,0,0
170544,1,1,2,2,2,2,2,2,2,2,2,2
170544,2,1,0,0,0,0,0,0,0,0,0,0
170545,1,1,0,0,0,0,0,0,0,0,22,0
170545,2,1,0,0,20,0,0,0,0,0,24,0
170546,1,1,0,0,0,0,0,0,0,0,0,0
170546,2,1,0,0,0,0,0,0,0,0,0,0
170547,1,1,0,0,0,0,0,0,0,0,0,0
170547,2,1,0,0,0,0,0,0,0,0,0,0
170548,1,1,0,0,0,0,0,0,0,0,0,0
170548,2,1,0,0,0,0,0,0,0,0,0,0
170549,0,1,0,0,0,0,0,0,30,0,0,14
170549,0,2,0,0,0,0,0,0,0,0,0,0
170549,0,3,15,0,0,0,0,0,0,0,0,0
170549,0,4,0,0,0,0,0,0,0,18,0,0
170549,0,5,0,0,0,0,0,0,0,0,0,0
170549,1,1,0,0,0,0,0,0,0,0,0,0
170550,1,1,0,0,0,0,30,0,0,0,12,0
170550,2,1,0,0,0,0,0,0,0,0,0,0
170551,0,1,0,0,0,0,0,0,0,0,0,0
170551,1,1,0,0,0,0,0,0,0,0,0,0
170552,0,1,0,0,0,27,0,0,0,0,0,23
170552,0,2,0,0,0,0,0,0,0,0,0,0
170552,1,1,20,20,20,20,20,20,20,20,20,20
170553,1,1,19,19,19,19,19,19,19,19,19,19
170554,1,1,25,25,25,25,25,25,25,25,25,25
170555,1,1,17,17,17,17,17,17,17,17,17,17
170555,2,1,0,0,14,0,0,24,0,0,0,0
170556,1,1,0,0,0,0,0,0,0,0,0,0
170556,2,1,0,0,0,0,0,0,0,0,0,0
170557,1,1,0,0,0,0,0,0,0,0,0,0
170558,1,1,0,0,0,0,0,0,0,0,0,0
170559,1,1,1,1,1,1,1,1,1,1,1,1
170560,1,1,0,0,0,0,0,0,0,0,0,0
170560,2,1,0,0,0,0,0,0,0,0,0,0
170561,1,1,0,0,0,0,0,0,0,0,0,0
170561,2,1,0,0,0,0,0,0,0,0,0,0
170562,1,1,0,0,0,0,0,0,0,0,0,0
170562,2,1,0,0,0,0,0,0,0,0,0,0
170563,1,1,14,14,14,14,14,14,14,14,14,14
170563,2,1,0,0,18,0,0,0,0,0,0,0
170564,1,1,0,0,0,0,0,0,0,0,0,0
170565,1,1,1,1,1,1,1,1,1,1,1,1
170565,2,1,14,14,14,14,14,14,14,14,14,14
170566,0,1,0,5,11,16,19,11,0,11,0,0
170566,1,1,0,0,0,17,16,0,0,26,0,0
170567,1,1,18,18,18,18,18,18,18,18,18,18
170568,0,1,0,0,0,0,0,0,0,0,0,0
170568,1,1,0,0,0,0,0,0,0,0,0,0
170569,0,1,0,0,0,0,0,0,0,0,0,0
170569,1,1,0,0,0,0,0,0,0,0,0,0
170570,1,1,0,0,0,0,0,0,0,0,0,0
170570,2,1,0,0,0,0,0,0,0,0,0,0
170571,1,1,19,19,19,19,19,19,19,19,19,19
170572,1,1,19,19,19,19,19,19,19,19,19,19
170573,0,1,0,0,0,0,0,0,0,0,0,0
170573,1,1,10,0,0,0,0,0,4,11,0,0
170574,1,1,4,4,4,4,4,4,4,4,4,4
170575,1,1,15,15,15,15,15,15,15,15,15,15
170576,1,1,15,15,15,15,15,15,15,15,15,15
170577,1,1,17,17,17,17,17,17,17,17,17,17
170578,1,1,25,25,25,25,25,25,25,25,25,25
170579,1,1,0,0,0,0,0,0,0,0,0,0
170579,2,1,0,0,0,0,0,0,0,0,0,0
170580,1,1,0,0,0,0,0,0,0,0,0,0
170580,2,1,0,0,0,0,0,0,0,0,0,0
170580,3,1,0,20,0,0,0,0,0,0,0,0
170580,4,1,0,0,0,0,0,0,0,0,0,0
170581,1,1,0,0,0,14,0,0,0,0,0,0
170581,2,1,0,0,0,7,0,0,0,0,0,0
170582,0,1,0,0,0,0,0,0,0,0,0,0
170582,1,1,0,0,0,7,0,0,0,0,0,0
170583,1,1,0,0,0,0,0,0,0,0,0,0
170583,2,1,0,0,0,0,9,0,0,0,0,0
170584,0,1,24,0,0,0,11,0,18,17,0,26
170584,1,1,14,0,0,6,0,6,0,0,0,0
170585,1,1,0,0,0,0,0,22,0,0,0,14
170586,1,1,0,0,0,0,0,0,0,0,0,0
170587,1,1,0,0,0,0,0,0,0,0,0,0
170588,1,1,0,11,0,15,13,0,22,0,0,0
170589,0,1,24,24,24,24,24,24,24,24,24,24
170589,1,1,0,0,0,0,0,0,0,0,0,0
170590,1,1,0,0,0,0,0,0,0,0,0,0
170591,0,1,0,0,24,0,0,0,8,0,0,0
170591,1,1,0,0,0,0,0,0,0,0,0,0
170592,1,1,0,0,0,0,0,0,6,0,0,0
170592,2,1,0,0,0,0,0,13,0,19,0,0
170592,3,1,0,0,0,0,0,0,0,0,0,0
170593,1,1,12,12,12,12,12,12,12,12,12,12
170593,2,1,0,0,0,0,0,0,9,0,0,0
170594,1,1,0,0,0,0,0,0,0,0,0,0
170594,2,1,0,0,0,0,0,0,0,0,0,0
170595,0,1,0,0,0,0,0,0,0,0,0,0
170595,1,1,0,0,16,0,0,0,0,0,0,0
170596,1,1,0,0,0,0,0,0,0,0,0,0
170596,2,1,0,0,0,0,0,0,0,0,0,0
170597,1,1,0,0,0,0,0,0,0,0,0,0
170598,1,1,17,17,17,17,17,17,17,17,17,17
170598,2,1,0,0,0,0,0,0,0,0,0,0
170599,1,1,31,31,31,31,31,31,31,31,31,31
170600,1,1,0,0,0,0,0,0,0,0,0,0
170600,2,1,0,0,0,0,0,0,0,0,0,0
170601,1,1,0,0,0,0,0,0,0,0,0,0
170601,2,1,0,0,0,0,0,0,0,0,0,0
170602,0,1,9,0,21,0,0,12,32,25,0,0
170602,1,1,0,0,5,24,17,0,0,0,15,0
170603,1,1,0,0,0,0,0,0,0,0,0,0
170603,2,1,0,0,0,0,0,0,0,0,0,12
170604,1,1,0,0,0,0,0,0,0,0,0,0
170604,2,1,0,0,0,0,10,0,0,0,0,0
170605,1,1,0,0,0,0,0,0,0,0,0,0
170606,1,1,0,0,0,0,0,0,0,0,0,0
170606,2,1,0,0,0,0,0,0,0,0,0,0
170607,1,1,0,0,0,0,0,0,0,0,0,0
170607,2,1,0,0,0,0,0,0,0,0,0,0
170608,0,1,15,15,15,15,15,15,15,15,15,15
170608,1,1,0,0,14,0,14,0,15,21,0,14
170609,1,1,0,0,0,0,0,0,0,0,0,0
170610,1,1,0,0,0,0,0,0,0,0,0,0
170611,1,1,16,16,16,16,16,16,16,16,16,16
170612,1,1,9,9,9,9,9,9,9,9,9,9
170613,1,1,0,0,0,0,0,0,0,0,0,0
170613,2,1,0,0,0,0,0,0,0,0,0,0
170614,1,1,0,11,0,0,0,10,9,0,0,0
170614,2,1,0,0,0,0,0,0,0,0,0,0
170615,1,1,0,0,0,0,0,0,0,0,0,0
170616,1,1,18,18,18,18,18,18,18,18,18,18
170616,2,1,0,0,0,0,0,0,0,0,0,0
170617,1,1,0,0,0,0,0,0,0,0,0,0
170618,0,1,3,3,3,3,3,3,3,3,3,3
170618,1,1,0,0,0,0,0,0,0,0,0,0
170619,0,1,21,21,21,21,21,21,21,21,21,21
170619,1,1,0,8,0,0,0,0,0,0,0,0
170620,1,1,0,0,0,0,0,0,0,0,0,15
170620,2,1,0,0,0,0,0,20,0,0,0,0
170621,1,1,0,0,0,0,0,0,0,0,0,0
170621,2,1,0,0,0,11,23,0,12,0,0,0
170622,1,1,0,0,0,0,0,0,0,0,0,0
170623,0,1,33,33,33,33,33,33,33,33,33,33
170623,1,1,0,9,11,0,0,0,0,0,0,0
170624,1,1,0,0,0,0,0,0,15,24,0,22
170624,2,1,17,17,17,17,17,17,17,17,17,17
170625,0,1,23,23,23,23,23,23,23,23,23,23
170625,1,1,11,11,11,11,11,11,11,11,11,11
170626,1,1,7,7,7,7,7,7,7,7,7,7
170627,1,1,18,18,18,18,18,18,18,18,18,18
170628,0,1,0,0,0,0,0,0,0,0,0,0
170628,1,1,0,0,0,0,0,0,0,0,0,0
170629,1,1,14,14,14,14,14,14,14,14,14,14
170631,0,1,0,0,0,0,0,0,0,0,0,0
170631,1,1,0,0,0,0,0,0,0,0,0,0
170632,0,1,0,0,0,0,0,0,0,0,0,0
170632,1,1,0,0,0,0,0,0,0,12,0,0
170633,0,1,17,0,0,18,0,0,0,35,0,4
170633,1,1,0,0,0,0,0,0,0,0,0,0
170634,0,1,0,0,0,0,0,0,0,0,0,0
170634,1,1,0,0,0,0,0,0,0,0,0,0
170635,0,1,0,0,0,0,0,0,0,0,0,0
170635,1,1,0,0,0,0,0,0,0,0,0,0
170636,0,1,0,0,0,0,0,0,0,0,0,0
170636,1,1,0,0,0,0,0,7,0,0,0,0
170637,1,1,5,5,5,5,5,5,5,5,5,5
170638,1,1,0,0,0,0,0,0,0,0,0,0
170639,0,1,0,0,0,0,0,0,0,0,0,0
170639,1,1,0,0,0,0,0,0,0,0,0,0
170640,1,1,0,0,0,0,0,0,0,0,0,0
170641,1,1,0,0,0,0,0,0,0,0,0,0
170642,1,1,20,20,20,20,20,20,20,20,20,20
170642,2,1,0,0,0,0,0,0,0,0,0,0
170642,3,1,9,0,6,0,0,0,6,0,0,10
170643,1,1,23,23,23,23,23,23,23,23,23,23
170644,0,1,0,0,0,0,0,0,0,0,0,0
170644,1,1,0,24,0,11,0,0,0,0,14,0
170645,1,1,0,32,0,0,20,10,0,7,0,0
170645,2,1,0,0,13,0,0,0,0,0,0,0
170646,1,1,17,17,17,17,17,17,17,17,17,17
170647,1,1,12,29,15,0,8,0,0,22,8,0
170648,1,1,4,4,4,4,4,4,4,4,4,4
170648,2,1,0,0,0,0,0,0,0,0,24,0
170648,3,1,0,0,0,0,0,0,0,0,25,0
170649,1,1,10,10,10,10,10,10,10,10,10,10
170650,1,1,14,14,14,14,14,14,14,14,14,14
170651,0,1,11,11,11,11,11,11,11,11,11,11
170651,0,2,0,0,0,6,0,0,29,0,0,0
170651,1,1,0,0,0,0,0,0,0,0,0,0
170652,1,1,0,0,0,0,0,0,0,0,0,0
170653,1,1,0,0,0,0,0,0,18,0,0,0
170654,1,1,0,0,0,0,0,0,0,0,0,0
170655,0,1,0,0,0,0,0,0,0,0,0,0
170655,1,1,0,0,0,0,0,0,0,0,0,0
170656,1,1,25,25,25,25,25,25,25,25,25,25
170656,2,1,0,0,0,0,0,0,0,0,0,0
170656,4,1,0,0,0,0,0,0,0,0,0,0
170657,1,1,0,0,0,0,0,0,0,0,0,0
170657,2,1,0,0,0,0,0,0,0,0,0,0
170657,3,1,0,0,0,0,0,0,0,0,0,0
170659,1,1,14,14,14,14,14,14,14,14,14,14
170660,1,1,2,2,2,2,2,2,2,2,2,2
170660,2,1,0,0,0,0,0,0,0,0,0,0
170661,1,1,0,0,0,0,0,0,0,0,0,0
170661,2,1,0,0,0,0,0,0,0,0,0,0
170662,1,1,0,0,0,0,0,0,0,0,0,0
170662,2,1,0,0,0,0,0,0,0,0,0,0
170663,1,1,31,31,31,31,31,31,31,31,31,31
170664,1,1,0,0,0,0,0,0,0,0,0,0
170664,2,1,0,0,0,0,0,0,0,0,0,0
170665,1,1,2,2,2,2,2,2,2,2,2,2
170665,2,1,0,0,0,0,0,0,0,0,0,0
170665,3,1,0,0,0,0,0,0,0,0,0,0
170666,1,1,0,0,0,0,0,0,0,0,0,0
170666,2,1,0,0,0,0,0,0,0,0,0,0
170666,3,1,0,0,0,0,0,0,0,0,0,21
170666,4,1,0,0,0,0,0,0,0,0,0,0
170667,1,1,15,15,15,15,15,15,15,15,15,15
170667,2,1,0,0,0,0,0,0,0,0,0,0
170667,3,1,0,0,0,0,0,0,0,0,0,0
170668,0,1,36,36,36,36,36,36,36,36,36,36
170668,1,1,0,0,0,0,0,0,0,0,0,0
170669,1,1,0,0,0,0,0,0,0,0,0,0
170669,2,1,0,0,0,0,0,0,0,0,0,0
170670,1,1,0,0,0,0,0,0,0,0,0,0
170670,2,1,0,0,0,0,0,0,0,0,0,0
170671,1,1,27,27,27,27,27,27,27,27,27,27
170672,1,1,0,0,0,0,0,0,0,0,0,0
170672,2,1,0,0,0,0,0,0,0,0,0,0
170672,3,1,0,0,0,0,0,0,0,0,0,0
170673,1,1,0,0,0,0,0,0,0,0,0,0
170674,1,1,19,19,19,19,19,19,19,19,19,19
170675,0,1,0,0,0,0,0,0,0,0,0,0
170675,1,1,11,0,0,0,25,0,0,0,0,42
170676,1,1,14,0,0,20,8,0,0,17,0,17
170676,2,1,0,0,0,0,0,0,0,0,0,0
170677,0,1,0,0,0,0,0,0,0,0,0,0
170677,1,1,0,0,0,0,0,0,0,0,0,0
170678,0,1,18,18,18,18,18,18,18,18,18,18
170678,1,1,0,0,0,0,0,0,0,0,0,0
170679,1,1,18,18,18,18,18,18,18,18,18,18
170681,1,1,0,0,0,0,0,0,0,0,0,0
170682,0,1,0,0,0,0,0,0,0,0,0,0
170682,1,1,16,0,0,0,0,0,0,0,0,0
170683,0,1,0,0,0,18,19,0,0,0,0,14
170683,1,1,0,0,0,0,0,0,0,0,0,0
170684,0,1,8,8,8,8,8,8,8,8,8,8
170684,1,1,15,15,15,15,15,15,15,15,15,15
170685,1,1,4,4,4,4,4,4,4,4,4,4
170685,2,1,0,0,0,0,0,0,0,0,0,0
170686,1,1,0,0,0,0,0,0,0,0,0,0
170686,2,1,0,0,0,0,0,0,0,0,0,0
170686,3,1,0,0,0,0,0,0,0,0,0,0
170686,4,1,0,27,0,0,0,0,0,0,0,0
170686,5,1,0,0,0,18,27,0,0,0,24,0
170687,0,1,16,12,14,0,0,5,30,0,0,0
170687,1,1,12,14,17,18,20,18,23,13,23,19
170688,1,1,0,0,0,0,0,0,0,0,0,0
170689,1,1,21,21,21,21,21,21,21,21,21,21
170690,1,1,0,0,0,0,0,0,0,0,0,0
170691,0,1,5,5,5,5,5,5,5,5,5,5
170691,1,1,0,0,29,0,21,0,0,0,0,0
170692,1,1,0,0,0,0,0,0,0,0,0,0
170692,2,1,0,0,0,0,0,0,0,0,0,0
170693,0,1,2,2,2,2,2,2,2,2,2,2
170693,1,1,0,0,0,0,0,0,0,0,0,0
170694,1,1,0,0,0,0,0,0,0,0,0,0
170695,1,1,24,24,24,24,24,24,24,24,24,24
170696,1,1,0,0,0,0,0,0,0,0,0,0
170698,0,1,0,0,0,0,0,0,0,0,0,0
170698,1,1,0,0,0,0,0,0,0,0,0,0
170699,1,1,0,0,0,0,0,0,0,0,0,0
170700,1,1,19,19,19,19,19,19,19,19,19,19
170701,0,1,0,0,0,0,0,0,0,0,0,0
170701,1,1,0,0,8,0,0,0,0,0,0,30
170702,1,1,0,0,0,0,0,0,0,0,0,0
170702,2,1,0,0,0,0,0,0,0,0,0,0
170703,1,1,0,0,0,0,0,0,0,0,0,0
170703,2,1,0,0,0,0,0,0,0,0,0,0
170703,3,1,0,0,0,0,0,0,0,0,0,0
170703,4,1,0,0,0,10,0,0,0,0,0,0
170704,1,1,12,12,12,12,12,12,12,12,12,12
170705,1,1,14,14,14,14,14,14,14,14,14,14
170705,2,1,0,0,0,0,0,0,0,0,0,0
170706,1,1,0,0,0,0,0,0,0,0,0,0
170707,1,1,0,0,0,0,0,0,0,0,0,0
170707,2,1,0,0,0,0,0,0,0,0,0,0
170708,1,1,0,0,0,15,0,0,0,0,0,0
170708,2,1,0,0,0,0,0,0,0,0,0,0
170709,0,1,23,23,23,23,23,23,23,23,23,23
170709,1,1,0,0,0,0,0,0,7,0,31,0
170710,1,1,17,39,0,0,0,20,0,0,0,4
170711,1,1,0,0,0,22,0,0,0,0,0,0
170712,1,1,7,7,7,7,7,7,7,7,7,7
170713,1,1,5,5,5,5,5,5,5,5,5,5
170713,2,1,0,0,0,0,0,0,0,0,0,0
170714,0,1,16,16,16,16,16,16,16,16,16,16
170714,1,1,0,0,0,0,0,0,0,0,0,0
170715,1,1,11,0,0,1,0,0,0,33,0,0
170716,0,1,1,1,1,1,1,1,1,1,1,1
170716,1,1,0,0,0,0,0,15,0,0,0,0
170717,1,1,24,0,0,22,0,0,0,0,0,0
170717,2,1,0,0,0,0,0,0,0,0,24,0
170718,1,1,27,27,27,27,27,27,27,27,27,27
170718,2,1,0,0,0,0,0,0,0,0,0,0
170719,1,1,0,0,0,3,0,14,0,0,7,19
170720,1,1,17,0,0,0,14,32,0,16,30,0
170722,1,1,19,9,23,24,18,11,9,19,11,12
170723,1,1,0,0,0,0,0,0,0,0,0,0
170724,0,1,0,0,0,0,0,0,0,0,0,0
170724,1,1,0,0,0,25,0,0,0,0,0,0
170725,1,1,0,0,0,0,0,0,0,0,0,0
170725,2,1,0,0,0,0,0,0,0,0,0,0
170726,1,1,0,0,0,0,0,0,0,0,0,0
170726,2,1,0,0,0,0,0,0,0,0,0,0
170727,1,1,0,12,0,0,0,0,0,0,0,0
170727,2,1,0,0,0,0,0,0,0,0,0,0
170728,1,1,0,0,0,0,0,0,0,0,0,0
170728,2,1,0,0,0,0,19,0,0,0,0,0
170729,1,1,0,0,0,0,0,0,0,0,0,0
170730,1,1,0,0,0,0,0,0,0,0,0,0
170730,2,1,0,0,0,0,0,0,0,0,0,0
170731,1,1,0,0,0,0,0,0,0,0,0,0
170731,2,1,0,0,0,0,0,0,0,0,0,0
170732,1,1,0,0,0,0,0,0,0,0,0,0
170732,2,1,0,0,0,0,0,0,0,0,0,0
170733,1,1,1,1,1,1,1,1,1,1,1,1
170734,1,1,0,0,25,4,0,0,0,0,0,0
170734,2,1,0,0,0,0,0,19,0,0,0,0
170735,0,1,17,32,0,0,31,16,0,0,33,28
170735,1,1,0,0,0,0,0,0,0,0,0,0
170736,1,1,0,0,0,0,0,0,0,0,27,0
170737,1,1,0,0,0,0,0,0,0,0,0,0
170737,2,1,0,0,0,0,0,0,0,0,0,0
170739,1,1,0,0,0,0,0,0,0,0,0,0
170739,2,1,0,0,0,0,0,0,0,0,0,0
170740,1,1,25,22,25,19,10,11,19,14,10,16
170741,1,1,0,0,0,0,0,0,0,0,0,0
170742,1,1,0,0,0,0,0,7,0,16,0,0
170743,1,1,11,11,11,11,11,11,11,11,11,11
170744,0,1,0,0,0,0,0,0,0,0,0,0
170744,1,1,0,0,0,0,0,0,0,0,0,0
170745,0,1,0,0,0,0,0,0,0,0,0,0
170745,1,1,0,0,0,0,0,0,0,0,0,0
170746,0,1,0,0,31,16,0,37,19,0,16,17
170746,0,2,14,17,23,0,0,0,0,0,0,0
170746,1,1,8,8,8,8,8,8,8,8,8,8