ST_CASE,VEH_NO,PER_NO,P1,P2,P3,P4,P5,P6,P7,P8,P9,P10
170747,1,1,0,12,10,10,0,0,0,0,0,0
170748,1,1,17,17,17,17,17,17,17,17,17,17
170749,1,1,0,0,0,0,0,0,0,0,0,0
170750,0,1,0,0,0,0,0,0,0,0,0,0
170750,1,1,0,0,0,0,0,0,0,13,0,0
170751,1,1,0,0,0,0,0,0,0,0,0,0
170752,1,1,0,0,0,0,0,0,0,0,0,0
170753,1,1,25,25,25,25,25,25,25,25,25,25
170753,2,1,0,0,0,0,0,0,11,0,0,0
170753,3,1,0,0,0,9,9,0,0,0,0,0
170754,0,1,0,0,0,0,0,0,0,0,0,0
170754,1,1,0,0,0,0,0,0,0,0,0,0
170755,1,1,0,0,0,0,0,0,0,0,0,0
170755,2,1,0,0,0,0,13,6,0,0,0,0
170755,3,1,0,0,0,0,0,0,0,0,20,0
170756,0,1,0,0,0,0,0,0,0,0,0,0
170756,0,2,0,0,0,0,0,0,0,0,0,0
170756,1,1,7,7,7,7,7,7,7,7,7,7
170757,1,1,0,0,0,0,0,0,0,0,0,0
170757,2,1,0,0,0,0,0,11,0,0,0,0
170759,1,1,20,20,20,20,20,20,20,20,20,20
170760,1,1,0,0,0,0,0,0,0,0,0,0
170761,1,1,0,0,0,0,0,0,0,0,0,0
170761,2,1,0,0,0,0,0,0,0,0,0,0
170762,1,1,0,0,0,0,0,0,0,0,0,0
170762,2,1,0,0,0,0,0,0,0,0,0,0
170763,1,1,14,0,0,0,0,0,23,0,0,29
170763,2,1,0,0,0,0,0,18,3,14,0,0
170764,1,1,0,0,0,0,0,0,0,0,0,0
170764,2,1,0,0,0,0,0,0,0,0,0,0
170765,1,1,0,0,0,0,0,0,0,0,0,0
170765,2,1,0,0,0,0,0,0,0,0,0,0
170766,1,1,10,10,10,10,10,10,10,10,10,10
170766,2,1,0,0,0,0,0,0,0,0,0,0
170767,1,1,0,0,0,0,0,0,0,0,0,0
170767,2,1,0,0,0,0,0,0,0,0,0,0
170768,0,1,0,0,0,0,0,0,0,0,0,0
170768,1,1,0,0,0,0,0,0,0,0,0,0
170769,1,1,0,0,0,0,0,12,20,0,0,0
170770,0,1,0,0,0,0,0,0,0,0,0,0
170770,1,1,0,0,0,0,0,22,0,0,0,0
170771,1,1,0,18,0,0,0,0,0,0,0,0
170771,2,1,0,0,0,0,0,0,0,0,0,0
170772,0,1,0,0,0,0,0,0,0,0,0,0
170772,1,1,0,0,0,0,0,0,0,0,0,0
170772,2,1,0,0,0,0,0,0,0,0,0,0
170773,1,1,0,0,0,0,0,0,0,0,0,0
170773,2,1,0,0,0,0,0,0,0,0,0,0
170773,3,1,0,0,0,0,0,0,0,0,0,0
170773,4,1,0,0,0,0,0,0,0,0,0,0
170773,5,1,0,0,0,0,0,0,0,0,0,0
170774,1,1,0,11,0,18,18,0,0,0,0,0
170775,1,1,0,0,0,0,0,0,0,0,0,0
170775,2,1,0,0,0,0,0,0,0,0,0,0
170775,3,1,0,0,0,0,0,0,0,0,0,0
170776,1,1,0,0,0,0,0,0,0,0,0,0
170776,2,1,0,0,0,0,0,0,0,0,0,0
170777,1,1,21,21,21,21,21,21,21,21,21,21
170777,2,1,0,0,0,0,0,0,0,0,0,0
170777,3,1,0,0,0,20,0,0,0,0,0,0
170777,4,1,0,0,0,0,0,0,0,0,0,0
170777,5,1,0,0,0,0,0,0,17,0,0,0
170778,1,1,29,29,29,29,29,29,29,29,29,29
170779,1,1,0,0,0,0,0,0,0,0,0,0
170779,2,1,0,0,0,0,0,0,0,0,0,0
170780,1,1,0,0,0,0,0,0,0,0,0,0
170780,2,1,0,0,0,0,0,0,0,0,0,0
170781,1,1,0,0,0,0,0,0,0,0,0,0
170782,1,1,35,35,35,35,35,35,35,35,35,35
170783,1,1,30,30,30,30,30,30,30,30,30,30
170783,2,1,0,0,0,0,0,0,0,0,0,0
170784,1,1,19,19,19,19,19,19,19,19,19,19
170785,1,1,0,0,0,13,0,0,0,0,0,0
170785,2,1,0,0,0,0,0,0,0,0,0,0
170786,0,1,10,10,10,10,10,10,10,10,10,10
170786,1,1,0,0,0,0,0,0,0,0,0,0
170787,1,1,22,22,22,22,22,22,22,22,22,22
170788,1,1,22,22,22,22,22,22,22,22,22,22
170789,1,1,19,19,19,19,19,19,19,19,19,19
170789,2,1,0,0,0,0,0,0,0,0,0,0
170790,1,1,15,15,15,15,15,15,15,15,15,15
170791,1,1,0,0,0,0,0,0,2,0,0,0
170791,2,1,0,0,0,0,0,0,0,0,0,0
170791,3,1,0,0,0,0,0,0,0,0,0,0
170792,0,1,0,0,0,0,0,0,0,0,0,0
170792,1,1,0,0,0,0,0,0,0,0,0,0
170793,1,1,0,0,0,0,0,0,0,0,0,0
170793,2,1,0,0,0,0,0,0,0,0,0,0
170793,3,1,0,0,0,0,0,0,0,0,0,0
170794,0,1,35,35,35,35,35,35,35,35,35,35
170794,1,1,0,0,0,0,0,0,0,0,0,0
170795,0,1,0,0,0,0,0,0,0,0,0,0
170795,1,1,0,0,0,0,0,0,0,0,0,0
170796,1,1,7,0,42,0,0,0,24,0,0,18
170797,1,1,0,0,0,0,0,0,0,0,0,0
170797,2,1,0,0,0,0,0,0,0,0,0,0
170798,1,1,0,0,0,11,0,0,0,0,0,0
170798,2,1,0,0,0,0,0,0,0,0,0,0
170798,3,1,0,0,0,0,0,0,0,0,0,0
170799,1,1,0,0,0,0,0,0,0,0,0,0
170800,1,1,0,0,0,28,0,9,0,3,0,0
170800,2,1,0,0,0,0,0,0,0,0,0,14
170800,3,1,6,0,0,0,0,0,0,0,0,35
170801,1,1,0,0,0,0,0,0,0,0,0,0
170802,1,1,0,0,0,0,0,0,0,0,0,0
170803,1,1,0,0,0,0,0,0,0,0,0,0
170803,2,1,0,0,0,0,0,0,0,0,0,0
170804,0,1,0,0,28,0,0,33,0,0,0,0
170804,0,2,0,0,0,0,6,0,10,0,0,0
170804,1,1,0,0,0,0,0,8,0,0,0,0
170805,0,1,0,0,0,0,0,0,0,0,0,0
170805,1,1,0,0,0,0,0,0,0,0,0,0
170806,1,1,23,23,23,23,23,23,23,23,23,23
170807,0,1,44,44,44,44,44,44,44,44,44,44
170807,1,1,0,0,0,0,0,0,0,0,18,0
170808,0,1,30,30,30,30,30,30,30,30,30,30
170808,1,1,0,16,0,12,20,0,0,22,19,0
170809,1,1,0,0,0,0,0,0,35,0,0,0
170809,2,1,0,0,0,0,0,0,0,0,0,0
170810,0,1,1,1,1,1,1,1,1,1,1,1
170810,1,1,0,0,0,0,0,0,0,0,0,0
170811,1,1,0,0,0,0,0,0,0,0,0,0
170811,2,1,0,0,0,30,0,0,0,0,0,14
170812,1,1,36,16,6,15,18,30,18,15,23,13
170813,1,1,0,0,0,0,0,0,0,0,0,0
170813,2,1,0,0,0,0,0,0,0,0,0,0
170814,0,1,0,0,0,0,0,0,0,0,0,0
170814,1,1,6,0,18,0,0,33,0,0,23,0
170814,2,1,0,20,0,16,19,0,0,0,0,0
170815,1,1,21,21,21,21,21,21,21,21,21,21
170816,1,1,0,0,0,0,0,0,0,0,0,0
170816,2,1,0,0,0,0,0,0,0,0,0,0
170817,1,1,0,0,0,0,0,0,0,0,0,0
170818,1,1,0,0,0,0,0,0,0,0,0,0
170819,1,1,0,0,0,0,0,0,0,0,0,0
170819,2,1,0,0,0,7,0,0,0,0,0,0
170820,0,1,0,0,0,0,0,0,0,0,0,0
170820,1,1,0,0,0,0,0,0,0,0,0,0
170821,0,1,0,0,0,0,0,0,0,0,0,0
170821,1,1,0,0,18,8,0,15,0,0,0,0
170822,0,1,0,0,0,0,0,0,0,0,0,0
170822,1,1,0,0,0,0,0,0,0,0,0,0
170823,1,1,0,0,0,0,0,0,0,0,0,0
170823,2,1,0,20,0,0,0,0,0,0,0,0
170823,3,1,0,0,0,0,0,0,0,25,0,0
170824,1,1,0,0,0,0,0,0,0,0,0,0
170824,2,1,0,0,0,0,0,0,0,0,0,0
170824,3,1,0,0,0,0,6,0,0,0,0,0
170824,4,1,0,0,11,0,0,0,0,0,0,0
170825,0,1,0,0,0,0,0,0,0,0,0,0
170825,1,1,12,12,12,12,12,12,12,12,12,12
170826,1,1,0,0,12,5,0,0,0,0,0,0
170826,2,1,0,0,0,0,0,0,0,0,0,0
170827,1,1,0,0,0,0,0,0,0,0,0,0
170827,2,1,0,0,0,0,0,0,0,0,0,0
170828,1,1,0,0,0,0,0,15,0,0,0,17
170828,2,1,0,0,0,0,0,0,0,0,0,0
170828,3,1,0,0,0,0,0,0,0,0,0,0
170829,1,1,29,29,29,29,29,29,29,29,29,29
170830,1,1,18,18,18,18,18,18,18,18,18,18
170831,1,1,0,0,0,0,0,0,0,0,0,0
170832,1,1,0,0,0,0,0,0,0,0,0,0
170833,1,1,0,0,0,0,0,0,16,0,0,0
170833,2,1,0,0,13,0,0,9,11,0,8,12
170833,3,1,0,0,0,0,0,0,0,0,0,0
170834,1,1,0,0,0,0,0,0,0,0,0,0
170834,2,1,0,0,0,0,0,0,0,0,0,0
170835,1,1,0,0,0,0,0,0,0,0,0,0
170835,2,1,0,0,0,0,0,0,0,0,0,0
170836,1,1,0,0,5,0,0,0,0,0,0,0
170836,2,1,0,0,0,0,0,0,0,0,0,0
170837,1,1,0,0,0,0,0,0,0,0,0,0
170838,1,1,18,18,18,18,18,18,18,18,18,18
170839,1,1,0,0,0,0,0,0,0,0,0,0
170839,2,1,0,0,0,0,0,0,0,0,0,0
170840,1,1,0,0,0,0,0,0,0,0,0,0
170841,0,1,3,3,3,3,3,3,3,3,3,3
170841,1,1,0,0,0,0,0,0,0,0,5,0
170842,1,1,0,0,0,0,0,0,0,0,0,0
170843,0,1,0,0,0,0,0,0,0,0,0,0
170843,1,1,0,0,0,0,0,0,0,0,0,0
170844,1,1,1,1,1,1,1,1,1,1,1,1
170845,0,1,0,0,0,0,0,0,0,0,0,0
170845,1,1,0,0,0,20,0,0,0,0,0,0
170846,1,1,0,0,0,0,0,0,0,0,0,0
170847,1,1,0,0,0,0,0,7,0,20,6,0
170847,2,1,0,0,0,0,0,0,0,16,0,0
170848,0,1,0,0,0,21,0,0,0,0,0,0
170849,1,1,0,0,0,0,0,0,0,0,0,0
170850,0,1,21,21,21,21,21,21,21,21,21,21
170851,1,1,0,0,0,0,0,0,0,0,0,0
170851,2,1,0,6,0,0,0,0,0,0,0,0
170851,3,1,0,0,0,0,0,0,0,0,0,0
170852,1,1,0,0,0,0,0,0,0,0,0,0
170852,2,1,13,0,0,0,0,0,0,0,0,0
170853,1,1,0,0,0,0,0,0,0,0,0,0
170853,2,1,0,0,0,0,0,0,0,0,0,0
170853,3,1,0,0,22,0,28,10,9,0,0,0
170853,4,1,0,0,0,0,0,0,0,0,0,0
170853,5,1,0,0,0,0,0,0,4,16,6,6
170853,6,1,0,0,0,12,0,0,8,0,28,0
170854,1,1,0,0,0,0,0,0,0,0,0,0
170855,1,1,0,0,0,0,0,0,0,0,0,0
170855,2,1,0,0,0,0,0,0,0,0,0,0
170856,0,1,13,23,25,10,9,33,19,41,12,24
170856,1,1,0,0,7,16,23,0,0,17,0,0
170857,1,1,0,0,0,0,0,0,0,0,0,0
170857,2,1,0,0,0,0,0,0,0,0,0,0
170858,1,1,26,0,0,29,20,13,20,0,20,7
170859,1,1,0,0,0,0,0,0,0,0,0,0
170859,2,1,0,0,0,0,0,0,0,0,0,0
170860,1,1,13,13,13,13,13,13,13,13,13,13
170861,1,1,21,21,21,21,21,21,21,21,21,21
170861,2,1,3,0,0,0,0,0,20,0,0,0
170862,1,1,13,13,13,13,13,13,13,13,13,13
170862,2,1,8,0,0,0,0,0,0,0,0,0
170863,1,1,0,0,0,0,0,0,0,0,0,0
170864,1,1,0,0,0,0,0,0,0,0,0,0
170864,2,1,0,0,0,0,0,0,0,0,0,0
170865,0,1,0,0,0,0,0,0,0,0,0,0
170865,1,1,0,0,0,9,0,0,0,0,12,13
170866,1,1,26,26,26,26,26,26,26,26,26,26
170867,1,1,18,18,18,18,18,18,18,18,18,18
170868,1,1,0,0,0,0,0,0,0,0,0,0
170869,1,1,15,15,15,15,15,15,15,15,15,15
170869,2,1,13,13,13,13,13,13,13,13,13,13
170870,0,1,17,32,12,18,14,16,0,15,0,44
170870,1,1,0,0,0,0,0,0,0,0,9,0
170871,1,1,25,25,25,25,25,25,25,25,25,25
170872,0,1,0,0,0,0,0,0,0,0,0,0
170872,0,2,27,4,0,0,25,0,0,34,18,0
170872,1,1,0,35,0,0,0,0,3,0,0,0
170873,0,1,9,9,9,9,9,9,9,9,9,9
170873,1,1,0,0,0,0,0,11,0,0,0,0
170874,1,1,0,0,0,16,0,0,0,0,17,0
170874,2,1,0,0,0,0,0,0,0,0,0,0
170875,1,1,0,0,0,0,0,0,0,0,0,0
170875,2,1,0,0,0,0,0,0,0,0,0,0
170876,1,1,22,22,22,22,22,22,22,22,22,22
170877,1,1,0,0,0,0,0,0,0,0,0,0
170877,2,1,0,0,0,0,0,0,0,0,0,0
170877,3,1,0,1,0,0,0,0,0,0,0,6
170878,1,1,0,0,0,12,0,15,0,11,10,0
170879,1,1,0,0,0,0,0,0,0,0,0,0
170879,2,1,0,0,0,0,0,0,0,0,0,0
170880,1,1,12,12,27,14,0,12,0,0,17,23
170881,1,1,8,8,8,8,8,8,8,8,8,8
170883,0,1,0,0,0,0,0,0,0,0,0,0
170883,1,1,0,0,0,0,0,0,0,0,0,0
170884,1,1,13,13,13,13,13,13,13,13,13,13
170884,2,1,0,0,0,0,0,0,19,0,0,0
170885,1,1,11,11,11,11,11,11,11,11,11,11
170885,2,1,0,0,0,0,0,0,0,0,0,0
170886,1,1,0,0,0,0,0,0,0,0,0,0
170886,2,1,0,0,0,0,0,0,0,0,0,0
170887,1,1,15,15,15,15,15,15,15,15,15,15
170887,2,1,0,0,0,0,0,0,0,0,0,0
170888,1,1,13,21,12,30,29,9,6,35,15,0
170888,2,1,0,5,0,0,4,7,9,0,0,0
170888,3,1,0,0,0,0,0,0,0,0,0,15
170888,4,1,0,0,0,0,0,0,0,0,0,0
170889,1,1,0,0,0,0,0,0,0,0,0,0
170890,1,1,0,0,15,24,0,0,0,11,0,15
170891,0,1,0,0,0,0,0,0,0,0,0,0
170891,1,1,0,27,0,0,0,0,0,0,0,0
170892,1,1,0,0,0,0,0,0,0,0,0,0
170892,2,1,0,0,0,0,0,0,0,0,0,0
170893,1,1,0,0,0,0,19,0,0,0,7,0
170893,2,1,4,4,4,4,4,4,4,4,4,4
170894,1,1,0,0,0,14,5,0,28,0,0,0
170894,2,1,0,0,0,0,0,0,0,0,0,0
170895,0,1,6,0,7,0,0,0,0,0,23,0
170895,1,1,0,0,0,0,0,0,0,0,3,0
170896,1,1,0,0,0,0,0,0,0,0,0,0
170897,0,1,0,0,0,0,0,0,0,0,0,0
170897,1,1,0,0,0,0,0,0,0,0,0,0
170898,1,1,0,0,0,0,0,0,0,0,0,0
170898,2,1,0,0,0,0,0,0,0,0,0,0
170898,3,1,0,0,0,0,0,0,0,0,0,0
170898,4,1,0,0,0,0,0,0,0,0,0,0
170899,1,1,11,9,13,2,9,19,4,20,14,17
170899,2,1,1,1,1,1,1,1,1,1,1,1
170899,3,1,0,0,0,0,0,0,0,0,0,0
170900,1,1,16,10,25,0,9,0,22,0,20,0
170901,1,1,0,0,0,0,0,12,0,0,0,12
170902,1,1,0,0,0,0,0,0,0,0,0,0
170903,1,1,16,5,36,24,0,17,28,0,13,24
170903,2,1,0,0,0,0,0,0,0,0,0,0
170904,1,1,0,0,12,0,0,0,0,0,0,0
170904,2,1,0,0,0,0,0,0,0,0,0,0
170905,0,1,0,0,0,0,0,0,0,0,0,0
170905,1,1,0,0,0,0,0,0,0,0,0,0
170906,1,1,0,0,0,0,0,0,0,0,0,0
170906,2,1,0,0,0,14,0,0,0,0,0,0
170906,3,1,0,0,0,0,0,0,0,29,0,0
170906,4,1,0,0,0,0,0,0,0,31,0,0
170907,0,1,23,23,23,23,23,23,23,23,23,23
170907,1,1,0,0,0,0,0,0,0,0,0,0
170908,1,1,0,0,9,10,15,0,0,0,0,15
170908,2,1,0,0,0,0,0,0,0,0,0,0
170909,1,1,19,19,19,19,19,19,19,19,19,19
170910,1,1,0,0,0,0,0,0,0,0,0,0
170910,2,1,0,0,0,0,0,0,0,20,0,0
170910,3,1,0,0,0,0,0,0,0,0,0,0
170911,1,1,16,12,26,27,21,30,0,0,20,28
170912,1,1,16,16,16,16,16,16,16,16,16,16
170912,2,1,21,0,0,0,0,0,0,0,11,0
170913,1,1,6,0,0,0,0,0,0,0,0,0
170913,2,1,0,0,0,0,0,0,0,0,0,0
170914,1,1,18,18,18,18,18,18,18,18,18,18
170915,0,1,0,0,0,0,0,0,0,0,0,0
170915,1,1,0,0,0,0,0,0,0,0,0,0
170916,1,1,0,0,0,0,0,0,0,0,13,0
170916,2,1,0,0,0,0,0,0,0,0,0,0
170917,1,1,0,0,0,0,0,0,23,0,6,0
170918,1,1,0,0,0,0,0,0,0,0,0,0
170919,1,1,0,7,0,0,0,0,0,0,0,0
170919,2,1,0,0,0,0,0,0,0,0,0,0
170919,3,1,0,19,5,0,0,0,0,0,0,0
170920,1,1,0,0,0,0,0,0,0,0,0,0
170920,2,1,0,0,0,0,0,0,0,0,0,0
170921,1,1,22,22,22,22,22,22,22,22,22,22
170922,1,1,0,0,0,0,0,0,0,0,0,0
170922,2,1,0,0,0,0,0,0,0,0,0,0
170922,3,1,0,0,0,0,0,0,0,0,0,0
170923,1,1,0,0,0,0,0,0,11,0,0,16
170924,1,1,0,0,0,0,0,0,0,0,0,0
170925,1,1,29,29,29,29,29,29,29,29,29,29
170925,2,1,0,0,8,0,0,0,0,0,0,0
170926,1,1,0,15,11,20,0,15,0,0,0,11
170927,1,1,0,0,14,5,0,0,0,0,0,0
170927,2,1,0,0,0,0,0,0,0,0,0,0
170928,1,1,0,0,0,0,0,0,0,0,0,0
170928,2,1,0,0,0,0,0,0,0,0,0,0
170929,1,1,0,0,0,0,0,0,0,0,0,0
170930,1,1,0,0,0,0,0,0,0,0,0,0
170930,2,1,0,0,0,0,0,0,0,0,0,0
170931,0,1,0,0,0,0,0,0,0,0,0,0
170931,1,1,14,0,0,0,0,0,0,0,0,0
170932,0,1,0,0,0,0,0,0,0,0,0,0
170932,1,1,0,0,0,0,0,0,0,0,0,0
170933,0,1,0,0,14,0,0,0,0,0,0,0
170933,1,1,10,0,0,0,0,0,0,0,16,0
170934,1,1,0,0,0,0,0,0,0,0,0,0
170935,0,1,0,0,0,0,0,0,28,0,18,5
170935,1,1,0,0,0,4,0,0,0,0,0,10
170936,0,1,0,0,0,0,0,0,0,0,0,0
170936,1,1,10,0,0,0,0,0,25,0,0,0
170937,1,1,3,7,17,0,0,8,0,0,0,5
170938,1,1,0,0,0,0,0,0,0,0,0,0
170939,1,1,13,13,13,13,13,13,13,13,13,13
170940,1,1,0,0,0,7,0,16,0,15,0,0
170940,2,1,23,0,0,0,0,0,0,0,0,0
170941,1,1,0,0,7,0,19,9,0,17,0,0
170941,2,1,0,0,0,0,0,19,0,13,14,0
170942,0,1,0,0,0,0,0,0,0,0,0,0
170942,1,1,0,0,0,0,0,0,0,0,0,0
170943,1,1,0,9,31,22,13,11,19,14,0,9
170944,1,1,0,0,0,0,0,0,0,0,0,0
170945,1,1,9,9,9,9,9,9,9,9,9,9
170946,1,1,14,14,14,14,14,14,14,14,14,14
170946,2,1,3,3,3,3,3,3,3,3,3,3
170947,1,1,0,0,0,0,0,0,0,0,0,0
170947,2,1,0,0,0,0,0,0,0,0,0,0
170948,0,1,0,0,0,0,0,0,0,0,0,36
170948,1,1,0,0,0,0,0,0,0,0,0,0
170949,1,1,0,0,0,0,0,0,0,0,0,0
170950,1,1,12,12,12,12,12,12,12,12,12,12
170950,2,1,0,0,0,0,0,0,0,0,0,0
170950,3,1,0,0,0,0,0,0,0,0,0,0
170951,0,1,34,34,34,34,34,34,34,34,34,34
170951,1,1,0,0,0,0,0,0,0,9,0,0
170951,2,1,0,0,0,0,0,0,0,0,0,0
170951,3,1,0,16,0,0,0,0,0,0,0,0
170951,4,1,0,0,0,0,0,0,0,0,0,0
170951,5,1,0,0,0,0,0,0,0,0,0,0
170952,0,1,0,0,0,0,0,0,0,0,0,0
170952,1,1,0,0,0,0,0,0,12,0,0,0
170953,1,1,0,0,0,0,0,0,0,0,0,0
170953,2,1,0,0,0,0,0,0,0,0,0,0
170953,3,1,0,0,0,0,0,0,0,0,0,0
170954,1,1,0,0,32,21,26,0,0,0,13,0
170955,0,1,17,17,17,17,17,17,17,17,17,17
170955,1,1,8,0,0,0,0,0,0,0,0,15
180002,1,1,20,20,20,20,20,20,20,20,20,20
180003,0,1,23,9,4,27,32,27,8,13,22,14
180003,1,1,0,0,0,0,0,0,0,0,0,0
180004,1,1,0,0,0,0,0,0,0,0,0,0
180004,2,1,0,0,0,0,0,0,0,0,0,0
180005,1,1,0,0,17,32,0,0,0,0,0,0
180005,2,1,0,0,0,0,0,0,0,0,0,0
180005,3,1,0,0,0,0,0,0,0,0,0,0
180006,1,1,0,0,0,0,0,0,0,0,0,0
180007,0,1,0,0,0,0,22,0,0,0,0,3
180007,1,1,0,0,0,0,0,0,0,0,0,0
180008,1,1,0,0,0,0,0,3,0,0,0,0
180008,2,1,0,0,0,0,0,0,0,0,0,0
180009,1,1,0,0,0,0,0,0,0,0,0,0
180009,2,1,0,0,0,0,0,0,0,5,0,0
180010,1,1,0,0,0,0,0,0,0,0,0,0
180010,2,1,0,0,0,0,0,0,13,0,0,0
180010,3,1,0,0,0,0,0,0,0,0,0,0
180011,1,1,0,0,0,0,0,0,0,0,0,0
180012,1,1,0,0,0,0,0,0,0,0,0,0
180013,1,1,0,0,0,0,0,0,0,0,0,0
180013,2,1,0,0,0,0,0,0,0,0,0,0
180014,1,1,0,0,0,0,0,0,0,0,0,0
180014,2,1,0,0,0,0,0,0,0,0,0,0
180016,1,1,0,0,0,0,0,0,0,0,0,0
180016,2,1,0,0,0,0,0,0,0,0,0,0
180017,1,1,0,0,11,0,0,17,0,0,0,0
180017,2,1,0,0,0,0,0,0,0,0,0,0
180018,1,1,23,23,23,23,23,23,23,23,23,23
180018,2,1,0,0,0,0,0,0,0,0,0,0
180018,3,1,0,0,0,0,0,0,0,0,0,0
180019,1,1,23,0,0,18,0,0,0,0,0,0
180020,1,1,0,0,0,0,0,17,0,0,0,0
180020,2,1,0,0,0,0,0,0,0,0,0,0
180021,1,1,0,0,0,0,0,0,0,0,0,0
180021,2,1,0,0,0,0,0,0,0,0,0,0
180022,1,1,0,0,0,0,0,0,0,0,0,0
180023,1,1,0,0,0,0,0,0,0,0,0,0
180023,2,1,0,0,0,0,0,0,0,0,0,0
180024,1,1,0,0,0,0,0,0,0,0,0,0
180024,2,1,0,0,0,0,0,0,0,0,0,0
180025,1,1,0,0,0,0,0,0,0,0,0,0
180025,2,1,0,0,0,0,0,0,0,0,0,0
180026,1,1,0,0,0,0,0,0,0,0,0,0
180027,1,1,11,0,0,0,0,0,0,0,0,19
180028,1,1,0,0,0,0,0,0,0,0,0,0
180028,2,1,0,0,0,0,0,0,0,0,0,0
180028,3,1,0,0,0,0,0,0,0,0,0,0
180029,0,1,0,24,6,0,0,0,28,36,22,14
180029,1,1,0,0,0,0,0,0,0,0,0,0
180030,1,1,0,0,0,0,0,0,0,0,0,0
180031,1,1,17,17,17,17,17,17,17,17,17,17
180032,1,1,0,0,0,0,0,0,0,0,0,0
180033,1,1,35,35,35,35,35,35,35,35,35,35
180033,2,1,0,0,0,0,0,0,0,0,0,0
180034,1,1,0,0,0,0,0,0,0,0,0,0
180034,2,1,0,0,0,0,0,0,0,0,0,0
180034,3,1,0,0,0,0,0,0,0,0,0,0
180035,1,1,0,0,0,0,0,0,0,0,0,0
180036,0,1,0,0,0,0,0,0,0,0,0,0
180036,1,1,0,0,0,0,0,0,0,0,0,0
180038,1,1,0,0,0,0,17,0,0,0,0,0
180039,1,1,21,40,3,26,38,35,16,16,2,17
180040,1,1,0,0,0,0,0,0,0,0,0,0
180040,2,1,0,0,0,0,0,0,0,0,0,0
180041,1,1,0,0,0,0,0,0,0,0,0,0
180041,2,1,0,9,0,0,0,0,21,0,0,0
180042,0,1,0,0,0,0,0,0,0,0,0,0
180042,1,1,0,0,0,0,0,0,0,0,0,0
180043,1,1,0,0,0,0,0,15,13,0,0,21
180043,2,1,0,0,0,0,0,0,0,0,0,0
180044,0,1,0,0,0,0,0,0,0,15,0,0
180044,1,1,0,0,0,0,0,0,0,0,0,0
180045,0,1,26,26,26,26,26,26,26,26,26,26
180045,0,2,0,0,0,0,0,0,0,0,0,0
180045,1,1,0,0,0,0,0,0,0,0,0,0
180045,2,1,7,0,0,0,0,0,0,0,0,0
180045,3,1,0,0,0,0,0,0,0,0,0,0
180046,1,1,0,0,0,0,0,0,0,0,0,0
180046,2,1,0,0,0,0,0,0,0,0,0,0
180047,1,1,0,0,0,0,0,0,0,0,0,0
180047,2,1,0,0,0,0,0,0,0,0,7,0
180048,0,1,0,22,0,0,0,0,60,0,0,0
180048,1,1,0,0,0,0,0,0,0,0,0,0
180049,1,1,8,8,8,8,8,8,8,8,8,8
180050,1,1,15,15,15,15,15,15,15,15,15,15
180050,2,1,0,0,11,0,0,0,0,0,0,0
180051,1,1,0,0,0,0,0,0,0,4,0,29
180052,1,1,0,0,0,0,0,0,0,0,0,0
180052,2,1,0,0,0,0,0,0,0,0,0,0
180053,0,1,16,38,32,22,0,0,0,0,0,0
180053,1,1,2,0,0,0,0,0,16,0,0,0
180054,1,1,35,0,0,0,0,11,0,0,0,0
180055,1,1,0,0,0,0,0,0,0,0,0,0
180055,2,1,0,0,0,0,0,0,0,0,0,0
180056,1,1,10,0,0,0,0,33,17,0,0,0
180057,1,1,23,23,23,23,23,23,23,23,23,23
180058,1,1,0,0,0,0,0,0,0,0,0,0
180058,2,1,0,0,0,0,0,0,0,0,0,0
180059,1,1,0,0,0,0,0,0,0,0,0,0
180060,1,1,0,0,0,0,0,0,0,0,0,0
180060,2,1,0,0,0,0,0,0,0,0,0,0
180060,3,1,0,0,0,0,0,0,0,0,0,0
180060,4,1,0,0,0,0,0,0,0,0,0,0
180061,1,1,0,0,0,0,0,0,0,0,0,0
180062,1,1,20,20,20,20,20,20,20,20,20,20
180063,1,1,0,0,0,0,0,0,0,0,0,0
180064,1,1,0,0,0,0,0,0,0,0,0,0
180065,1,1,0,0,0,0,0,0,0,0,0,0
180065,2,1,0,0,0,0,0,0,0,0,0,0
180066,1,1,19,19,19,19,19,19,19,19,19,19
180067,0,1,0,0,0,0,0,0,0,0,0,0
180067,1,1,0,0,0,0,0,0,0,0,0,0
180068,1,1,0,0,0,0,0,0,0,0,0,0
180068,2,1,0,0,0,0,0,0,0,0,0,0
180068,3,1,0,0,0,0,0,0,0,0,0,0
180069,1,1,0,0,0,0,0,0,0,0,0,0
180070,1,1,0,0,0,0,0,0,0,0,0,0
180070,2,1,0,0,0,0,0,0,0,0,0,0
180070,3,1,0,0,0,0,0,0,0,0,0,0
180071,1,1,10,10,10,10,10,10,10,10,10,10
180072,0,1,0,0,0,31,0,0,0,0,0,39
180072,1,1,19,14,0,0,0,0,0,0,0,0
180073,1,1,0,0,0,0,0,0,0,0,0,0
180074,1,1,0,0,0,0,0,0,0,0,0,0
180074,2,1,0,0,0,0,0,0,0,0,0,0
180075,1,1,0,0,0,0,0,0,0,0,0,0
180075,2,1,0,0,0,0,0,0,0,0,0,0
180076,1,1,0,0,0,0,0,0,0,0,0,0
180076,2,1,0,0,0,0,0,0,0,0,0,0