ST_CASE,VEH_NO,PER_NO,P1,P2,P3,P4,P5,P6,P7,P8,P9,P10
180680,0,1,30,30,30,30,30,30,30,30,30,30
180680,1,1,0,0,0,0,0,0,0,0,0,0
180681,0,1,29,29,29,29,29,29,29,29,29,29
180681,1,1,0,0,0,0,0,0,0,0,0,0
180682,0,1,0,0,0,31,0,0,0,0,0,0
180682,1,1,0,0,0,0,0,0,0,0,0,0
180683,1,1,0,15,0,0,0,0,0,0,0,0
180684,1,1,20,11,8,31,12,2,9,14,0,7
180685,3,1,0,0,18,0,33,0,3,28,0,5
180686,1,1,0,0,0,0,0,0,0,0,0,0
180686,2,1,0,0,0,0,0,0,0,0,0,0
180687,1,1,22,11,33,11,21,6,0,31,0,11
180688,1,1,0,0,0,0,0,0,0,0,0,0
180688,2,1,0,0,0,0,0,0,0,0,0,0
180688,3,1,0,0,0,0,0,0,0,0,0,0
180689,1,1,0,0,0,0,0,0,0,0,0,0
180689,2,1,0,0,3,0,0,36,0,0,0,0
180689,3,1,0,0,0,0,0,0,0,0,0,0
180690,1,1,0,0,0,0,0,0,0,0,0,0
180690,2,1,0,0,0,0,0,0,0,0,0,0
180691,0,1,11,11,11,11,11,11,11,11,11,11
180691,1,1,0,0,0,0,0,0,0,0,0,0
180692,1,1,10,28,0,0,22,0,0,0,0,19
180693,1,1,0,0,0,0,0,0,0,0,0,0
180693,2,1,0,0,0,0,0,0,0,0,0,0
180694,1,1,0,0,0,0,0,0,0,0,0,0
180694,2,1,0,0,0,0,0,25,16,0,0,0
180694,3,1,0,0,0,0,0,0,0,0,0,0
180695,1,1,20,20,20,20,20,20,20,20,20,20
180695,2,1,20,20,20,20,20,20,20,20,20,20
180696,1,1,14,14,14,14,14,14,14,14,14,14
180696,2,1,0,0,0,0,0,0,0,0,0,0
180698,1,1,0,0,0,0,0,0,0,0,0,0
180699,1,1,0,0,0,9,0,0,17,0,0,0
180700,1,1,0,0,0,0,0,0,0,0,0,0
180700,2,1,0,0,0,0,0,0,0,0,0,0
180701,0,1,0,0,0,16,0,0,0,0,0,0
180701,1,1,0,0,0,0,0,0,0,0,0,0
180702,1,1,0,0,0,0,0,0,0,0,0,0
180702,2,1,0,0,0,0,0,0,0,0,0,0
180703,1,1,0,0,0,0,0,0,7,0,0,0
180704,1,1,23,23,23,23,23,23,23,23,23,23
180705,1,1,0,0,0,30,0,0,0,0,0,0
180705,2,1,0,0,0,0,0,0,0,0,0,0
180706,1,1,0,0,0,0,0,0,0,0,0,0
180707,1,1,31,31,31,31,31,31,31,31,31,31
180708,1,1,0,0,0,0,0,0,0,0,0,33
180709,1,1,34,0,0,0,0,0,0,12,0,0
180709,2,1,0,0,0,0,0,0,0,0,0,0
180711,1,1,16,0,0,0,0,0,0,0,0,0
180711,2,1,0,0,0,0,0,0,0,0,0,0
180712,0,1,0,12,0,0,0,0,27,0,0,0
180712,1,1,0,0,0,0,0,0,0,0,0,0
180713,1,1,0,0,0,0,0,0,22,0,0,0
180713,2,1,16,0,0,0,0,0,0,0,0,22
180714,1,1,21,0,0,22,17,17,0,22,9,0
180715,1,1,42,15,0,26,27,29,15,8,25,3
180715,2,1,18,18,18,18,18,18,18,18,18,18
180715,3,1,0,0,0,0,0,0,0,0,0,0
180716,0,1,0,28,29,17,23,23,0,21,0,0
180716,1,1,0,0,0,0,0,0,0,0,0,0
180717,1,1,0,0,0,0,0,0,0,0,0,0
180717,2,1,0,0,0,0,0,0,0,0,0,0
180718,1,1,25,0,0,18,0,0,0,0,0,0
180719,1,1,12,18,16,15,6,15,4,11,9,20
180720,1,1,0,0,0,0,0,0,0,0,0,0
180721,1,1,0,0,0,0,0,0,0,0,0,0
180721,2,1,0,0,0,0,0,0,0,0,0,0
180722,1,1,0,0,0,0,0,0,0,0,0,0
180724,1,1,0,0,0,0,0,0,0,0,0,0
180725,0,1,0,0,0,0,0,15,16,28,0,0
180725,1,1,0,0,0,0,0,0,0,0,0,0
180726,1,1,0,0,0,0,0,0,0,0,0,0
180726,2,1,0,0,0,0,0,0,0,0,0,0
180727,1,1,0,0,0,0,0,0,0,0,0,0
180728,1,1,20,20,20,20,20,20,20,20,20,20
180728,2,1,0,0,0,0,0,0,0,0,0,0
180729,1,1,12,0,0,0,0,0,7,0,0,0
180729,2,1,0,0,0,0,0,0,0,0,0,0
180730,1,1,0,0,0,0,0,0,0,0,0,0
180730,2,1,0,0,0,0,0,0,0,0,0,0
180731,1,1,24,0,20,11,0,31,0,24,0,39
180732,0,1,17,17,17,17,17,17,17,17,17,17
180732,1,1,0,0,0,0,0,0,0,0,0,0
180733,1,1,0,0,0,0,0,0,0,0,0,0
180733,2,1,0,0,0,0,16,0,8,0,5,0
180733,3,1,0,0,0,0,0,0,0,0,0,0
180734,1,1,0,0,0,0,0,0,10,0,0,0
180735,1,1,0,0,0,10,0,0,0,0,0,0
180736,1,1,29,0,0,7,25,29,21,7,22,0
180737,1,1,0,0,0,0,0,9,0,0,0,0
180737,2,1,0,0,0,0,0,11,0,0,0,7
180738,1,1,0,0,0,0,0,0,0,0,0,0
180738,2,1,0,0,0,0,0,0,0,0,0,0
180739,0,1,24,24,24,24,24,24,24,24,24,24
180739,1,1,0,0,0,19,0,0,0,0,0,0
180740,0,1,4,4,4,4,4,4,4,4,4,4
180740,1,1,0,0,0,0,0,0,0,0,0,0
180741,1,1,7,7,7,7,7,7,7,7,7,7
180741,2,1,0,0,0,0,0,0,0,0,0,0
180742,1,1,0,0,0,4,0,0,0,0,0,0
180743,1,1,27,27,27,27,27,27,27,27,27,27
180743,2,1,0,0,0,0,0,0,0,0,0,0
180744,1,1,0,0,0,0,0,0,0,0,0,0
180745,1,1,0,0,0,0,0,0,0,0,0,0
180745,2,1,0,0,0,0,0,0,0,0,0,0
180745,3,1,0,0,0,0,0,0,0,0,0,0
180746,1,1,0,0,0,0,8,0,17,0,0,0
180746,2,1,0,0,0,0,0,0,0,0,0,0
180747,1,1,0,13,0,0,0,0,0,0,0,0
180748,1,1,0,0,0,4,0,0,0,0,0,0
180748,2,1,0,0,0,0,0,0,0,0,0,0
180749,1,1,0,0,0,0,0,0,0,18,0,0
180750,1,1,0,0,0,0,0,10,0,0,0,0
180751,1,1,0,0,0,0,0,0,0,0,0,0
180751,2,1,0,0,0,0,0,0,0,0,0,0
180752,1,1,0,0,0,0,0,0,0,0,0,0
180753,0,1,0,0,0,0,0,0,0,0,0,0
180753,1,1,0,0,0,0,0,0,0,0,0,0
180754,1,1,31,0,0,0,0,0,0,18,0,0
180755,1,1,0,0,0,0,0,0,0,0,0,0
180756,1,1,0,0,0,0,0,0,0,45,0,13
180757,1,1,0,0,0,0,0,13,0,0,22,0
180757,2,1,0,0,0,0,0,0,0,0,0,0
180758,1,1,0,0,0,0,0,0,0,0,0,0
180759,1,1,0,0,0,0,0,0,0,0,0,0
180759,2,1,0,0,0,0,0,0,0,7,12,0
180760,0,1,0,0,0,0,0,0,0,0,0,0
180760,1,1,29,29,29,29,29,29,29,29,29,29
180761,1,1,0,0,0,0,0,0,0,0,0,0
180761,2,1,0,0,0,0,0,0,0,0,0,0
180761,3,1,0,0,0,0,0,0,0,0,0,0
180762,1,1,0,0,0,0,0,0,0,0,0,0
180762,2,1,0,0,0,0,0,0,0,0,0,0
180763,1,1,0,0,16,0,0,0,8,15,0,29
180764,1,1,0,0,0,0,0,0,0,0,0,0
180765,0,1,0,21,0,0,0,0,25,0,31,0
180765,1,1,0,0,0,0,0,8,14,0,11,0
180766,1,1,0,0,0,0,42,5,0,0,0,0
180766,2,1,0,0,0,0,0,0,0,0,0,0
180767,1,1,0,0,0,0,0,0,28,0,0,0
180768,1,1,0,14,0,0,0,0,0,0,0,0
180769,1,1,19,19,19,19,19,19,19,19,19,19
180770,1,1,5,5,5,5,5,5,5,5,5,5
180771,1,1,0,0,0,0,0,0,0,0,0,0
180772,1,1,0,0,0,0,0,0,0,0,0,0
180772,2,1,0,0,0,0,0,0,0,0,0,0
180773,1,1,0,0,0,0,0,0,0,0,0,0
180773,2,1,0,0,0,0,0,0,0,0,0,0
180773,3,1,0,0,0,0,0,0,0,0,0,0
180774,1,1,12,12,12,12,12,12,12,12,12,12
180775,1,1,0,0,0,0,0,0,0,0,0,0
180775,2,1,0,0,0,0,0,0,0,0,0,0
190001,1,1,0,0,0,0,0,0,0,0,0,0
190001,2,1,0,0,0,0,0,0,0,0,0,0
190002,1,1,0,0,0,0,0,0,0,0,0,0
190002,2,1,0,0,0,0,0,0,0,0,0,0
190003,1,1,0,0,0,0,0,0,31,0,10,0
190004,1,1,0,0,0,0,0,20,0,0,0,0
190005,1,1,0,0,0,0,0,0,0,0,0,0
190006,1,1,28,28,28,28,28,28,28,28,28,28
190007,1,1,0,0,0,0,0,0,0,0,0,0
190008,1,1,0,0,0,0,0,0,0,0,0,0
190008,2,1,0,0,0,0,0,0,0,0,0,0
190009,1,1,0,0,0,0,0,0,0,0,0,0
190009,2,1,0,0,0,0,0,0,0,0,0,0
190010,1,1,0,0,0,0,0,0,0,0,0,0
190010,2,1,0,0,0,0,0,0,0,0,0,0
190011,1,1,16,0,0,14,0,0,0,0,0,0
190012,1,1,0,28,0,0,0,27,17,0,0,10
190013,1,1,0,0,0,0,0,0,0,0,0,0
190014,1,1,0,0,0,0,0,17,0,36,0,0
190015,1,1,28,28,28,28,28,28,28,28,28,28
190016,1,1,0,0,0,0,0,0,0,0,0,0
190016,2,1,0,0,0,0,0,0,0,0,0,0
190017,1,1,0,41,17,0,0,0,0,0,0,0
190017,2,1,0,10,0,0,0,9,0,0,0,0
190018,1,1,0,0,0,0,0,0,0,0,0,0
190018,2,1,0,0,0,0,0,0,0,0,0,0
190019,1,1,0,0,0,0,0,0,0,0,0,0
190019,2,1,0,0,0,0,0,0,0,0,0,0
190019,3,1,0,0,0,0,0,0,0,0,0,0
190019,4,1,0,0,0,0,0,0,0,0,0,0
190019,5,1,0,0,0,0,0,0,0,0,0,0
190019,6,1,0,0,0,0,0,0,0,0,0,0
190019,7,1,0,0,0,0,0,0,0,0,0,0
190019,8,1,0,0,0,0,0,0,0,0,0,0
190019,9,1,0,0,0,0,0,0,0,0,0,0
190019,10,1,0,0,0,0,0,0,0,0,0,0
190019,11,1,0,0,0,0,0,0,0,0,0,0
190020,1,1,0,0,0,0,0,0,0,0,0,0
190020,2,1,0,0,0,0,0,0,0,0,0,0
190021,2,1,0,0,0,0,0,0,0,0,0,0
190022,1,1,0,0,0,0,0,0,16,12,0,0
190023,1,1,0,0,0,0,0,0,11,0,0,0
190024,1,1,5,5,5,5,5,5,5,5,5,5
190025,1,1,0,12,0,0,0,0,0,0,0,0
190025,2,1,0,0,0,0,0,0,0,0,0,0
190026,1,1,0,0,0,0,0,0,0,0,0,0
190026,2,1,0,0,0,0,0,0,0,0,0,0
190027,1,1,0,0,33,11,0,12,0,0,0,0
190028,1,1,0,0,0,0,0,0,0,0,0,0
190028,2,1,0,0,0,0,0,0,0,0,0,0
190029,1,1,0,0,0,0,0,0,0,0,0,0
190029,2,1,0,0,0,0,0,0,0,0,0,0
190030,1,1,0,0,0,0,0,0,0,0,0,0
190031,1,1,0,0,0,0,0,0,0,0,0,0
190032,1,1,0,0,13,0,0,0,0,0,0,0
190033,1,1,0,0,0,0,0,0,0,0,0,0
190033,2,1,15,0,0,0,0,0,0,0,0,0
190034,1,1,14,14,14,14,14,14,14,14,14,14
190035,1,1,0,0,0,0,0,0,0,0,0,0
190035,2,1,0,0,0,0,0,0,0,0,0,0
190036,0,1,0,0,0,0,0,0,0,0,0,0
190036,1,1,0,0,0,0,0,0,0,21,0,0
190037,1,1,0,17,0,0,0,0,0,0,0,0
190037,2,1,0,0,0,0,0,0,0,0,0,0
190038,1,1,0,0,0,0,0,0,19,0,0,0
190039,1,1,0,0,11,0,0,0,0,0,0,0
190039,2,1,0,0,0,0,0,0,0,0,0,0
190040,1,1,0,0,0,0,0,0,0,0,0,0
190041,1,1,0,0,0,31,0,0,0,0,0,0
190042,1,1,7,7,7,7,7,7,7,7,7,7
190042,2,3,0,0,0,0,0,0,0,0,0,0
190043,1,1,0,0,0,0,0,0,0,0,0,0
190044,1,1,0,0,10,34,0,0,0,11,0,0
190045,1,1,0,0,0,0,0,0,0,0,0,0
190046,1,1,21,0,20,38,23,0,21,0,0,0
190048,1,1,0,0,0,0,0,0,0,0,0,0
190048,2,1,0,0,0,0,0,0,0,0,0,0
190049,1,1,0,0,0,0,0,0,0,0,0,0
190050,1,1,0,0,0,0,0,0,0,0,0,0
190051,1,1,0,0,0,0,0,0,0,0,0,0
190051,2,1,0,26,0,0,0,0,5,0,0,12
190052,1,1,0,0,0,0,0,0,0,0,0,0
190052,2,1,0,0,0,0,0,0,0,0,0,0
190053,1,1,0,0,0,0,0,0,0,0,0,0
190054,1,1,0,0,0,0,0,14,0,0,0,22
190054,2,1,12,0,0,0,29,0,0,0,0,0
190055,1,1,16,0,0,0,0,0,0,0,0,0
190056,1,1,0,0,0,0,0,0,0,0,0,0
190057,0,1,0,0,19,0,0,0,0,0,0,27
190057,1,1,0,0,0,0,0,0,4,0,0,0
190058,1,1,16,13,13,12,0,0,0,0,0,0
190058,2,1,3,0,0,0,0,0,0,0,0,0
190059,0,1,0,0,0,0,0,0,0,0,0,0
190059,1,1,0,0,0,0,0,0,0,0,0,0
190060,1,1,13,13,13,13,13,13,13,13,13,13
190061,1,1,11,11,11,11,11,11,11,11,11,11
190061,2,1,0,0,0,0,0,0,0,0,0,0
190062,1,1,32,32,32,32,32,32,32,32,32,32
190064,1,1,0,0,0,0,0,0,0,0,0,0
190064,2,1,0,11,0,0,0,0,14,0,0,0
190065,1,1,0,0,0,0,0,0,0,0,0,0
190065,2,1,0,0,0,0,0,0,0,0,0,0
190066,1,1,0,0,0,0,0,0,0,0,0,0
190066,2,1,0,0,0,0,0,0,0,0,0,0
190067,0,1,26,0,0,0,30,0,9,0,0,30
190067,1,1,0,0,0,0,0,0,0,0,0,0
190068,0,1,0,0,0,0,0,0,0,0,0,0
190068,1,1,0,0,0,0,0,0,0,0,0,0
190069,1,1,0,0,8,0,10,12,0,11,0,0
190070,1,1,0,0,0,0,9,0,0,0,0,19
190071,1,1,17,17,17,17,17,17,17,17,17,17
190072,1,1,25,25,25,25,25,25,25,25,25,25
190073,1,1,0,0,0,0,0,0,0,0,0,0
190073,2,1,0,0,0,0,0,0,0,0,0,0
190074,0,1,0,0,0,0,0,0,0,0,0,0
190074,1,1,0,0,0,12,0,0,0,43,0,0
190075,0,1,17,17,17,17,17,17,17,17,17,17
190075,1,1,0,0,0,0,0,0,0,0,0,0
190076,1,1,0,0,0,0,0,0,18,0,0,0
190076,2,1,0,5,0,0,0,0,0,0,0,0
190077,1,1,0,0,0,0,0,0,0,0,0,0
190078,1,1,0,0,0,0,0,0,0,0,17,0
190078,2,1,0,0,0,0,0,0,0,0,0,0
190079,1,1,0,0,0,0,0,0,0,0,0,0
190079,2,1,0,0,0,0,0,0,0,0,0,0
190080,1,1,0,0,0,0,0,0,0,0,0,0
190080,2,1,0,0,0,0,0,0,0,0,0,0
190081,1,1,0,0,0,0,20,0,0,0,0,30
190081,2,1,19,19,19,19,19,19,19,19,19,19
190082,0,1,0,0,0,0,0,0,0,0,0,0
190082,1,1,0,0,0,0,0,0,0,0,0,0
190083,1,1,0,0,11,15,0,0,0,0,0,0
190084,1,1,0,0,0,0,0,0,0,0,0,0
190084,2,1,0,0,0,0,0,0,0,0,0,0
190085,1,1,37,37,37,37,37,37,37,37,37,37
190086,0,1,10,20,10,17,18,0,0,0,24,0
190086,1,1,0,0,0,0,0,9,0,0,0,0
190087,0,1,0,0,0,0,0,21,0,0,0,40
190087,1,1,0,0,0,32,18,18,0,0,0,0
190088,1,1,0,0,0,0,0,0,0,0,0,0
190089,1,1,14,0,0,17,32,0,0,0,31,0
190090,1,1,16,16,16,16,16,16,16,16,16,16
190091,1,1,20,20,20,20,20,20,20,20,20,20
190092,1,1,12,12,12,12,12,12,12,12,12,12
190093,1,1,30,0,0,0,0,0,13,18,0,13
190094,1,1,0,0,0,0,0,0,0,0,0,0
190094,2,1,0,0,0,0,0,0,0,0,0,10
190095,1,1,0,0,0,13,0,29,20,0,0,18
190096,1,1,0,0,0,0,0,0,0,0,0,0
190097,1,1,7,7,7,7,7,7,7,7,7,7
190097,2,1,0,0,0,0,0,0,0,0,0,0
190098,1,1,0,21,0,0,0,14,6,43,0,0
190099,1,1,10,0,0,0,13,9,21,7,18,31
190100,1,1,0,0,0,0,0,0,0,0,0,0
190100,2,1,0,0,0,0,0,0,0,0,8,0
190101,1,1,0,0,0,0,0,0,0,0,0,0
190102,1,1,0,0,0,0,0,0,0,0,0,0
190102,2,1,0,0,0,0,0,0,0,0,0,0
190103,1,1,27,27,27,27,27,27,27,27,27,27
190104,1,1,0,0,0,0,0,45,0,11,13,0
190105,1,1,15,15,15,15,15,15,15,15,15,15
190106,1,1,16,16,16,16,16,16,16,16,16,16
190107,1,1,0,0,0,0,0,0,6,0,0,0
190107,2,1,8,8,8,8,8,8,8,8,8,8
190108,1,1,13,13,13,13,13,13,13,13,13,13
190109,0,1,0,0,0,0,8,0,0,0,0,0
190109,1,1,0,0,24,0,0,0,0,0,0,0
190110,1,1,2,2,2,2,2,2,2,2,2,2
190110,2,1,2,2,2,2,2,2,2,2,2,2
190111,1,1,18,19,0,0,0,6,0,11,12,0
190111,2,1,0,0,0,0,0,0,0,0,0,0
190112,1,1,0,0,0,0,0,0,0,0,0,0
190112,2,1,0,0,0,0,0,0,0,0,0,0
190112,3,1,0,0,0,0,0,0,0,0,0,0
190113,1,1,10,10,10,10,10,10,10,10,10,10
190114,1,1,24,24,24,24,24,24,24,24,24,24
190115,1,1,12,12,12,12,12,12,12,12,12,12
190116,1,1,0,0,0,0,0,0,0,0,0,0
190117,1,1,15,15,15,15,15,15,15,15,15,15
190118,1,1,0,0,0,0,18,0,0,0,0,0
190119,1,1,0,0,0,0,0,0,0,0,0,0
190119,2,1,0,0,0,0,0,0,0,0,0,0
190120,1,1,24,0,0,0,0,0,0,0,0,15
190121,1,1,15,15,0,8,0,0,31,4,0,12
190123,1,1,0,0,0,0,0,0,0,0,0,0
190123,2,1,0,0,0,0,0,0,0,0,0,0
190124,1,1,0,0,0,0,0,30,0,0,0,0
190125,0,1,26,0,0,21,0,32,21,0,0,0
190125,1,1,20,20,20,20,20,20,20,20,20,20
190126,1,1,31,31,31,31,31,31,31,31,31,31
190126,2,1,0,7,0,0,0,0,0,0,0,0
190127,0,1,0,0,0,0,0,0,0,0,0,0
190127,1,1,0,0,0,0,0,0,0,0,0,18
190127,2,1,0,0,0,0,0,0,0,0,0,0
190128,1,1,0,0,0,0,0,0,0,0,0,0
190128,2,1,0,0,0,0,0,0,0,0,0,0
190129,1,1,0,0,0,0,0,0,0,0,0,0
190130,1,1,0,0,0,0,0,0,0,0,0,0
190130,2,1,0,0,0,0,7,0,0,0,0,0
190131,0,1,0,0,0,0,0,0,0,0,0,0
190131,1,1,0,0,0,0,0,0,0,0,0,0
190132,1,1,0,0,0,0,0,0,0,0,0,0
190132,2,1,7,7,7,7,7,7,7,7,7,7
190133,0,1,0,0,0,0,0,0,0,0,0,0
190133,1,1,0,0,0,0,0,0,0,0,0,0
190134,1,1,13,13,13,13,13,13,13,13,13,13
190135,1,1,0,0,0,0,0,0,0,0,0,0
190135,2,1,0,0,0,0,0,0,0,0,0,0
190136,1,1,24,24,24,24,24,24,24,24,24,24
190136,2,1,0,0,0,0,0,0,0,0,0,0
190137,0,1,0,0,0,0,0,0,0,0,0,0
190137,1,1,19,19,19,19,19,19,19,19,19,19
190138,1,1,26,26,26,26,26,26,26,26,26,26
190139,1,1,0,0,0,0,0,0,0,0,0,0
190139,2,1,0,0,0,0,0,0,0,0,0,0
190140,1,1,0,0,0,0,0,0,0,0,0,0
190141,1,1,0,0,0,0,0,0,0,0,0,0
190141,2,1,0,0,0,0,0,0,0,0,0,0
190142,1,1,15,17,0,0,0,13,0,0,0,0
190143,1,1,0,0,0,0,0,0,0,0,0,16
190143,2,1,0,0,0,0,0,0,0,0,0,0
190144,1,1,1,1,1,1,1,1,1,1,1,1
190144,2,1,0,0,0,0,0,0,0,0,0,0
190145,1,1,18,18,18,18,18,18,18,18,18,18
190146,1,1,25,0,0,0,0,0,0,0,16,12
190147,1,1,10,10,10,10,10,10,10,10,10,10
190147,2,1,0,0,0,0,0,0,0,0,0,0
190148,1,1,0,0,0,0,0,0,0,0,0,0
190148,2,1,25,0,0,0,0,17,10,0,0,0
190150,1,1,6,24,3,0,0,16,16,0,36,10
190152,1,1,0,0,0,0,0,0,0,0,0,0
190153,1,1,0,0,0,0,0,0,0,0,0,0
190153,2,1,0,0,0,0,0,0,0,0,0,0
190154,0,1,25,15,0,0,0,10,0,0,0,0
190154,1,1,0,0,0,0,0,0,0,0,0,0
190155,1,1,13,0,12,0,0,0,0,0,0,0
190156,1,1,0,0,0,0,0,0,0,0,0,0
190156,2,1,0,0,0,0,0,0,0,0,0,0
190157,1,1,0,0,0,0,0,0,0,0,0,0
190157,2,1,0,0,0,0,0,0,0,0,0,0
190158,0,1,23,23,23,23,23,23,23,23,23,23
190158,1,1,0,0,0,0,17,11,0,0,0,0
190159,1,1,0,0,0,0,0,0,0,0,0,0
190159,2,1,0,0,0,0,29,0,0,0,0,0
190160,1,1,0,0,0,0,0,0,0,0,0,0
190160,2,1,0,0,0,0,0,0,0,7,0,0
190161,1,1,3,3,3,3,3,3,3,3,3,3
190162,1,1,18,23,0,23,16,0,0,11,21,24
190163,1,1,13,13,13,13,13,13,13,13,13,13
190164,1,1,0,0,0,0,16,0,0,0,0,0
190164,2,1,0,0,0,0,0,0,0,0,0,0
190165,1,1,21,0,0,0,0,0,0,7,12,0
190166,1,1,0,0,0,0,0,0,0,0,0,0
190166,2,1,0,4,0,0,0,0,0,0,2,0
190167,1,1,0,0,0,0,0,0,0,0,0,0
190167,2,1,0,0,0,0,0,0,0,0,0,0
190168,1,1,0,25,0,13,10,0,0,17,0,25
190169,1,1,0,0,0,0,0,0,0,0,0,0
190170,1,1,0,13,9,13,0,10,0,4,0,0
190171,1,1,0,0,0,0,0,0,9,0,0,0
190171,2,1,0,0,0,0,0,0,0,0,0,0
190171,3,1,0,0,0,0,0,0,0,0,0,0
190172,1,1,0,0,0,0,0,0,0,0,0,0
190172,2,1,15,0,0,0,0,0,0,0,0,0
190173,1,1,23,23,23,23,23,23,23,23,23,23
190174,1,1,0,0,19,0,0,9,0,0,0,0
190175,1,1,24,24,24,24,24,24,24,24,24,24
190176,1,1,0,0,0,0,0,0,0,0,0,0
190176,2,1,0,0,18,0,0,0,0,0,0,0
190177,1,1,0,0,0,0,0,0,0,0,0,0
190177,2,1,0,0,0,0,0,0,0,0,0,0
190178,1,1,0,0,0,0,0,0,0,0,0,0
190179,1,1,0,0,0,0,0,0,0,0,0,0
190179,2,1,0,0,0,0,0,0,0,0,0,0
190180,1,1,0,0,28,30,17,0,4,9,22,0
190181,1,1,0,0,0,0,0,0,0,0,0,0
190182,1,1,11,11,11,11,11,11,11,11,11,11
190183,1,1,0,0,0,0,0,0,0,0,0,0
190183,2,1,0,0,0,0,0,0,0,0,0,0
190184,0,1,0,0,0,0,0,0,0,0,0,0
190184,1,1,0,0,0,0,0,0,0,0,0,0
190185,1,1,24,24,24,24,24,24,24,24,24,24
190186,1,1,0,0,0,0,0,0,0,0,0,0
190186,2,1,0,0,0,0,0,0,9,0,0,0
190187,1,1,0,0,0,0,0,0,0,0,0,0
190188,0,1,0,0,0,0,0,0,0,0,0,0
190188,1,1,0,0,0,0,0,0,0,0,0,0
190189,1,1,14,14,14,14,14,14,14,14,14,14
190190,0,1,0,0,0,0,0,0,0,0,0,0
190190,1,1,0,0,0,0,0,0,0,14,0,0
190191,1,1,0,0,0,0,0,0,0,0,0,0
190191,2,1,0,0,0,0,18,20,0,18,0,28
190192,1,1,0,0,0,0,0,0,0,0,0,0
190192,2,1,0,17,0,0,16,0,19,15,0,0
190193,1,1,8,8,8,8,8,8,8,8,8,8
190194,1,1,0,0,0,0,0,0,0,0,0,0
190195,1,1,0,0,0,0,0,0,0,0,0,0
190195,2,1,0,0,0,0,0,0,0,0,0,0
190196,1,1,0,0,0,0,0,0,0,0,0,0
190196,2,1,0,0,0,0,0,0,0,0,0,0
190196,3,1,0,0,0,0,0,0,0,0,0,0
190196,4,1,0,0,0,0,0,0,0,0,0,0
190197,1,1,7,7,7,7,7,7,7,7,7,7
190198,1,1,0,0,0,0,0,0,0,0,0,0
190198,2,1,0,0,0,0,0,0,0,0,0,0
190198,3,1,0,0,0,0,0,0,0,0,0,0
190198,4,1,0,0,0,0,0,24,0,0,0,0
190198,5,1,0,0,0,0,0,0,0,0,0,0
190198,6,1,0,0,0,0,0,0,0,0,0,0
190199,1,1,0,0,0,0,0,0,0,0,0,0
190199,2,1,0,0,0,0,0,0,0,0,13,0
190200,1,1,0,0,0,24,0,0,0,0,0,0
190200,2,1,17,0,15,0,9,0,0,0,0,0
190201,1,1,0,0,0,0,20,0,0,0,0,0
190202,1,1,19,19,19,19,19,19,19,19,19,19
190203,1,1,0,0,0,0,0,0,3,0,0,0
190203,2,1,0,0,0,0,3,0,0,0,0,8
190204,1,1,0,0,0,0,0,0,0,0,0,0
190204,2,1,0,0,0,0,0,0,0,0,0,0
190204,3,1,13,13,0,5,7,0,0,0,0,0
190205,1,1,7,7,7,7,7,7,7,7,7,7
190205,2,1,0,0,0,0,0,0,0,0,14,0
190206,0,1,16,0,0,0,0,0,0,0,0,0
190206,1,1,0,0,0,0,0,0,0,0,0,0
190207,0,1,0,0,0,0,0,0,0,0,0,0
190207,1,1,0,17,0,0,0,0,0,10,0,3
190208,1,1,13,0,0,13,0,0,0,2,6,14
190208,2,1,0,0,0,0,0,0,0,0,0,0
190209,0,1,34,34,34,34,34,34,34,34,34,34
190209,1,1,15,0,0,0,0,0,0,15,7,0
190210,1,1,0,10,0,10,9,0,0,0,17,24
190211,1,1,5,0,25,14,0,0,17,0,0,14
190212,0,1,42,15,29,18,14,21,0,9,7,21
190212,1,1,0,0,0,12,45,0,0,15,16,0
190213,1,1,0,0,0,0,0,8,41,0,0,0
190214,1,1,0,19,0,0,0,0,0,0,20,0
190215,1,1,17,0,0,0,0,12,0,0,0,15
190216,1,1,0,0,0,0,0,0,0,0,0,0
190217,1,1,0,6,12,17,0,15,12,0,0,0
190218,1,1,0,0,0,0,0,0,0,0,0,0
190219,1,1,25,25,25,25,25,25,25,25,25,25
190219,2,1,1,1,1,1,1,1,1,1,1,1
190220,0,1,0,25,17,0,0,17,6,17,0,12
190220,1,1,14,28,0,17,0,0,0,0,0,0
190221,1,1,0,0,0,0,0,0,0,0,0,0
190221,2,1,0,0,0,0,0,0,0,0,0,0
190222,0,1,0,0,0,0,0,0,0,0,0,14
190222,1,1,0,0,0,0,0,0,0,0,0,0
190223,1,1,0,0,0,0,0,0,0,0,0,0
190223,2,1,0,0,0,0,0,0,0,0,0,0
190224,1,1,0,0,0,0,0,0,0,0,0,0
190224,2,1,0,0,0,0,0,0,0,0,0,0
190225,1,1,0,0,0,0,0,0,0,0,0,0
190225,2,1,0,7,12,0,8,0,0,0,0,0
190226,1,1,0,0,0,0,0,0,0,0,0,0
190227,1,1,0,25,12,0,0,25,0,18,0,6
190228,1,1,7,7,7,7,7,7,7,7,7,7
190229,1,1,23,0,0,0,0,0,0,0,0,20
190230,1,1,0,0,22,0,0,0,0,16,0,0