ST_CASE,VEH_NO,PER_NO,P1,P2,P3,P4,P5,P6,P7,P8,P9,P10
190230,2,1,0,0,0,0,0,0,0,0,0,0
190231,1,1,0,0,0,0,0,0,0,0,0,0
190231,2,1,0,0,0,0,0,0,0,0,0,0
190232,1,1,0,0,0,0,0,0,0,0,0,0
190233,0,1,0,26,0,0,4,0,0,0,0,0
190233,1,1,0,0,10,6,0,0,0,0,18,0
190234,1,1,18,18,18,18,18,18,18,18,18,18
190235,1,1,0,0,0,0,0,0,0,0,0,0
190235,2,1,0,0,0,0,0,0,0,0,0,0
190235,3,1,0,0,0,0,0,0,0,0,0,0
190235,4,1,0,0,0,0,0,0,0,0,0,14
190236,1,1,13,13,13,13,13,13,13,13,13,13
190236,2,1,0,0,0,0,0,16,0,0,25,37
190237,1,1,0,0,0,0,0,0,0,0,0,0
190237,2,1,0,9,0,0,0,0,0,0,0,0
190237,3,1,0,0,0,0,0,0,0,0,0,0
190238,1,1,0,0,0,0,0,0,0,0,15,0
190238,2,1,0,0,0,0,0,0,0,0,0,0
190239,1,1,11,11,11,11,11,11,11,11,11,11
190240,1,1,7,0,19,0,0,0,14,0,0,0
190241,1,1,23,0,26,0,0,0,0,0,19,9
190241,2,1,0,0,0,0,0,4,0,0,0,0
190242,0,1,20,0,18,0,43,0,32,12,0,0
190242,1,1,0,0,9,16,0,0,0,0,0,0
190243,1,1,0,0,0,16,0,0,0,7,0,0
190244,1,1,0,0,0,0,0,0,0,12,0,0
190244,2,1,0,0,0,0,0,0,0,0,0,0
190245,1,1,21,21,21,21,21,21,21,21,21,21
190247,1,1,10,10,10,10,10,10,10,10,10,10
190248,0,1,0,0,0,0,0,0,0,0,0,0
190248,1,1,0,0,0,0,0,0,20,0,24,21
190249,1,1,0,21,0,10,0,14,20,0,18,0
190250,1,1,0,0,0,0,0,0,0,0,0,0
190250,2,1,0,0,0,0,0,0,0,0,0,0
190251,1,1,0,0,0,0,0,0,0,0,0,0
190251,2,1,0,0,0,0,0,0,0,0,0,0
190251,3,1,0,0,0,0,0,0,0,0,0,0
190252,1,1,0,0,0,0,0,0,0,0,0,0
190252,2,1,0,0,0,0,0,0,0,0,0,15
190253,1,1,0,0,0,0,0,0,0,0,0,0
190253,2,1,0,0,0,0,0,0,0,0,0,0
190254,1,1,0,3,0,0,0,3,0,0,0,0
190254,2,1,0,5,0,0,0,0,0,0,16,8
190255,1,1,0,0,0,0,0,0,0,0,0,0
190255,2,1,0,0,0,0,0,0,0,0,0,0
190256,1,1,0,12,27,17,11,22,29,19,22,26
190257,1,1,23,23,23,23,23,23,23,23,23,23
190258,1,1,19,19,19,19,19,19,19,19,19,19
190259,1,1,0,0,25,22,0,25,0,23,0,17
190260,1,1,0,0,0,14,0,33,0,0,0,0
190260,2,1,0,0,0,10,0,28,0,0,0,0
190261,1,1,25,25,25,25,25,25,25,25,25,25
190262,1,1,14,14,14,14,14,14,14,14,14,14
190263,1,1,19,19,19,19,19,19,19,19,19,19
190264,1,1,26,19,27,0,26,9,28,0,0,39
190265,1,1,15,15,15,15,15,15,15,15,15,15
190266,1,1,0,0,0,0,0,0,0,0,0,0
190267,1,1,0,0,0,0,0,0,0,0,0,0
190267,2,1,0,0,0,0,0,0,0,0,0,0
190268,1,1,0,0,0,0,0,0,0,0,0,0
190268,2,1,0,0,0,0,0,0,0,0,0,17
190270,1,1,0,0,21,0,0,0,0,0,0,0
190271,1,1,0,0,18,0,0,0,0,0,0,12
190271,2,1,0,0,18,0,0,0,0,0,0,15
190272,1,1,9,0,0,19,0,0,0,0,0,0
190272,2,1,0,0,11,0,0,0,0,0,32,0
190273,1,1,17,11,8,0,0,0,26,18,22,0
190274,1,1,0,0,0,0,0,0,0,0,0,0
190274,2,1,21,21,21,21,21,21,21,21,21,21
190275,1,1,7,7,7,7,7,7,7,7,7,7
190276,1,1,0,0,0,0,0,6,5,0,0,0
190277,1,1,0,0,0,0,0,0,0,0,0,0
190277,2,1,0,0,0,0,0,0,11,0,0,9
190278,1,1,10,0,0,13,0,11,0,0,0,0
190278,2,1,0,0,0,0,0,0,0,0,0,0
190279,1,1,20,20,20,20,20,20,20,20,20,20
190280,1,1,0,0,0,0,0,0,0,0,0,0
190280,2,1,2,0,0,0,0,0,0,0,0,0
190280,3,1,0,0,0,0,0,0,0,0,0,19
190281,1,1,16,16,16,16,16,16,16,16,16,16
190281,2,1,0,0,0,0,0,0,0,0,0,0
190281,3,1,0,0,0,0,0,0,0,0,0,0
190282,1,1,0,0,0,16,0,0,0,12,0,0
190282,2,1,0,0,0,0,0,18,5,0,25,0
190283,1,1,0,0,0,0,0,0,0,0,0,0
190284,0,1,8,0,0,0,0,20,0,0,0,21
190284,1,1,0,0,19,16,0,0,0,7,25,0
190285,1,1,0,0,0,0,0,7,0,0,0,0
190285,2,1,0,0,0,0,0,0,0,0,0,0
190286,1,1,0,0,0,0,0,0,0,0,0,0
190286,2,1,0,0,0,0,0,0,0,0,0,0
190287,1,1,0,0,24,13,0,0,0,0,0,0
190288,1,1,26,26,26,26,26,26,26,26,26,26
190289,1,1,0,0,0,0,0,0,0,25,9,0
190289,2,1,0,0,0,0,0,0,0,0,0,0
190290,1,1,0,0,0,0,11,0,0,0,0,0
190290,2,1,0,0,0,0,0,0,0,0,0,0
190291,0,1,0,0,0,0,0,0,0,0,0,0
190291,1,1,7,7,7,7,7,7,7,7,7,7
190292,1,1,0,0,0,0,0,0,0,0,0,0
190293,1,1,0,0,13,23,0,0,0,0,0,0
190295,1,1,28,28,28,28,28,28,28,28,28,28
190295,2,1,0,0,0,0,0,9,0,10,0,0
190296,1,1,16,0,0,0,0,19,0,0,0,27
190297,1,1,0,0,0,0,0,0,0,0,0,0
190297,2,1,0,9,0,0,0,0,12,0,0,14
190297,3,1,0,0,0,0,0,0,0,0,14,0
190298,1,1,0,0,0,0,0,0,0,0,0,0
190298,2,1,0,0,0,0,0,0,0,0,0,0
190299,1,1,2,0,0,0,0,0,0,0,0,0
190299,2,1,0,21,0,0,0,0,0,0,0,0
190300,1,1,0,0,0,0,0,0,0,0,0,0
190300,2,1,0,0,0,0,0,0,14,0,0,0
190301,1,1,20,20,20,20,20,20,20,20,20,20
190302,1,1,25,0,34,0,0,12,34,36,15,0
190303,1,1,0,0,0,0,0,0,0,0,0,0
190304,1,1,19,19,19,19,19,19,19,19,19,19
190305,1,1,23,0,0,0,0,0,0,5,0,18
190305,2,1,0,0,0,0,5,0,0,0,0,0
190306,1,1,13,13,13,13,13,13,13,13,13,13
190306,2,1,0,0,0,0,0,0,0,0,0,0
190307,1,1,21,21,21,21,21,21,21,21,21,21
190308,1,1,0,0,0,0,8,0,0,0,0,0
190308,2,1,26,0,0,0,0,0,0,0,0,0
190309,1,1,0,0,0,0,0,0,0,0,0,0
190309,2,1,0,0,0,0,7,0,0,0,0,0
190310,1,1,4,4,4,4,4,4,4,4,4,4
190310,2,1,0,0,15,0,0,16,13,0,17,0
190311,1,1,33,0,0,10,0,13,0,0,0,0
190311,2,1,0,0,0,0,0,0,0,0,0,0
190312,1,1,0,0,21,8,21,12,17,51,20,21
190313,1,1,0,11,0,0,0,27,0,0,34,0
190315,1,1,0,0,0,0,0,0,0,0,0,0
190316,1,1,12,9,10,0,0,0,0,0,0,0
190316,2,1,0,0,0,0,0,0,0,0,0,15
190317,1,1,0,0,0,0,0,0,0,0,19,0
190318,1,1,16,16,16,16,16,16,16,16,16,16
190319,0,1,34,18,31,25,39,10,15,17,34,13
190319,1,1,0,0,15,2,0,0,0,0,10,14
190320,1,1,0,0,25,0,0,4,16,23,26,0
190320,2,1,0,0,0,0,0,4,0,4,0,0
190321,2,1,0,0,0,0,0,0,0,0,0,0
190322,1,1,0,0,0,0,0,0,0,0,13,0
190322,2,1,0,0,0,0,0,19,0,0,0,0
200001,1,1,0,0,0,0,0,0,0,0,0,0
200002,1,1,5,5,5,5,5,5,5,5,5,5
200002,2,1,0,0,0,0,0,0,0,0,0,0
200003,1,1,0,0,0,0,0,0,0,0,0,0
200004,1,1,17,17,17,17,17,17,17,17,17,17
200004,2,1,0,0,0,0,0,0,0,0,0,0
200005,1,1,0,0,0,0,0,0,0,0,0,0
200005,2,1,0,0,0,0,0,0,0,0,0,0
200006,1,1,0,0,0,0,0,0,0,0,0,0
200006,2,1,0,0,0,0,0,0,0,0,0,0
200007,0,1,32,32,32,32,32,32,32,32,32,32
200007,1,1,0,0,0,0,0,0,0,0,0,0
200008,1,1,0,0,0,0,0,0,0,25,0,0
200010,1,1,18,17,7,24,21,13,24,10,0,33
200011,1,1,0,0,0,0,0,0,0,0,0,0
200011,2,1,0,0,0,0,0,0,0,0,0,0
200012,1,1,0,0,0,0,0,0,0,0,0,13
200013,1,1,0,20,0,0,0,0,0,0,0,0
200013,2,1,0,0,0,0,0,0,0,0,0,0
200014,1,1,0,0,0,0,0,0,0,0,0,0
200014,2,1,0,0,0,0,0,0,0,0,0,0
200015,1,1,0,0,0,0,0,0,0,0,0,0
200016,1,1,0,0,0,0,0,0,0,0,0,0
200016,2,1,0,0,0,0,0,0,0,0,3,0
200017,1,1,0,0,0,0,0,0,0,0,0,0
200017,2,1,0,0,0,0,0,0,0,0,0,0
200018,1,1,0,0,0,0,0,0,0,0,0,0
200018,2,1,0,0,0,0,0,0,0,0,0,0
200019,1,1,0,0,7,0,7,0,0,0,0,0
200019,2,1,0,17,0,0,22,0,0,0,0,0
200020,1,1,0,0,0,0,0,0,0,0,0,0
200021,1,1,0,0,0,0,0,0,0,0,0,0
200021,2,1,0,0,0,0,0,0,0,0,0,0
200021,3,1,0,0,0,0,0,0,0,0,0,0
200022,1,1,21,0,0,0,0,0,11,0,0,0
200022,2,1,0,0,0,0,0,0,0,0,0,0
200023,1,1,0,0,0,0,0,0,0,0,0,0
200024,1,1,0,0,0,0,0,0,0,0,0,0
200024,2,1,0,0,0,0,0,0,0,0,0,0
200026,1,1,0,0,0,0,0,0,0,0,0,18
200028,1,1,0,0,0,0,0,0,0,0,0,0
200029,1,1,36,5,19,0,23,18,0,15,41,24
200030,1,1,0,0,0,0,0,0,0,0,0,0
200031,1,1,16,16,16,16,16,16,16,16,16,16
200032,1,1,0,0,0,0,6,29,0,0,0,0
200033,1,1,21,21,21,21,21,21,21,21,21,21
200033,2,1,0,0,0,0,0,0,0,0,0,0
200034,0,1,0,0,0,0,0,0,0,0,0,0
200034,1,1,0,0,0,0,0,0,0,0,0,0
200035,0,1,0,0,32,0,7,0,0,0,0,0
200035,1,1,0,0,0,0,0,0,0,0,0,0
200036,1,1,0,0,0,0,0,0,0,0,0,0
200036,2,1,0,0,0,0,0,0,0,0,0,0
200037,1,1,0,0,0,0,0,0,0,0,0,0
200038,1,1,0,0,0,0,0,0,0,0,0,0
200038,2,1,0,0,0,0,0,0,0,0,0,0
200038,3,1,0,0,0,0,0,0,0,0,0,0
200038,4,1,0,0,0,0,0,0,0,0,0,0
200038,5,1,0,0,15,0,0,0,0,0,0,0
200039,1,1,0,22,0,14,0,0,0,0,0,0
200040,1,1,0,0,0,0,0,0,0,0,0,0
200040,2,1,0,0,0,0,0,0,0,0,0,0
200041,1,1,0,0,0,0,0,0,0,0,0,0
200042,1,1,0,0,0,0,0,0,0,0,0,0
200042,2,1,0,0,0,0,0,0,0,0,0,0
200043,1,1,0,0,0,0,0,0,0,0,0,0
200043,2,1,0,0,0,0,0,0,0,0,0,0
200044,1,1,0,0,0,0,0,0,0,0,0,0
200044,2,1,0,0,0,0,0,0,0,0,0,0
200045,0,1,0,0,11,0,0,0,0,0,0,0
200045,1,1,0,5,0,0,0,0,0,0,0,0
200046,1,1,0,0,0,0,0,0,0,0,27,0
200047,1,1,0,0,0,0,0,0,0,0,0,0
200048,1,1,15,18,3,0,0,15,0,18,0,0
200048,2,1,0,16,12,23,0,19,0,16,12,0
200049,1,1,0,0,0,0,0,0,0,0,0,0
200049,2,1,0,0,0,0,0,0,0,0,0,0
200050,1,1,0,0,0,0,0,0,0,0,0,0
200050,2,1,0,0,0,0,0,0,0,0,0,0
200051,1,1,0,0,0,0,0,0,0,0,0,0
200052,1,1,0,0,0,0,8,0,0,0,0,0
200052,2,1,0,0,0,0,0,0,0,0,0,0
200053,1,1,0,0,0,0,17,0,0,0,0,0
200054,1,1,0,0,26,0,0,0,0,0,17,0
200054,2,1,0,0,0,0,0,0,0,0,0,0
200055,1,1,0,0,4,0,0,7,0,0,0,0
200055,2,1,0,0,0,0,0,0,0,0,0,0
200056,1,1,0,0,0,0,0,0,0,0,0,0
200056,2,1,0,0,0,0,0,0,0,0,0,0
200057,1,1,0,24,0,0,0,0,0,49,5,24
200058,1,1,0,0,0,0,0,0,0,0,0,0
200058,2,1,0,0,0,0,0,0,0,0,0,0
200058,3,1,0,0,0,0,0,0,0,0,0,0
200059,1,1,0,0,0,0,0,0,0,0,0,0
200059,2,1,0,0,0,0,0,0,0,0,0,0
200060,1,1,0,0,0,0,0,0,0,0,0,0
200060,2,1,0,0,0,0,0,0,0,0,0,0
200060,3,1,0,0,0,0,0,0,0,0,0,0
200061,1,1,0,0,0,0,0,0,0,0,0,0
200061,2,1,0,0,0,0,0,0,0,0,0,0
200062,1,1,13,13,13,13,13,13,13,13,13,13
200062,2,1,0,0,0,0,0,0,0,0,0,0
200063,1,1,0,0,0,0,0,0,0,0,0,0
200064,1,1,0,16,28,0,15,0,25,15,15,0
200064,2,1,10,4,0,0,0,0,9,0,0,0
200065,1,1,0,0,0,0,0,0,0,0,0,0
200065,2,1,0,0,0,0,0,0,0,0,0,0
200066,0,1,0,0,47,0,0,0,25,0,0,0
200066,0,2,0,0,0,0,0,0,0,0,0,8
200066,1,1,0,0,0,0,0,0,0,0,0,0
200067,1,1,0,0,0,0,0,0,0,0,0,0
200068,1,1,0,0,0,0,0,0,0,0,0,0
200068,2,1,0,15,0,0,0,0,0,0,0,0
200068,3,1,0,0,0,0,0,0,0,0,0,0
200069,1,1,0,0,0,0,20,0,0,0,0,0
200070,0,1,0,0,0,0,0,0,6,0,0,0
200070,1,1,12,0,0,0,0,0,0,0,0,0
200071,1,1,0,0,0,39,0,0,0,0,24,0
200072,1,1,0,0,0,0,0,0,0,0,0,0
200072,2,1,0,0,0,0,0,0,0,0,0,0
200073,0,1,37,0,0,0,0,0,0,0,0,0
200073,1,1,0,12,0,0,0,0,0,0,0,0
200074,1,1,29,29,29,29,29,29,29,29,29,29
200074,2,1,0,0,0,0,0,0,0,0,0,0
200075,1,1,0,0,0,0,0,0,34,22,0,0
200076,1,1,0,46,0,0,0,0,14,0,0,0
200077,1,1,0,0,0,0,0,0,0,0,0,0
200077,2,1,11,0,0,0,0,0,0,0,0,0
200078,1,1,0,0,0,0,0,0,0,0,0,0
200079,1,1,0,0,0,0,0,0,11,0,0,0
200080,1,1,0,0,0,0,0,0,0,0,0,0
200081,1,1,0,0,0,0,0,0,0,0,0,0
200082,1,1,0,0,0,0,0,0,0,0,0,0
200082,2,1,0,0,0,0,0,0,0,0,0,0
200083,0,1,0,0,0,0,0,0,0,0,0,0
200083,1,1,0,0,0,0,0,0,0,0,0,0
200084,1,1,9,9,9,9,9,9,9,9,9,9
200084,2,1,0,0,0,0,0,0,0,0,0,0
200085,1,1,0,0,0,0,0,0,0,0,0,0
200086,1,1,0,0,0,0,0,0,0,0,0,0
200086,2,1,0,0,0,0,0,0,0,0,0,0
200087,1,1,17,0,0,0,0,0,0,20,0,27
200088,1,1,0,13,0,0,0,0,0,0,0,0
200089,1,1,17,17,17,17,17,17,17,17,17,17
200089,2,1,0,0,0,0,0,0,0,0,0,0
200090,1,1,0,0,0,0,32,0,0,19,0,0
200091,1,1,35,35,35,35,35,35,35,35,35,35
200092,1,1,0,0,0,0,0,0,0,0,0,0
200092,2,1,0,0,0,0,0,0,0,0,0,0
200094,1,1,0,0,0,31,0,0,0,0,0,0
200095,1,1,0,0,0,0,0,0,0,0,0,0
200096,1,1,0,0,0,0,0,0,0,0,0,0
200096,2,1,0,0,0,0,0,0,0,0,0,0
200097,1,1,4,0,18,28,17,16,4,0,5,12
200098,1,1,0,0,0,21,28,0,0,0,0,0
200099,1,1,0,5,0,0,0,0,0,0,0,0
200100,1,1,0,0,0,28,12,0,0,0,0,0
200101,1,1,14,0,0,0,0,0,0,0,0,0
200101,2,1,0,0,0,0,0,0,0,0,0,0
200101,3,1,0,0,0,0,0,0,0,0,0,0
200101,4,1,0,0,0,0,0,0,0,0,0,0
200101,5,1,0,0,0,0,0,0,0,0,0,0
200102,1,1,0,0,0,0,0,0,0,0,0,0
200102,2,1,0,0,0,0,0,0,0,0,0,0
200103,1,1,21,21,21,21,21,21,21,21,21,21
200104,1,1,0,0,0,0,0,0,0,0,0,0
200104,2,1,0,0,0,0,0,0,0,0,0,0
200104,3,1,0,0,0,0,0,0,0,0,0,0
200105,1,1,0,13,0,0,0,0,0,0,10,0
200106,1,1,0,0,0,0,0,0,0,0,0,0
200106,2,1,0,0,0,0,0,0,0,0,0,0
200107,1,1,0,0,0,0,0,0,0,0,0,0
200107,2,1,0,0,0,0,0,0,0,0,0,0
200108,1,1,0,0,0,0,0,0,0,0,0,0
200108,2,1,0,0,0,0,0,0,0,0,0,0
200109,1,1,0,0,0,0,0,0,0,0,0,0
200110,1,1,0,0,0,0,0,0,0,0,0,0
200110,2,1,0,0,0,0,0,0,0,0,0,0
200111,1,1,4,4,4,4,4,4,4,4,4,4
200111,2,1,0,0,0,0,0,0,0,0,0,0
200111,3,1,0,0,0,0,0,0,0,0,0,0
200111,4,1,0,0,0,0,0,0,0,0,0,0
200112,1,1,0,0,0,16,14,26,0,0,28,0
200113,1,1,7,0,0,0,0,0,0,0,0,0
200114,1,1,0,0,0,0,0,0,0,0,0,0
200114,2,1,0,0,0,0,0,0,0,0,0,0
200115,0,1,0,0,0,0,0,0,0,0,0,0
200115,1,1,0,0,0,0,0,0,0,0,0,0
200116,1,1,0,0,0,9,10,23,0,12,0,31
200116,2,1,0,0,0,0,0,0,0,20,0,0
200116,3,1,0,0,12,0,7,0,0,12,0,0
200117,1,1,10,10,10,10,10,10,10,10,10,10
200117,2,1,0,0,0,0,0,0,0,0,0,0
200118,1,1,0,0,0,0,0,0,0,0,0,0
200118,2,1,0,0,0,0,0,0,0,0,0,0
200119,1,1,18,18,18,18,18,18,18,18,18,18
200120,1,1,0,0,0,0,0,0,0,0,0,0
200121,1,1,0,0,0,0,0,0,0,0,0,0
200122,1,1,0,0,0,0,0,0,0,17,0,0
200123,1,1,14,14,14,14,14,14,14,14,14,14
200124,1,1,3,3,3,3,3,3,3,3,3,3
200124,2,1,0,0,0,0,0,0,0,0,0,0
200125,1,1,0,0,0,0,0,0,0,0,0,0
200125,2,1,0,0,0,0,0,4,0,0,0,0
200126,1,1,0,0,0,0,0,0,0,0,0,0
200126,2,1,0,0,0,0,0,0,0,0,0,0
200127,1,1,0,0,0,0,0,0,0,0,0,0
200127,2,1,0,0,0,0,0,0,0,0,0,0
200128,1,1,0,21,0,0,0,0,6,0,0,0
200129,1,1,0,22,14,5,0,0,0,0,21,12
200130,1,1,0,0,0,0,0,0,0,0,0,0
200130,2,1,0,0,9,0,0,0,0,0,0,0
200133,1,1,0,0,0,0,0,0,0,0,0,0
200133,2,1,0,0,0,0,0,0,0,0,0,0
200134,1,1,0,0,0,0,0,0,0,0,0,0
200134,2,1,0,0,0,0,0,0,0,0,0,0
200135,1,1,0,0,0,0,0,0,0,0,0,0
200135,2,1,0,0,0,0,0,0,0,0,0,0
200136,1,1,23,0,0,0,0,0,0,0,0,9
200137,1,1,0,0,0,0,0,0,0,0,0,0
200137,2,1,0,0,0,11,0,12,0,0,0,0
200138,1,1,0,0,0,0,0,0,0,0,0,0
200138,2,1,0,0,0,0,0,0,0,0,0,0
200139,1,1,0,0,0,0,0,0,0,0,14,0
200139,2,1,0,0,0,0,0,0,0,0,0,0
200140,1,1,0,0,0,0,0,0,0,0,0,0
200140,2,1,0,22,0,0,0,0,0,0,0,0
200141,1,1,0,0,0,10,0,0,0,0,0,0
200141,2,1,0,0,0,0,0,0,0,0,0,0
200142,0,1,0,0,9,0,0,0,0,0,0,0
200142,0,2,0,20,0,0,9,0,0,14,0,0
200142,1,1,0,0,0,0,0,0,0,0,0,0
200143,1,1,0,0,0,0,0,0,0,0,0,0
200146,1,1,0,0,0,0,0,0,0,0,0,0
200147,0,1,0,0,0,27,0,0,0,0,0,0
200147,1,1,0,0,0,0,0,0,0,0,0,0
200148,1,1,0,0,0,0,0,0,0,12,0,0
200148,2,1,0,0,0,0,0,0,0,0,0,0
200149,1,1,0,0,0,0,0,0,0,0,0,0
200150,1,1,0,0,0,0,0,0,0,0,0,0
200151,1,1,0,0,0,0,0,0,0,0,0,0
200151,2,1,0,0,0,0,0,0,0,0,0,0
200152,1,1,0,0,0,0,0,0,0,0,0,0
200153,1,1,0,0,0,0,0,0,0,0,0,0
200153,2,1,0,0,0,0,0,0,0,0,0,0
200153,3,1,0,0,0,0,0,0,0,0,0,0
200154,1,1,32,32,32,32,32,32,32,32,32,32
200155,1,1,0,0,0,0,0,0,0,0,0,0
200156,1,1,30,0,23,0,8,23,14,0,12,16
200157,1,1,0,0,0,0,0,0,0,0,0,0
200157,2,1,0,0,0,0,0,0,0,0,0,0
200158,1,1,0,0,0,0,0,0,0,0,0,0
200158,2,1,0,0,0,0,0,0,0,0,0,0
200159,1,1,0,0,12,0,0,0,0,0,11,0
200160,1,1,0,0,0,0,0,0,0,0,0,0
200160,2,1,0,0,0,0,0,0,0,0,0,0
200161,1,1,0,0,0,0,0,0,0,0,0,0
200161,2,1,0,0,0,0,0,0,0,0,0,0
200162,1,1,0,0,0,12,0,0,0,0,0,19
200163,1,1,0,0,0,0,0,0,0,0,0,0
200163,2,1,0,0,0,0,0,0,0,0,0,0
200164,1,1,0,0,0,0,0,0,18,0,29,18
200165,1,1,0,0,0,0,0,0,0,0,0,0
200165,2,1,0,23,0,0,24,0,0,0,24,0
200166,1,1,0,0,0,0,0,0,0,0,0,0
200166,2,1,0,0,0,0,0,0,0,0,0,0
200167,1,1,34,34,34,34,34,34,34,34,34,34
200169,1,1,0,0,0,0,0,0,0,0,0,0
200170,1,1,0,0,0,0,0,0,0,0,0,0
200171,1,1,0,0,0,0,0,0,0,0,0,0
200172,1,1,0,0,0,0,0,0,0,0,0,0
200173,1,1,0,0,0,0,0,0,0,0,0,0
200173,2,1,0,0,0,0,0,0,0,0,0,0
200174,1,1,0,0,0,0,0,0,0,0,0,0
200175,1,1,0,0,0,0,0,0,0,0,0,0
200175,2,1,0,0,0,0,0,0,0,0,0,0
200176,1,1,8,8,8,8,8,8,8,8,8,8
200176,2,1,0,33,0,8,0,0,0,0,0,0
200177,0,1,0,0,0,0,0,0,0,0,0,0
200177,1,1,0,0,6,0,15,0,0,0,14,0
200178,1,1,0,0,0,0,0,0,0,11,0,0
200178,2,1,0,0,0,0,0,0,0,0,0,0
200178,3,1,0,0,0,0,0,0,0,0,0,0
200179,0,1,9,0,0,0,0,0,0,0,0,0
200179,1,1,0,0,7,0,0,0,20,0,10,0
200180,1,1,0,0,0,0,0,0,0,0,0,0
200180,2,1,0,0,0,0,0,0,0,0,0,0
200181,1,1,0,0,24,0,0,0,0,0,0,16
200182,1,1,4,4,4,4,4,4,4,4,4,4
200183,1,1,0,0,0,0,0,0,0,0,0,0
200183,2,1,0,0,0,0,0,0,0,0,0,0
200184,1,1,0,0,0,0,0,0,0,0,0,0
200184,2,1,0,0,0,0,0,0,0,0,0,0
200185,1,1,22,22,22,22,22,22,22,22,22,22
200186,1,1,24,24,24,24,24,24,24,24,24,24
200187,1,1,0,0,0,0,0,0,0,0,0,0
200187,2,1,0,0,0,0,0,0,0,0,0,0
200188,1,1,0,0,0,0,0,0,0,0,2,0
200188,2,1,0,0,0,0,0,0,0,0,0,0
200189,1,1,13,16,19,7,19,16,26,27,26,18
200190,1,1,0,0,0,0,0,0,0,0,21,0
200191,1,1,0,0,0,0,0,0,0,0,0,0
200191,2,1,0,0,9,0,0,0,0,32,0,0
200192,1,1,0,22,15,0,0,0,23,0,23,19
200193,1,1,0,0,0,0,0,0,0,0,0,0
200193,2,1,0,0,0,0,19,0,0,0,0,0
200194,1,1,0,0,0,0,0,0,28,0,0,0
200195,1,1,0,0,0,0,0,0,0,0,0,0
200196,1,1,0,0,0,0,0,0,0,0,0,0
200197,1,1,34,34,34,34,34,34,34,34,34,34
200197,2,1,0,0,0,0,0,0,0,0,0,0
200198,1,1,0,0,0,0,0,0,0,0,0,0
200198,2,1,0,0,0,0,0,0,0,0,0,0
200199,1,1,25,25,25,25,25,25,25,25,25,25
200200,1,1,0,0,0,0,0,0,0,0,0,0
200201,1,1,18,18,18,18,18,18,18,18,18,18
200202,1,1,27,0,0,0,0,0,0,0,0,0
200203,1,1,0,0,0,0,0,0,0,0,0,0
200203,2,1,0,0,0,0,0,0,0,0,0,0
200204,1,1,0,0,0,0,0,0,0,0,18,19
200205,1,1,0,32,0,0,0,0,0,0,0,0
200206,1,1,0,0,0,0,0,0,0,0,0,0
200206,2,1,0,0,0,0,5,0,0,0,0,0
200207,1,1,0,0,0,0,26,0,0,0,0,0
200207,2,1,0,0,0,0,0,0,0,0,0,0
200208,1,1,12,24,12,10,22,14,30,0,14,8
200209,1,1,0,0,0,0,0,0,0,0,0,0
200210,1,1,0,0,0,0,0,0,0,0,0,0
200210,2,1,0,0,0,0,7,0,0,0,0,0
200211,1,1,0,0,0,0,0,0,0,0,0,0
200212,1,1,18,18,18,18,18,18,18,18,18,18
200212,2,1,23,21,3,0,7,0,2,10,19,10
200213,1,1,0,0,0,0,0,0,0,0,0,0
200213,2,1,0,16,0,0,0,0,0,0,0,0
200214,1,1,0,0,0,17,0,0,19,0,11,0
200215,1,1,27,16,10,11,4,16,8,25,19,7
200216,1,1,0,0,0,0,0,0,0,0,0,0
200216,2,1,0,0,0,0,0,0,0,0,0,0
200217,1,1,0,7,0,0,0,0,0,0,0,0
200218,1,1,25,25,25,25,25,25,25,25,25,25
200219,1,1,0,0,0,0,0,0,0,0,0,0
200220,1,1,17,17,17,17,17,17,17,17,17,17
200220,2,1,0,0,0,0,0,0,0,0,0,0
200221,1,1,0,0,0,0,0,0,0,0,0,0
200221,2,1,0,0,0,0,0,0,0,0,0,0
200221,3,1,0,8,0,0,0,0,8,0,0,0
200222,1,1,28,28,28,28,28,28,28,28,28,28
200223,1,1,0,0,0,0,0,0,0,0,0,0
200224,1,1,0,0,0,0,0,0,0,0,0,0
200225,1,1,0,16,0,0,0,0,0,0,0,0
200226,1,1,0,0,0,0,0,0,0,0,0,0
200226,2,1,0,0,0,0,0,0,0,0,0,0
200227,1,1,0,0,0,0,0,0,0,0,0,0
200228,1,1,0,0,0,0,0,0,0,0,0,0
200229,1,1,18,18,18,18,18,18,18,18,18,18
200230,1,1,0,0,0,0,0,0,0,0,0,0
200231,1,1,9,0,0,0,0,18,0,0,0,0
200232,1,1,0,0,0,0,22,0,0,0,0,0
200232,2,1,0,0,0,0,0,16,0,0,0,0
200233,1,1,0,0,0,0,10,0,0,0,0,0
200233,2,1,0,0,0,0,0,0,0,0,0,0
200234,1,1,0,0,0,16,0,0,0,0,0,0
200235,1,1,18,18,18,18,18,18,18,18,18,18
200235,2,1,0,0,0,0,0,0,0,0,0,0
200236,0,1,33,19,29,0,20,0,22,0,0,0
200236,1,1,16,0,0,0,0,0,0,0,0,0
200237,1,1,0,0,0,0,0,0,0,0,0,10
200238,1,1,32,10,15,0,0,9,0,75,28,0
200239,1,1,0,0,0,0,0,0,0,0,0,0
200239,2,1,0,0,0,0,0,0,0,0,0,0