ST_CASE,VEH_NO,PER_NO,P1,P2,P3,P4,P5,P6,P7,P8,P9,P10
210492,1,1,0,0,0,0,0,0,0,0,0,0
210492,2,1,0,0,0,0,0,0,0,0,0,0
210493,1,1,0,0,0,0,0,0,0,0,0,0
210494,1,1,0,0,0,0,0,0,0,0,0,0
210494,2,1,0,0,0,0,18,0,0,0,0,0
210495,0,1,0,0,0,0,0,0,0,0,0,0
210495,1,1,0,0,0,0,0,0,0,0,0,0
210496,1,1,0,0,0,0,7,10,0,0,0,0
210496,2,1,0,0,0,0,0,0,0,0,0,0
210497,0,1,24,24,24,24,24,24,24,24,24,24
210497,1,1,0,0,0,0,0,0,0,0,0,0
210498,1,1,0,0,0,0,6,0,13,0,0,4
210499,1,1,6,6,6,6,6,6,6,6,6,6
210500,1,1,0,0,0,0,0,0,0,0,0,0
210500,2,1,0,0,0,0,4,0,0,0,0,0
210501,1,1,0,0,0,0,0,0,0,0,0,0
210501,2,1,0,0,0,0,0,0,0,0,0,0
210502,1,1,0,0,0,0,0,0,0,0,0,0
210503,1,1,0,0,0,0,0,0,0,0,0,0
210504,1,1,0,0,0,0,0,0,0,0,0,0
210505,0,1,0,0,0,0,0,0,0,0,0,0
210505,1,1,0,0,0,0,0,0,0,0,0,0
210506,1,1,0,0,0,0,0,0,11,0,6,0
210507,1,1,0,0,0,0,0,0,0,0,0,0
210507,2,1,0,0,0,0,0,0,0,0,0,0
210508,1,1,15,15,15,15,15,15,15,15,15,15
210509,1,1,0,0,0,0,0,0,0,0,0,0
210510,1,1,4,0,0,0,0,0,0,0,0,0
210511,1,1,0,0,0,0,0,0,0,0,0,0
210511,2,1,0,0,0,0,0,0,0,0,0,0
210511,3,1,0,0,0,0,0,0,0,0,0,0
210512,1,1,0,0,0,0,0,0,0,0,0,0
210512,2,1,0,0,0,0,0,0,0,0,0,0
210512,3,1,0,0,0,0,0,0,0,0,0,0
210513,1,1,16,0,0,0,0,0,0,0,0,0
210515,1,1,16,16,16,16,16,16,16,16,16,16
210515,2,1,0,0,0,0,0,0,0,0,0,0
210516,1,1,0,0,0,0,0,0,0,0,0,0
210517,1,1,0,0,0,0,0,0,0,0,0,0
210518,0,1,0,0,0,0,0,0,19,0,0,0
210518,1,1,0,0,0,0,0,0,0,0,0,0
210519,0,1,0,0,0,0,0,0,0,0,0,0
210519,1,1,0,0,0,0,0,0,0,0,0,0
210520,1,1,0,0,0,0,0,0,0,0,0,0
210520,2,1,0,0,0,0,0,0,0,0,0,0
210521,1,1,0,0,0,0,0,0,0,0,0,0
210521,2,1,0,0,0,0,0,0,0,0,0,0
210522,1,1,0,0,0,0,0,0,0,0,0,0
210523,1,1,0,0,0,0,0,0,0,0,0,0
210523,2,1,0,0,0,0,0,0,0,0,0,0
210525,1,1,0,0,0,0,0,0,0,0,0,0
210525,2,1,0,0,0,0,0,0,0,0,0,0
210526,1,1,0,0,0,0,0,0,0,0,0,0
210526,2,1,0,0,0,0,0,0,0,0,0,0
210527,1,1,0,0,0,0,0,0,0,0,0,0
210528,1,1,0,0,0,0,0,0,0,0,0,0
210528,2,1,0,0,0,0,0,0,0,0,0,0
210529,1,1,28,0,0,0,0,0,0,0,0,0
210530,1,1,0,0,0,0,0,0,0,0,0,0
210530,2,1,0,0,0,0,0,0,0,0,0,0
210531,1,1,0,0,0,0,0,0,0,0,0,0
210532,1,1,0,0,0,0,0,0,0,0,0,0
210532,2,1,0,0,0,0,0,0,0,0,0,0
210533,1,1,0,0,0,0,0,0,0,0,0,0
210533,2,1,0,0,0,0,0,0,0,0,0,0
210533,3,1,0,0,0,0,0,0,0,0,0,0
210533,4,1,0,0,0,0,0,0,0,0,0,0
210534,1,1,0,0,0,0,0,0,0,0,0,0
210534,2,1,0,0,0,0,0,0,0,0,0,0
210534,3,1,0,0,0,0,0,0,0,0,0,0
210535,1,1,0,0,0,0,0,0,0,0,0,0
210535,2,1,0,13,0,0,0,0,0,0,0,0
210536,1,1,0,0,0,0,0,0,0,0,0,0
210536,2,1,0,0,0,0,0,0,17,0,0,0
210537,0,1,0,0,0,0,0,0,0,0,0,0
210537,1,1,0,0,0,25,0,0,0,0,0,0
210538,1,1,0,0,0,0,0,0,0,0,0,0
210539,1,1,0,0,0,0,0,0,0,0,0,0
210539,2,1,0,0,0,0,0,0,0,0,0,0
210540,1,1,0,0,0,0,0,0,0,0,0,0
210540,2,1,0,0,0,0,0,0,0,0,0,0
210541,0,1,18,18,18,18,18,18,18,18,18,18
210541,1,1,14,14,14,14,14,14,14,14,14,14
210542,1,1,0,0,0,0,0,0,0,0,0,0
210543,1,1,16,16,16,16,16,16,16,16,16,16
210543,2,1,0,18,0,0,0,0,0,46,0,0
210544,1,1,0,0,0,0,0,0,0,29,0,0
210545,1,1,0,0,0,0,0,0,0,0,0,0
210545,2,1,0,0,0,0,0,0,0,0,0,0
210546,1,1,0,0,0,0,0,0,0,0,0,0
210547,0,1,0,0,0,0,0,0,0,0,0,0
210547,1,1,0,0,0,0,7,7,0,0,0,0
210548,0,1,28,28,28,28,28,28,28,28,28,28
210548,1,1,0,0,0,0,0,0,0,0,0,0
210549,1,1,0,0,0,0,0,0,0,0,0,0
210550,1,1,0,5,0,0,0,0,0,13,20,0
210551,1,1,0,0,0,0,0,0,0,0,0,0
210552,0,1,0,0,0,0,0,0,0,0,39,0
210552,0,2,9,0,0,15,0,0,0,0,0,0
210552,1,1,0,0,0,0,0,0,0,0,0,0
210553,1,1,0,0,0,0,0,0,0,0,0,0
210553,2,1,0,0,0,0,0,0,0,0,0,0
210554,1,1,0,0,0,0,0,0,0,0,0,0
210554,2,1,0,0,0,0,0,0,0,0,0,0
210555,1,1,0,0,0,0,0,0,0,0,0,0
210555,2,1,0,0,0,0,0,0,0,0,0,0
210556,1,1,0,0,0,0,0,0,0,0,0,0
210556,2,1,0,0,14,0,7,0,0,0,0,0
210557,1,1,0,0,0,0,0,0,0,0,0,0
210557,2,1,0,0,0,0,0,0,0,0,0,0
210558,1,1,24,0,0,19,0,18,0,0,0,0
210559,1,1,15,26,16,24,10,27,15,17,11,14
210561,0,1,0,0,0,0,0,0,0,0,0,0
210561,1,1,0,0,0,0,0,0,0,0,0,0
210562,0,1,21,21,21,21,21,21,21,21,21,21
210562,1,1,0,0,0,0,0,0,0,0,0,0
210562,2,1,0,0,0,0,0,0,0,0,0,0
210562,3,1,0,0,0,0,0,0,0,0,0,0
210563,0,1,20,20,20,20,20,20,20,20,20,20
210563,1,1,0,0,0,0,0,0,0,0,0,0
210563,2,1,0,0,0,0,0,0,0,0,0,0
210564,1,1,10,10,10,10,10,10,10,10,10,10
210564,2,1,0,0,0,0,0,0,0,0,0,0
210565,1,1,0,0,0,0,0,0,0,0,0,0
210566,1,1,0,0,0,0,0,0,0,0,0,0
210566,2,1,0,0,0,0,0,0,0,0,0,0
210567,1,1,0,0,0,0,0,0,0,0,0,0
210567,2,1,0,0,0,0,0,0,0,0,0,0
210568,1,1,0,0,0,0,0,0,0,0,0,0
210568,2,1,0,0,0,0,0,0,0,0,0,0
210569,1,1,0,0,0,0,0,0,0,0,0,0
210569,2,1,0,0,0,0,0,0,0,0,0,0
210570,1,1,0,0,0,0,0,0,0,0,0,0
210571,1,1,0,0,0,15,0,0,0,0,0,0
210572,1,1,15,15,15,15,15,15,15,15,15,15
210572,2,1,0,0,0,0,0,0,0,0,0,0
210573,1,1,0,0,0,0,0,0,0,8,0,0
210574,1,1,0,0,0,0,0,0,0,0,0,0
210574,2,1,0,0,0,0,0,0,0,0,0,0
210575,1,1,0,0,0,14,19,0,0,0,0,0
210576,1,1,0,0,0,0,0,0,0,0,0,0
210576,2,1,0,0,0,0,0,0,0,0,0,0
210577,1,1,14,14,14,14,14,14,14,14,14,14
210578,1,1,0,0,0,0,0,0,0,0,0,0
210578,2,1,0,0,0,0,0,0,0,0,0,0
210579,1,1,0,0,0,0,0,0,0,0,0,0
210579,2,1,0,0,0,0,0,0,0,0,0,0
210580,1,1,18,18,18,18,18,18,18,18,18,18
210580,2,1,0,0,0,0,0,0,0,0,0,0
210581,1,1,0,0,0,0,0,0,0,0,0,0
210581,2,1,0,0,0,0,0,0,0,0,0,0
210582,0,1,0,0,0,0,0,0,0,0,0,0
210582,1,1,0,0,0,0,0,0,0,0,0,0
210583,0,1,2,2,2,2,2,2,2,2,2,2
210583,1,1,0,0,0,0,0,0,0,0,0,0
210583,2,1,0,0,0,0,0,0,0,0,0,0
210583,3,1,0,18,0,0,0,0,0,0,0,0
210584,1,1,0,0,0,0,0,0,0,0,0,0
210585,1,1,39,23,21,14,9,28,20,18,8,13
210586,1,1,22,22,22,22,22,22,22,22,22,22
210587,1,1,6,6,6,6,6,6,6,6,6,6
210587,2,1,0,0,0,0,2,0,0,0,0,0
210588,1,1,0,0,0,0,0,0,0,0,0,0
210589,0,1,16,16,16,16,16,16,16,16,16,16
210589,1,1,0,0,17,21,0,0,0,0,0,0
210590,1,1,0,0,0,0,0,0,0,0,0,10
210590,2,1,0,0,0,0,0,0,0,0,0,0
210590,3,1,0,0,0,0,0,0,0,0,0,0
210591,1,1,0,0,0,0,0,0,0,0,0,0
210591,2,1,0,0,0,0,0,0,0,0,0,0
210592,0,1,0,0,0,0,0,0,0,0,0,0
210592,1,1,0,20,26,0,0,0,0,0,0,0
210593,1,1,8,8,8,8,8,8,8,8,8,8
210594,1,1,16,16,16,16,16,16,16,16,16,16
210595,1,1,0,0,0,0,19,0,0,0,0,0
210595,2,1,0,0,0,0,0,0,0,0,0,0
210596,0,1,0,0,0,0,0,0,0,0,0,0
210596,1,1,32,9,40,0,0,0,0,0,0,0
210597,1,1,0,0,0,0,0,0,0,0,0,0
210597,2,1,0,0,0,0,0,0,0,0,0,0
210597,3,1,0,0,0,0,0,0,0,0,0,0
210598,1,1,0,0,0,0,0,0,0,0,0,0
210598,2,1,0,0,0,0,0,0,0,0,0,0
210599,1,1,0,0,0,0,0,0,0,0,0,0
210599,2,1,0,0,0,0,0,0,0,0,0,0
210600,1,1,0,0,0,0,0,0,0,0,0,0
210600,2,1,0,0,0,0,0,0,0,0,0,0
210601,1,1,0,0,0,0,0,0,0,0,0,0
210602,1,1,0,0,0,0,0,0,0,0,14,0
210602,2,1,0,0,0,0,0,0,0,0,0,0
210603,1,1,0,0,0,0,0,0,0,0,0,0
210603,2,1,0,0,0,0,0,0,0,0,0,0
210604,1,1,22,22,22,22,22,22,22,22,22,22
210605,1,1,0,0,0,0,0,0,0,0,0,0
210605,2,1,0,0,0,0,0,0,0,0,0,0
210606,1,1,0,0,0,0,0,0,0,0,0,0
210607,1,1,0,0,0,0,0,0,0,0,0,0
210607,2,1,0,0,0,0,0,0,0,0,0,0
210608,1,1,0,0,0,0,0,0,0,0,0,0
210608,2,1,0,0,0,0,0,0,0,0,0,0
210609,1,1,0,0,0,0,0,0,0,0,0,0
210610,1,1,0,0,0,0,0,22,0,0,0,26
210611,1,1,0,0,0,0,0,0,0,0,0,0
210611,2,1,0,0,0,0,0,0,0,0,0,0
210612,1,1,0,0,0,0,0,0,0,0,0,0
210612,2,1,0,0,0,0,0,0,0,0,0,0
210613,1,1,0,0,0,0,0,0,0,0,0,0
210613,2,1,0,0,0,0,0,0,0,0,0,0
210614,1,1,0,0,0,0,0,0,0,0,0,0
210614,2,1,0,0,0,0,0,0,0,0,0,0
210615,1,1,0,0,0,0,0,0,0,0,0,0
210616,1,1,0,0,0,0,0,0,0,0,0,0
210616,2,1,0,0,24,0,0,0,0,0,0,0
210617,1,1,0,0,0,0,0,0,20,0,0,0
210617,2,1,0,0,0,0,0,0,0,0,0,0
210618,1,1,6,6,6,6,6,6,6,6,6,6
210619,1,1,0,0,0,0,0,0,0,0,0,0
210619,2,1,0,0,0,0,0,0,0,0,0,0
210619,3,1,0,0,0,0,0,0,0,0,0,0
210620,1,1,0,0,0,0,0,0,0,0,0,0
210620,2,1,0,0,0,0,0,0,0,0,0,0
210621,1,1,17,17,17,17,17,17,17,17,17,17
210622,1,1,0,0,0,0,0,0,0,0,0,0
210623,0,1,29,21,0,0,0,11,17,0,0,0
210623,1,1,0,0,0,0,0,0,39,0,0,0
210625,1,1,0,0,0,0,0,0,0,0,0,0
210625,2,1,0,0,0,0,0,0,0,0,0,0
210625,3,1,0,0,0,0,0,0,0,0,0,0
210626,0,1,17,17,17,17,17,17,17,17,17,17
210626,1,1,7,7,7,7,7,7,7,7,7,7
210627,0,1,33,33,33,33,33,33,33,33,33,33
210627,1,1,0,0,0,0,0,0,0,0,0,0
210628,1,1,23,23,23,23,23,23,23,23,23,23
210628,2,1,0,0,0,0,0,0,0,0,0,0
210628,3,1,0,0,0,0,0,0,0,0,0,0
210630,1,1,0,0,0,0,0,0,0,0,0,0
210631,1,1,0,0,0,0,0,0,0,0,0,0
210631,2,1,0,0,0,0,0,0,0,0,0,0
210632,1,1,0,0,0,0,0,0,0,0,0,0
210633,1,1,0,0,0,0,0,0,0,0,0,0
210633,2,1,0,0,0,0,0,0,0,0,0,0
210634,1,1,0,0,0,0,0,0,0,0,0,0
210634,2,1,0,0,0,0,0,0,0,0,0,0
210635,1,1,10,10,10,10,10,10,10,10,10,10
210636,1,1,0,0,0,0,0,0,0,0,0,0
210636,2,1,0,0,0,0,0,0,0,0,0,0
210637,1,1,0,0,0,0,0,0,0,0,0,25
210638,1,1,0,0,0,0,0,0,0,0,0,0
210639,1,1,7,7,7,7,7,7,7,7,7,7
210639,2,1,0,0,0,0,0,0,0,0,0,0
210640,1,1,23,23,23,23,23,23,23,23,23,23
210641,1,1,0,0,0,0,0,0,0,0,0,0
210642,1,1,0,0,0,0,0,0,0,0,0,0
210643,1,1,0,0,0,0,0,0,0,0,0,0
210644,0,1,0,0,0,0,0,0,0,0,0,0
210644,1,1,0,0,19,0,0,0,0,0,0,0
210645,0,1,0,0,0,0,0,0,0,0,0,0
210646,0,1,2,2,2,2,2,2,2,2,2,2
210646,1,1,0,0,0,0,0,0,0,0,0,0
210647,0,1,17,17,17,17,17,17,17,17,17,17
210647,1,1,0,0,28,0,0,0,5,0,0,0
210648,1,1,29,0,0,0,0,0,0,0,0,0
210648,2,1,0,0,0,0,0,0,0,0,0,0
210649,0,1,0,0,0,0,0,0,0,0,0,0
210649,1,1,0,0,0,0,0,0,0,0,0,0
210649,3,1,0,9,14,10,0,0,8,0,4,15
210650,1,1,0,0,0,0,0,0,0,0,0,0
210650,2,1,0,0,0,24,0,0,0,0,0,0
210651,1,1,0,0,0,0,0,0,0,0,0,0
210652,1,1,0,0,0,0,0,0,0,0,0,0
210652,2,1,0,0,0,0,0,0,0,0,0,0
210652,3,1,0,0,0,0,0,0,0,0,0,0
210653,1,1,0,0,0,13,0,0,0,0,0,0
210653,2,1,0,0,0,0,0,0,0,0,0,0
210654,1,1,0,0,0,0,0,0,0,0,0,0
210654,2,1,0,0,0,0,0,0,0,0,0,0
210655,1,1,0,0,0,0,0,0,34,0,0,0
210656,1,1,0,0,0,0,0,0,0,0,0,0
210656,2,1,0,0,0,0,0,0,0,0,0,0
210657,1,1,0,0,0,0,0,0,0,0,0,0
210657,2,1,0,0,0,0,0,0,0,0,0,0
210657,3,1,0,0,6,0,0,0,0,0,0,0
210658,1,1,0,0,0,0,0,0,0,0,8,11
210659,1,1,0,0,0,0,0,0,0,0,0,0
210659,2,1,0,0,0,0,0,0,0,0,0,0
210660,1,1,0,0,0,0,0,0,0,0,0,0
210661,1,1,30,11,5,28,16,0,10,13,0,23
210661,2,1,0,0,0,0,0,0,0,0,0,0
210662,1,1,0,0,19,0,0,0,19,0,0,4
210663,1,1,3,3,3,3,3,3,3,3,3,3
210664,1,1,0,0,15,0,18,0,0,0,0,0
210665,1,1,12,12,12,12,12,12,12,12,12,12
210666,1,1,0,0,0,0,0,0,0,0,0,0
210666,2,1,0,0,0,0,0,0,0,0,0,0
210667,1,1,18,12,5,5,16,3,5,10,21,6
210667,2,1,0,16,0,0,0,0,0,0,0,0
210668,1,1,0,0,0,0,16,0,0,0,0,0
210668,2,1,0,0,0,0,0,0,0,0,0,0
210669,1,1,0,0,0,0,0,0,0,0,0,0
210670,1,1,0,0,0,0,0,0,0,0,0,0
210671,1,1,0,0,20,0,0,0,0,0,0,0
210672,0,1,0,0,0,0,0,0,0,24,0,0
210672,1,1,0,0,0,0,4,0,0,0,0,8
210673,1,1,0,0,0,0,0,11,0,0,0,0
210674,1,1,0,0,0,0,0,0,0,0,0,0
210674,2,1,20,5,0,0,19,0,0,15,10,12
210675,1,1,0,0,0,0,0,0,0,0,0,0
220001,1,1,22,22,22,22,22,22,22,22,22,22
220002,1,1,0,0,0,0,0,0,0,0,0,0
220002,2,1,0,0,0,0,0,0,0,0,0,0
220003,1,1,0,0,0,0,0,0,0,0,0,0
220004,0,1,0,0,0,0,0,0,0,0,0,0
220004,1,1,0,0,0,0,0,0,0,0,0,0
220004,2,1,0,0,0,0,0,0,0,0,0,0
220005,1,1,0,0,0,0,0,0,0,0,0,0
220007,0,1,0,18,0,34,0,0,0,0,0,0
220007,1,1,0,0,0,0,0,0,0,0,0,0
220008,1,1,10,10,10,10,10,10,10,10,10,10
220009,1,1,0,0,0,0,0,0,0,0,0,0
220009,2,1,0,0,0,0,0,0,0,0,0,0
220010,0,1,0,0,0,0,0,0,0,0,0,0
220010,1,1,0,0,0,0,0,0,0,0,0,0
220012,1,1,16,16,16,16,16,16,16,16,16,16
220013,1,1,0,0,0,0,0,0,0,0,0,0
220014,1,1,0,0,0,0,0,0,0,0,0,0
220014,2,1,0,0,0,0,0,0,0,0,0,0
220015,1,1,0,0,0,0,0,0,0,0,0,0
220015,2,1,0,0,0,0,0,0,0,0,0,0
220015,3,1,0,0,0,0,0,0,0,0,0,0
220015,4,1,0,0,0,0,0,0,0,0,16,0
220015,5,1,0,0,0,0,0,0,0,0,0,0
220015,6,1,0,0,0,0,0,0,0,0,0,0
220016,0,1,0,0,0,0,0,0,0,0,0,0
220016,1,1,0,0,20,0,0,18,11,0,0,13
220016,2,1,0,23,0,0,28,0,0,0,0,14
220016,3,1,0,0,2,11,0,0,0,0,7,0
220016,4,1,0,0,0,18,28,32,0,0,0,0
220017,1,1,0,0,0,0,0,0,0,0,0,0
220017,2,1,8,8,8,8,8,8,8,8,8,8
220017,3,1,0,0,0,0,0,0,0,0,0,0
220018,0,1,24,21,32,39,20,14,27,11,5,16
220018,1,1,0,0,0,0,0,0,0,0,0,0
220019,0,1,0,0,0,0,0,0,0,0,0,0
220019,1,1,0,0,0,0,0,0,0,0,0,0
220020,1,1,0,0,0,0,0,0,0,0,0,0
220021,1,1,0,0,0,0,0,0,0,0,0,0
220022,1,1,0,0,0,0,0,0,0,0,0,0
220022,2,1,0,0,0,0,0,0,0,0,0,0
220023,1,1,0,0,0,0,0,0,0,0,0,0
220023,2,1,0,0,0,0,0,0,0,0,0,0
220023,3,1,15,15,15,15,15,15,15,15,15,15
220023,4,1,0,0,0,0,0,0,0,0,0,0
220023,5,1,0,0,0,0,0,0,0,0,0,0
220024,1,1,0,0,0,0,0,0,0,0,0,0
220024,2,1,0,0,0,0,0,0,0,0,0,0
220025,1,1,0,0,0,0,0,0,0,0,0,0
220025,2,1,0,0,0,0,0,0,0,0,0,0
220025,3,1,0,0,0,0,0,0,0,0,0,0
220026,1,1,0,0,0,0,0,0,0,0,0,0
220027,1,1,7,7,7,7,7,7,7,7,7,7
220027,2,1,0,0,0,0,0,0,0,0,0,0
220028,1,1,0,0,0,0,0,0,0,0,0,0
220028,2,1,0,0,0,0,0,0,0,0,0,0
220029,1,1,0,0,0,0,0,0,0,0,0,0
220030,1,1,17,17,17,17,17,17,17,17,17,17
220031,1,1,16,16,16,16,16,16,16,16,16,16
220032,1,1,0,0,0,0,0,0,0,0,0,0
220033,1,1,0,0,0,0,0,0,0,0,0,0
220034,1,1,0,0,0,0,0,0,0,0,0,0
220035,0,1,30,30,30,30,30,30,30,30,30,30
220035,1,1,14,0,0,0,22,19,0,0,0,0
220036,1,1,0,0,0,0,0,0,0,0,0,0
220036,2,1,0,0,0,0,0,0,0,0,0,0
220036,3,1,0,0,0,0,0,0,0,0,0,0
220037,1,1,0,0,0,0,0,0,0,0,0,0
220038,1,1,19,19,19,19,19,19,19,19,19,19
220039,1,1,17,17,17,17,17,17,17,17,17,17
220040,1,1,19,19,19,19,19,19,19,19,19,19
220041,1,1,0,0,0,0,0,0,0,0,0,0
220041,2,1,0,0,0,0,0,0,0,0,0,0
220041,3,1,0,0,0,0,0,0,0,0,0,0
220042,1,1,20,20,20,20,20,20,20,20,20,20
220043,1,1,0,0,0,0,0,0,0,0,0,0
220044,1,1,0,0,0,0,0,0,0,0,0,0
220044,2,1,0,0,0,0,0,0,0,0,0,0
220045,1,1,32,32,32,32,32,32,32,32,32,32
220046,0,1,0,0,0,0,0,0,0,0,0,0
220046,1,1,0,0,0,0,0,0,0,0,0,0
220047,1,1,15,15,15,15,15,15,15,15,15,15
220047,2,1,0,0,0,0,0,0,0,0,0,0
220048,0,1,18,18,18,18,18,18,18,18,18,18
220048,1,1,0,0,0,0,0,0,0,0,9,0
220049,0,1,0,0,0,0,0,0,0,0,0,0
220049,1,1,0,0,0,0,0,0,0,0,0,0
220049,2,1,0,0,0,0,0,0,0,0,0,0
220050,1,1,13,11,17,20,16,0,17,0,7,0
220050,2,1,0,23,18,0,0,9,0,0,4,5
220051,0,1,21,0,16,16,0,0,19,0,0,14
220051,1,1,0,0,6,5,0,0,0,0,0,0
220052,1,1,0,0,0,0,0,0,0,0,0,0
220052,2,1,0,0,0,0,0,0,0,0,0,0
220053,0,1,0,0,0,0,0,0,0,0,0,0
220053,1,1,0,0,0,0,0,0,0,0,0,0
220054,1,1,0,0,0,0,0,0,0,0,0,0
220055,1,1,0,0,0,0,0,0,0,0,0,0
220056,0,1,13,13,13,13,13,13,13,13,13,13
220056,0,2,0,0,0,0,0,0,0,0,0,0
220056,1,1,3,3,3,3,3,3,3,3,3,3
220057,1,1,0,0,0,0,0,0,0,0,0,0
220057,2,1,0,0,0,0,0,0,0,0,0,0
220058,1,1,0,0,0,0,0,0,0,0,4,15
220058,2,1,0,0,0,0,0,0,0,0,0,0
220059,1,1,0,0,0,0,0,0,0,0,0,0
220059,2,1,0,0,0,0,0,0,0,0,0,0
220060,1,1,0,0,0,0,0,0,20,0,0,0
220061,1,1,0,0,0,0,0,0,0,0,0,0
220062,1,1,27,27,27,27,27,27,27,27,27,27
220063,1,1,0,0,0,0,0,0,0,0,0,0
220064,1,1,19,19,19,19,19,19,19,19,19,19
220064,2,1,20,20,20,20,20,20,20,20,20,20
220065,1,1,0,0,0,0,0,0,0,0,0,0
220065,2,1,0,0,0,0,0,0,0,0,0,0
220066,1,1,0,0,0,0,0,0,0,0,0,0
220066,2,1,0,0,0,0,0,0,0,0,0,0
220067,1,1,3,3,3,3,3,3,3,3,3,3
220067,2,1,0,0,0,0,0,0,0,0,0,0
220068,1,1,0,0,0,0,0,0,0,0,0,0
220069,1,1,20,20,20,20,20,20,20,20,20,20
220070,1,1,22,22,22,22,22,22,22,22,22,22
220071,1,1,20,20,20,20,20,20,20,20,20,20
220071,2,1,0,0,0,0,0,0,0,0,0,0
220072,0,1,0,0,0,0,0,0,0,0,0,0
220072,1,1,0,0,0,0,0,0,0,0,0,0
220073,1,1,0,0,0,0,0,0,0,0,0,0
220074,1,1,0,0,0,0,12,0,0,0,24,20
220075,0,1,0,0,0,0,0,0,0,0,0,0
220075,0,2,38,0,27,8,15,0,0,0,0,0
220075,0,3,0,0,0,0,0,0,0,17,0,0
220075,0,4,10,10,10,10,10,10,10,10,10,10
220075,0,5,15,15,15,15,15,15,15,15,15,15
220075,0,6,0,0,22,0,0,13,0,25,0,0
220075,0,7,0,0,0,0,0,0,0,10,44,0
220075,0,8,19,0,0,0,0,0,0,0,0,0
220075,0,9,3,0,23,0,0,8,23,7,7,20
220075,1,1,14,14,14,14,14,14,14,14,14,14
220075,7,1,0,0,0,0,0,0,0,0,0,0
220076,1,1,0,0,0,0,0,0,0,0,11,0
220077,0,1,0,0,0,0,0,0,0,0,0,0
220077,1,1,21,3,0,0,10,0,0,8,11,0
220078,0,1,16,16,16,16,16,16,16,16,16,16
220078,1,1,16,16,16,16,16,16,16,16,16,16
220079,1,1,0,0,0,6,25,0,0,0,0,0
220080,1,1,0,0,0,0,0,0,0,0,0,0
220080,2,1,0,0,0,0,0,0,0,0,0,0
220081,0,1,0,0,0,0,0,0,0,0,0,0
220081,1,1,0,0,0,0,0,0,0,0,0,0
220082,1,1,0,0,0,0,0,0,0,0,0,0
220082,2,1,0,0,0,0,0,0,0,0,0,0
220083,0,1,5,5,5,5,5,5,5,5,5,5
220083,1,1,0,0,0,0,0,0,0,0,0,0
220084,1,1,30,30,30,30,30,30,30,30,30,30
220085,1,1,0,0,0,0,0,0,0,0,0,0
220087,1,1,23,23,23,23,23,23,23,23,23,23
220087,2,1,0,0,0,0,0,0,0,0,0,0
220087,3,1,0,0,0,0,0,0,0,0,0,0
220088,1,1,11,11,11,11,11,11,11,11,11,11
220089,1,1,0,0,0,0,0,0,0,0,0,0
220090,0,1,9,9,9,9,9,9,9,9,9,9
220090,1,1,0,0,0,0,0,0,0,0,0,0
220091,0,1,0,0,0,0,0,0,0,0,0,0
220091,1,1,0,0,0,0,0,0,0,0,0,0
220092,0,1,0,0,0,0,0,0,0,0,0,0
220092,1,1,14,14,14,14,14,14,14,14,14,14
220093,1,1,21,21,21,21,21,21,21,21,21,21
220094,0,1,17,17,17,17,17,17,17,17,17,17
220094,1,1,0,0,0,0,0,0,0,0,0,0
220095,1,1,19,19,19,19,19,19,19,19,19,19
220096,0,1,16,16,16,16,16,16,16,16,16,16
220096,1,1,0,0,0,0,0,0,0,0,0,0
220097,1,1,0,6,0,0,0,0,0,0,0,0
220097,2,1,0,0,0,0,0,0,0,0,0,0
220098,1,1,0,0,0,0,0,0,0,0,0,0
220098,2,1,0,0,0,0,0,0,0,0,0,0
220099,1,1,0,0,0,0,0,0,0,0,0,0
220100,1,1,0,0,0,0,0,0,0,0,0,0
220101,1,1,22,22,22,22,22,22,22,22,22,22
220102,1,1,10,12,17,11,13,12,10,11,14,20
220102,2,1,0,0,0,0,0,0,0,0,0,0
220103,1,1,0,0,0,0,0,0,0,0,0,0
220103,2,1,0,0,0,0,0,0,0,0,0,0
220103,3,1,0,0,0,0,0,0,0,0,0,0
220103,4,1,0,0,0,0,0,0,0,0,0,0
220104,1,1,13,13,13,13,13,13,13,13,13,13
220104,2,1,0,0,0,0,0,0,0,0,0,0
220105,1,1,0,0,0,0,0,0,0,0,0,0
220105,2,1,0,0,0,0,0,0,0,0,0,0
220106,1,1,0,0,0,0,0,0,0,0,0,0
220107,1,1,0,0,0,0,0,0,0,0,0,0
220107,2,1,0,0,0,0,0,0,0,0,0,0
220108,1,1,0,0,0,0,0,0,0,0,0,0
220108,2,1,0,0,0,0,0,0,0,0,0,0
220109,1,1,15,15,15,15,15,15,15,15,15,15
220110,1,1,18,18,18,18,18,18,18,18,18,18
220111,1,1,0,0,0,0,0,0,0,0,0,0
220111,2,1,0,0,0,0,0,0,0,0,0,0
220112,1,1,19,19,19,19,19,19,19,19,19,19
220112,2,1,0,0,0,0,0,0,0,0,0,0
220113,1,1,0,0,0,0,0,0,0,0,0,0
220113,2,1,0,0,0,0,0,0,0,0,0,0
220114,1,1,17,17,17,17,17,17,17,17,17,17
220114,2,1,6,6,6,6,6,6,6,6,6,6
220115,0,1,5,5,5,5,5,5,5,5,5,5
220115,1,1,0,0,0,0,0,0,16,0,12,3
220116,1,1,34,34,34,34,34,34,34,34,34,34