ST_CASE,VEH_NO,PER_NO,P1,P2,P3,P4,P5,P6,P7,P8,P9,P10
220116,2,1,0,0,0,0,0,0,0,0,0,0
220117,1,1,12,12,12,12,12,12,12,12,12,12
220118,1,1,0,0,0,0,0,0,0,0,0,0
220119,1,1,0,0,15,0,0,0,6,0,0,0
220120,0,1,0,0,22,0,0,0,0,0,0,0
220120,1,1,0,0,0,0,0,0,0,0,0,0
220121,0,1,0,0,0,0,0,0,0,0,0,0
220121,0,2,0,0,32,18,0,27,18,0,0,17
220121,0,3,0,0,32,21,0,23,0,22,15,0
220121,0,4,0,20,20,0,0,21,0,0,0,9
220121,0,5,0,21,0,0,40,21,18,0,0,2
220121,0,6,20,0,0,0,0,20,20,19,7,0
220121,1,1,0,0,0,0,0,0,0,0,0,0
220122,1,1,0,0,0,0,0,0,0,0,0,23
220122,2,1,0,0,0,0,0,0,0,0,0,0
220122,3,1,0,0,0,0,0,21,0,0,0,0
220123,0,1,23,23,23,23,23,23,23,23,23,23
220123,1,1,0,0,0,0,0,0,0,0,0,0
220124,1,1,0,0,0,0,0,0,0,0,0,0
220124,2,1,18,24,4,15,3,16,0,21,29,25
220125,1,1,0,19,0,0,0,0,11,0,0,0
220126,1,1,17,17,17,17,17,17,17,17,17,17
220127,1,1,8,8,8,8,8,8,8,8,8,8
220128,1,1,0,0,0,0,0,0,0,0,0,0
220129,1,1,0,0,0,0,0,0,0,0,0,0
220129,2,1,0,0,0,0,0,0,0,0,0,0
220130,0,1,0,0,0,0,0,0,0,0,0,0
220130,1,1,0,0,0,0,0,0,0,0,0,0
220131,1,1,11,11,11,11,11,11,11,11,11,11
220131,2,1,12,12,12,12,12,12,12,12,12,12
220132,1,1,0,16,0,0,0,0,0,0,0,0
220132,2,1,0,0,0,0,0,0,0,0,0,0
220132,3,1,0,0,0,0,0,0,0,0,0,0
220133,0,1,0,0,0,0,0,0,0,0,0,0
220133,1,1,0,0,0,0,0,0,0,0,0,0
220134,1,1,17,17,17,17,17,17,17,17,17,17
220135,0,1,11,11,11,11,11,11,11,11,11,11
220135,1,1,0,0,0,0,0,0,0,0,0,0
220136,1,1,22,22,22,22,22,22,22,22,22,22
220137,1,1,0,0,0,0,0,0,0,0,0,0
220138,1,1,0,0,0,0,0,0,0,0,0,0
220138,2,1,0,0,0,0,0,0,0,0,0,0
220139,1,1,0,20,0,26,0,0,0,0,0,0
220139,2,1,0,0,0,0,0,0,0,0,0,0
220140,1,1,0,0,0,0,0,0,0,0,0,0
220140,2,1,22,22,22,22,22,22,22,22,22,22
220141,0,1,18,18,18,18,18,18,18,18,18,18
220141,1,1,0,0,0,0,0,0,0,0,0,0
220142,0,1,0,0,0,0,0,0,0,0,0,0
220142,1,1,0,0,0,0,0,0,0,0,0,0
220143,1,1,16,24,21,18,15,24,28,29,13,10
220143,2,1,0,0,0,0,0,0,0,0,0,0
220143,3,1,0,0,0,0,0,0,0,0,0,0
220144,1,1,0,0,0,0,0,0,0,0,0,0
220144,2,1,19,19,19,19,19,19,19,19,19,19
220145,0,1,11,11,11,11,11,11,11,11,11,11
220145,1,1,0,0,0,0,0,0,0,0,0,0
220146,1,1,0,0,0,0,0,0,0,0,0,0
220147,1,1,0,0,0,0,0,0,0,0,0,0
220147,2,1,0,0,0,0,0,0,0,0,0,0
220148,1,1,0,0,0,0,0,0,0,0,0,0
220148,2,1,0,0,0,0,0,0,0,0,0,0
220148,3,1,0,0,0,0,0,0,0,0,0,0
220149,1,1,0,0,0,0,0,0,0,0,0,0
220149,2,1,0,0,0,0,0,0,0,0,0,0
220149,3,1,0,0,0,0,0,0,0,0,0,0
220150,1,1,0,0,0,0,0,0,0,0,0,0
220150,2,1,0,0,0,0,0,0,0,0,0,0
220151,1,1,0,0,0,0,0,0,0,0,0,0
220151,2,1,0,0,0,0,0,0,0,0,0,0
220152,1,1,18,18,18,18,18,18,18,18,18,18
220152,2,1,19,19,19,19,19,19,19,19,19,19
220153,1,1,9,9,9,9,9,9,9,9,9,9
220153,2,1,0,0,0,0,0,0,0,0,0,0
220154,1,1,0,0,0,0,0,0,0,0,0,0
220154,2,1,0,0,0,0,0,0,0,0,0,0
220155,1,1,0,0,0,0,0,0,0,0,0,0
220156,1,1,11,11,11,11,11,11,11,11,11,11
220157,0,1,35,35,35,35,35,35,35,35,35,35
220157,1,1,0,0,0,0,0,0,0,0,0,0
220157,2,1,0,0,0,0,0,0,0,0,0,0
220158,1,1,0,0,0,0,0,0,0,0,0,0
220159,1,1,18,18,18,18,18,18,18,18,18,18
220160,1,1,17,17,17,17,17,17,17,17,17,17
220161,0,1,31,31,31,31,31,31,31,31,31,31
220161,1,1,7,0,0,0,0,33,22,0,0,0
220162,1,1,0,0,0,0,0,0,0,0,0,0
220163,0,1,6,6,6,6,6,6,6,6,6,6
220163,1,1,0,0,0,0,0,0,0,0,0,0
220164,1,1,0,0,0,0,0,0,0,0,0,0
220164,2,1,0,0,0,0,0,0,0,0,0,0
220165,1,1,0,0,0,0,0,0,0,0,0,0
220166,1,1,0,0,0,0,0,0,0,0,0,0
220167,1,1,19,13,20,21,19,8,25,0,9,4
220167,2,1,0,0,0,0,0,0,0,0,0,0
220168,0,1,0,0,0,0,0,0,0,0,0,0
220168,1,1,0,0,0,0,0,0,0,0,0,0
220169,1,1,0,0,0,0,0,14,0,0,0,0
220169,2,1,0,0,0,0,0,0,0,0,0,0
220170,1,1,0,0,0,0,0,0,0,0,0,0
220170,2,1,0,0,0,0,0,0,0,0,0,0
220171,1,1,0,0,0,0,0,0,0,0,0,0
220172,1,1,0,0,0,0,0,0,0,0,0,0
220172,2,1,0,0,0,0,0,0,0,0,0,0
220173,1,1,10,10,10,10,10,10,10,10,10,10
220174,1,1,0,0,0,0,25,11,15,0,0,0
220174,2,1,0,0,0,0,0,0,0,0,0,0
220175,1,1,0,0,0,0,0,0,0,0,0,0
220176,1,1,24,24,24,24,24,24,24,24,24,24
220177,1,1,4,4,4,4,4,4,4,4,4,4
220178,0,1,0,0,12,0,0,0,0,7,0,0
220178,0,2,0,16,0,18,30,0,13,7,0,24
220178,1,1,0,0,0,0,0,0,0,0,11,0
220179,1,1,0,0,0,0,0,0,0,0,0,0
220179,2,1,0,0,0,0,13,0,0,0,0,0
220180,1,1,13,0,0,8,0,0,0,0,0,0
220181,0,1,0,0,0,0,0,0,0,0,0,0
220181,1,1,0,0,0,0,0,0,0,0,0,0
220182,1,1,0,0,0,0,0,0,0,0,0,0
220182,2,1,0,0,0,0,0,0,0,0,0,0
220182,3,1,0,0,0,0,0,0,0,0,0,0
220182,4,1,0,0,0,0,0,0,0,0,0,0
220183,1,1,0,0,0,0,0,0,0,0,0,0
220184,0,1,19,19,19,19,19,19,19,19,19,19
220184,1,1,0,0,0,0,0,0,0,10,0,0
220185,1,1,4,4,4,4,4,4,4,4,4,4
220186,1,1,0,0,0,0,0,0,0,0,0,0
220186,2,1,0,0,0,0,0,0,0,0,0,0
220187,1,1,11,11,11,11,11,11,11,11,11,11
220188,1,1,22,22,22,22,22,22,22,22,22,22
220189,1,1,0,0,0,0,0,0,0,0,0,0
220189,2,1,0,0,0,0,0,0,0,0,0,0
220190,1,1,0,0,0,0,0,0,0,0,0,0
220190,2,1,7,7,7,7,7,7,7,7,7,7
220190,3,1,0,0,0,0,0,0,0,0,0,0
220191,1,1,0,0,0,0,0,0,0,0,0,0
220192,1,1,11,11,11,11,11,11,11,11,11,11
220193,1,1,0,0,0,0,0,0,0,0,0,0
220193,2,1,0,0,0,0,0,0,0,0,0,0
220194,1,1,21,21,21,21,21,21,21,21,21,21
220194,2,1,0,0,0,0,0,0,0,0,0,0
220195,1,1,0,0,0,0,0,0,0,0,0,0
220195,2,1,0,0,0,0,0,0,0,0,0,0
220196,1,1,7,7,7,7,7,7,7,7,7,7
220197,1,1,0,0,0,0,0,0,0,0,0,0
220198,1,1,21,21,21,21,21,21,21,21,21,21
220199,0,1,0,0,0,0,0,0,0,0,0,0
220199,1,1,0,0,0,0,0,0,0,0,0,0
220199,2,1,0,0,0,0,0,0,0,0,0,0
220200,1,1,0,0,0,0,0,0,0,0,0,0
220200,2,1,12,12,12,12,12,12,12,12,12,12
220201,0,1,25,25,25,25,25,25,25,25,25,25
220201,1,1,0,0,0,0,0,0,0,0,0,0
220202,1,1,27,27,27,27,27,27,27,27,27,27
220203,0,1,0,0,0,0,0,0,0,0,0,0
220203,1,1,0,0,0,0,0,0,0,0,0,0
220204,1,1,0,0,0,0,0,0,0,0,0,0
220204,2,1,0,0,0,0,0,0,0,0,0,0
220205,1,1,71,71,71,71,71,71,71,71,71,71
220206,1,1,0,0,0,0,0,0,0,0,0,0
220206,2,1,0,0,0,0,0,0,0,0,0,0
220206,3,1,0,0,0,0,0,0,0,0,0,0
220207,1,1,36,36,36,36,36,36,36,36,36,36
220208,0,1,18,10,24,25,28,16,18,24,32,17
220208,1,1,0,0,0,0,12,0,0,0,0,0
220209,1,1,12,12,12,12,12,12,12,12,12,12
220209,2,1,0,0,0,0,0,0,0,0,0,0
220210,1,1,0,0,0,0,0,0,0,0,0,0
220210,2,1,6,6,6,6,6,6,6,6,6,6
220211,1,1,0,0,0,0,0,0,0,0,0,0
220212,1,1,0,0,0,0,0,0,0,0,0,0
220213,1,1,10,10,10,10,10,10,10,10,10,10
220214,1,1,23,23,23,23,23,23,23,23,23,23
220214,2,1,0,0,0,0,0,0,0,0,0,0
220215,1,1,20,20,20,20,20,20,20,20,20,20
220216,1,1,0,0,0,0,0,0,0,0,0,0
220217,1,1,0,0,0,10,0,0,13,0,0,0
220217,2,1,0,0,0,0,0,0,0,0,0,0
220218,1,1,0,0,14,0,0,0,0,0,0,0
220220,1,1,0,0,0,0,0,0,0,0,0,0
220221,1,1,0,0,0,0,0,0,0,0,0,0
220221,2,1,0,0,0,0,0,0,0,0,0,0
220222,1,1,25,25,25,25,25,25,25,25,25,25
220222,2,1,0,0,0,0,0,0,0,0,0,0
220223,1,1,0,0,0,0,0,0,0,0,0,0
220223,2,1,0,0,0,0,0,0,0,0,0,2
220223,3,1,0,0,0,0,0,2,3,0,0,0
220223,4,1,0,0,0,0,0,0,0,0,0,0
220223,5,1,0,0,0,18,0,0,0,0,0,0
220224,1,1,0,0,0,0,0,0,0,0,0,0
220224,2,1,0,0,0,0,0,0,0,0,0,0
220225,1,1,0,0,0,0,0,0,0,0,0,0
220226,1,1,4,4,4,4,4,4,4,4,4,4
220226,2,1,0,0,0,0,0,0,0,0,0,0
220226,3,1,0,0,0,0,0,0,0,0,0,0
220227,1,1,0,0,0,0,0,0,0,0,0,0
220227,2,1,3,3,3,3,3,3,3,3,3,3
220228,1,1,0,0,0,0,0,0,0,0,0,0
220229,0,1,0,0,0,0,0,0,0,0,0,0
220229,1,1,0,0,0,0,0,0,0,0,0,0
220230,1,1,0,0,0,0,0,0,0,0,0,0
220231,0,1,22,22,22,22,22,22,22,22,22,22
220231,1,1,0,0,0,0,0,0,0,0,0,0
220232,1,1,14,14,14,14,14,14,14,14,14,14
220233,1,1,0,0,0,0,0,0,0,0,0,0
220233,2,1,0,0,0,0,0,0,0,0,0,0
220234,1,1,0,0,0,0,0,0,0,0,0,0
220234,2,1,0,0,0,0,0,0,0,0,0,0
220235,1,1,14,14,14,14,14,14,14,14,14,14
220236,1,1,0,0,0,0,0,0,0,0,0,0
220236,2,1,0,0,0,0,0,0,0,0,0,0
220237,1,1,0,0,0,0,0,0,0,0,0,0
220238,1,1,0,0,0,0,0,0,0,0,0,0
220238,2,1,0,0,0,0,0,0,0,0,0,0
220238,3,1,0,0,0,0,0,0,0,0,0,0
220239,1,1,0,0,0,0,0,0,0,0,0,0
220239,2,1,0,0,0,0,0,0,0,0,0,0
220240,0,1,0,0,0,0,16,0,0,0,0,0
220240,1,1,0,0,0,0,0,0,0,0,0,0
220241,0,1,0,0,0,0,0,0,0,0,0,0
220241,1,1,0,0,0,0,0,0,0,0,0,0
220242,1,1,11,11,11,11,11,11,11,11,11,11
220243,1,1,0,0,0,0,0,0,0,0,0,0
220244,1,1,0,0,0,0,0,10,0,0,0,4
220244,2,1,0,0,0,0,0,16,0,0,0,8
220246,1,1,0,0,0,0,0,0,0,0,0,0
220247,1,1,0,0,0,0,0,0,0,0,0,0
220248,1,1,4,4,4,4,4,4,4,4,4,4
220248,2,1,16,16,16,16,16,16,16,16,16,16
220249,1,1,0,0,0,0,0,0,0,0,0,0
220249,2,1,0,0,0,0,0,0,0,0,0,0
220250,1,1,0,0,0,0,0,0,0,0,0,18
220250,2,1,0,0,0,0,0,0,0,0,0,0
220251,0,1,11,11,11,11,11,11,11,11,11,11
220251,1,1,0,0,0,0,0,0,0,0,0,0
220252,0,1,0,0,0,0,0,0,0,0,0,0
220252,1,1,0,15,5,0,9,4,0,0,0,0
220253,1,1,0,0,0,0,0,0,0,0,0,0
220254,1,1,0,0,0,0,0,0,0,0,0,0
220255,1,1,0,0,0,0,0,0,0,0,0,25
220255,2,1,0,0,0,0,0,0,0,0,0,11
220256,0,1,40,0,7,23,0,34,0,8,0,16
220256,1,1,0,0,0,0,0,0,0,0,0,0
220257,0,1,22,0,12,6,17,38,0,0,11,0
220257,1,1,0,0,0,0,0,0,0,0,0,0
220258,0,1,7,7,7,7,7,7,7,7,7,7
220258,1,1,0,0,0,0,0,0,0,0,0,0
220259,0,1,0,0,0,0,0,0,0,0,0,0
220259,1,1,0,0,0,0,0,0,0,0,0,0
220260,1,1,0,0,0,0,0,0,0,0,0,0
220260,2,1,0,0,0,0,0,0,0,0,0,0
220261,1,1,13,13,13,13,13,13,13,13,13,13
220261,2,1,0,0,0,0,0,0,0,0,0,0
220262,1,1,0,0,0,0,0,0,0,0,0,0
220262,2,1,0,0,0,0,0,0,0,0,0,0
220263,1,1,0,0,0,0,0,0,0,0,0,0
220264,1,1,0,0,0,0,0,0,0,0,0,0
220265,0,1,0,0,0,0,0,0,0,0,12,0
220265,1,1,0,0,0,0,0,0,0,0,0,0
220266,1,1,0,0,0,0,0,0,0,0,0,0
220267,0,1,17,17,17,17,17,17,17,17,17,17
220267,1,1,0,0,0,0,0,0,0,0,0,0
220267,2,1,0,0,0,0,0,0,0,0,0,0
220268,1,1,0,0,0,0,0,0,0,0,0,0
220269,1,1,0,0,0,0,0,0,0,0,0,0
220269,2,1,0,0,0,0,0,0,0,0,0,0
220270,1,1,18,18,18,18,18,18,18,18,18,18
220271,1,1,0,0,0,0,0,0,0,0,0,0
220272,1,1,0,0,32,0,0,0,0,0,0,0
220272,2,1,0,0,0,0,0,0,0,0,0,0
220273,1,1,0,0,0,0,9,0,0,0,12,0
220274,0,1,0,0,0,0,0,0,0,0,0,0
220274,1,1,0,0,0,0,0,0,9,0,16,0
220275,1,1,0,0,0,0,0,0,0,0,0,0
220275,2,1,0,0,0,0,0,0,0,0,0,0
220276,1,1,22,22,22,22,22,22,22,22,22,22
220276,2,1,0,0,0,0,0,0,0,0,0,0
220277,1,1,0,0,0,0,0,0,0,0,0,0
220278,1,1,0,0,0,0,0,0,0,0,0,0
220278,2,1,0,0,0,0,0,0,0,0,0,0
220279,0,1,0,0,0,0,0,0,0,0,0,0
220279,1,1,0,0,0,0,0,0,0,0,0,0
220280,1,1,0,0,0,0,0,0,0,0,0,0
220281,1,1,0,0,0,0,0,0,0,0,0,0
220281,2,1,0,0,0,0,0,0,0,0,0,0
220282,1,1,0,0,0,0,0,0,0,0,0,0
220283,0,1,17,17,17,17,17,17,17,17,17,17
220283,1,1,0,0,0,0,0,0,0,0,3,0
220284,1,1,0,0,0,0,0,0,0,0,0,0
220285,1,1,0,0,0,0,0,0,0,0,0,0
220286,1,1,25,25,25,25,25,25,25,25,25,25
220287,1,1,0,0,0,0,0,0,0,0,0,0
220288,1,1,0,0,0,0,0,0,0,0,0,0
220288,2,1,0,0,0,13,0,0,0,0,0,0
220289,1,1,18,18,18,18,18,18,18,18,18,18
220290,1,1,0,0,0,0,0,0,0,0,0,0
220291,1,1,0,0,0,0,0,0,0,0,0,0
220292,1,1,0,0,0,0,0,0,0,0,0,0
220293,1,1,10,10,10,10,10,10,10,10,10,10
220294,0,1,18,18,18,18,18,18,18,18,18,18
220294,1,1,0,0,0,0,0,0,0,0,0,0
220295,1,1,21,21,21,21,21,21,21,21,21,21
220296,1,1,20,23,0,0,26,24,0,29,0,0
220297,1,1,17,17,17,17,17,17,17,17,17,17
220298,1,1,0,0,0,0,0,0,0,0,0,0
220299,1,1,0,0,0,0,0,0,0,0,0,0
220300,1,1,0,0,0,0,0,0,0,0,0,0
220301,1,1,22,22,22,22,22,22,22,22,22,22
220302,1,1,0,0,0,0,0,0,0,0,0,0
220303,1,1,19,19,19,19,19,19,19,19,19,19
220304,0,1,12,12,12,12,12,12,12,12,12,12
220304,1,1,0,0,0,0,0,0,0,0,0,0
220305,1,1,27,27,27,27,27,27,27,27,27,27
220306,1,1,0,0,0,0,0,0,0,0,0,0
220307,1,1,0,0,0,0,0,0,0,0,0,0
220308,1,1,13,13,13,13,13,13,13,13,13,13
220309,1,1,28,28,28,28,28,28,28,28,28,28
220310,1,1,0,0,0,0,0,0,0,0,0,0
220311,1,1,0,0,0,0,0,0,0,0,0,12
220311,2,1,0,0,0,0,0,0,0,0,0,0
220312,1,1,0,0,0,0,0,0,0,0,0,0
220313,1,1,0,0,0,0,0,0,0,0,0,0
220314,0,1,0,18,8,13,53,22,0,38,8,0
220314,1,1,0,0,0,0,0,0,0,0,0,0
220315,1,1,0,0,0,0,0,0,0,0,0,0
220315,2,1,0,0,0,0,0,0,0,0,0,0
220316,1,1,0,0,0,0,0,0,0,0,0,0
220316,2,1,0,0,0,0,0,0,0,0,0,0
220317,1,1,0,0,0,0,0,0,0,0,0,0
220318,1,1,0,0,0,0,0,0,0,0,0,0
220318,2,1,17,17,17,17,17,17,17,17,17,17
220319,1,1,25,25,25,25,25,25,25,25,25,25
220320,1,1,0,0,0,0,0,0,0,0,0,0
220320,2,1,0,0,0,0,0,0,0,0,0,0
220321,1,1,0,0,0,0,0,0,0,0,0,0
220321,2,1,0,0,0,0,0,0,0,0,12,0
220321,3,1,0,0,0,0,0,0,0,0,0,0
220322,1,1,0,0,0,0,0,0,0,0,0,0
220323,1,1,0,0,0,0,0,0,0,0,0,0
220324,1,1,0,0,0,0,0,0,0,0,0,0
220324,2,1,0,0,0,0,0,0,0,0,0,0
220325,1,1,0,0,0,0,0,0,0,0,0,0
220326,1,1,5,5,5,5,5,5,5,5,5,5
220327,1,1,0,0,0,0,0,0,0,0,0,0
220328,1,1,10,11,5,24,23,19,20,14,21,0
220328,2,1,12,0,0,7,0,0,0,0,0,0
220329,1,1,0,0,0,0,0,0,0,0,0,0
220329,2,1,0,0,0,0,0,0,0,0,0,0
220330,1,1,22,22,22,22,22,22,22,22,22,22
220331,0,1,0,0,0,0,0,0,0,0,0,0
220331,1,1,0,0,0,0,0,0,0,0,0,0
220332,1,1,0,0,0,0,0,0,0,0,0,0
220332,2,1,0,0,0,0,0,0,0,0,0,0
220333,0,1,13,13,13,13,13,13,13,13,13,13
220333,1,1,0,0,0,6,8,12,0,0,0,0
220334,0,1,0,0,0,0,0,0,0,0,0,0
220334,1,1,0,0,0,0,0,0,0,0,0,0
220335,1,1,0,0,0,0,0,0,0,0,0,0
220335,2,1,0,0,0,0,0,0,0,0,0,0
220336,1,1,19,19,19,19,19,19,19,19,19,19
220337,1,1,39,39,39,39,39,39,39,39,39,39
220338,1,1,0,0,0,0,0,0,0,0,0,0
220338,2,1,0,0,0,0,0,0,0,0,0,0
220339,1,1,11,11,11,11,11,11,11,11,11,11
220340,1,1,0,0,0,0,0,0,0,0,0,0
220340,2,1,0,0,0,0,0,0,0,0,0,0
220341,1,1,22,22,22,22,22,22,22,22,22,22
220342,1,1,0,0,0,0,0,0,0,0,0,0
220342,2,1,0,0,0,0,0,0,0,0,0,0
220343,0,1,0,0,0,0,0,0,18,0,0,0
220343,1,1,0,0,6,0,0,21,0,0,0,0
220344,1,1,0,0,0,0,0,0,0,0,0,0
220345,1,1,0,0,0,0,0,0,0,0,0,0
220345,2,1,0,0,0,0,0,0,0,0,0,0
220346,1,1,0,22,9,0,0,0,12,0,0,23
220347,1,1,0,0,0,0,0,0,0,0,0,0
220348,0,1,0,0,0,0,0,0,0,0,0,0
220348,1,1,0,0,0,0,0,0,0,0,0,0
220349,1,1,0,0,0,0,0,0,0,0,0,0
220350,1,1,10,10,10,10,10,10,10,10,10,10
220350,2,1,23,7,28,13,0,14,6,8,36,25
220351,1,1,0,0,0,0,0,0,0,0,0,0
220352,1,1,0,0,0,0,0,0,0,0,0,0
220352,2,1,0,0,0,0,0,0,0,0,0,0
220353,1,1,0,0,0,0,0,0,0,0,0,0
220354,1,1,0,0,0,0,0,0,0,0,12,0
220355,1,1,0,0,0,0,0,0,0,0,0,0
220356,0,1,14,14,14,14,14,14,14,14,14,14
220356,1,1,0,0,0,0,0,0,0,0,0,0
220357,1,1,0,0,0,0,0,0,0,0,0,0
220357,2,1,0,0,0,0,0,0,0,0,0,0
220357,3,1,0,0,0,0,0,0,0,0,0,0
220358,1,1,0,0,0,0,0,0,0,0,0,0
220358,2,1,0,0,0,0,0,0,0,0,0,0
220359,0,1,21,21,21,21,21,21,21,21,21,21
220359,1,1,0,0,16,0,0,0,5,0,0,0
220360,1,1,0,0,0,0,0,0,0,0,0,0
220360,2,1,0,0,0,0,0,0,0,0,0,0
220361,0,1,17,17,17,17,17,17,17,17,17,17
220361,1,1,0,0,0,0,0,0,0,0,0,0
220361,2,1,0,0,0,0,0,0,0,0,0,0
220361,3,1,0,0,0,0,0,0,0,0,0,0
220362,1,1,25,25,25,25,25,25,25,25,25,25
220363,1,1,0,0,0,0,0,0,0,0,0,0
220363,2,1,0,0,0,0,0,0,0,0,0,0
220364,0,1,0,0,0,0,0,0,0,0,0,0
220364,0,2,15,9,12,21,15,14,19,34,18,0
220364,0,3,21,21,21,21,21,21,21,21,21,21
220364,1,1,11,11,11,11,11,11,11,11,11,11
220365,1,1,0,0,0,0,0,0,0,0,0,0
220365,2,1,0,0,0,0,0,0,0,0,0,0
220366,1,1,12,12,12,12,12,12,12,12,12,12
220366,2,1,0,0,0,0,0,0,0,0,0,0
220367,1,1,8,8,8,8,8,8,8,8,8,8
220368,1,1,26,26,26,26,26,26,26,26,26,26
220369,1,1,0,0,0,0,0,0,0,0,0,0
220369,2,1,0,0,0,0,0,0,0,0,0,0
220370,1,1,0,0,0,0,0,0,0,0,0,0
220370,2,1,0,0,0,0,0,0,0,0,0,0
220371,0,1,0,0,0,0,0,0,0,0,0,0
220371,0,2,0,0,0,0,0,0,11,0,0,0
220371,1,1,0,0,0,0,0,0,0,0,0,0
220371,2,1,0,0,0,0,0,0,0,0,0,0
220372,1,1,0,0,0,0,0,0,0,0,0,0
220372,2,1,9,10,0,9,0,17,13,14,23,0
220373,1,1,0,0,0,0,0,0,0,0,0,0
220374,1,1,0,0,0,0,0,0,0,0,0,0
220374,2,1,0,0,0,0,0,0,0,0,0,0
220375,1,1,16,16,16,16,16,16,16,16,16,16
220376,1,1,27,27,27,27,27,27,27,27,27,27
220377,1,1,0,0,0,0,0,0,0,0,0,0
220378,1,1,0,0,0,0,0,0,0,0,0,0
220378,2,1,0,0,0,0,0,0,0,0,0,0
220379,1,1,0,0,0,0,0,0,0,0,0,0
220380,1,1,0,0,0,0,0,0,0,0,0,0
220380,2,1,0,0,0,0,0,0,0,0,0,0
220381,1,1,0,0,0,0,0,0,0,0,0,0
220381,2,1,0,0,0,0,0,0,0,0,0,0
220382,1,1,12,12,12,12,12,12,12,12,12,12
220382,2,1,0,0,0,0,0,0,0,0,0,0
220383,1,1,12,12,12,12,12,12,12,12,12,12
220384,1,1,10,10,10,10,10,10,10,10,10,10
220384,2,1,0,0,0,0,0,0,0,0,0,0
220385,1,1,0,0,0,0,0,0,0,0,0,0
220385,2,1,0,0,0,0,0,0,0,0,0,0
220385,3,1,0,0,0,0,0,0,0,0,0,0
220385,4,1,0,0,0,0,0,0,0,0,0,0
220385,5,1,0,0,0,0,0,0,0,0,0,0
220386,1,1,0,0,0,0,0,0,0,0,0,0
220386,2,1,0,0,0,0,0,0,0,0,0,0
220386,3,1,0,0,0,0,0,0,0,0,0,0
220387,1,1,0,0,0,0,0,0,0,0,0,0
220387,2,1,0,0,0,0,0,0,0,0,0,0
220388,1,1,0,0,0,0,0,0,0,0,0,0
220388,2,1,0,0,0,0,0,0,0,0,0,0
220389,1,1,0,0,0,0,0,0,0,0,0,0
220389,2,1,0,0,0,0,0,0,0,0,0,0
220390,1,1,0,7,0,0,0,9,0,0,0,12
220390,2,1,0,0,0,0,0,0,0,0,0,0
220391,1,1,23,23,23,23,23,23,23,23,23,23
220391,2,1,0,0,0,0,0,0,0,0,0,0
220392,1,1,0,0,0,0,0,0,0,0,0,0
220392,2,1,0,0,0,0,0,0,0,0,0,0
220393,1,1,0,0,0,0,0,0,0,0,0,0
220394,1,1,4,24,13,13,4,14,14,25,32,25
220395,0,1,0,0,0,0,0,0,0,0,0,0
220395,1,1,0,0,0,0,0,0,0,0,0,0
220396,1,1,0,0,0,0,0,0,0,0,0,0
220397,1,1,0,0,0,0,0,0,0,0,0,0
220397,2,1,0,0,0,0,0,0,0,0,0,0
220398,0,1,0,0,0,0,0,9,0,0,0,0
220398,1,1,0,0,0,0,0,0,0,0,0,11
220399,1,1,0,0,0,0,13,0,0,0,0,0
220400,1,1,19,19,19,19,19,19,19,19,19,19
220401,1,1,9,9,9,9,9,9,9,9,9,9
220401,2,1,0,0,0,0,0,0,0,0,0,0
220402,1,1,0,0,0,0,0,0,0,0,0,0
220403,1,1,18,18,18,18,18,18,18,18,18,18
220404,1,1,0,0,0,0,0,0,0,0,0,11
220405,1,1,0,0,0,0,0,0,0,0,0,0
220405,2,1,0,0,0,0,0,0,0,0,0,0
220406,1,1,0,0,0,0,0,0,0,0,0,0
220406,2,1,0,0,0,0,0,0,0,0,0,0
220406,3,1,0,0,0,0,0,0,0,0,0,0
220407,1,1,24,24,24,24,24,24,24,24,24,24
220407,2,1,0,0,0,0,0,0,0,0,0,0
220408,1,1,0,0,0,0,0,0,0,0,0,0
220408,2,1,0,0,0,0,0,0,0,0,0,0
220409,0,1,18,18,18,18,18,18,18,18,18,18
220409,1,1,0,0,0,0,0,0,0,0,0,0
220410,1,1,0,0,0,0,0,0,0,0,0,0
220410,2,1,11,11,11,11,11,11,11,11,11,11
220411,1,1,0,0,0,0,0,0,0,0,0,0
220412,0,1,0,0,0,0,0,0,0,0,0,0
220412,1,1,0,0,0,0,0,0,0,0,0,0
220413,0,1,0,0,0,0,0,0,0,0,0,0
220413,1,1,7,0,5,0,0,6,0,0,5,0
220414,1,1,12,12,12,12,12,12,12,12,12,12
220415,1,1,0,0,0,0,0,0,0,0,0,0
220415,2,1,0,4,0,0,0,18,13,0,0,0
220416,1,1,0,0,0,0,0,0,0,0,0,0
220417,1,1,11,11,11,11,11,11,11,11,11,11
220418,1,1,8,8,8,8,8,8,8,8,8,8
220418,2,1,0,0,0,0,0,0,0,0,0,0
220419,1,1,0,0,0,0,0,0,0,0,0,0
220420,1,1,14,9,0,6,14,12,3,11,0,15
220420,2,1,0,0,0,0,0,0,0,0,0,0