ST_CASE,VEH_NO,PER_NO,P1,P2,P3,P4,P5,P6,P7,P8,P9,P10
230029,1,1,0,0,0,0,0,0,0,0,0,0
230030,1,1,0,0,0,0,0,0,0,0,0,0
230031,1,1,0,0,0,0,0,0,0,0,0,0
230031,2,1,0,0,0,0,0,0,0,0,0,0
230032,1,1,0,0,0,0,0,0,0,0,0,0
230033,1,1,21,21,21,21,21,21,21,21,21,21
230034,0,1,22,0,0,0,0,12,0,22,0,16
230034,2,1,0,0,0,0,0,0,0,0,0,0
230035,1,1,14,14,14,14,14,14,14,14,14,14
230036,1,1,0,0,0,0,0,0,0,0,0,0
230036,2,1,0,0,0,0,0,0,0,0,0,0
230037,1,1,15,15,15,15,15,15,15,15,15,15
230038,1,1,0,10,20,0,0,0,0,0,0,0
230039,0,1,0,0,0,0,0,0,0,0,0,0
230039,1,1,0,0,0,0,0,0,0,0,0,0
230040,1,1,0,0,0,0,0,0,0,0,0,0
230041,1,1,0,0,16,0,9,0,0,0,0,17
230042,1,1,0,0,0,0,0,0,0,0,0,0
230042,2,1,0,0,0,0,0,0,0,0,0,0
230043,1,1,22,35,0,0,0,24,17,0,8,0
230044,1,1,17,17,17,17,17,17,17,17,17,17
230044,2,1,0,0,0,0,0,0,0,0,0,32
230045,1,1,0,0,0,0,0,0,0,0,0,0
230045,2,1,0,0,0,0,0,0,0,0,0,0
230046,1,1,8,33,8,5,20,15,24,23,10,17
230047,1,1,0,0,0,0,0,0,0,0,0,0
230047,2,1,0,0,0,0,0,0,0,0,0,0
230047,3,1,0,0,0,0,0,0,0,0,0,0
230048,1,1,0,0,0,0,0,0,0,0,0,0
230049,1,1,34,34,34,34,34,34,34,34,34,34
230049,2,1,0,0,0,0,0,0,0,0,0,0
230050,1,1,20,20,20,20,20,20,20,20,20,20
230051,1,1,0,0,0,0,0,27,8,32,21,8
230052,0,1,0,0,0,0,0,0,0,18,0,0
230052,1,1,0,0,0,0,0,0,0,0,0,0
230053,1,1,0,0,0,0,0,0,0,0,0,0
230054,1,1,0,0,14,0,0,0,0,0,0,5
230054,2,1,0,0,0,0,0,0,0,0,0,0
230055,1,1,0,0,0,0,0,0,0,0,0,0
230056,1,1,0,0,0,0,0,0,0,0,0,0
230056,2,1,0,0,0,0,0,0,0,0,0,0
230057,1,1,0,0,0,0,0,0,0,0,0,0
230057,2,1,0,0,0,0,0,0,0,0,0,0
230058,1,1,0,0,0,0,0,0,0,0,0,0
230059,1,1,0,0,0,0,0,0,0,0,0,0
230059,2,1,0,0,0,0,0,0,0,0,0,0
230059,3,1,0,0,0,0,0,0,0,0,0,0
230060,1,1,0,0,0,0,0,0,0,0,0,0
230061,1,1,0,0,0,0,0,6,3,0,0,0
230061,2,1,0,0,0,0,0,0,0,0,0,0
230062,1,1,0,0,0,0,0,0,0,0,0,0
230062,2,1,0,0,0,0,0,0,0,0,0,0
230062,3,1,0,0,0,0,0,0,0,0,0,0
230062,4,1,0,0,0,0,0,0,0,0,0,0
230063,1,1,25,25,25,25,25,25,25,25,25,25
230064,1,1,0,0,0,0,0,0,0,0,0,0
230064,2,1,1,1,1,1,1,1,1,1,1,1
230065,1,1,0,0,0,0,0,0,0,0,0,0
230065,2,1,0,0,0,0,0,0,0,0,0,0
230066,1,1,40,21,7,12,14,0,5,3,11,10
230067,1,1,13,0,0,29,0,0,14,19,10,0
230068,1,1,0,0,0,0,0,0,0,0,0,0
230068,2,1,0,0,7,9,0,0,0,0,0,0
230069,0,1,16,0,0,0,0,0,25,0,0,0
230069,1,1,0,0,0,0,0,0,0,0,0,0
230070,1,1,0,0,0,0,0,0,0,0,0,0
230070,2,1,0,0,0,0,0,0,0,0,0,0
230071,1,1,0,0,0,0,0,0,0,0,0,0
230071,2,1,0,0,0,0,0,0,0,0,0,0
230072,1,1,0,0,0,0,0,0,0,0,0,0
230073,1,1,0,0,0,0,0,0,0,0,0,0
230074,1,1,0,18,15,0,15,0,20,7,0,17
230075,1,1,0,0,0,0,0,0,0,0,0,0
230076,1,1,0,0,0,0,0,0,0,0,0,0
230077,1,1,0,0,0,0,0,0,0,0,0,0
230078,1,1,0,0,0,0,0,0,0,0,0,0
230079,1,1,26,26,26,26,26,26,26,26,26,26
230079,2,1,10,10,10,10,10,10,10,10,10,10
230080,1,1,0,0,0,0,0,0,0,0,0,0
230081,1,1,0,0,0,0,0,0,0,0,0,0
230082,1,1,0,0,0,0,0,0,0,0,0,0
230082,2,1,0,0,0,0,0,0,0,0,0,0
230083,1,1,11,11,11,11,11,11,11,11,11,11
230084,1,1,0,0,0,0,0,0,0,0,0,0
230085,1,1,11,0,0,0,13,6,0,0,0,0
230087,1,1,0,0,0,0,0,0,0,0,0,0
230087,2,1,0,0,0,0,0,0,0,0,0,0
230088,1,1,22,22,22,22,22,22,22,22,22,22
230089,1,1,0,0,0,0,0,0,0,0,0,0
230090,1,1,0,0,0,0,0,0,0,0,0,0
230091,1,1,0,0,0,0,0,0,0,0,0,0
230092,1,1,15,15,15,15,15,15,15,15,15,15
230093,1,1,29,29,29,29,29,29,29,29,29,29
230094,1,1,0,0,0,0,0,0,0,0,0,0
230095,1,1,21,21,21,21,21,21,21,21,21,21
230095,2,1,0,0,0,0,0,0,0,0,0,0
230096,0,1,0,33,22,0,22,0,0,0,0,0
230096,1,1,0,0,0,13,19,0,0,14,0,18
230097,1,1,0,0,0,0,0,0,0,0,0,0
230098,0,1,1,1,1,1,1,1,1,1,1,1
230098,1,1,0,0,0,0,0,0,0,0,0,0
230099,0,1,20,20,20,20,20,20,20,20,20,20
230099,1,1,0,0,0,0,15,0,0,14,0,0
230100,1,1,18,18,18,18,18,18,18,18,18,18
230101,1,1,25,25,25,25,25,25,25,25,25,25
230102,1,1,0,0,0,0,0,0,0,0,0,0
230102,2,1,0,0,0,0,0,0,0,0,0,0
230103,1,1,0,8,14,18,12,0,0,0,0,0
230104,1,1,7,22,16,23,0,0,17,0,0,13
230105,1,1,12,15,0,6,4,25,16,26,11,18
230106,0,1,0,0,0,0,0,0,0,0,0,0
230107,1,1,0,0,0,0,0,0,0,0,0,0
230108,1,1,0,0,0,12,0,0,0,0,0,0
230109,1,1,49,49,49,49,49,49,49,49,49,49
230110,1,1,7,7,7,7,7,7,7,7,7,7
230111,1,1,0,0,0,0,0,0,0,0,0,0
230112,1,1,13,13,13,13,13,13,13,13,13,13
230113,1,1,0,0,0,0,0,0,0,0,0,0
230114,1,1,25,25,25,25,25,25,25,25,25,25
230115,1,1,14,14,14,14,14,14,14,14,14,14
230116,1,1,28,28,28,28,28,28,28,28,28,28
230117,1,1,0,0,0,0,0,0,0,0,0,0
230118,0,1,0,0,0,0,0,0,0,0,0,0
230118,1,1,0,0,0,0,0,0,0,0,0,0
230119,1,1,29,29,29,29,29,29,29,29,29,29
230120,1,1,35,35,35,35,35,35,35,35,35,35
230121,1,1,1,1,1,1,1,1,1,1,1,1
230122,1,1,0,0,14,41,0,0,0,0,0,14
230123,1,1,16,16,16,16,16,16,16,16,16,16
230124,1,1,16,16,16,16,16,16,16,16,16,16
230125,1,1,0,0,0,0,0,0,0,0,0,0
230126,1,1,9,9,9,9,9,9,9,9,9,9
230127,1,1,0,0,0,0,0,0,0,0,0,0
230128,1,1,0,0,0,0,0,0,0,0,0,0
230128,2,1,0,0,0,0,0,0,0,0,0,0
230128,3,1,0,0,0,0,0,0,0,0,0,0
230129,1,1,0,0,0,0,0,0,0,0,0,0
230129,2,1,0,0,0,0,0,0,0,0,0,0
230130,1,1,0,0,0,0,0,0,0,0,0,0
230131,1,1,0,0,0,0,0,0,0,0,0,0
230131,2,1,0,0,14,0,0,0,0,0,0,0
230132,1,1,0,0,0,0,0,0,0,0,0,0
230133,0,1,0,26,0,0,0,0,0,4,0,0
230133,1,1,0,0,0,0,0,0,0,0,0,0
230134,1,1,20,20,20,20,20,20,20,20,20,20
230135,1,1,0,0,0,0,0,0,0,0,0,0
230136,1,1,19,19,19,19,19,19,19,19,19,19
230136,2,1,0,0,0,0,0,0,0,0,0,0
230137,0,1,0,0,0,0,0,0,0,0,0,0
230138,0,1,0,0,0,0,0,0,25,14,0,0
230138,1,1,0,0,0,0,0,0,0,0,0,0
230140,1,1,15,15,15,15,15,15,15,15,15,15
230141,0,1,0,0,0,0,0,0,0,0,0,0
230141,1,1,0,0,0,0,0,0,0,0,0,0
230142,1,1,0,0,0,0,0,0,0,0,0,0
230142,3,1,0,0,0,0,0,0,0,13,0,0
230143,1,1,0,0,0,0,0,0,0,0,0,0
230143,2,1,10,10,10,10,10,10,10,10,10,10
230144,0,1,9,9,9,9,9,9,9,9,9,9
230144,1,1,0,0,32,0,0,0,0,0,0,0
230145,1,1,0,0,0,0,0,0,0,0,0,0
240001,0,1,0,0,0,0,0,0,0,0,0,0
240001,1,1,0,0,0,0,13,0,0,0,0,0
240001,2,1,0,0,0,0,0,0,0,0,0,0
240002,1,1,0,0,0,0,0,0,0,0,0,0
240002,2,1,0,0,0,0,0,0,0,0,16,0
240002,3,1,0,0,0,0,0,0,0,0,0,0
240003,0,1,0,0,0,0,0,0,0,0,0,0
240003,1,1,0,0,14,0,0,0,21,0,0,0
240003,2,1,0,0,4,0,0,0,0,0,0,0
240004,0,1,0,0,0,0,0,0,0,0,0,0
240004,1,1,0,0,0,0,0,0,0,0,0,0
240005,1,1,0,0,0,0,0,0,0,0,0,0
240005,2,1,0,0,0,0,0,0,0,0,0,0
240006,1,1,0,0,0,0,0,0,0,0,0,0
240007,1,1,0,0,0,0,0,0,0,0,0,0
240008,1,1,21,21,21,21,21,21,21,21,21,21
240009,1,1,0,0,0,0,6,16,0,0,0,0
240009,2,1,0,0,0,0,0,0,0,0,0,0
240010,1,1,0,0,0,0,0,0,0,0,0,0
240010,2,1,0,0,12,0,0,0,0,0,0,0
240011,0,1,0,0,0,0,0,0,0,0,0,0
240011,1,1,0,0,0,0,0,0,0,0,0,0
240012,1,1,0,0,0,0,0,0,0,0,0,0
240013,1,1,0,0,0,0,0,0,0,0,0,0
240014,0,1,0,0,0,0,6,26,0,0,0,0
240014,1,1,0,0,0,0,0,0,0,0,0,0
240016,0,1,33,33,33,33,33,33,33,33,33,33
240016,1,1,0,0,0,0,0,0,0,0,0,0
240017,0,1,0,0,0,0,0,0,0,0,0,0
240017,1,1,0,0,0,0,0,0,0,0,0,0
240018,1,1,0,0,0,0,0,0,0,0,0,0
240018,2,1,0,0,0,0,0,0,0,0,0,0
240019,1,1,0,0,0,0,0,0,0,0,0,0
240019,2,1,0,0,0,0,0,0,0,0,0,0
240020,1,1,0,0,0,0,0,0,0,0,0,0
240020,2,1,0,0,0,0,0,0,0,0,0,0
240021,1,1,0,0,0,0,0,0,0,0,0,0
240021,2,1,0,0,0,0,0,0,0,0,0,0
240021,3,1,0,0,0,0,0,0,0,0,0,0
240022,1,1,0,0,0,0,0,0,0,0,0,0
240022,2,1,0,0,0,0,0,0,0,0,0,0
240022,3,1,0,0,4,0,0,0,0,0,0,0
240023,1,1,33,33,33,33,33,33,33,33,33,33
240024,1,1,26,26,26,26,26,26,26,26,26,26
240024,2,1,0,0,0,0,0,0,0,0,0,0
240025,1,1,10,10,10,10,10,10,10,10,10,10
240026,1,1,0,0,0,0,0,0,0,0,0,0
240026,2,1,0,0,0,0,0,0,0,0,0,0
240027,1,1,0,0,0,0,0,0,0,0,0,0
240027,2,1,0,0,0,0,0,0,0,0,0,0
240028,1,1,0,0,0,0,0,0,0,0,0,0
240029,1,1,17,17,17,17,17,17,17,17,17,17
240030,0,1,0,0,0,0,0,0,0,0,0,0
240030,1,1,0,0,0,0,22,0,0,0,0,0
240031,0,1,5,5,5,5,5,5,5,5,5,5
240031,1,1,0,0,0,15,0,0,0,0,0,0
240032,0,1,26,0,28,20,0,0,0,0,0,0
240032,0,2,0,0,0,0,0,0,0,0,0,0
240032,1,1,0,0,0,0,0,0,15,0,0,0
240033,1,1,14,17,28,14,19,10,22,11,25,16
240034,1,1,4,4,4,4,4,4,4,4,4,4
240034,2,1,0,0,0,0,0,0,0,0,0,0
240034,3,1,0,9,0,0,22,18,0,0,0,0
240035,0,1,0,0,0,0,0,0,0,0,0,0
240035,1,1,0,0,0,0,0,0,0,0,0,0
240036,1,1,25,25,25,25,25,25,25,25,25,25
240037,1,1,16,16,16,16,16,16,16,16,16,16
240038,0,1,0,0,0,0,0,0,0,0,0,0
240038,1,1,0,0,0,0,6,0,0,13,0,0
240039,1,1,22,22,22,22,22,22,22,22,22,22
240039,2,1,0,0,0,0,0,0,0,0,0,0
240039,3,1,0,0,0,0,0,0,0,0,0,0
240040,1,1,0,0,0,0,0,0,0,0,0,0
240040,2,1,0,0,0,0,0,0,0,0,0,0
240041,0,1,0,0,0,0,0,0,0,0,0,0
240041,1,1,0,7,0,0,0,0,0,0,7,0
240042,1,1,19,19,19,19,19,19,19,19,19,19
240042,2,1,14,14,14,14,14,14,14,14,14,14
240043,0,1,22,22,22,22,22,22,22,22,22,22
240043,1,1,0,5,0,0,0,0,0,0,0,29
240043,2,1,0,0,0,0,0,0,0,0,0,21
240044,0,1,0,0,0,0,0,0,0,0,0,0
240044,1,1,0,0,0,0,0,0,0,15,0,9
240045,1,1,0,0,0,0,0,12,23,0,0,0
240045,2,1,0,0,0,5,9,0,0,5,0,0
240045,3,1,0,0,0,0,0,0,0,0,11,0
240046,1,1,0,0,0,0,0,0,0,0,0,0
240046,2,1,0,0,0,0,0,25,0,0,0,0
240047,1,1,0,0,0,0,0,0,0,0,0,0
240048,0,1,0,0,0,0,0,0,0,0,0,0
240048,1,1,0,0,0,0,0,0,0,0,0,0
240049,0,1,0,0,0,0,0,0,0,0,0,0
240049,1,1,0,0,0,0,0,0,0,0,0,0
240050,1,1,0,0,0,0,0,0,0,0,0,0
240050,2,1,0,0,0,0,0,0,0,0,0,0
240051,0,1,0,0,0,0,0,0,0,0,0,0
240051,1,1,24,19,0,0,13,0,0,0,0,0
240052,1,1,0,0,0,0,30,0,0,0,0,0
240052,2,1,0,0,0,0,0,0,0,0,0,0
240053,1,1,11,11,11,11,11,11,11,11,11,11
240054,1,1,0,0,0,0,0,15,0,0,0,0
240054,2,1,0,0,0,0,0,0,0,0,0,0
240054,3,1,0,0,0,0,0,0,0,0,0,0
240055,1,1,0,0,0,0,0,0,0,33,0,0
240055,2,1,2,0,0,0,0,0,0,0,0,0
240056,1,1,5,5,5,5,5,5,5,5,5,5
240056,2,1,0,0,0,0,0,0,0,0,0,0
240057,1,1,27,27,27,27,27,27,27,27,27,27
240057,2,1,0,0,0,0,0,0,0,0,0,0
240058,1,1,0,0,0,0,6,0,0,0,0,0
240058,2,1,0,0,0,7,0,0,0,0,0,0
240059,1,1,26,26,26,26,26,26,26,26,26,26
240060,1,1,25,25,25,25,25,25,25,25,25,25
240060,2,1,0,0,0,0,0,0,0,0,0,0
240061,1,1,0,0,0,0,0,0,0,0,0,0
240062,1,1,0,0,0,0,0,0,18,0,0,0
240063,1,1,23,23,23,23,23,23,23,23,23,23
240063,2,1,0,0,0,0,0,0,0,0,0,0
240064,0,1,0,0,0,0,0,0,0,0,0,0
240064,1,1,0,0,0,0,0,0,0,0,0,0
240065,1,1,24,24,24,24,24,24,24,24,24,24
240066,0,1,0,0,0,0,0,0,0,0,0,0
240066,1,1,0,0,0,0,0,0,0,0,0,0
240067,1,1,17,17,17,17,17,17,17,17,17,17
240067,2,1,0,0,0,0,0,0,0,0,0,0
240068,1,1,0,0,0,0,0,0,0,0,0,0
240068,2,1,21,0,0,0,0,0,0,0,0,0
240068,3,1,0,0,0,0,0,0,0,0,0,0
240068,4,1,0,0,0,0,0,0,0,0,0,0
240069,1,1,16,16,16,16,16,16,16,16,16,16
240069,2,1,0,0,0,0,11,9,0,0,0,0
240069,3,1,0,0,0,0,0,0,0,0,0,0
240070,1,1,10,15,9,29,0,0,0,0,0,0
240070,2,1,0,0,0,0,0,0,0,0,0,0
240071,1,1,0,0,0,0,0,0,0,0,0,0
240072,0,1,0,0,0,0,0,0,0,0,0,0
240072,1,1,0,0,19,5,0,0,0,0,0,11
240073,1,1,0,0,0,0,0,0,0,0,0,0
240073,2,1,0,0,0,0,0,0,0,0,0,0
240073,3,1,0,0,0,0,0,0,0,0,0,0
240073,4,1,0,0,0,0,0,0,0,0,0,0
240073,5,1,0,0,0,0,0,0,0,0,0,0
240073,6,1,0,0,0,0,0,0,0,0,0,0
240073,7,1,0,0,0,0,0,0,0,0,0,0
240073,8,1,0,0,0,0,0,0,0,0,0,0
240073,9,1,0,0,0,0,0,0,0,0,0,0
240073,10,1,0,0,19,0,0,0,0,0,0,0
240073,11,1,0,0,10,0,21,0,0,0,0,0
240073,12,1,0,0,0,0,0,0,0,0,0,0
240074,1,1,0,0,0,0,0,0,0,0,0,0
240074,2,1,0,0,0,0,0,0,0,0,0,0
240075,1,1,0,0,0,0,0,0,0,0,0,0
240076,1,1,3,3,3,3,3,3,3,3,3,3
240076,2,1,0,0,0,0,9,0,0,0,0,0
240076,3,1,0,3,0,0,0,0,0,0,0,0
240077,1,1,16,16,16,16,16,16,16,16,16,16
240078,1,1,0,0,0,0,0,0,0,0,0,0
240079,1,1,0,24,0,0,0,0,0,0,0,0
240079,2,1,3,0,13,0,0,20,0,5,0,0
240080,0,1,0,0,0,0,0,0,0,7,0,0
240080,1,1,0,0,0,0,0,0,0,0,0,0
240080,2,1,0,0,0,0,0,2,0,0,0,0
240081,1,1,14,14,14,14,14,14,14,14,14,14
240082,1,1,0,0,0,0,0,0,0,0,0,0
240082,2,1,0,0,0,0,0,0,0,0,0,0
240083,1,1,18,18,18,18,18,18,18,18,18,18
240084,1,1,0,0,0,0,0,0,0,0,0,0
240085,1,1,0,0,0,0,0,0,0,0,0,0
240086,1,1,22,22,22,22,22,22,22,22,22,22
240087,1,1,0,0,0,0,0,0,0,0,0,0
240088,1,1,0,0,0,0,0,0,0,0,0,0
240088,2,1,0,0,0,0,0,0,0,0,0,0
240089,1,1,15,15,15,15,15,15,15,15,15,15
240090,1,1,0,0,0,0,0,0,0,0,0,0
240091,1,1,0,0,0,0,0,0,0,0,0,0
240091,2,1,0,0,0,0,0,0,0,0,31,0
240092,1,1,0,0,0,0,0,0,8,0,0,0
240092,2,1,0,0,0,13,0,0,0,0,0,0
240093,1,1,8,8,8,8,8,8,8,8,8,8
240093,2,1,0,0,0,0,18,0,0,0,0,0
240094,1,1,0,0,0,0,0,0,0,0,0,0
240094,2,1,0,0,0,0,0,0,0,0,0,0
240094,3,1,0,0,0,0,0,0,0,0,0,0
240095,1,1,0,0,0,0,0,0,0,0,0,0
240095,2,1,0,0,0,0,0,0,0,0,0,0
240095,3,1,4,0,0,0,0,0,0,17,0,0
240095,4,1,0,0,0,0,0,0,0,0,0,0
240095,5,1,0,0,0,0,0,0,0,0,0,0
240095,6,1,0,0,0,0,0,0,0,0,0,0
240095,7,1,0,0,0,0,0,0,0,41,0,0
240096,0,1,0,0,0,0,0,0,0,0,0,0
240096,1,1,0,0,0,0,0,0,0,0,0,0
240097,0,1,0,0,0,9,0,21,0,13,0,0
240097,1,1,0,0,0,0,0,0,0,0,0,0
240098,1,1,0,0,0,0,0,0,0,0,0,0
240098,2,1,0,0,0,0,0,0,0,0,0,0
240099,0,1,0,0,0,0,0,0,0,0,0,0
240099,1,1,0,0,0,0,0,0,0,0,0,0
240100,0,1,0,0,0,0,0,0,0,0,0,0
240100,1,1,0,0,0,0,0,0,0,0,0,0
240101,1,1,34,34,34,34,34,34,34,34,34,34
240102,1,1,0,0,0,0,0,0,0,0,0,0
240103,0,1,0,0,0,0,0,0,0,0,0,0
240103,1,1,0,0,0,0,0,0,0,0,0,0
240104,1,1,8,8,8,8,8,8,8,8,8,8
240105,1,1,0,0,0,0,0,0,0,0,0,0
240105,2,1,0,0,0,0,0,0,0,0,0,0
240106,1,1,0,0,0,0,0,0,0,27,0,0
240107,1,1,0,0,0,0,0,0,0,0,0,0
240107,2,1,0,0,0,0,0,0,0,0,0,0
240107,3,1,0,0,0,0,0,0,0,0,0,0
240108,1,1,0,0,0,0,0,0,0,0,0,0
240108,2,1,0,0,0,0,0,0,0,0,0,0
240108,3,1,0,0,0,0,0,0,0,0,0,0
240109,1,1,0,0,0,0,0,0,0,0,0,0
240109,2,1,0,0,0,0,0,0,0,0,0,0
240111,1,1,15,15,15,15,15,15,15,15,15,15
240112,1,1,0,0,0,0,0,0,0,0,0,0
240113,1,1,16,16,16,16,16,16,16,16,16,16
240113,2,1,0,0,0,0,0,0,0,0,0,12
240114,1,1,16,16,16,16,16,16,16,16,16,16
240114,2,1,0,0,0,0,0,0,0,0,0,0
240115,1,1,17,17,17,17,17,17,17,17,17,17
240116,1,1,0,0,0,0,0,0,0,0,0,0
240116,2,1,0,0,0,0,0,0,0,0,0,0
240117,0,1,0,0,0,0,0,0,0,0,0,0
240117,1,1,0,0,0,0,0,0,0,0,0,0
240118,1,1,0,0,0,0,0,0,0,0,0,0
240118,2,1,17,17,17,17,17,17,17,17,17,17
240119,0,1,13,13,13,13,13,13,13,13,13,13
240119,1,1,0,0,0,0,0,0,0,0,0,0
240120,1,1,0,0,0,0,0,0,0,0,0,0
240120,2,1,0,0,0,0,0,0,0,0,0,0
240121,1,1,0,0,0,0,0,0,0,0,0,0
240122,1,1,22,22,22,22,22,22,22,22,22,22
240123,1,1,0,0,0,0,0,0,0,0,0,0
240123,2,1,0,0,0,0,0,0,0,0,0,0
240124,1,1,24,24,24,24,24,24,24,24,24,24
240124,2,1,0,0,0,0,0,0,0,0,0,0
240125,0,1,0,0,0,0,0,0,7,0,0,0
240125,1,1,25,25,25,25,25,25,25,25,25,25
240126,1,1,0,0,0,0,0,0,0,0,0,0
240126,2,1,0,0,0,0,0,0,0,0,0,0
240127,1,1,0,0,12,0,21,0,0,0,0,0
240128,1,1,0,0,0,0,0,0,0,0,0,0
240128,2,1,0,0,0,0,0,0,0,0,0,0
240129,1,1,0,0,11,0,0,0,0,0,0,0
240129,2,1,0,0,0,0,0,0,0,0,0,0
240130,0,1,0,0,0,0,0,0,0,0,0,0
240130,1,1,0,0,0,0,0,0,0,0,0,0
240131,1,1,0,0,0,0,0,0,0,0,0,0
240131,2,1,0,0,0,0,0,0,0,0,0,0
240131,3,1,0,0,0,0,0,0,0,0,0,0
240132,1,1,0,0,0,0,0,0,0,0,0,16
240132,2,1,0,0,0,0,0,0,0,0,0,0
240133,0,1,24,24,24,24,24,24,24,24,24,24
240133,1,1,11,0,0,0,0,0,0,0,0,0
240134,1,1,0,8,20,0,0,0,0,0,0,0
240134,2,1,0,0,0,0,0,0,0,0,0,0
240135,1,1,0,0,0,0,0,0,0,0,0,0
240135,2,1,0,0,0,0,0,0,0,0,0,0
240137,1,1,19,19,19,19,19,19,19,19,19,19
240138,1,1,0,0,0,0,0,0,0,0,0,16
240139,1,1,0,0,0,0,0,0,0,0,0,0
240139,2,1,11,11,11,11,11,11,11,11,11,11
240139,3,1,0,0,0,0,0,0,0,0,0,0
240140,0,1,0,0,0,0,0,0,0,0,0,0
240140,1,1,0,0,0,0,12,0,0,0,0,0
240141,1,1,11,12,0,0,0,0,0,0,0,0
240141,2,1,0,0,14,0,15,0,0,0,0,0
240142,1,1,0,0,0,0,0,0,0,0,0,0
240143,1,1,0,0,0,0,0,0,0,0,0,0
240144,1,1,35,5,15,15,0,8,0,30,28,11
240145,1,1,0,0,17,0,0,0,0,0,0,0
240145,2,1,0,0,0,0,0,0,0,0,0,0
240146,1,1,0,0,0,0,0,0,0,0,0,0
240147,1,1,0,0,0,0,0,0,0,0,0,0
240148,1,1,12,12,12,12,12,12,12,12,12,12
240149,1,1,0,0,0,0,0,0,0,0,0,0
240149,2,1,0,0,0,0,0,0,13,0,0,0
240150,1,1,0,0,0,0,0,0,0,0,0,0
240151,1,1,23,23,23,23,23,23,23,23,23,23
240152,1,1,4,4,4,4,4,4,4,4,4,4
240152,2,1,0,0,0,0,0,0,0,0,0,0
240152,3,1,0,0,0,0,0,0,0,0,0,0
240152,4,1,0,0,25,0,0,0,0,0,0,0
240152,5,1,0,0,0,0,0,0,0,0,0,38
240153,1,1,0,0,0,0,0,17,0,25,0,0
240153,2,1,0,0,0,0,0,0,0,0,0,0
240154,1,1,0,0,0,0,0,0,0,0,0,0
240155,1,1,15,15,15,15,15,15,15,15,15,15
240157,1,1,0,0,0,0,15,0,15,0,0,0
240158,1,1,0,0,0,0,0,0,0,0,0,0
240159,1,1,0,0,0,0,0,0,0,0,0,0
240159,2,1,0,0,0,0,0,0,0,0,0,0
240159,3,1,0,0,0,0,0,0,0,0,0,0
240160,0,1,21,16,24,0,0,13,0,0,24,3
240160,1,1,0,0,0,0,0,0,0,0,9,0
240161,1,1,29,20,6,13,24,31,15,20,19,12
240161,2,1,0,0,0,0,0,0,0,0,0,0
240162,1,1,0,0,0,0,0,0,0,0,0,0
240162,2,1,0,0,0,0,0,0,0,0,0,0
240163,1,1,15,15,15,15,15,15,15,15,15,15
240164,1,1,6,6,6,6,6,6,6,6,6,6
240164,2,1,0,0,0,0,0,0,0,0,0,0
240165,0,1,32,3,0,20,0,35,4,16,12,0
240165,1,1,0,0,0,0,0,0,0,0,0,0
240165,2,1,0,0,0,0,0,0,0,0,0,6
240166,1,1,21,21,21,21,21,21,21,21,21,21
240166,2,1,21,17,0,0,0,0,0,0,0,0
240166,3,1,0,0,0,0,0,0,0,0,0,0
240167,1,1,0,0,0,0,12,0,26,26,0,0
240168,1,1,23,9,13,0,23,0,0,0,4,23
240168,2,1,0,0,0,0,0,0,0,0,0,0
240169,1,1,0,0,0,0,0,0,0,0,0,0
240169,2,1,0,0,0,0,0,0,0,0,0,0
240170,1,1,20,20,20,20,20,20,20,20,20,20
240171,0,1,0,0,0,0,0,0,0,0,0,0
240171,1,1,0,0,0,0,0,0,25,0,0,0
240172,1,1,20,20,20,20,20,20,20,20,20,20
240172,2,1,0,0,0,0,0,0,0,0,0,0
240173,1,1,0,0,0,0,0,0,0,0,0,0
240173,2,1,0,0,0,0,0,0,0,0,0,0
240174,0,1,5,5,5,5,5,5,5,5,5,5
240174,1,1,0,0,0,0,11,0,0,0,19,10
240175,1,1,0,0,0,0,0,0,0,0,0,0
240175,2,1,0,0,0,0,0,0,0,0,0,0
240176,1,1,11,0,0,0,0,0,0,0,0,0
240176,2,1,0,0,0,0,0,0,0,0,0,0
240176,3,1,0,0,16,13,0,0,0,0,12,0
240176,4,1,0,0,0,0,0,0,0,0,0,0
240177,1,1,0,0,0,0,0,0,0,0,0,0
240177,2,1,0,0,0,0,0,0,0,0,0,0
240178,1,1,0,0,0,0,0,0,0,0,0,0
240178,2,1,0,0,0,0,0,0,0,0,0,0
240179,0,1,0,0,0,0,0,0,0,0,0,0
240179,1,1,0,0,18,0,0,0,0,0,0,0
240180,1,1,0,0,0,0,0,0,0,0,0,0
240180,2,1,0,0,0,0,0,0,0,0,0,0
240182,1,1,0,0,0,0,0,0,0,0,0,0
240183,1,1,4,4,4,4,4,4,4,4,4,4
240184,1,1,0,0,0,0,0,0,0,0,0,0
240185,1,1,7,0,0,0,0,13,0,8,0,0
240186,1,1,19,19,19,19,19,19,19,19,19,19
240186,2,1,0,0,0,0,19,22,0,0,0,16
240186,3,1,10,26,27,20,12,17,26,23,21,11
240186,4,1,0,0,18,9,0,0,0,0,0,0
240187,1,1,0,0,12,0,0,0,0,0,0,0