ST_CASE,VEH_NO,PER_NO,P1,P2,P3,P4,P5,P6,P7,P8,P9,P10
240187,2,1,0,0,0,0,0,0,0,0,0,0
240187,3,1,0,0,0,0,0,0,0,0,0,0
240188,1,1,0,0,0,0,0,0,0,0,0,0
240188,2,1,0,0,0,0,0,0,0,0,0,0
240189,0,1,0,0,0,0,0,0,0,0,0,0
240189,1,1,5,0,0,0,0,0,0,0,25,0
240190,0,1,2,2,2,2,2,2,2,2,2,2
240190,1,1,0,0,0,0,0,0,0,0,0,0
240191,0,1,0,0,0,0,0,0,0,0,0,0
240191,1,1,0,0,0,0,0,0,0,0,0,0
240192,0,1,0,0,0,0,0,0,0,0,0,0
240192,1,1,0,0,0,0,0,0,0,0,0,0
240192,2,1,0,0,0,0,0,0,0,0,0,0
240193,1,1,0,0,0,0,0,0,0,0,0,0
240194,1,1,22,22,22,22,22,22,22,22,22,22
240195,1,1,21,21,21,21,21,21,21,21,21,21
240195,2,1,0,0,0,0,0,0,0,0,0,0
240196,1,1,0,0,0,0,0,0,0,0,0,0
240197,1,1,0,0,0,0,0,0,0,0,0,0
240197,2,1,0,0,0,0,0,0,0,0,0,0
240198,0,1,0,0,0,0,0,0,0,0,0,0
240198,1,1,0,0,0,0,0,0,0,0,0,0
240199,1,1,0,0,0,0,0,0,0,0,0,0
240199,2,1,0,0,0,0,0,0,0,0,0,0
240199,3,1,0,0,0,0,0,0,0,0,0,0
240200,1,1,0,0,0,0,0,0,0,0,0,0
240201,1,1,0,0,0,0,25,0,0,0,0,0
240201,2,1,0,0,0,0,0,17,12,0,0,0
240201,3,1,8,0,7,0,0,0,0,0,0,0
240202,1,1,0,0,0,13,0,0,3,0,0,4
240202,2,1,0,0,0,0,0,0,0,0,0,0
240202,3,1,0,0,0,0,37,0,0,0,0,0
240203,1,1,5,5,5,5,5,5,5,5,5,5
240204,0,1,0,0,0,0,0,0,0,0,0,0
240204,1,1,0,0,0,0,0,0,0,0,0,0
240205,1,1,13,4,8,0,25,0,0,14,0,0
240205,2,1,0,0,0,0,0,0,0,0,0,0
240206,1,1,0,0,0,0,0,0,0,0,0,0
240206,2,1,0,0,0,0,0,0,0,0,0,0
240206,3,1,0,0,0,0,0,0,0,0,0,0
240208,1,1,0,0,0,0,0,0,0,0,0,10
240208,2,1,0,0,0,0,0,0,0,0,0,17
240209,1,1,13,13,13,13,13,13,13,13,13,13
240210,0,1,0,0,0,0,0,0,0,0,0,0
240210,1,1,0,0,0,0,0,0,0,0,26,0
240211,0,1,20,20,20,20,20,20,20,20,20,20
240211,1,1,0,0,0,0,0,0,0,0,0,0
240212,1,1,0,0,0,0,0,0,0,0,0,0
240213,0,1,27,27,27,27,27,27,27,27,27,27
240213,1,1,0,0,0,0,0,0,10,0,0,0
240214,1,1,0,0,0,0,0,0,0,0,0,0
240214,2,1,10,0,0,0,0,0,0,0,0,0
240215,0,1,0,0,0,0,0,0,0,0,0,0
240215,1,1,0,0,0,0,0,0,0,0,0,0
240216,1,1,0,0,0,0,0,0,0,0,24,0
240217,1,1,8,8,8,8,8,8,8,8,8,8
240218,1,1,0,0,0,0,0,0,0,0,0,0
240218,2,1,0,0,0,0,0,0,0,0,0,0
240218,3,1,0,0,0,0,0,0,0,0,0,0
240219,1,1,23,23,23,23,23,23,23,23,23,23
240220,1,1,28,28,28,28,28,28,28,28,28,28
240220,2,1,0,0,0,0,0,0,0,0,0,0
240220,3,1,0,0,0,0,0,0,0,0,0,0
240221,1,1,0,0,0,0,11,0,0,0,0,0
240223,1,1,0,0,0,0,0,0,0,0,0,0
240223,2,1,0,0,0,0,0,0,0,0,0,0
240224,1,1,11,11,11,11,11,11,11,11,11,11
240225,1,1,0,0,0,0,0,0,0,0,0,0
240226,1,1,0,0,0,0,0,0,0,0,0,0
240227,0,1,23,23,23,23,23,23,23,23,23,23
240227,1,1,0,0,14,0,0,0,0,0,0,0
240228,0,1,0,0,0,0,0,0,0,10,0,0
240228,1,1,0,0,0,0,0,0,0,0,0,0
240229,1,1,17,17,17,17,17,17,17,17,17,17
240229,2,1,0,0,0,0,0,0,0,0,0,0
240230,0,1,0,0,19,0,0,0,0,0,0,0
240230,0,2,0,0,0,0,17,0,25,0,0,56
240230,1,1,0,9,0,0,4,0,0,0,5,3
240231,1,1,0,0,0,0,0,0,0,0,0,0
240231,2,1,0,0,0,0,0,0,0,0,0,0
240232,0,1,0,0,0,0,0,0,0,0,0,0
240232,1,1,0,0,0,0,0,0,0,0,0,0
240233,0,1,0,0,0,0,0,0,0,0,0,0
240233,1,1,0,0,0,0,0,0,0,0,0,0
240234,0,1,0,0,0,0,0,0,0,0,0,0
240234,0,2,0,0,0,11,13,11,0,0,15,0
240234,1,1,0,0,0,0,0,0,0,0,0,0
240235,1,1,0,0,0,0,0,0,0,0,0,0
240235,2,1,0,0,0,0,0,0,0,0,0,0
240236,1,1,0,0,0,0,0,0,0,0,0,0
240237,0,1,0,0,0,0,0,0,0,0,0,0
240237,1,1,0,0,0,0,0,0,0,0,0,0
240238,0,1,0,0,0,0,0,0,0,0,0,0
240238,1,1,0,0,0,0,0,0,17,27,0,7
240239,1,1,0,0,0,0,0,0,0,0,0,0
240239,2,1,0,0,0,0,0,0,0,0,0,0
240240,1,1,10,0,20,0,0,0,0,25,0,0
240240,2,1,0,0,0,0,0,0,0,0,0,0
240241,1,1,0,0,12,0,0,0,0,0,0,0
240241,2,1,0,0,0,0,0,0,0,0,0,0
240242,0,1,0,0,0,0,0,0,0,0,0,0
240242,1,1,0,0,0,0,0,0,0,0,0,0
240243,1,1,0,0,0,0,0,0,0,0,0,0
240243,2,1,0,0,0,0,0,0,0,0,0,0
240243,3,1,12,0,0,0,0,0,0,32,0,0
240244,1,1,23,23,23,23,23,23,23,23,23,23
240246,1,1,18,18,18,18,18,18,18,18,18,18
240248,0,1,13,13,13,13,13,13,13,13,13,13
240248,1,1,0,14,0,0,0,0,28,0,20,0
240248,2,1,0,0,9,16,0,0,0,10,11,0
240249,1,1,0,0,0,0,0,0,0,0,0,0
240249,2,1,0,0,0,0,10,0,0,0,0,0
240250,1,1,22,22,22,22,22,22,22,22,22,22
240251,1,1,3,3,3,3,3,3,3,3,3,3
240251,2,1,0,0,0,0,0,0,0,0,0,0
240252,1,1,3,3,3,3,3,3,3,3,3,3
240252,2,1,0,0,0,0,0,0,0,0,0,0
240253,1,1,0,0,0,0,0,0,0,0,0,0
240254,0,1,0,0,0,0,0,0,0,0,0,0
240254,1,1,0,0,3,0,0,0,0,0,0,0
240255,0,1,10,0,18,0,0,0,0,23,36,0
240255,1,1,0,0,0,0,0,0,0,0,0,0
240256,1,1,0,0,0,23,0,11,0,0,25,0
240257,1,1,0,0,0,0,0,14,0,0,0,0
240257,2,1,0,9,0,23,11,17,7,17,20,17
240258,1,1,36,36,36,36,36,36,36,36,36,36
240259,1,1,18,18,18,18,18,18,18,18,18,18
240259,2,1,0,0,0,0,0,0,0,0,0,0
240260,0,1,0,0,0,21,28,0,0,23,0,0
240260,1,1,0,0,0,0,0,0,0,0,0,0
240260,2,1,0,0,0,0,0,0,0,0,0,0
240261,1,1,27,0,19,0,0,14,0,0,0,33
240262,1,1,12,22,7,0,0,18,18,28,11,17
240262,2,1,21,0,0,13,0,0,0,0,0,0
240263,1,1,0,0,0,0,0,0,0,0,0,0
240263,2,1,0,0,0,0,0,0,0,0,0,0
240264,0,1,35,0,0,0,14,29,0,0,0,0
240264,1,1,0,0,0,0,0,0,0,0,0,0
240265,1,1,0,0,0,0,0,0,0,0,0,0
240265,2,1,0,0,0,0,0,0,0,0,0,0
240266,1,1,11,0,0,0,0,0,0,0,0,7
240266,2,1,0,0,0,0,0,0,0,0,0,0
240267,1,1,0,0,0,0,0,0,0,0,0,0
240267,2,1,0,0,0,0,0,0,0,0,0,0
240268,1,1,23,23,23,23,23,23,23,23,23,23
240269,1,1,10,10,10,10,10,10,10,10,10,10
240270,1,1,0,0,0,0,0,0,0,0,0,0
240270,2,1,0,0,0,0,0,0,0,0,0,0
240271,1,1,0,0,0,0,0,0,0,0,0,0
240272,0,1,0,0,0,0,0,0,0,0,24,23
240272,1,1,0,0,0,0,16,11,0,0,0,0
240273,1,1,25,25,25,25,25,25,25,25,25,25
240274,0,1,0,31,19,7,0,11,0,0,0,12
240274,1,1,0,0,0,0,0,0,0,0,0,0
240275,1,1,0,0,0,0,0,0,0,0,0,0
240275,2,1,0,0,0,0,0,0,0,0,0,0
240276,1,1,8,8,8,8,8,8,8,8,8,8
240276,2,1,0,0,0,15,0,0,0,0,0,0
240277,1,1,10,10,10,10,10,10,10,10,10,10
240278,1,1,0,0,0,0,0,0,0,0,0,0
240279,1,1,0,0,0,0,0,0,0,0,0,0
240279,2,1,16,16,16,16,16,16,16,16,16,16
240280,1,1,0,0,0,0,0,0,0,24,0,0
240280,2,1,0,0,0,0,0,0,0,0,3,0
240281,1,1,0,30,0,0,0,17,0,0,0,0
240282,1,1,0,0,0,0,0,0,0,0,0,0
240282,2,1,0,0,0,0,0,0,0,0,0,0
240283,1,1,0,0,0,0,0,0,0,0,0,0
240283,2,1,0,0,0,0,0,0,0,0,0,0
240283,3,1,0,0,0,0,0,0,0,0,0,0
240284,1,1,0,0,18,0,0,0,0,0,0,0
240284,2,1,0,0,0,0,0,0,0,0,0,0
240285,1,1,0,0,0,0,0,0,21,0,0,0
240286,1,1,0,0,0,0,0,0,0,0,0,0
240286,2,1,0,0,0,0,0,0,0,0,0,0
240287,1,1,0,0,0,0,0,0,0,0,0,0
240287,2,1,0,0,0,0,0,0,0,0,0,0
240288,1,1,0,0,0,0,0,0,0,0,0,0
240288,2,1,17,0,0,0,0,0,0,0,18,0
240289,1,1,0,0,0,0,0,0,0,0,0,0
240290,1,1,0,14,0,0,0,0,0,0,0,0
240290,2,1,0,0,0,0,0,0,0,0,0,0
240290,3,1,0,17,0,0,0,0,10,0,14,0
240290,4,1,0,0,0,0,0,0,0,0,0,0
240291,1,1,0,0,0,0,0,0,0,0,0,0
240291,2,1,0,0,0,0,0,0,0,0,0,0
240291,3,1,0,13,0,0,0,0,0,0,0,0
240292,1,1,13,13,13,13,13,13,13,13,13,13
240293,0,1,14,14,14,14,14,14,14,14,14,14
240293,1,1,0,0,0,0,0,0,0,0,0,0
240293,2,1,8,0,0,0,0,0,0,0,0,0
240294,1,1,0,0,0,0,0,0,0,0,0,0
240295,0,1,0,0,0,0,0,0,0,0,0,0
240295,1,1,0,18,0,0,0,0,0,0,0,0
240296,1,1,0,0,0,0,0,0,0,0,0,0
240296,2,1,0,0,0,0,0,0,0,0,0,0
240297,0,1,18,18,18,18,18,18,18,18,18,18
240297,1,1,0,0,0,0,0,0,0,0,0,0
240298,0,1,0,0,0,0,0,0,0,0,0,0
240298,1,1,0,0,0,0,0,19,0,0,14,0
240299,1,1,3,3,3,3,3,3,3,3,3,3
240299,2,1,0,0,0,0,0,0,0,0,0,0
240300,0,1,0,0,0,0,0,0,0,0,0,0
240300,1,1,0,0,0,0,0,0,0,0,0,0
240301,0,1,0,0,0,0,29,0,0,0,0,0
240301,1,1,0,0,0,0,0,0,0,0,0,0
240302,0,1,20,20,20,20,20,20,20,20,20,20
240302,1,1,0,0,0,0,0,0,12,0,0,0
240303,0,1,0,0,0,0,0,0,0,0,0,0
240303,0,2,0,0,0,0,0,0,0,0,0,0
240303,1,1,0,0,0,0,0,0,0,0,0,0
240304,1,1,17,17,17,17,17,17,17,17,17,17
240304,2,1,0,0,0,0,0,0,0,0,0,0
240305,1,1,0,0,0,0,0,0,0,0,0,0
240306,1,1,0,0,0,0,0,0,0,0,0,0
240307,0,1,0,0,0,0,0,0,0,0,0,0
240307,1,1,21,7,0,26,0,20,9,29,5,19
240308,1,1,0,0,0,0,0,0,0,0,0,0
240308,2,1,0,0,0,0,0,0,0,0,0,0
240309,0,1,28,28,28,28,28,28,28,28,28,28
240309,1,1,0,0,0,0,0,0,0,0,0,0
240310,1,1,0,0,0,0,0,0,0,0,0,0
240310,2,1,0,0,0,0,0,0,0,0,0,0
240310,3,1,0,0,0,0,0,0,0,0,0,0
240310,4,1,0,0,0,0,0,0,0,0,0,0
240311,0,1,0,0,0,8,0,0,0,0,0,0
240311,1,1,0,0,0,0,0,0,0,0,0,0
240312,0,1,11,11,11,11,11,11,11,11,11,11
240312,1,1,0,0,12,0,0,0,6,4,5,12
240313,1,1,26,26,26,26,26,26,26,26,26,26
240314,1,1,26,26,26,26,26,26,26,26,26,26
240314,2,1,0,12,0,0,21,0,0,0,0,0
240315,1,1,0,0,0,0,0,0,0,0,0,0
240316,1,1,5,5,5,5,5,5,5,5,5,5
240316,2,1,0,0,0,0,0,0,0,0,0,0
240317,1,1,10,10,10,10,10,10,10,10,10,10
240317,2,1,0,0,0,0,0,0,0,0,0,0
240318,1,1,12,0,16,30,22,0,9,0,0,0
240319,1,1,0,0,0,0,0,0,0,0,0,0
240320,1,1,0,0,0,0,0,0,0,0,0,0
240320,2,1,0,0,0,0,0,0,0,0,0,0
240320,3,1,0,0,0,0,0,0,0,0,0,0
240321,0,1,0,0,0,0,0,0,0,0,0,0
240321,1,1,14,14,14,14,14,14,14,14,14,14
240322,1,1,32,32,32,32,32,32,32,32,32,32
240323,1,1,0,0,0,0,0,0,0,0,0,0
240324,0,1,0,0,0,0,0,0,0,0,0,0
240324,1,1,0,0,0,0,0,0,0,0,0,0
240325,1,1,17,17,17,17,17,17,17,17,17,17
240326,1,1,0,0,0,0,0,0,0,0,0,0
240326,2,1,0,0,0,0,0,0,0,0,0,0
240327,1,1,0,0,0,0,0,0,0,0,0,0
240328,1,1,10,10,10,10,10,10,10,10,10,10
240329,1,1,10,10,10,10,10,10,10,10,10,10
240330,0,1,24,24,24,24,24,24,24,24,24,24
240330,1,1,0,0,0,0,20,0,0,0,0,0
240331,0,1,0,0,0,0,0,0,0,0,0,0
240331,1,1,0,0,0,0,7,0,0,0,0,0
240332,1,1,17,24,20,17,13,8,15,18,12,19
240333,1,1,0,0,0,0,0,0,0,0,0,0
240333,2,1,0,0,0,0,0,0,0,0,0,0
240334,1,1,17,17,17,17,17,17,17,17,17,17
240334,2,1,0,0,0,0,0,0,0,0,0,0
240334,3,1,0,0,0,0,0,0,0,0,0,0
240334,4,1,0,0,0,0,0,0,0,0,0,0
240334,5,1,0,0,0,0,0,0,22,0,6,0
240335,0,1,0,0,0,0,0,0,0,0,0,0
240335,1,1,0,0,0,0,0,0,0,0,0,0
240337,0,1,10,10,10,10,10,10,10,10,10,10
240337,1,1,0,0,0,0,0,18,10,0,0,0
240338,0,1,0,0,0,0,0,0,0,0,0,0
240338,1,1,0,0,0,0,0,0,0,0,0,0
240339,0,1,0,0,0,0,0,0,0,0,0,0
240339,1,1,0,6,0,0,0,9,0,0,0,0
240340,1,1,0,0,0,0,0,0,0,0,0,0
240341,1,1,18,18,18,18,18,18,18,18,18,18
240342,0,1,26,26,26,26,26,26,26,26,26,26
240342,1,1,6,6,6,6,6,6,6,6,6,6
240342,2,1,0,0,0,0,0,0,0,0,0,0
240343,1,1,26,0,0,0,0,0,0,0,16,0
240343,2,1,0,0,0,0,0,0,0,0,0,0
240344,1,1,7,7,7,7,7,7,7,7,7,7
240345,1,1,0,0,0,0,0,0,0,0,0,0
240346,1,1,0,0,0,0,0,0,0,0,0,0
240347,1,1,0,0,0,0,0,0,0,0,0,0
240347,2,1,0,0,0,0,0,0,0,0,0,0
240348,1,1,0,0,0,0,0,0,0,0,0,0
240349,1,1,9,20,14,15,10,13,18,12,0,22
240350,0,1,0,0,0,0,0,0,0,0,0,0
240350,0,2,0,0,0,0,0,0,0,0,0,0
240350,0,3,0,0,0,0,0,0,0,0,0,0
240350,1,1,0,0,0,0,0,0,0,0,0,0
240350,2,1,0,0,0,0,0,0,0,0,0,0
240352,1,1,19,19,19,19,19,19,19,19,19,19
240353,1,1,0,0,0,0,0,0,0,0,0,0
240353,2,1,8,8,8,8,8,8,8,8,8,8
240354,1,1,0,0,0,0,0,0,0,0,0,0
240355,0,1,0,0,0,0,26,8,0,0,0,0
240355,1,1,0,0,14,0,0,0,0,0,0,0
240356,1,1,0,0,0,0,2,0,0,0,15,12
240356,2,1,14,14,14,14,14,14,14,14,14,14
240357,0,1,9,9,9,9,9,9,9,9,9,9
240357,1,1,0,0,0,0,0,0,0,0,0,0
240358,1,1,0,0,0,0,0,0,0,0,0,0
240358,2,1,0,0,0,0,0,0,0,0,0,0
240358,3,1,0,0,0,0,0,0,0,0,8,0
240359,0,1,0,0,0,0,0,0,0,0,0,0
240359,1,1,0,0,0,0,0,0,0,0,0,0
240360,1,1,0,0,0,0,0,0,0,0,0,18
240360,2,1,0,0,0,0,0,0,0,0,0,0
240361,1,1,0,0,0,0,0,0,0,0,0,0
240361,2,1,0,0,0,0,0,0,0,0,0,0
240361,3,1,0,0,0,0,0,0,0,0,0,0
240361,4,1,0,0,0,0,0,0,0,0,0,0
240362,1,1,9,0,0,0,0,0,0,0,0,10
240362,2,1,0,0,0,0,0,0,0,0,0,0
240363,1,1,0,0,0,0,0,0,0,0,0,0
240363,2,1,10,10,10,10,10,10,10,10,10,10
240364,1,1,5,5,5,5,5,5,5,5,5,5
240364,2,1,0,0,0,12,0,0,0,0,0,0
240365,0,1,0,0,0,0,0,0,0,0,0,0
240365,1,1,0,0,0,0,2,0,8,0,0,0
240366,1,1,0,0,0,0,0,0,0,0,0,0
240367,1,1,0,0,0,0,0,0,0,0,0,0
240367,2,1,0,0,0,0,0,0,0,0,0,0
240368,1,1,0,0,0,0,44,0,0,0,0,19
240368,2,1,0,0,0,0,0,0,0,0,0,0
240369,1,1,0,0,0,0,0,0,0,0,0,0
240370,1,1,0,0,0,0,0,0,0,0,0,0
240371,1,1,2,2,2,2,2,2,2,2,2,2
240372,0,1,0,0,0,0,0,0,0,0,0,0
240372,1,1,20,19,22,13,21,5,22,4,6,16
240373,0,1,13,13,13,13,13,13,13,13,13,13
240373,1,1,0,0,0,0,0,0,0,0,0,0
240374,0,1,0,0,0,0,0,0,0,0,0,0
240374,1,1,0,0,0,0,0,7,0,8,0,0
240375,1,1,41,0,0,0,0,0,0,0,0,0
240377,1,1,0,0,0,0,0,0,0,0,0,28
240378,1,1,0,0,13,0,0,0,0,0,0,0
240379,1,1,0,0,0,0,0,0,0,0,0,0
240379,2,1,0,0,0,0,0,0,0,0,0,0
240380,0,1,15,15,15,15,15,15,15,15,15,15
240380,1,1,0,10,12,0,5,20,0,0,16,0
240381,0,1,0,0,0,0,0,0,0,0,0,0
240381,1,1,0,0,0,0,0,0,0,0,0,0
240382,0,1,0,0,16,12,0,21,0,0,0,0
240382,0,2,0,0,0,0,0,0,0,0,0,0
240382,1,1,0,0,0,0,0,0,4,0,0,5
240383,0,1,2,2,2,2,2,2,2,2,2,2
240383,0,2,0,0,0,0,0,7,0,0,0,26
240383,0,3,0,0,0,0,39,0,0,0,0,0
240383,0,4,12,0,0,0,6,0,0,0,0,0
240383,1,1,0,0,19,0,11,26,2,0,14,10
240383,2,1,0,0,0,0,0,0,0,0,0,0
240384,0,1,0,0,0,0,0,0,0,0,0,0
240384,1,1,0,0,15,2,17,0,23,15,0,0
240385,0,1,8,8,8,8,8,8,8,8,8,8
240385,1,1,15,15,15,15,15,15,15,15,15,15
240386,1,1,18,18,18,18,18,18,18,18,18,18
240387,1,1,0,0,0,0,0,0,0,0,0,0
240387,2,1,0,0,0,0,17,0,0,0,0,0
240387,3,1,0,0,0,0,0,0,0,0,0,0
240388,1,1,12,0,0,0,0,14,7,0,0,5
240388,2,1,0,0,0,0,0,0,0,0,0,0
240389,1,1,12,12,12,12,12,12,12,12,12,12
240389,2,1,0,0,0,0,0,0,0,0,0,0
240390,1,1,0,0,0,11,0,0,0,0,0,0
240391,0,1,0,0,0,0,0,0,0,0,0,0
240391,1,1,0,0,0,0,0,0,24,0,0,9
240392,1,1,0,0,0,0,0,0,0,0,0,0
240392,2,1,0,0,0,0,0,0,0,0,0,0
240393,1,1,0,0,0,0,0,0,0,0,0,0
240394,1,1,16,16,16,16,16,16,16,16,16,16
240395,1,1,0,0,0,0,0,0,0,0,0,0
240395,2,1,0,0,0,0,0,0,0,0,0,0
240396,1,1,12,12,12,12,12,12,12,12,12,12
240397,1,1,0,0,0,0,0,0,0,0,0,0
240398,0,1,0,0,0,0,0,0,0,0,0,0
240398,1,1,0,0,0,0,0,0,0,0,0,0
240399,1,1,0,0,0,0,0,0,0,0,0,0
240399,2,1,0,0,0,0,0,0,0,0,0,0
240400,1,1,0,0,0,0,0,0,17,0,0,0
240400,2,1,0,0,0,0,0,0,0,0,0,0
240401,1,1,0,0,0,0,0,0,0,0,0,0
240401,2,1,0,0,24,20,0,0,0,0,19,5
240402,1,1,0,0,0,0,0,0,0,0,0,0
240402,2,1,0,0,0,0,0,0,0,0,0,0
240403,0,1,37,26,10,14,26,34,42,0,0,8
240403,1,1,0,0,0,0,0,1,0,0,0,0
240404,1,1,20,20,20,20,20,20,20,20,20,20
240404,2,1,0,0,0,0,0,0,0,0,0,0
240404,3,1,0,0,0,0,0,0,0,21,0,0
240405,1,1,11,11,11,11,11,11,11,11,11,11
240406,1,1,0,0,0,0,0,0,0,0,0,0
240406,2,1,0,0,0,0,0,0,0,0,0,0
240407,1,1,0,18,0,0,0,0,0,0,2,0
240408,1,1,0,0,0,0,0,0,0,0,0,0
240409,0,1,29,29,29,29,29,29,29,29,29,29
240409,1,1,0,0,0,0,0,0,0,20,15,0
240410,1,1,0,6,0,0,0,0,0,0,0,0
240411,1,1,12,12,12,12,12,12,12,12,12,12
240412,1,1,9,9,9,9,9,9,9,9,9,9
240412,2,1,0,0,0,0,0,0,0,0,0,0
240413,0,1,0,0,0,0,0,15,14,0,0,0
240413,1,1,0,0,0,0,0,0,0,0,0,20
240414,0,1,27,27,27,27,27,27,27,27,27,27
240414,1,1,0,0,0,16,12,0,0,0,0,26
240415,1,1,0,0,0,0,0,0,0,0,0,7
240415,2,1,16,17,20,0,25,0,0,0,0,0
240416,0,1,32,0,0,13,0,0,0,0,0,0
240416,1,1,0,0,13,0,0,8,0,0,24,0
240417,0,1,0,0,7,15,0,0,0,0,35,31
240417,1,1,0,0,0,0,0,0,0,0,0,0
240418,1,1,0,0,0,0,0,0,0,0,0,0
240419,1,1,17,17,17,17,17,17,17,17,17,17
240421,0,1,30,30,30,30,30,30,30,30,30,30
240421,1,1,29,29,29,29,29,29,29,29,29,29
240422,1,1,21,21,21,21,21,21,21,21,21,21
240423,1,1,21,21,21,21,21,21,21,21,21,21
240423,2,1,0,0,0,0,0,0,0,0,0,0
240424,0,1,0,0,0,0,0,0,0,0,0,0
240424,1,1,0,0,0,0,0,0,0,0,0,0
240425,1,1,13,13,13,13,13,13,13,13,13,13
240425,2,1,0,0,0,0,0,0,0,0,0,0
240426,0,1,23,23,23,23,23,23,23,23,23,23
240426,1,1,0,0,0,0,0,0,0,0,0,0
240427,1,1,0,0,0,0,0,0,0,0,0,0
240427,2,1,0,0,0,0,0,0,0,0,0,0
240427,3,1,0,0,0,0,0,0,0,0,0,0
240428,1,1,21,21,21,21,21,21,21,21,21,21
240429,1,1,9,0,0,0,0,0,0,0,0,0
240429,2,1,0,0,0,0,0,0,0,0,0,0
240430,1,1,0,0,0,0,0,0,0,0,0,0
240431,0,1,0,0,0,0,0,0,0,0,0,0
240431,1,1,0,0,0,0,0,0,0,0,0,0
240432,0,1,0,0,0,0,0,0,0,0,0,0
240432,1,1,0,12,0,0,0,0,0,0,0,0
240433,1,1,12,12,12,12,12,12,12,12,12,12
240434,1,1,0,0,0,0,0,0,0,0,2,0
240434,2,1,0,0,0,0,0,35,22,0,0,0
240435,1,1,6,6,6,6,6,6,6,6,6,6
240436,1,1,0,0,0,0,0,0,0,0,0,0
240436,2,1,0,0,0,0,0,0,0,0,0,0
240436,3,1,0,0,0,0,0,9,0,0,0,0
240437,0,1,0,9,22,0,21,0,0,0,13,7
240437,1,1,0,0,0,0,0,0,0,0,0,0
240438,0,1,19,19,19,19,19,19,19,19,19,19
240438,1,1,0,0,0,0,0,0,0,0,0,0
240439,0,1,31,19,16,0,16,0,0,0,26,0
240439,1,1,0,0,0,0,0,0,0,9,0,0
240440,1,1,0,0,0,0,0,0,0,0,0,0
240440,2,1,0,0,0,0,0,0,0,7,0,0
240441,1,1,16,2,0,0,0,11,0,0,0,0
240442,0,1,14,14,14,14,14,14,14,14,14,14
240442,1,1,4,4,4,4,4,4,4,4,4,4
240443,1,1,0,0,0,0,0,0,0,0,0,0
240444,1,1,0,0,0,0,0,0,0,0,0,0
240444,2,1,0,0,0,0,0,0,0,0,0,0
240445,1,1,0,0,0,0,0,0,0,0,0,0
240446,1,1,2,2,2,2,2,2,2,2,2,2
240447,1,1,9,9,9,9,9,9,9,9,9,9
240448,1,1,0,0,0,0,0,0,0,0,0,0
240448,2,1,0,31,0,0,0,0,0,0,0,0
240449,1,1,21,21,21,21,21,21,21,21,21,21
240449,2,1,0,0,0,0,0,0,0,0,0,0
240450,0,1,25,25,25,25,25,25,25,25,25,25
240450,1,1,0,0,0,0,0,19,0,0,0,19
240451,1,1,15,15,15,15,15,15,15,15,15,15
240452,0,1,0,0,0,0,0,0,0,0,0,0
240452,1,1,0,0,0,0,0,0,0,0,0,0
240453,1,1,0,0,14,0,9,0,0,0,0,0
240454,1,1,0,0,0,0,0,0,0,0,0,0
240455,0,1,0,0,0,0,0,0,0,0,0,0
240455,1,1,0,0,0,0,0,0,0,0,0,0
240456,1,1,16,16,16,16,16,16,16,16,16,16
240456,2,1,0,0,0,0,0,0,0,0,0,0
240456,3,1,0,0,0,0,0,0,0,0,0,0
240457,1,1,0,0,0,0,0,0,0,0,0,0
240457,2,1,0,0,0,0,0,0,0,0,0,0
240458,0,1,21,20,16,24,25,0,0,29,28,16
240458,1,1,0,0,0,0,0,0,0,0,0,0
240458,2,1,0,0,0,0,0,0,0,0,0,0
240459,0,1,0,0,0,0,0,0,0,0,0,0
240459,1,1,0,0,0,0,0,0,0,0,0,0
240460,1,1,0,0,0,0,0,0,0,0,0,0
240460,2,1,0,0,0,0,9,0,0,0,0,0
240461,1,1,0,0,0,0,0,0,25,0,0,0
240461,2,1,0,0,0,0,0,0,0,0,0,0
240462,1,1,21,21,21,21,21,21,21,21,21,21
240462,2,1,0,0,0,0,0,0,0,0,0,0
240463,1,1,22,22,22,22,22,22,22,22,22,22
240464,1,1,0,0,0,0,0,0,0,0,0,0
240464,2,1,0,0,0,0,0,0,0,0,0,0
240464,3,1,0,0,0,0,0,0,18,0,0,0
240464,4,1,0,0,0,0,0,0,0,0,0,0
240464,5,1,18,0,0,0,0,0,0,0,20,0
240465,0,1,0,0,0,0,0,0,0,0,0,0
240465,1,1,0,0,0,0,0,0,0,0,0,0
240466,0,1,21,21,21,21,21,21,21,21,21,21
240466,0,2,0,0,0,29,0,0,0,12,0,0
240466,1,1,0,0,0,0,0,0,15,0,0,0
240467,1,1,8,8,8,8,8,8,8,8,8,8
240468,1,1,0,0,0,12,28,0,0,13,0,17
240468,2,1,16,18,0,5,10,8,0,17,0,12
240469,1,1,0,0,0,0,0,0,0,0,0,0
240470,1,1,0,0,0,0,0,0,0,0,0,0
240470,2,1,0,5,0,0,0,0,0,0,0,0
240471,1,1,0,0,0,0,0,0,0,0,0,4
240472,0,1,0,0,0,0,0,0,0,0,0,0