ST_CASE,VEH_NO,PER_NO,P1,P2,P3,P4,P5,P6,P7,P8,P9,P10
240472,1,1,0,0,0,0,0,0,0,0,0,16
240473,1,1,32,32,32,32,32,32,32,32,32,32
240474,1,1,16,16,16,16,16,16,16,16,16,16
240475,1,1,0,0,0,0,0,0,0,0,0,0
240475,2,1,0,0,0,0,0,0,0,0,0,0
240476,0,1,24,24,24,24,24,24,24,24,24,24
240476,1,1,0,28,0,0,0,0,0,0,0,0
240477,1,1,0,0,0,0,0,31,0,0,0,0
240478,0,1,23,23,23,23,23,23,23,23,23,23
240478,1,1,0,0,0,0,0,0,0,0,0,0
240479,1,1,14,14,14,14,14,14,14,14,14,14
240480,0,1,0,0,0,0,0,0,0,0,0,0
240480,1,1,20,20,20,20,20,20,20,20,20,20
240481,0,1,0,0,0,0,0,0,0,0,0,0
240481,1,1,0,0,0,0,0,0,0,0,0,0
240482,0,1,0,0,0,0,0,0,0,0,0,0
240482,1,1,0,0,0,0,0,0,0,0,0,0
240482,2,1,0,0,0,0,0,0,0,0,0,0
240482,3,1,0,0,0,0,0,0,0,0,0,0
240484,0,1,4,4,4,4,4,4,4,4,4,4
240484,1,1,0,0,0,0,0,0,0,0,0,0
240485,1,1,0,0,0,9,0,0,0,0,0,0
240485,2,1,0,0,0,0,0,0,0,13,0,0
240486,1,1,24,24,24,24,24,24,24,24,24,24
240486,2,1,0,0,0,0,0,0,0,0,0,0
240487,0,1,0,0,0,0,0,0,0,0,0,0
240487,1,1,0,0,0,0,0,0,20,0,0,23
240488,1,1,27,19,21,0,15,13,15,19,13,21
240488,2,1,0,0,0,0,0,0,0,0,0,0
240488,3,1,0,0,0,0,0,0,0,0,0,0
240488,4,1,0,0,0,0,0,0,0,0,0,0
240488,5,1,0,0,0,0,0,0,0,0,0,0
240489,0,1,8,8,8,8,8,8,8,8,8,8
240489,1,1,0,0,0,0,0,0,0,0,0,0
240490,1,1,15,15,15,15,15,15,15,15,15,15
240490,2,1,0,0,0,0,17,0,0,0,0,0
240491,0,1,0,0,0,0,0,0,0,0,0,0
240491,1,1,0,0,0,0,22,15,0,0,0,0
240492,1,1,0,0,0,0,0,0,0,0,0,0
240492,2,1,0,0,0,0,0,0,0,0,0,0
240492,3,1,0,0,0,0,0,0,0,0,0,0
240493,0,1,32,32,32,32,32,32,32,32,32,32
240493,1,1,6,0,31,0,0,0,8,0,5,0
240493,2,1,0,0,0,0,0,0,0,0,0,0
240494,1,1,0,0,0,0,0,0,0,0,0,0
240495,1,1,0,0,0,0,0,0,0,0,0,0
240495,2,1,0,0,0,0,0,0,0,0,0,0
240496,0,1,16,16,16,16,16,16,16,16,16,16
240496,1,1,0,0,19,0,0,0,0,0,0,0
240497,1,1,11,11,11,11,11,11,11,11,11,11
240498,1,1,16,16,16,16,16,16,16,16,16,16
240499,1,1,0,0,6,0,0,0,34,0,0,22
240500,0,1,0,0,0,0,0,0,0,0,0,0
240500,1,1,0,24,0,0,0,14,0,13,0,0
240501,1,6,15,19,19,24,14,12,0,16,9,0
240502,1,1,0,0,0,0,0,0,0,0,0,0
240503,1,1,4,4,4,4,4,4,4,4,4,4
240503,2,1,0,0,0,0,0,0,0,0,0,0
240504,1,1,21,21,21,21,21,21,21,21,21,21
240505,1,1,19,0,23,0,0,6,0,11,0,0
240506,1,1,0,0,0,0,0,0,0,0,0,0
240506,2,1,7,7,7,7,7,7,7,7,7,7
240507,1,1,0,0,0,0,0,0,0,0,0,0
240507,2,1,0,0,0,0,0,0,0,0,0,0
240508,1,1,0,11,0,20,20,15,0,21,16,16
240509,1,1,0,0,0,0,0,0,0,0,0,0
240510,1,1,0,0,0,0,0,0,0,0,0,0
250001,1,1,0,0,0,0,0,0,0,0,0,0
250002,1,1,20,0,32,24,14,0,16,9,10,18
250003,1,1,7,7,7,7,7,7,7,7,7,7
250004,1,1,15,0,19,31,0,0,10,0,0,15
250005,1,1,0,0,20,0,0,0,0,0,0,0
250005,2,1,17,17,17,17,17,17,17,17,17,17
250006,1,1,24,24,24,24,24,24,24,24,24,24
250007,1,1,0,0,0,0,0,0,0,0,0,0
250007,2,1,13,13,13,13,13,13,13,13,13,13
250008,1,1,0,0,0,0,0,0,0,0,0,0
250009,1,1,0,0,0,0,0,0,0,0,0,0
250009,2,1,0,0,0,0,0,0,0,0,0,0
250010,0,1,0,0,0,0,0,0,0,0,0,0
250010,1,1,9,0,0,0,25,0,8,6,7,13
250011,0,1,0,0,0,0,0,0,0,0,0,0
250011,1,1,0,0,0,0,0,0,0,0,0,0
250012,1,1,0,0,0,0,0,0,0,0,0,0
250012,2,1,0,0,0,0,0,0,0,0,0,0
250012,3,1,0,0,0,0,0,0,0,0,0,0
250013,1,1,0,0,0,0,0,0,0,0,0,0
250014,1,1,6,9,0,0,0,0,0,0,0,18
250014,2,1,0,0,0,0,0,0,0,0,0,0
250015,1,1,12,8,17,0,12,24,15,15,26,15
250015,2,1,0,0,0,0,0,0,0,0,0,0
250017,0,1,0,0,0,0,0,0,0,0,0,0
250017,1,1,0,0,0,0,0,0,0,0,18,0
250018,1,1,0,0,0,0,0,0,0,0,0,0
250019,1,1,21,21,21,21,21,21,21,21,21,21
250020,1,1,0,0,0,0,0,0,0,0,0,0
250020,2,1,0,0,0,0,0,0,0,0,0,0
250022,1,1,16,16,16,16,16,16,16,16,16,16
250023,1,1,0,0,0,0,0,0,0,0,0,0
250024,1,1,6,6,6,6,6,6,6,6,6,6
250025,1,1,32,32,32,32,32,32,32,32,32,32
250026,0,1,15,6,13,43,0,22,29,16,0,28
250026,1,1,0,6,18,0,0,0,0,16,0,0
250027,1,1,15,15,15,15,15,15,15,15,15,15
250028,0,1,0,0,0,0,0,0,0,0,0,0
250028,1,1,24,0,34,0,0,0,0,0,0,0
250029,1,1,23,23,23,23,23,23,23,23,23,23
250029,2,1,0,0,0,0,0,0,0,0,0,0
250030,0,1,6,6,6,6,6,6,6,6,6,6
250030,1,1,27,6,7,20,25,29,8,20,30,46
250031,1,1,0,0,0,0,0,0,0,0,0,0
250031,2,1,0,0,0,0,0,0,0,0,0,0
250032,0,1,0,0,0,0,0,0,0,0,0,0
250032,1,1,0,0,0,0,0,0,0,0,0,0
250033,1,1,20,20,20,20,20,20,20,20,20,20
250034,1,1,21,21,21,21,21,21,21,21,21,21
250035,0,1,0,0,0,0,0,0,0,0,0,0
250035,1,1,0,0,0,0,0,35,0,0,0,0
250036,1,1,3,3,3,3,3,3,3,3,3,3
250037,0,1,20,20,20,20,20,20,20,20,20,20
250037,1,1,21,0,0,20,0,0,10,24,10,21
250038,0,1,0,0,0,0,0,0,0,0,0,0
250038,1,1,0,0,12,0,0,0,0,0,0,0
250039,1,1,10,10,10,10,10,10,10,10,10,10
250040,1,1,16,16,16,16,16,16,16,16,16,16
250041,1,1,0,0,0,0,0,0,0,0,0,0
250041,2,1,0,0,0,0,0,0,0,0,0,16
250042,1,1,10,10,10,10,10,10,10,10,10,10
250043,0,1,0,0,0,0,0,0,0,0,0,0
250043,1,1,0,13,0,23,0,0,0,0,0,0
250043,2,1,0,0,0,0,0,0,0,0,0,0
250044,1,1,23,23,23,23,23,23,23,23,23,23
250046,0,1,11,11,11,11,11,11,11,11,11,11
250046,0,2,0,0,0,0,0,22,0,0,0,11
250046,1,1,0,0,0,0,0,0,0,0,0,14
250047,1,1,0,0,0,0,0,0,0,0,0,0
250047,2,1,0,0,0,0,0,0,0,0,0,0
250047,3,1,0,0,0,0,0,0,0,0,0,0
250047,4,1,0,0,0,0,0,0,0,0,0,0
250048,1,1,0,0,0,0,0,0,0,0,0,0
250048,2,1,0,0,0,0,0,0,0,0,0,0
250048,3,1,0,0,0,0,0,0,13,0,0,7
250049,0,1,0,0,0,0,0,0,0,0,0,0
250049,1,1,0,0,0,0,0,0,0,0,0,0
250050,0,1,0,0,0,0,0,0,0,0,0,0
250050,1,1,0,12,19,0,15,0,0,0,0,0
250051,1,1,17,17,17,17,17,17,17,17,17,17
250052,1,1,0,0,0,0,0,0,0,0,0,0
250053,1,1,0,0,0,0,0,0,0,0,0,0
250053,2,1,21,21,21,21,21,21,21,21,21,21
250054,1,1,0,0,0,0,18,0,0,17,4,18
250055,1,1,17,17,17,17,17,17,17,17,17,17
250056,1,1,26,0,0,0,0,0,0,0,0,0
250056,2,1,0,0,0,0,0,0,0,0,0,0
250057,1,1,0,0,0,0,0,0,30,33,0,27
250058,1,1,20,20,20,20,20,20,20,20,20,20
250059,0,1,0,0,0,0,0,0,0,0,0,0
250059,1,1,0,0,0,0,0,0,0,0,0,0
250060,1,1,0,0,0,0,0,0,0,0,0,0
250060,2,1,0,0,0,0,0,0,0,0,0,0
250061,1,1,0,0,0,0,0,0,0,0,0,0
250062,1,1,0,0,0,0,0,0,0,0,0,0
250062,2,1,0,0,0,0,0,0,0,0,0,0
250063,1,1,32,32,32,32,32,32,32,32,32,32
250063,2,1,0,0,6,0,0,0,0,0,0,0
250064,1,1,30,30,30,30,30,30,30,30,30,30
250065,1,1,11,11,11,11,11,11,11,11,11,11
250066,1,1,0,0,0,0,0,0,0,12,13,8
250066,2,1,0,0,0,0,0,0,0,0,0,0
250067,0,1,3,3,3,3,3,3,3,3,3,3
250067,1,1,0,0,0,0,0,0,0,0,0,0
250068,0,1,31,31,31,31,31,31,31,31,31,31
250068,1,1,0,0,19,0,16,10,0,0,14,23
250069,1,1,0,0,0,0,0,0,0,0,0,0
250069,2,1,0,0,0,0,0,0,0,0,0,0
250069,3,1,0,0,0,0,0,0,0,0,0,0
250070,0,1,0,0,0,10,0,0,0,0,0,0
250070,1,1,0,0,0,0,0,0,0,0,0,0
250071,0,1,0,0,0,0,0,0,0,0,0,0
250071,1,1,8,0,0,0,0,0,0,0,0,0
250072,0,1,0,0,0,0,0,0,0,0,0,0
250072,1,1,0,0,0,0,0,0,0,0,0,0
250073,1,1,24,24,24,24,24,24,24,24,24,24
250073,2,1,0,0,0,0,0,0,0,0,0,0
250074,1,1,0,0,0,0,0,0,0,0,0,0
250074,2,1,0,0,0,0,0,0,0,0,0,0
250074,3,1,0,0,0,0,0,0,0,0,0,0
250075,1,1,0,0,0,0,0,0,0,0,0,0
250075,2,1,0,0,0,0,0,0,0,0,0,0
250076,1,1,0,0,0,0,0,0,0,0,0,0
250077,1,1,18,18,18,18,18,18,18,18,18,18
250078,1,1,0,0,0,0,0,0,0,0,0,0
250078,2,1,0,0,0,0,0,0,0,0,0,0
250079,1,1,18,21,22,27,11,10,19,36,7,13
250080,1,1,3,3,3,3,3,3,3,3,3,3
250081,1,1,19,19,19,19,19,19,19,19,19,19
250082,0,1,0,0,0,0,0,0,0,0,0,0
250082,1,1,0,0,0,8,0,0,0,0,0,0
250083,0,1,0,0,0,0,0,0,0,0,0,0
250083,1,1,0,0,0,0,0,0,0,0,0,0
250084,1,1,18,0,0,0,0,0,0,0,0,0
250084,2,1,20,20,20,20,20,20,20,20,20,20
250085,0,1,0,0,0,0,0,0,0,0,0,0
250085,1,1,0,0,0,0,9,8,0,0,0,0
250086,1,1,0,0,0,0,0,0,0,0,0,0
250088,1,1,14,14,14,14,14,14,14,14,14,14
250089,0,1,0,0,0,0,0,0,0,0,0,0
250089,1,1,0,0,3,0,0,0,0,0,22,0
250090,1,1,0,0,0,0,0,0,0,0,0,0
250093,1,1,26,26,26,26,26,26,26,26,26,26
250094,1,1,0,0,0,0,0,0,0,0,0,0
250094,2,1,0,0,0,0,0,0,0,0,0,0
250095,1,1,0,0,0,0,0,0,0,0,0,11
250095,2,1,0,0,0,0,0,0,0,0,0,0
250096,1,1,0,0,0,0,0,0,0,0,0,7
250097,1,1,0,0,0,0,0,0,0,0,0,0
250097,2,1,0,0,0,0,0,0,0,0,0,0
250098,0,1,0,0,0,0,0,0,0,0,0,0
250098,1,1,0,0,0,0,0,0,0,0,0,0
250099,0,1,16,16,16,16,16,16,16,16,16,16
250099,1,1,0,0,0,0,0,0,0,0,7,0
250100,1,1,0,0,0,7,0,0,0,0,0,0
250100,2,1,0,0,0,0,0,0,0,0,0,0
250101,1,1,6,0,0,0,24,0,0,8,0,8
250101,2,1,0,0,0,0,0,0,0,0,0,0
250102,1,1,22,0,0,0,0,0,0,17,21,6
250103,1,1,0,0,0,0,0,0,0,0,0,0
250103,2,1,9,9,9,9,9,9,9,9,9,9
250104,1,1,0,0,0,0,0,0,0,0,0,0
250104,2,1,0,0,0,0,0,0,0,0,0,0
250104,3,1,0,0,0,0,0,0,0,0,0,0
250105,1,1,0,0,0,0,0,0,0,0,0,0
250106,1,1,0,0,0,0,0,0,0,0,0,0
250107,1,1,0,0,0,0,0,0,0,0,0,0
250108,1,1,0,0,0,0,0,0,0,0,0,0
250108,2,1,0,0,0,0,0,0,0,0,0,0
250109,1,1,0,0,0,0,0,0,0,0,0,0
250110,1,1,5,5,5,5,5,5,5,5,5,5
250111,1,1,0,0,0,0,0,0,0,0,0,0
250112,1,1,0,0,0,0,0,0,0,5,0,0
250112,2,1,0,0,0,0,0,0,0,0,0,0
250112,3,1,0,0,0,0,0,0,0,0,0,0
250113,1,1,0,0,0,0,0,0,0,0,0,0
250114,1,1,23,23,23,23,23,23,23,23,23,23
250114,2,1,0,17,0,0,0,27,0,0,0,0
250115,0,1,25,25,25,25,25,25,25,25,25,25
250116,1,1,20,20,20,20,20,20,20,20,20,20
250116,2,1,0,0,0,0,0,0,0,0,0,0
250117,1,1,0,0,0,0,0,0,0,0,0,0
250118,1,1,0,28,0,0,0,19,17,11,0,6
250118,2,1,0,0,0,0,0,0,0,0,0,0
250118,3,1,0,0,0,0,14,0,0,0,0,0
250119,0,1,15,15,15,15,15,15,15,15,15,15
250119,0,2,0,17,18,0,10,0,0,0,55,30
250119,0,3,0,19,0,13,0,0,8,0,0,0
250119,2,1,28,0,15,0,15,0,0,0,0,11
250120,1,1,0,0,0,0,0,0,0,0,0,0
250121,1,1,11,11,11,11,11,11,11,11,11,11
250122,1,1,0,0,0,0,0,0,0,0,0,0
250123,1,1,0,0,0,0,0,0,0,0,0,0
250124,1,1,13,13,13,13,13,13,13,13,13,13
250124,2,1,17,17,17,17,17,17,17,17,17,17
250125,1,1,0,0,0,0,0,0,0,0,0,0
250126,0,1,0,0,0,0,0,0,0,0,0,0
250126,1,1,0,0,0,9,0,0,0,0,0,0
250127,1,1,22,22,22,22,22,22,22,22,22,22
250128,1,1,18,18,18,18,18,18,18,18,18,18
250129,1,1,7,7,7,7,7,7,7,7,7,7
250129,2,1,0,0,40,0,0,0,0,0,0,0
250130,0,1,0,0,0,0,0,0,0,0,0,0
250130,1,1,0,0,0,0,0,0,0,0,0,0
250131,1,1,23,23,23,23,23,23,23,23,23,23
250132,1,1,0,0,0,0,0,0,0,0,0,0
250132,2,1,0,0,0,0,0,0,0,0,0,0
250133,1,1,0,0,0,8,0,0,0,0,0,20
250133,2,1,0,0,0,0,0,0,0,0,0,0
250134,1,1,17,17,17,17,17,17,17,17,17,17
250135,0,1,0,0,0,0,0,0,0,0,0,0
250136,1,1,19,11,0,0,10,11,0,17,4,18
250137,1,1,0,0,0,0,0,0,0,0,0,0
250138,1,1,14,14,14,14,14,14,14,14,14,14
250139,1,1,0,0,0,0,0,0,0,0,0,0
250139,2,1,0,0,0,0,0,0,0,0,0,0
250140,1,1,0,0,0,0,0,0,0,0,0,0
250141,1,1,6,20,12,17,0,11,8,21,55,41
250142,1,1,12,12,12,12,12,12,12,12,12,12
250142,2,1,0,0,0,0,0,0,0,0,0,0
250143,1,1,0,0,0,0,0,0,0,0,0,0
250143,2,1,0,0,0,0,0,0,0,0,0,0
250144,1,1,23,23,23,23,23,23,23,23,23,23
250145,0,1,0,0,0,0,0,0,0,0,0,0
250145,1,1,0,0,0,0,4,0,13,0,0,0
250146,1,1,11,11,11,11,11,11,11,11,11,11
250147,1,1,0,0,0,0,0,0,0,0,0,0
250147,2,1,0,0,23,0,0,14,0,0,0,0
250148,1,1,0,0,0,0,14,0,0,0,0,0
250148,2,1,0,0,0,0,0,0,0,0,0,0
250149,1,1,0,14,41,0,0,0,0,0,0,0
250149,2,1,0,0,0,0,0,0,0,0,0,0
250150,1,1,0,0,0,0,0,0,0,0,0,0
250151,1,1,9,0,0,0,0,6,5,0,0,10
250151,2,1,22,22,22,22,22,22,22,22,22,22
250153,1,1,6,3,0,0,0,8,0,0,0,22
250153,2,1,0,0,0,0,0,0,0,0,0,0
250154,0,1,15,15,15,15,15,15,15,15,15,15
250154,1,1,0,0,0,14,0,0,0,0,15,0
250155,1,1,0,0,0,0,0,0,0,0,0,0
250155,2,1,0,0,0,0,0,0,0,0,0,6
250156,1,1,0,0,0,0,0,0,0,0,0,0
250157,0,1,0,0,0,0,0,0,0,0,0,0
250157,1,1,0,0,0,0,0,0,21,0,0,0
250158,1,1,12,12,12,12,12,12,12,12,12,12
250159,1,1,16,0,0,13,0,0,0,0,0,7
250160,0,1,0,0,0,0,0,0,0,0,0,0
250160,1,1,0,0,0,0,0,0,0,0,0,0
250161,1,1,0,0,0,0,0,0,0,0,0,0
250162,1,1,27,27,27,27,27,27,27,27,27,27
250162,2,1,25,0,0,0,0,0,0,0,0,0
250163,0,1,32,0,0,0,0,0,0,0,16,0
250163,1,1,0,0,0,0,0,0,0,0,0,0
250164,1,1,16,0,0,17,0,0,0,0,0,2
250164,2,1,10,0,0,0,11,27,0,0,0,0
250165,1,1,0,0,0,0,0,0,0,0,0,0
250165,2,1,0,0,0,0,0,0,0,0,0,0
250166,1,1,12,12,12,12,12,12,12,12,12,12
250167,1,1,0,18,0,0,0,0,0,0,0,0
250167,2,1,0,0,0,0,0,0,0,0,0,0
250168,1,1,0,0,0,0,0,0,0,0,0,0
250169,1,1,0,0,0,0,0,0,0,0,0,0
250169,2,1,0,0,0,0,0,0,0,0,0,0
250169,3,1,0,0,0,0,0,0,0,0,0,0
250170,0,1,0,0,0,0,0,0,0,0,0,0
250170,0,2,32,0,0,11,0,15,0,0,0,0
250170,1,1,0,8,0,0,0,0,0,0,0,0
250170,3,1,0,0,0,0,0,25,0,0,0,0
250171,1,1,0,0,0,0,0,0,0,0,0,0
250172,0,1,0,42,0,0,0,0,0,0,20,0
250172,1,1,0,0,0,0,8,0,0,0,0,0
250173,1,1,0,0,13,24,0,0,0,0,0,0
250174,1,1,13,13,13,13,13,13,13,13,13,13
250175,1,1,0,0,0,0,0,0,0,0,22,0
250175,2,1,0,0,0,0,0,0,0,0,0,0
250176,1,1,0,0,0,0,6,0,0,0,0,0
250176,2,1,0,13,0,0,0,0,16,38,27,0
250177,1,1,0,0,0,0,0,0,0,0,0,0
250177,2,1,0,0,0,0,0,0,0,0,0,0
250178,1,1,0,0,0,0,0,0,0,0,0,0
250178,2,1,0,0,0,0,0,0,0,0,0,0
250178,3,1,0,0,0,0,0,0,0,10,2,0
250179,1,1,0,0,0,0,0,0,0,0,0,0
250180,1,1,0,0,17,0,0,0,0,0,0,0
250180,2,1,0,0,0,0,0,0,0,0,0,0
250181,0,1,0,0,0,0,0,0,0,0,0,0
250181,1,1,11,27,0,8,16,0,0,0,0,0
250182,1,1,0,20,39,20,12,19,20,10,12,12
250183,0,1,40,40,40,40,40,40,40,40,40,40
250183,1,1,0,10,9,0,0,0,10,0,33,0
250184,0,1,17,17,17,17,17,17,17,17,17,17
250184,1,1,0,0,0,0,0,0,0,0,0,27
250185,1,1,23,23,23,23,23,23,23,23,23,23
250186,1,1,21,21,21,21,21,21,21,21,21,21
250187,1,1,20,20,20,20,20,20,20,20,20,20
250188,1,1,0,0,0,0,0,0,0,0,0,0
250188,2,1,0,0,0,0,0,0,0,0,0,0
250189,0,1,0,0,0,0,0,0,0,0,0,0
250189,1,1,0,0,0,0,0,0,0,0,0,0
250190,1,1,0,0,0,0,0,0,0,0,0,0
250190,2,1,0,0,0,0,0,0,0,0,0,17
250191,1,1,0,0,0,0,0,0,0,0,0,0
250191,2,1,0,0,0,0,0,0,0,0,0,0
250192,1,1,0,0,17,0,0,0,0,0,7,0
250192,2,1,3,0,21,0,14,21,23,0,0,0
250193,1,1,0,0,0,0,0,0,18,24,0,0
250193,2,1,0,0,0,0,0,0,0,0,0,0
250194,1,1,0,0,0,0,0,0,0,0,0,0
250194,2,1,33,33,33,33,33,33,33,33,33,33
250195,0,1,3,3,3,3,3,3,3,3,3,3
250195,1,1,0,12,8,24,0,21,0,0,14,0
250196,1,1,23,23,23,23,23,23,23,23,23,23
250197,0,1,0,0,0,0,0,0,0,0,0,0
250197,1,1,0,0,0,0,0,0,0,0,0,0
250198,1,1,0,0,0,0,0,0,0,0,0,0
250198,2,1,0,0,0,0,0,0,0,0,0,0
250200,0,1,24,24,24,24,24,24,24,24,24,24
250200,1,1,0,12,0,0,0,0,0,24,0,16
250201,1,1,27,27,27,27,27,27,27,27,27,27
250202,1,1,0,0,0,0,0,0,0,0,0,0
250202,2,1,0,0,0,0,0,0,0,0,0,0
250202,3,1,0,0,0,0,0,0,0,0,0,0
250203,1,1,32,32,32,32,32,32,32,32,32,32
250203,2,1,0,0,0,0,0,0,0,0,0,0
250203,3,1,0,0,0,0,0,0,0,0,0,0
250203,4,1,0,18,0,0,0,0,0,0,0,0
250204,1,1,18,18,18,18,18,18,18,18,18,18
250204,2,1,0,0,0,0,0,0,0,0,0,0
250204,3,1,0,0,0,0,0,31,0,0,0,0
250205,1,1,0,0,0,0,0,0,0,0,0,0
250205,2,1,0,0,0,0,0,13,0,0,35,0
250205,3,1,0,0,0,0,0,0,0,0,0,0
250205,4,1,0,0,0,7,0,0,0,0,0,0
250206,1,1,0,0,0,0,0,0,0,0,0,0
250206,2,1,8,8,8,8,8,8,8,8,8,8
250207,0,1,0,0,0,0,0,0,0,0,0,0
250207,0,2,0,0,20,0,10,36,25,0,0,17
250207,1,1,21,9,15,18,9,18,36,11,17,23
250208,1,1,0,0,0,0,0,0,0,0,0,0
250208,2,1,0,0,0,0,12,19,11,0,0,0
250210,1,1,19,19,19,19,19,19,19,19,19,19
250211,1,1,4,4,4,4,4,4,4,4,4,4
250212,1,1,27,27,27,27,27,27,27,27,27,27
250213,1,1,14,14,14,14,14,14,14,14,14,14
250214,1,1,12,12,12,12,12,12,12,12,12,12
250215,1,1,0,0,0,0,0,0,0,0,0,0
250216,1,1,20,20,20,20,20,20,20,20,20,20
250216,2,1,0,0,18,0,30,0,22,0,16,0
250217,1,1,35,21,25,22,15,22,0,0,15,22
250218,0,1,0,0,0,0,0,0,0,0,0,0
250218,1,1,0,0,0,0,0,0,0,0,0,0
250219,0,1,0,0,0,0,0,0,0,0,0,0
250219,0,2,0,0,0,30,22,0,0,0,0,0
250219,1,1,0,0,0,0,0,0,0,0,0,0
250220,1,1,19,0,0,0,0,0,0,0,0,0
250220,2,1,0,0,0,0,0,0,0,0,0,0
250221,1,1,0,0,0,0,0,0,0,0,0,0
250222,1,1,0,0,0,0,0,0,0,0,0,0
250223,0,1,24,24,24,24,24,24,24,24,24,24
250223,1,1,6,18,0,24,0,6,11,0,0,0
250224,1,1,0,0,0,0,0,0,0,0,0,0
250224,2,1,0,0,0,0,0,0,0,0,0,0
250225,0,1,0,47,0,12,0,0,13,20,0,21
250225,0,2,2,2,2,2,2,2,2,2,2,2
250225,1,1,0,0,0,0,0,0,0,0,0,0
250227,1,1,0,0,0,0,0,0,0,0,0,0
250228,0,1,0,0,0,0,0,0,0,0,0,0
250228,1,1,0,0,0,0,0,0,0,0,0,0
250229,1,1,0,0,0,0,0,0,0,0,0,0
250229,2,2,0,0,0,0,0,0,0,0,0,0
250230,1,1,0,0,0,0,0,0,0,0,0,0
250230,2,1,0,0,0,0,0,0,0,0,0,0
250231,1,1,17,17,17,17,17,17,17,17,17,17
250232,1,1,0,0,0,0,0,0,12,0,0,0
250232,2,1,0,0,0,0,0,0,0,0,0,0
250233,1,1,0,0,0,0,0,0,0,0,0,0
250234,0,1,0,0,0,0,0,0,0,0,0,0
250234,1,1,0,0,0,0,0,0,25,16,0,0
250235,1,1,0,0,0,0,0,0,0,0,0,0
250236,1,1,10,10,10,10,10,10,10,10,10,10
250237,0,1,4,4,4,4,4,4,4,4,4,4
250237,1,1,0,0,0,0,0,0,13,0,0,0
250238,1,1,0,0,0,0,0,0,0,0,0,0
250239,0,1,0,0,0,0,0,0,0,0,0,0
250239,1,1,0,0,0,0,0,0,0,13,0,0
250240,1,1,0,26,15,0,0,0,0,15,0,0
250241,0,1,0,0,0,0,0,0,0,0,0,0
250243,1,1,0,0,0,0,0,0,0,0,12,15
250243,2,1,0,0,0,0,0,0,0,0,0,0
250244,0,1,0,0,0,0,0,0,0,0,0,0
250244,1,1,21,0,0,0,0,31,30,0,0,0
250245,0,1,0,0,0,0,0,0,0,0,0,0
250245,1,1,0,0,8,0,0,0,24,0,0,0
250246,1,1,0,0,0,0,0,0,0,0,0,0
250247,1,1,0,0,0,0,0,0,0,0,0,0
250247,2,1,6,6,6,6,6,6,6,6,6,6
250249,1,1,1,1,1,1,1,1,1,1,1,1
250250,0,1,0,0,21,16,0,0,0,0,34,0
250250,1,1,0,0,0,0,0,0,0,0,0,0
250251,0,1,0,20,0,0,0,32,0,0,0,17
250251,1,1,0,0,0,0,0,21,0,0,0,0
250252,0,1,0,0,0,0,0,0,0,0,0,0
250252,1,1,13,16,0,0,0,0,0,0,0,33
250253,1,1,7,7,7,7,7,7,7,7,7,7
250254,1,1,0,0,0,0,0,0,0,0,0,0
250255,1,1,14,26,16,12,17,13,0,8,21,18
250256,1,1,0,0,0,0,0,0,0,0,0,0
250256,2,1,0,0,0,0,0,0,0,0,0,0
250257,1,1,37,37,37,37,37,37,37,37,37,37
250258,1,1,20,20,20,20,20,20,20,20,20,20
250259,1,1,0,0,0,0,0,0,0,0,0,0
250259,2,1,0,0,0,0,0,0,0,0,0,0
250260,0,1,34,34,34,34,34,34,34,34,34,34
250260,1,1,0,0,0,0,0,0,5,0,0,0
250261,0,1,13,13,13,13,13,13,13,13,13,13
250261,1,1,0,0,0,0,0,0,0,0,0,0
250262,0,1,0,0,0,0,0,0,0,0,0,0
250262,1,1,0,11,0,0,0,0,0,0,0,0
250263,1,1,0,0,0,0,0,0,0,0,0,0
250263,2,1,0,10,0,7,0,0,0,0,0,0
250264,1,1,28,2,6,10,21,13,36,25,38,7
250265,0,1,0,0,0,0,0,21,0,40,0,0
250265,1,1,0,0,0,11,0,0,0,0,0,0
250266,1,1,6,0,0,0,0,0,0,0,0,0
250266,2,1,0,0,0,0,0,0,0,0,0,0
250267,1,1,1,1,1,1,1,1,1,1,1,1
250268,1,1,0,0,0,0,0,0,0,0,0,0
250269,1,1,25,25,25,25,25,25,25,25,25,25
250270,0,1,17,17,17,17,17,17,17,17,17,17
250270,1,1,0,0,0,0,0,0,0,0,0,0
250271,1,1,0,0,0,0,0,0,0,0,0,0
250271,2,1,0,0,0,0,0,0,0,0,0,0
250272,1,1,0,0,0,0,0,0,0,0,0,0
250273,1,1,0,0,0,0,0,0,0,0,0,0
250274,1,1,0,22,0,0,0,17,28,0,0,0