ST_CASE,VEH_NO,PER_NO,P1,P2,P3,P4,P5,P6,P7,P8,P9,P10
270211,2,1,0,0,0,0,0,0,0,0,0,0
270212,1,1,0,0,0,0,0,0,0,0,0,0
270213,1,1,28,28,28,28,28,28,28,28,28,28
270214,1,1,0,0,0,0,0,0,0,0,0,0
270214,2,1,0,0,0,0,0,0,0,0,0,0
270215,1,1,4,4,4,4,4,4,4,4,4,4
270216,1,1,0,0,0,0,0,0,0,0,0,0
270217,1,1,0,0,0,0,0,0,0,0,0,0
270218,1,1,8,8,8,8,8,8,8,8,8,8
270219,1,1,0,0,0,0,0,0,0,0,18,0
270219,2,1,0,0,0,0,0,0,0,0,0,0
270220,1,1,21,21,21,21,21,21,21,21,21,21
270221,1,1,0,0,0,0,0,0,0,0,0,0
270221,2,1,0,0,0,0,0,0,0,0,0,0
270222,1,1,0,0,0,0,0,0,0,0,0,0
270222,2,1,0,0,0,0,0,0,0,0,0,0
270223,1,1,0,0,0,0,0,0,0,0,0,0
270224,1,1,0,0,0,0,0,0,0,0,0,0
270225,1,1,22,22,22,22,22,22,22,22,22,22
270226,1,1,0,0,0,0,0,0,0,0,0,0
270226,2,1,0,0,0,0,0,0,0,0,0,0
270227,1,1,0,0,0,0,0,0,0,0,0,0
270227,2,1,0,0,0,0,0,0,0,0,0,0
270228,1,1,0,0,0,0,0,0,0,0,0,0
270228,2,1,0,0,0,0,0,0,0,0,0,0
270229,1,1,0,0,0,0,0,0,0,0,0,0
270229,2,1,0,0,0,12,0,0,0,0,0,0
270230,1,1,0,0,0,0,0,0,0,0,0,0
270231,1,1,0,0,0,0,0,0,0,0,0,0
270231,2,1,0,0,0,0,0,0,0,0,0,0
270232,1,1,23,23,23,23,23,23,23,23,23,23
270233,0,1,0,0,0,0,0,0,0,0,0,0
270233,1,1,0,0,0,0,0,0,0,0,0,0
270234,1,1,22,22,22,22,22,22,22,22,22,22
270234,2,1,0,0,0,0,0,0,0,0,0,0
270235,0,1,0,0,0,0,0,0,0,0,0,0
270235,1,1,0,0,0,0,0,0,0,0,0,0
270236,1,1,2,2,2,2,2,2,2,2,2,2
270237,1,1,0,0,0,0,0,0,0,0,0,0
270238,1,1,0,0,0,0,0,0,0,0,0,0
270238,2,1,0,0,0,0,0,0,23,0,0,0
270239,1,1,22,22,22,22,22,22,22,22,22,22
270240,1,1,0,0,0,0,0,0,0,0,0,0
270241,1,1,0,0,0,0,0,0,0,0,0,0
270242,0,1,6,6,6,6,6,6,6,6,6,6
270242,1,1,0,0,0,0,0,4,0,0,0,0
270243,0,1,0,0,0,0,0,0,0,0,0,0
270243,1,1,0,0,0,0,0,0,0,0,0,0
270244,1,1,0,0,0,0,0,0,0,0,0,0
270244,2,1,0,0,0,0,0,0,0,0,0,0
270244,3,1,0,0,0,0,0,0,0,0,0,0
270246,0,1,0,0,0,0,0,0,0,0,0,0
270246,1,1,0,0,0,0,0,0,0,0,0,0
270247,1,1,0,0,0,0,0,0,0,0,0,0
270247,2,1,0,0,0,0,0,0,0,0,0,23
270248,1,1,13,13,13,13,13,13,13,13,13,13
270249,1,1,0,0,0,0,0,0,0,0,0,0
270250,0,1,27,27,27,27,27,27,27,27,27,27
270250,1,1,0,0,0,0,0,0,25,0,0,0
270250,2,1,0,0,0,0,0,0,21,0,0,0
270251,1,1,0,0,0,0,0,0,0,0,0,0
270251,2,1,0,0,0,0,0,0,0,0,0,0
270252,1,1,0,0,0,0,0,0,0,0,0,0
270252,2,1,0,0,0,0,0,0,0,0,0,0
270253,1,1,0,0,0,0,0,0,0,0,0,0
270253,2,1,0,0,0,0,0,0,0,0,0,0
270254,1,1,0,0,0,0,0,0,0,0,0,0
270254,2,1,0,0,0,0,0,0,0,0,0,0
270254,3,1,0,0,0,0,0,0,0,0,20,0
270254,4,1,0,0,0,0,0,0,0,0,0,0
270255,1,1,27,27,27,27,27,27,27,27,27,27
270256,0,1,0,0,0,0,0,0,0,0,0,0
270256,1,1,0,0,0,0,0,0,0,0,0,0
270257,1,1,0,0,0,0,0,0,0,0,0,0
270257,2,1,0,0,0,0,0,0,0,0,0,0
270258,1,1,0,0,0,0,0,0,0,0,0,0
270258,2,1,0,0,0,0,0,0,0,0,0,0
270259,0,1,31,31,31,31,31,31,31,31,31,31
270259,1,1,0,0,0,0,0,0,0,0,0,31
270260,1,1,0,0,0,0,30,0,0,0,9,0
270261,0,1,13,13,13,13,13,13,13,13,13,13
270261,1,1,0,0,0,0,0,0,0,0,0,0
270262,0,1,30,30,30,30,30,30,30,30,30,30
270262,1,1,0,23,0,0,0,0,0,0,0,0
270263,1,1,0,0,0,0,0,0,0,0,0,0
270263,2,1,0,0,0,0,0,0,0,0,0,0
270264,1,1,0,0,0,0,0,0,0,0,0,0
270264,2,1,0,0,0,0,0,0,0,0,0,0
270264,3,1,0,0,0,0,0,0,0,0,0,0
270264,4,1,0,0,0,0,0,0,0,0,0,0
270265,1,1,0,0,0,0,0,11,0,0,0,0
270265,2,1,0,0,0,0,0,0,0,0,0,0
270265,3,1,0,0,0,0,0,0,0,0,0,0
270265,4,1,0,0,0,0,0,0,0,0,0,0
270266,1,1,13,13,13,13,13,13,13,13,13,13
270266,2,1,0,0,0,0,0,12,0,0,0,0
270267,1,1,0,0,0,0,0,0,0,0,0,0
270267,3,1,0,0,0,0,0,0,0,0,0,0
270268,0,1,0,0,0,0,0,0,0,0,0,0
270268,1,1,0,0,0,0,26,0,0,0,0,0
270269,1,1,12,12,12,12,12,12,12,12,12,12
270270,1,1,0,0,0,0,0,0,0,0,0,0
270271,1,1,0,0,0,0,0,0,0,0,0,0
270272,1,1,27,27,27,27,27,27,27,27,27,27
270273,1,1,0,0,8,33,0,0,12,0,0,0
270274,1,1,0,0,0,0,0,0,0,0,0,0
270275,1,1,11,11,11,11,11,11,11,11,11,11
270276,0,1,0,0,0,0,0,0,0,0,0,0
270276,1,1,0,0,0,0,0,0,0,0,0,0
270277,1,1,0,0,0,0,0,0,0,0,0,0
270277,2,1,0,0,0,0,0,0,0,0,0,0
270278,1,1,12,0,0,0,0,0,0,14,0,0
270279,1,1,0,0,0,0,0,0,0,0,0,0
270279,2,1,0,0,0,0,0,0,0,0,0,0
270280,1,1,0,0,0,0,0,0,0,0,0,0
270280,2,1,0,0,0,0,0,0,0,0,0,0
270281,1,1,0,0,0,0,0,0,0,0,0,0
270282,1,1,0,0,0,0,0,0,0,0,0,0
270283,0,1,0,0,0,0,0,0,0,0,0,0
270283,1,1,0,0,0,0,0,0,0,0,0,0
270284,1,1,0,0,0,0,0,0,0,0,0,0
270284,2,1,0,0,0,0,0,0,0,0,0,0
270285,1,1,24,24,24,24,24,24,24,24,24,24
270285,2,1,0,0,0,0,0,0,0,0,0,0
270286,1,1,13,13,13,13,13,13,13,13,13,13
270286,2,1,0,0,0,0,0,0,0,0,0,0
270287,0,1,0,0,0,0,0,0,0,22,0,0
270287,1,1,0,0,0,25,23,0,0,0,0,0
270288,0,1,0,0,0,0,0,0,0,0,0,0
270288,1,1,0,0,0,0,0,0,0,0,0,0
270289,0,1,22,22,22,22,22,22,22,22,22,22
270289,1,1,1,1,1,1,1,1,1,1,1,1
270290,1,1,0,0,0,0,0,0,0,0,0,0
270290,2,1,0,0,0,0,0,0,0,0,0,0
270291,1,1,0,0,0,0,0,0,0,0,0,0
270291,2,1,0,0,0,0,0,0,0,0,10,0
270292,1,1,0,0,0,0,0,0,0,0,0,0
270292,2,1,0,0,0,0,0,0,9,0,0,0
270293,1,1,0,0,0,0,0,0,0,0,0,0
270293,2,1,0,0,0,0,0,0,0,0,0,10
270293,3,1,27,27,27,27,27,27,27,27,27,27
270294,1,1,0,0,0,0,0,0,0,0,0,0
270295,0,1,21,21,21,21,21,21,21,21,21,21
270295,1,1,3,3,3,3,3,3,3,3,3,3
270296,1,1,0,0,0,0,0,0,0,0,0,0
270296,2,1,0,0,0,0,0,0,0,0,0,0
270297,0,1,0,0,0,0,0,0,0,0,0,0
270297,1,1,0,0,0,0,0,0,0,0,0,0
270298,1,1,0,0,0,0,0,0,0,0,0,0
270299,1,1,0,0,0,0,0,0,0,0,0,0
270299,2,1,0,0,0,0,0,0,0,0,0,0
270300,1,1,16,16,16,16,16,16,16,16,16,16
270301,1,1,17,17,17,17,17,17,17,17,17,17
270302,0,1,0,25,0,0,0,8,0,0,0,0
270302,0,2,0,0,0,0,0,0,40,0,0,22
270302,1,1,1,1,1,1,1,1,1,1,1,1
270303,0,1,0,0,0,0,0,0,0,0,0,0
270303,0,2,0,0,0,0,0,0,0,40,0,0
270303,1,1,0,0,0,0,0,0,0,0,0,0
270304,1,1,20,20,20,20,20,20,20,20,20,20
270305,1,1,0,0,0,0,0,0,0,0,0,0
270306,0,1,0,0,0,0,0,11,0,40,0,0
270306,1,1,0,0,0,24,0,0,0,0,16,0
270307,1,1,0,0,0,0,0,0,0,0,0,0
270308,1,1,0,0,0,0,0,0,0,0,0,0
270310,0,1,0,0,0,0,0,0,0,0,0,0
270310,1,1,0,0,0,0,0,0,0,0,0,0
270311,1,1,0,0,0,0,0,0,0,0,0,0
270311,2,1,16,16,16,16,16,16,16,16,16,16
270312,0,1,31,31,31,31,31,31,31,31,31,31
270312,1,1,0,0,0,0,0,0,0,0,0,0
270313,1,1,0,0,0,0,0,0,0,0,0,0
270313,2,1,0,0,0,0,0,0,0,0,0,0
270314,2,1,18,18,18,18,18,18,18,18,18,18
270315,1,1,0,0,0,0,0,0,0,0,0,0
270315,2,1,0,0,0,0,0,0,0,0,0,0
270316,0,1,0,0,0,0,0,0,0,0,0,0
270316,1,1,0,0,0,0,0,0,0,0,0,0
270317,1,1,0,0,0,0,0,0,0,0,0,0
270317,2,1,0,0,0,0,0,0,0,0,0,0
270318,1,1,3,3,3,3,3,3,3,3,3,3
270318,2,1,0,0,0,0,0,0,0,0,0,0
270318,3,1,0,0,0,0,0,0,0,0,0,0
270318,4,1,0,0,0,0,0,0,0,0,18,0
270319,0,1,21,21,21,21,21,21,21,21,21,21
270319,1,1,12,12,12,12,12,12,12,12,12,12
270320,1,1,0,0,0,0,0,0,0,0,0,0
270321,0,1,17,17,17,17,17,17,17,17,17,17
270321,1,1,0,0,0,0,0,0,0,0,8,0
270322,1,1,0,0,0,0,0,0,0,0,0,0
270322,2,1,0,0,0,0,0,0,0,0,0,0
270323,0,1,0,0,0,0,0,0,0,0,0,0
270323,1,1,11,11,11,11,11,11,11,11,11,11
270324,1,1,20,20,20,20,20,20,20,20,20,20
270325,1,1,0,0,0,0,0,0,0,0,0,0
270326,1,1,0,0,0,0,0,0,0,0,0,0
270326,2,1,0,0,0,0,0,0,0,0,0,0
270327,1,1,26,26,26,26,26,26,26,26,26,26
270328,1,1,0,0,0,0,0,0,0,0,0,0
270328,2,1,0,0,0,0,0,0,0,0,0,0
270329,1,1,9,0,0,8,0,0,0,0,0,0
270329,2,1,0,0,0,0,0,0,0,0,0,0
270330,1,1,0,0,0,0,0,0,0,0,0,0
270331,1,1,26,9,16,11,20,17,11,20,15,0
270331,2,1,0,0,0,0,0,0,0,0,0,0
270332,0,1,0,0,0,0,0,0,29,0,0,0
270332,1,1,0,0,0,0,0,0,0,0,0,0
270333,1,1,0,0,0,0,0,0,0,0,0,0
270334,1,1,0,0,0,0,0,0,0,0,0,0
270335,0,1,0,0,0,0,0,0,0,0,0,0
270335,1,1,0,0,0,0,0,0,0,0,0,0
270336,1,1,0,0,0,0,0,0,6,0,0,0
270336,2,1,0,0,0,0,0,0,0,0,0,0
270337,1,1,27,27,27,27,27,27,27,27,27,27
270338,1,1,0,0,0,0,0,0,0,0,0,0
270339,0,1,0,0,0,0,0,0,0,0,0,0
270339,1,1,0,0,0,0,0,0,0,0,0,0
270340,1,1,0,0,0,0,0,0,0,0,0,0
270340,2,1,0,0,0,0,0,0,0,0,0,0
270341,1,1,0,0,0,0,0,0,0,0,0,0
270341,2,1,0,0,0,0,0,0,0,0,0,0
270342,1,1,30,32,8,19,0,24,0,25,18,14
270342,2,1,0,0,0,0,0,0,0,0,0,0
280001,1,1,29,29,29,29,29,29,29,29,29,29
280002,1,1,0,0,0,0,0,0,0,0,0,0
280003,1,1,7,7,7,7,7,7,7,7,7,7
280004,1,1,0,0,0,0,0,0,0,0,0,0
280005,1,1,0,0,0,0,0,0,0,0,0,0
280005,2,1,0,0,0,0,0,0,0,0,0,0
280006,1,1,0,0,0,0,0,0,0,0,0,0
280006,2,1,0,0,0,0,0,0,0,0,0,0
280007,1,1,32,32,32,32,32,32,32,32,32,32
280007,2,1,0,0,0,0,0,0,0,0,0,0
280008,1,1,0,0,0,0,0,0,0,0,0,0
280008,2,1,0,0,0,0,0,0,0,0,0,0
280009,1,1,0,0,0,0,0,0,21,0,0,0
280010,1,1,24,0,0,0,0,0,0,16,0,0
280011,1,1,0,0,0,0,0,0,0,0,0,0
280012,1,1,0,0,11,21,0,38,4,0,0,9
280013,0,1,0,0,0,0,0,0,0,0,0,0
280013,1,1,0,0,0,0,0,0,0,0,0,0
280014,1,1,0,0,0,0,0,0,0,0,0,0
280015,1,1,0,0,0,0,0,0,0,0,0,0
280015,2,1,0,0,0,0,0,0,0,0,0,0
280016,1,1,14,14,14,14,14,14,14,14,14,14
280017,1,1,0,0,0,0,0,0,0,0,0,0
280017,2,1,0,0,0,0,0,0,0,0,0,0
280018,1,1,0,0,0,0,0,0,0,0,0,0
280019,1,1,0,10,0,0,0,0,11,0,0,0
280020,0,1,0,11,19,0,30,12,0,33,16,27
280020,1,1,0,0,0,0,0,0,0,0,0,0
280021,1,1,0,0,0,0,0,0,0,0,0,0
280021,2,1,0,0,0,0,0,0,0,0,0,0
280022,1,1,0,24,0,16,0,0,18,0,0,0
280023,1,1,12,0,0,0,0,0,26,0,0,0
280024,1,1,15,8,0,6,0,0,0,0,0,0
280024,2,1,7,0,0,20,0,25,17,0,0,0
280025,1,1,0,0,0,0,0,0,0,0,0,0
280025,2,1,0,0,0,0,0,0,0,0,0,0
280026,1,1,0,0,0,0,0,0,0,0,0,0
280026,2,1,0,0,0,0,16,0,0,17,0,0
280027,1,1,0,0,0,0,0,0,0,0,0,0
280027,2,1,0,0,33,0,0,4,0,0,0,0
280028,1,1,26,26,26,26,26,26,26,26,26,26
280028,2,1,0,0,0,0,0,0,0,0,0,0
280029,1,1,0,0,0,0,0,0,9,0,0,0
280030,1,1,30,26,0,6,11,9,5,16,8,7
280030,2,1,29,29,29,29,29,29,29,29,29,29
280031,1,1,0,0,0,0,0,0,0,0,0,0
280032,0,1,0,14,0,0,0,0,0,0,0,0
280032,1,1,21,0,0,0,0,0,0,0,0,0
280033,0,1,0,0,0,0,0,0,0,0,0,0
280033,1,1,0,0,0,11,0,0,0,16,0,0
280034,1,1,0,0,11,8,0,0,0,9,0,0
280035,1,1,0,0,0,0,0,0,0,0,0,0
280035,2,1,0,0,0,0,0,0,0,0,0,0
280036,1,1,0,29,0,0,0,0,0,0,0,0
280037,1,1,0,0,0,13,25,19,0,0,0,0
280038,0,1,0,0,0,0,0,0,0,0,0,0
280038,1,1,0,0,0,0,23,0,0,0,0,0
280039,1,1,0,0,0,0,0,0,0,0,0,0
280039,2,1,12,12,12,12,12,12,12,12,12,12
280040,1,1,0,0,0,0,0,0,0,0,0,0
280041,1,1,0,0,0,0,0,0,0,0,0,0
280041,2,1,0,0,0,0,0,0,22,0,0,0
280041,3,1,0,0,0,0,0,0,0,0,0,0
280042,1,1,33,33,33,33,33,33,33,33,33,33
280043,1,1,0,0,0,0,0,0,0,0,0,0
280043,2,1,0,0,0,0,0,0,0,0,0,0
280044,1,1,0,0,0,0,0,0,0,0,0,0
280044,2,1,0,0,0,0,0,0,0,0,0,0
280045,1,1,0,0,0,0,0,0,0,0,0,0
280045,2,1,0,0,0,0,0,0,0,0,0,0
280046,1,1,21,21,21,21,21,21,21,21,21,21
280047,0,1,33,0,0,5,0,27,27,20,3,30
280047,1,1,0,0,0,15,0,0,0,0,0,0
280048,1,1,0,0,16,0,0,0,0,0,0,0
280048,2,1,0,0,0,0,0,0,0,0,0,0
280048,3,1,0,0,0,0,0,0,0,0,0,0
280049,1,1,0,0,0,0,0,0,0,0,0,0
280049,2,1,0,0,0,0,0,0,0,0,0,0
280050,0,1,3,3,3,3,3,3,3,3,3,3
280050,1,1,0,0,0,0,0,0,0,0,11,0
280051,1,1,0,0,14,0,0,15,0,0,15,0
280052,1,1,0,18,0,0,0,0,0,0,0,0
280052,2,1,0,0,0,0,0,0,0,0,0,0
280053,1,1,0,0,0,0,0,0,0,0,0,0
280053,2,1,0,0,0,0,0,0,0,0,0,0
280054,1,1,9,9,9,9,9,9,9,9,9,9
280054,2,1,20,20,20,20,20,20,20,20,20,20
280056,1,1,0,0,0,0,0,0,0,0,0,0
280056,2,1,13,13,13,13,13,13,13,13,13,13
280057,1,1,0,0,21,0,21,9,0,0,0,0
280058,1,1,0,0,0,0,0,0,0,0,0,0
280058,2,1,0,0,0,0,0,0,0,0,0,0
280059,0,1,0,0,0,0,0,0,0,0,0,0
280059,1,1,15,15,15,15,15,15,15,15,15,15
280060,1,1,0,17,15,11,0,0,0,0,0,0
280061,1,1,34,34,34,34,34,34,34,34,34,34
280062,1,1,0,0,4,0,0,0,0,0,0,0
280062,2,1,7,7,7,7,7,7,7,7,7,7
280063,1,1,0,0,0,0,0,0,0,0,0,0
280063,2,1,0,0,0,0,0,0,0,0,0,0
280064,1,1,24,24,24,24,24,24,24,24,24,24
280065,1,1,18,28,13,0,11,0,18,0,22,0
280066,1,1,29,29,29,29,29,29,29,29,29,29
280067,1,1,20,34,24,0,0,12,0,0,0,0
280068,1,1,0,0,0,0,0,0,0,0,0,9
280069,1,1,16,16,0,17,0,0,22,24,0,0
280070,0,1,0,0,0,0,0,0,0,0,0,0
280070,1,1,0,0,13,0,0,0,0,0,0,0
280071,1,1,0,0,0,0,0,0,0,0,0,18
280072,1,1,0,0,0,0,0,0,0,0,0,0
280072,2,1,0,0,0,0,0,0,0,0,0,0
280073,1,1,42,11,26,19,22,16,26,0,28,16
280074,1,1,0,0,0,0,0,0,0,0,0,0
280074,2,1,0,0,0,0,0,0,14,0,0,0
280075,1,1,0,0,0,0,0,0,0,0,0,0
280076,0,1,28,28,28,28,28,28,28,28,28,28
280076,1,1,0,0,0,0,0,0,0,0,0,0
280077,1,1,0,0,0,0,0,0,0,0,0,0
280079,1,1,23,0,0,0,13,12,0,14,10,0
280080,1,1,0,0,0,0,0,0,0,0,0,0
280080,2,1,0,0,0,0,0,21,0,0,0,0
280081,1,1,0,0,0,28,0,0,0,23,10,0
280082,1,1,19,7,19,8,14,11,0,16,0,3
280083,0,1,0,0,0,0,0,0,0,0,0,0
280083,1,1,0,0,0,0,0,0,0,0,0,0
280084,1,1,0,0,0,0,0,0,0,0,0,8
280085,1,1,0,17,0,0,0,6,7,16,0,0
280085,2,1,0,13,0,0,0,0,0,0,24,0
280086,1,1,17,0,22,0,0,0,0,16,18,0
280086,2,1,13,0,0,0,0,14,13,16,13,29
280086,3,1,0,0,0,0,0,0,0,0,0,0
280087,1,1,0,15,0,9,17,26,0,0,3,0
280088,1,1,0,0,0,0,0,0,0,0,0,0
280089,1,1,0,0,0,0,0,0,0,0,0,0
280089,2,1,0,0,0,0,0,0,14,0,0,0
280089,3,1,0,0,0,0,0,0,0,0,0,0
280090,1,1,0,0,0,0,0,0,0,0,0,0
280090,2,1,0,0,0,0,0,0,0,0,0,0
280091,1,1,0,0,0,0,0,0,0,0,38,0
280091,2,1,0,0,0,0,0,0,0,0,0,0
280092,1,1,0,0,0,0,0,0,0,0,0,0
280092,2,1,0,0,0,0,0,0,0,0,0,0
280093,1,1,0,0,0,0,0,0,0,0,0,0
280093,2,1,0,0,0,0,0,0,0,0,0,0
280094,1,1,0,3,14,19,19,0,0,11,20,7
280095,1,1,0,0,0,0,0,0,0,0,0,0
280096,1,1,0,0,0,0,0,0,0,0,0,0
280097,1,1,0,16,0,0,0,0,0,0,0,0
280097,2,1,0,0,0,6,0,0,0,0,0,0
280098,1,1,0,15,0,20,0,0,0,17,0,0
280098,2,1,45,8,19,15,13,8,2,4,19,0
280099,0,1,0,0,0,0,0,0,0,0,0,0
280099,1,1,0,0,0,0,0,0,0,0,0,0
280100,1,1,24,24,24,24,24,24,24,24,24,24
280101,1,1,11,11,11,11,11,11,11,11,11,11
280102,1,1,8,8,8,8,8,8,8,8,8,8
280102,2,1,0,0,0,0,0,0,0,0,0,0
280103,1,1,24,24,24,24,24,24,24,24,24,24
280104,1,1,11,11,11,11,11,11,11,11,11,11
280105,1,1,25,25,25,25,25,25,25,25,25,25
280105,2,1,0,0,0,0,0,0,0,0,0,0
280106,0,1,0,0,0,0,0,0,0,0,0,0
280106,1,1,0,0,0,0,0,0,0,0,0,0
280107,1,1,0,0,0,0,0,0,0,0,0,0
280107,2,1,0,0,0,0,0,0,0,0,0,0
280108,1,1,0,0,0,0,0,0,0,0,0,0
280109,1,1,0,0,0,0,0,0,0,0,0,0
280110,1,1,0,0,0,0,0,0,0,0,0,0
280111,1,1,0,0,0,0,0,0,0,0,0,0
280112,1,1,0,12,0,21,0,0,0,0,0,0
280113,1,1,23,23,23,23,23,23,23,23,23,23
280114,1,1,0,15,0,0,0,0,7,12,17,22
280115,1,1,0,0,0,0,0,0,0,0,0,0
280115,2,1,0,0,0,0,0,0,0,0,0,0
280116,1,1,0,0,11,7,0,0,0,0,0,0
280116,2,1,0,0,0,0,0,0,0,0,0,0
280117,1,1,0,0,0,0,0,0,0,9,0,0
280117,2,1,0,23,5,23,0,0,0,20,0,0
280118,1,1,0,0,0,0,0,0,0,0,0,0
280118,2,1,0,0,0,0,0,11,0,0,0,0
280119,1,1,0,0,0,20,0,18,15,0,0,0
280120,1,1,0,0,0,0,0,0,0,0,0,0
280121,1,1,0,0,26,0,32,14,3,11,0,0
280121,2,1,14,18,22,29,0,11,22,16,5,4
280122,1,1,0,0,0,0,0,0,0,0,0,0
280123,1,1,26,19,17,24,23,16,7,11,13,0
280124,1,1,0,0,18,10,0,0,18,0,0,0
280126,0,1,2,2,2,2,2,2,2,2,2,2
280126,1,1,0,16,0,0,0,7,0,18,0,18
280127,0,1,0,0,0,0,0,0,0,0,0,0
280127,0,2,0,0,32,0,0,0,0,0,0,0
280127,0,3,0,0,0,0,0,0,0,0,0,0
280127,1,1,0,0,21,0,0,0,0,0,0,0
280128,1,1,0,0,0,0,0,0,0,0,30,0
280129,1,1,15,15,15,15,15,15,15,15,15,15
280129,2,1,0,0,0,0,0,0,0,0,0,0
280129,3,1,0,0,0,0,0,0,0,0,0,0
280130,0,1,23,23,23,23,23,23,23,23,23,23
280130,1,1,0,0,8,19,0,0,0,10,0,3
280131,1,1,5,5,5,5,5,5,5,5,5,5
280132,1,1,13,13,13,13,13,13,13,13,13,13
280133,1,1,0,0,13,0,0,22,0,0,0,10
280134,1,1,6,0,0,0,0,0,0,0,0,0
280134,2,1,11,0,15,6,0,16,10,9,0,11
280135,1,1,0,0,0,0,0,0,0,0,0,0
280136,1,1,19,19,19,19,19,19,19,19,19,19
280137,1,1,0,0,0,0,0,0,0,0,0,0
280138,1,1,0,0,0,28,16,27,19,40,0,30
280139,1,1,0,0,0,0,20,0,0,0,13,16
280140,1,1,0,0,0,14,0,0,0,0,0,0
280142,0,1,0,0,0,17,0,0,0,0,0,0
280142,1,1,0,0,0,0,0,0,0,0,0,0
280143,1,1,19,19,19,19,19,19,19,19,19,19
280144,1,1,1,1,1,1,1,1,1,1,1,1
280145,1,1,0,0,0,0,0,0,0,0,0,0
280145,2,1,0,0,0,0,0,0,0,0,0,0
280146,1,1,16,16,16,16,16,16,16,16,16,16
280147,1,1,0,0,0,0,0,0,0,0,0,0
280147,2,1,0,0,0,0,0,0,0,0,0,0
280148,1,1,0,0,0,0,0,0,0,0,0,0
280148,2,1,0,0,0,0,0,0,9,0,0,0
280149,1,1,16,16,16,16,16,16,16,16,16,16
280150,1,1,0,0,0,0,0,0,0,0,0,0
280151,0,1,0,0,0,0,0,0,0,0,0,0
280151,1,1,0,0,0,0,0,0,0,0,0,0
280152,1,1,0,0,0,0,0,0,0,0,0,0
280153,1,1,0,0,0,0,0,0,0,0,0,0
280154,1,1,18,0,0,0,0,0,22,0,0,0
280155,0,1,0,0,0,0,0,0,0,0,0,0
280155,1,1,0,20,0,0,13,0,0,0,0,0
280156,0,1,24,24,24,24,24,24,24,24,24,24
280156,1,1,0,0,10,0,5,28,13,50,0,0
280157,1,1,0,0,0,0,0,0,0,0,0,0
280157,2,1,5,5,5,5,5,5,5,5,5,5
280158,0,1,0,0,0,0,0,0,0,0,0,0
280158,1,1,0,0,0,0,0,34,0,0,0,0
280159,1,1,27,27,27,27,27,27,27,27,27,27
280159,2,1,0,0,0,0,0,0,0,0,0,0
280160,1,1,0,0,0,0,0,0,0,0,0,0
280160,2,1,0,0,0,0,0,0,0,0,0,0
280161,1,1,0,0,0,0,0,0,0,0,0,0
280161,2,1,0,0,0,0,0,0,0,0,0,0
280162,0,1,0,0,0,0,0,0,0,0,0,0
280162,1,1,0,0,0,0,0,0,0,0,0,0
280163,1,1,0,9,8,0,0,0,0,0,0,0
280164,1,1,0,0,0,0,0,0,0,0,0,0
280164,2,1,0,0,0,0,0,0,0,0,0,0
280165,1,1,0,0,21,16,0,0,0,0,0,23
280166,1,1,3,3,3,3,3,3,3,3,3,3
280167,1,1,23,17,6,37,25,14,11,18,5,9
280168,1,1,0,0,0,0,0,0,0,0,0,0
280168,2,1,0,0,0,0,0,0,0,0,0,0
280169,1,1,0,0,0,0,0,0,0,0,0,0
280170,1,1,26,0,0,0,0,0,0,0,0,0
280170,2,1,0,0,0,0,0,0,0,0,0,0
280171,1,1,0,0,0,0,0,0,0,0,0,0
280172,1,1,0,0,0,0,19,0,0,0,0,0
280173,1,1,0,0,0,0,24,0,0,31,0,0
280174,0,1,8,8,8,8,8,8,8,8,8,8
280174,1,1,0,0,0,16,9,4,0,0,17,0
280174,2,1,0,0,0,0,20,0,0,0,8,0
280175,1,1,0,0,0,0,0,0,0,0,0,0
280175,2,1,0,0,0,0,0,0,0,0,0,0
280176,1,1,0,0,0,0,0,0,0,0,0,0
280176,2,1,0,0,0,0,0,17,13,21,0,26
280177,1,1,0,0,0,0,0,0,0,0,0,0
280178,1,1,3,3,3,3,3,3,3,3,3,3
280179,1,1,3,3,3,3,3,3,3,3,3,3
280180,1,1,0,0,0,0,0,0,0,0,0,0
280180,2,1,0,0,0,0,0,0,0,0,0,0
280180,3,1,0,0,0,0,0,0,0,0,0,0
280180,4,1,0,0,0,0,0,0,0,0,0,0
280181,1,1,0,0,0,0,0,0,0,0,0,0
280182,1,1,0,0,0,0,0,10,0,0,0,0
280182,2,1,0,8,0,0,0,0,0,27,0,0
280183,1,1,15,15,15,15,15,15,15,15,15,15
280184,1,1,0,47,0,0,0,0,0,19,0,0
280185,1,1,0,0,0,0,0,0,0,0,0,0
280186,1,1,0,24,0,0,0,0,25,0,0,0
280187,1,1,25,25,25,25,25,25,25,25,25,25
280188,1,1,0,0,0,0,0,0,15,0,0,0
280189,1,1,0,0,0,0,0,0,0,0,0,0
280189,2,1,0,0,14,0,0,0,0,0,0,0
280190,1,1,0,0,0,0,0,0,0,0,0,0
280190,2,1,0,0,0,9,0,0,0,0,0,0
280191,0,1,0,0,0,0,0,0,0,0,0,0
280191,1,1,0,0,0,0,0,0,0,0,0,0
280192,1,1,11,11,11,11,11,11,11,11,11,11