ST_CASE,VEH_NO,PER_NO,P1,P2,P3,P4,P5,P6,P7,P8,P9,P10
280516,1,1,0,0,0,0,0,0,0,0,0,0
280516,2,1,0,0,0,0,0,0,0,0,0,0
280517,1,1,0,0,0,0,0,0,0,0,0,0
280518,1,1,0,0,0,0,0,0,0,0,0,0
280519,1,1,4,11,15,14,33,33,4,15,12,48
280520,1,1,0,0,0,0,0,0,0,0,0,0
280520,2,1,0,0,0,0,0,0,0,0,0,0
280521,1,1,3,3,3,3,3,3,3,3,3,3
280522,1,1,0,0,0,0,0,0,0,0,0,0
280523,1,1,0,0,0,0,0,0,0,0,0,0
280523,2,1,0,0,0,0,0,0,0,0,0,0
280524,1,1,0,0,0,0,0,0,0,0,0,0
280524,2,1,0,0,0,0,0,0,0,0,11,0
280525,1,1,4,4,4,4,4,4,4,4,4,4
280525,2,1,8,8,8,8,8,8,8,8,8,8
280526,1,1,0,5,0,0,0,0,0,0,0,0
280526,2,1,0,0,0,0,0,0,0,0,0,0
280527,1,1,41,41,41,41,41,41,41,41,41,41
280528,0,1,0,0,0,0,0,0,0,0,0,0
280528,1,1,0,0,0,0,0,0,0,0,0,0
280529,1,1,24,24,24,24,24,24,24,24,24,24
280530,1,1,0,0,0,0,0,0,0,0,0,0
280530,2,1,0,0,0,0,0,0,0,0,0,0
280531,1,1,0,0,0,0,0,0,0,0,0,0
280531,2,1,0,0,0,0,0,0,0,0,0,0
280532,1,1,0,0,0,0,0,0,0,0,0,0
280532,2,1,0,0,0,0,0,0,0,0,0,0
280532,3,1,0,0,0,0,0,0,0,0,0,0
280532,4,1,0,0,0,0,0,0,0,0,0,0
280532,5,1,0,0,0,0,0,0,0,0,0,0
280533,1,1,8,8,8,8,8,8,8,8,8,8
280533,2,1,17,17,17,17,17,17,17,17,17,17
280534,1,1,0,0,0,0,0,0,0,0,0,0
280534,2,1,0,0,0,0,0,0,0,0,0,0
280535,1,1,0,0,0,0,10,0,0,0,0,0
280535,2,1,0,0,0,0,0,0,0,0,0,0
280536,1,1,10,10,6,5,8,10,7,15,21,8
280536,2,1,0,0,0,0,0,0,0,0,0,0
280537,0,1,26,26,26,26,26,26,26,26,26,26
280537,1,1,0,0,0,0,0,0,0,0,0,0
280538,1,1,0,0,0,0,0,0,0,0,0,0
280538,2,1,0,0,0,0,0,0,0,0,0,7
280539,1,1,20,20,20,20,20,20,20,20,20,20
280540,1,1,0,0,0,0,0,0,0,0,0,0
280541,1,1,21,0,0,0,0,0,0,0,0,0
280541,2,1,0,0,0,29,0,0,20,0,0,8
280542,1,1,20,0,0,14,0,0,0,0,0,0
280543,1,1,0,0,0,0,0,0,0,0,0,0
280543,2,1,0,0,0,0,0,0,0,0,0,0
280544,1,1,0,0,0,0,0,0,0,0,0,0
280544,2,1,0,0,0,0,0,0,0,0,0,0
280545,1,1,24,24,24,24,24,24,24,24,24,24
280545,2,1,0,0,0,0,0,0,0,0,0,0
280546,1,1,0,0,0,0,0,0,0,0,0,0
280546,2,1,0,0,0,0,0,0,0,0,0,0
280547,1,1,21,21,21,21,21,21,21,21,21,21
280548,1,1,0,0,0,0,0,0,0,0,0,0
280548,2,1,0,0,0,0,0,0,0,0,0,0
280549,1,1,0,0,0,0,0,0,0,0,0,0
280550,1,1,0,0,0,0,0,0,0,0,0,0
280550,2,1,0,0,0,0,0,0,0,0,0,0
280551,1,1,0,0,0,0,0,0,0,0,0,0
280551,2,1,0,0,0,0,0,0,0,0,0,0
280552,1,1,20,20,20,20,20,20,20,20,20,20
280553,0,1,32,32,32,32,32,32,32,32,32,32
280553,1,1,0,0,0,0,0,0,0,0,0,0
280555,1,1,0,0,0,0,0,0,0,0,0,0
280556,1,1,0,0,0,0,0,0,0,0,0,0
280557,1,1,30,0,0,0,22,0,0,0,0,0
280557,2,1,24,24,24,24,24,24,24,24,24,24
280558,1,1,16,16,16,16,16,16,16,16,16,16
280559,1,1,0,0,0,0,0,0,0,0,0,0
280559,2,1,0,0,0,0,0,0,0,0,0,0
280560,1,1,0,0,0,0,0,0,18,7,0,0
280561,1,1,0,0,0,0,0,0,0,0,0,0
280561,2,1,0,0,0,0,0,0,0,7,0,0
280562,0,1,0,0,0,0,0,0,0,0,0,0
280562,1,1,0,0,0,22,14,0,0,0,0,0
280563,1,1,18,18,18,18,18,18,18,18,18,18
280564,1,1,0,0,0,0,0,0,12,21,0,0
280565,1,1,0,0,0,0,0,0,0,0,0,0
280565,2,1,0,0,0,0,0,0,0,0,0,0
280566,1,1,0,19,11,0,0,0,0,0,0,13
280567,1,1,0,0,17,0,0,0,0,0,0,0
280568,1,1,0,0,0,0,0,0,0,0,0,0
280568,2,1,22,28,22,16,13,35,9,40,0,6
280569,1,1,0,0,0,0,0,0,0,0,0,0
280569,2,1,0,0,0,0,0,0,0,12,0,0
280570,1,1,0,0,0,0,0,0,0,0,0,0
280570,2,1,0,0,0,0,0,0,0,0,0,0
280571,0,1,4,4,4,4,4,4,4,4,4,4
280571,1,1,0,0,0,0,0,0,0,0,0,0
280572,1,1,0,0,0,0,0,0,0,0,0,0
280573,0,1,1,1,1,1,1,1,1,1,1,1
280573,1,1,0,0,9,0,0,0,0,0,0,0
280574,1,1,0,0,0,0,22,15,0,0,0,0
280575,1,1,16,16,16,16,16,16,16,16,16,16
280576,1,1,0,0,0,0,0,0,0,0,0,0
280576,2,1,0,0,0,0,0,0,10,0,0,0
280577,1,1,18,0,0,0,0,20,0,23,0,0
280578,1,1,0,0,0,0,0,0,0,0,0,0
280579,1,1,0,0,0,0,0,0,0,0,0,0
280580,1,1,0,0,0,0,0,0,0,0,0,0
280580,2,1,0,0,0,0,0,0,0,0,0,0
280581,1,1,0,0,0,0,0,0,0,0,0,0
280581,2,1,0,0,0,0,0,0,0,0,0,0
280582,0,1,0,0,0,0,0,0,0,0,0,0
280582,1,1,0,0,0,0,0,0,0,0,0,0
280583,0,1,0,0,0,0,0,0,0,0,0,0
280583,1,1,0,0,0,0,0,0,0,0,0,0
280584,0,1,10,10,10,10,10,10,10,10,10,10
280584,1,1,0,0,0,0,9,0,0,0,0,0
280585,1,1,14,14,14,14,14,14,14,14,14,14
280586,1,1,0,0,0,0,0,0,0,0,0,0
280587,1,1,0,0,17,15,12,0,34,25,0,0
280587,2,1,14,10,0,10,0,0,0,0,20,0
280588,1,1,0,0,0,0,0,10,21,0,0,0
280589,1,1,0,0,0,0,0,0,0,0,0,0
280590,1,1,22,22,22,22,22,22,22,22,22,22
280591,1,1,16,12,32,12,25,16,24,9,14,19
280592,1,1,0,0,0,0,0,0,0,0,0,0
280593,1,1,0,0,0,0,0,0,0,0,0,0
280593,2,1,0,0,0,0,0,0,0,0,0,0
290001,1,1,11,11,11,11,11,11,11,11,11,11
290001,2,1,0,0,0,0,0,0,0,0,0,0
290002,1,1,0,0,0,0,0,0,0,0,0,0
290002,2,1,0,0,7,0,0,0,0,0,0,0
290003,1,1,0,0,0,0,0,0,0,0,0,0
290004,1,1,0,0,0,0,0,0,0,0,0,0
290004,2,1,0,0,0,18,0,0,0,0,0,0
290005,1,1,0,13,0,0,0,0,0,0,0,0
290005,2,1,0,0,0,0,0,0,0,0,0,0
290006,1,1,0,0,0,0,0,0,0,0,0,0
290006,2,1,0,0,0,0,0,0,0,0,0,0
290007,1,1,0,0,0,0,0,0,0,0,0,0
290007,2,1,0,0,0,0,0,0,0,0,0,0
290008,1,1,0,0,0,0,0,0,0,0,0,0
290008,2,1,0,0,0,0,0,0,0,0,0,0
290009,1,1,0,0,0,0,0,0,0,0,0,0
290009,2,1,0,0,0,0,0,0,0,0,0,0
290010,1,1,0,0,0,0,0,0,0,0,0,0
290010,2,1,29,29,29,29,29,29,29,29,29,29
290011,1,1,1,1,1,1,1,1,1,1,1,1
290012,1,1,0,0,0,0,0,0,0,0,0,0
290012,2,1,0,0,0,0,0,0,0,0,0,0
290013,1,1,21,21,21,21,21,21,21,21,21,21
290013,2,1,0,0,0,0,0,0,0,0,0,0
290014,1,1,0,0,0,0,0,0,0,0,0,0
290014,2,1,0,0,0,0,0,0,0,0,0,0
290015,1,1,0,0,0,0,0,0,0,0,0,0
290015,2,1,0,0,0,0,0,0,0,0,0,0
290016,1,1,0,0,0,0,0,0,0,0,0,0
290016,2,1,0,0,0,0,0,0,0,0,0,0
290017,1,1,0,0,0,0,0,0,0,0,0,0
290017,2,1,0,0,0,0,0,0,0,0,0,0
290018,1,1,8,8,8,8,8,8,8,8,8,8
290019,0,1,21,21,21,21,21,21,21,21,21,21
290019,1,1,0,0,0,0,0,13,0,0,0,11
290020,1,1,0,0,0,0,0,0,0,0,0,0
290021,1,1,10,10,10,10,10,10,10,10,10,10
290021,2,1,0,0,0,0,0,0,0,0,0,0
290021,3,1,0,0,0,0,0,0,0,0,0,0
290022,1,1,0,0,28,0,0,0,0,0,0,0
290023,1,1,0,0,0,0,0,0,0,0,0,0
290023,2,1,0,0,0,0,0,0,0,0,0,0
290024,1,1,13,13,13,13,13,13,13,13,13,13
290025,1,1,0,0,0,0,0,0,0,0,0,0
290025,2,1,0,0,0,0,0,0,0,0,0,0
290026,1,1,25,25,25,25,25,25,25,25,25,25
290027,1,1,15,45,18,0,19,15,0,16,8,0
290027,2,1,0,0,0,0,18,0,0,0,0,0
290028,1,1,26,26,26,26,26,26,26,26,26,26
290030,1,1,0,0,0,0,0,0,0,0,0,0
290031,1,1,0,0,0,0,0,0,0,0,0,0
290031,2,1,0,0,0,0,0,0,0,0,0,0
290032,1,1,0,0,0,0,0,0,0,0,0,0
290032,2,1,0,0,0,0,0,0,0,0,0,0
290032,3,1,0,0,0,0,0,0,0,0,0,0
290033,0,1,20,20,20,20,20,20,20,20,20,20
290033,1,1,0,0,0,0,0,0,0,0,0,0
290035,1,1,0,0,0,0,0,0,0,0,0,0
290036,1,1,0,0,0,0,0,0,0,0,0,0
290036,2,1,0,0,0,0,0,0,0,0,0,0
290037,1,1,0,0,0,0,0,0,0,0,0,0
290037,2,1,0,0,0,0,0,0,0,0,0,0
290038,1,1,0,0,0,0,0,0,0,0,0,21
290038,2,1,0,0,0,0,0,0,0,0,0,0
290039,1,1,0,0,0,0,0,0,0,0,0,0
290039,2,1,0,0,0,0,0,0,0,0,0,0
290040,1,1,19,19,19,19,19,19,19,19,19,19
290041,0,1,0,0,0,0,0,0,0,0,0,0
290041,1,1,0,0,0,0,0,0,0,0,0,0
290042,1,1,20,20,20,20,20,20,20,20,20,20
290043,1,1,17,30,10,14,0,9,24,33,15,0
290044,1,1,0,0,0,0,0,0,0,0,0,0
290045,1,1,33,33,33,33,33,33,33,33,33,33
290046,1,1,0,0,0,0,0,0,0,0,0,0
290046,2,1,0,0,0,0,0,0,0,0,0,0
290047,1,1,0,0,0,0,0,0,0,0,0,0
290047,2,1,0,0,0,0,0,0,0,0,0,0
290049,1,1,0,0,0,0,0,0,0,0,0,0
290049,2,1,0,0,0,0,0,0,0,0,0,0
290050,1,1,13,13,13,13,13,13,13,13,13,13
290051,1,1,0,0,0,0,0,0,0,0,0,0
290051,2,1,0,0,0,7,12,0,0,0,0,0
290052,1,1,0,0,0,0,10,0,0,0,0,0
290053,1,1,0,0,0,0,0,0,0,0,0,0
290053,2,1,0,0,0,0,0,0,0,0,0,0
290054,1,1,0,0,0,0,0,0,0,0,0,0
290054,2,1,0,0,0,0,0,0,0,0,0,0
290055,1,1,29,29,29,29,29,29,29,29,29,29
290056,1,1,0,0,0,0,0,0,0,0,0,0
290057,1,1,26,11,20,9,19,9,24,31,19,16
290059,1,1,0,0,0,0,0,0,0,0,0,0
290060,1,1,0,0,0,0,0,0,0,0,0,0
290060,2,1,8,0,35,0,0,0,0,0,0,0
290060,3,1,0,0,0,0,0,0,0,0,0,0
290060,4,1,0,0,0,0,0,0,0,0,0,0
290061,1,1,0,11,0,0,0,16,0,0,27,15
290062,1,1,15,15,15,15,15,15,15,15,15,15
290062,2,1,0,0,0,0,0,0,0,0,0,0
290063,1,1,0,0,0,0,0,0,0,0,0,0
290063,2,1,0,0,0,0,0,0,0,0,0,0
290064,1,1,0,0,0,0,0,0,0,0,0,0
290065,0,1,35,35,35,35,35,35,35,35,35,35
290065,1,1,0,0,0,0,0,0,0,0,0,0
290066,1,1,0,0,0,0,0,0,0,0,0,0
290067,0,1,0,34,0,0,45,0,0,0,12,0
290067,1,1,0,0,0,0,0,0,0,0,0,0
290068,0,1,21,26,3,28,20,27,10,0,28,18
290068,0,2,0,7,0,39,0,0,0,0,0,0
290068,0,3,16,0,13,23,34,0,27,0,0,30
290068,1,1,0,0,0,0,0,0,0,0,0,0
290069,1,1,0,0,0,0,0,0,0,0,0,0
290069,2,1,0,23,0,0,21,0,19,0,0,9
290070,1,1,20,20,20,20,20,20,20,20,20,20
290071,1,1,0,0,0,0,0,0,0,0,0,0
290072,1,1,0,0,0,0,0,30,0,0,0,0
290074,0,1,0,0,0,0,0,0,0,0,0,0
290074,1,1,0,0,0,0,0,0,0,0,0,0
290075,1,1,0,0,0,0,0,0,0,0,0,0
290075,2,1,0,0,0,0,0,0,0,0,0,0
290076,0,1,0,0,0,0,0,0,0,0,0,0
290076,0,2,0,0,0,0,0,0,0,0,0,0
290076,1,1,0,0,0,0,0,0,0,0,0,0
290076,2,1,0,0,0,0,0,0,0,0,0,0
290077,1,1,0,0,0,0,0,0,0,0,0,0
290077,2,1,0,0,0,0,0,0,0,0,0,0
290078,1,1,0,0,0,0,0,0,0,0,0,0
290079,1,1,21,21,21,21,21,21,21,21,21,21
290080,1,1,0,0,0,0,0,0,0,0,0,0
290080,2,1,0,0,0,0,0,0,0,0,0,0
290081,1,1,0,0,0,0,0,0,0,0,0,0
290082,0,1,13,13,13,13,13,13,13,13,13,13
290082,1,1,1,1,1,1,1,1,1,1,1,1
290083,1,1,10,10,10,10,10,10,10,10,10,10
290084,1,1,0,0,0,0,0,0,0,0,0,0
290084,2,1,0,0,0,0,0,0,0,0,0,0
290085,1,1,0,0,0,0,0,0,0,9,0,0
290085,2,1,0,0,0,0,0,0,0,0,0,0
290085,3,1,0,0,0,0,0,0,0,0,0,0
290086,1,1,0,0,0,0,0,0,0,0,0,0
290087,1,1,17,17,17,17,17,17,17,17,17,17
290088,0,1,0,0,0,0,0,0,0,0,0,0
290088,1,1,0,0,0,0,0,0,0,0,0,0
290089,1,1,0,0,23,0,0,0,0,0,0,0
290089,2,1,0,0,0,0,0,0,0,0,0,0
290090,1,1,0,0,0,0,0,0,0,0,0,0
290091,1,1,16,16,16,16,16,16,16,16,16,16
290092,1,1,0,0,0,0,0,0,0,0,0,0
290092,2,1,0,0,0,0,0,0,0,0,0,0
290093,1,1,5,5,5,5,5,5,5,5,5,5
290094,1,1,3,3,3,3,3,3,3,3,3,3
290095,0,1,29,0,0,0,36,4,0,0,0,0
290095,1,1,0,0,17,12,0,0,0,0,0,0
290096,1,1,21,21,21,21,21,21,21,21,21,21
290097,1,1,16,16,16,16,16,16,16,16,16,16
290098,1,1,0,0,0,0,0,0,0,0,0,0
290099,1,1,0,0,0,0,0,0,0,0,0,0
290099,2,1,0,0,0,0,0,0,0,0,0,0
290100,1,1,0,0,0,0,0,0,0,0,0,0
290101,1,1,25,25,25,25,25,25,25,25,25,25
290102,1,1,0,0,0,0,0,0,0,0,0,0
290102,2,1,0,0,0,0,0,0,0,0,0,0
290103,0,1,0,0,0,0,0,0,0,0,0,0
290103,1,1,0,0,0,0,0,0,0,0,0,0
290104,0,1,0,0,0,0,0,0,0,0,0,0
290104,1,1,0,0,0,0,0,0,0,0,0,0
290105,1,1,30,30,30,30,30,30,30,30,30,30
290106,1,1,0,0,0,0,0,0,0,0,0,0
290106,2,1,0,0,0,0,0,0,0,0,0,0
290107,1,1,0,0,0,0,0,0,0,0,0,0
290107,2,1,62,62,62,62,62,62,62,62,62,62
290108,1,1,0,0,0,0,0,0,0,0,0,0
290108,2,1,0,0,0,0,0,0,0,14,0,0
290109,1,1,0,0,0,0,0,0,0,0,0,0
290109,2,1,0,0,0,0,0,0,0,0,0,0
290109,3,1,0,0,0,0,0,0,0,0,0,0
290110,1,1,27,27,27,27,27,27,27,27,27,27
290111,1,1,0,0,0,0,0,0,0,0,0,0
290111,2,1,0,0,0,0,0,0,0,0,0,0
290112,1,1,0,0,0,0,0,0,0,0,0,0
290112,2,1,0,0,0,0,0,0,0,0,0,0
290113,1,1,0,0,0,0,0,0,0,0,0,0
290114,1,1,0,0,0,0,0,0,0,0,0,0
290114,2,1,0,0,0,0,0,0,0,0,0,0
290115,1,1,0,0,0,0,0,0,0,0,0,0
290115,2,1,0,0,0,0,0,0,0,0,0,0
290115,3,1,0,0,0,0,0,0,0,0,0,0
290116,1,1,17,13,25,13,13,10,16,4,15,19
290117,1,1,15,15,15,15,15,15,15,15,15,15
290118,1,1,0,0,0,0,0,0,0,0,0,0
290120,1,1,0,0,0,0,0,0,0,0,0,0
290120,2,1,19,0,0,0,0,0,0,0,24,0
290121,0,1,29,29,29,29,29,29,29,29,29,29
290121,1,1,0,0,0,0,0,0,0,0,0,0
290122,1,1,0,0,0,0,0,0,0,0,0,0
290122,2,1,0,0,0,0,0,0,0,0,0,11
290122,3,1,0,0,0,0,0,0,0,0,0,0
290122,4,1,0,0,0,0,0,0,0,0,0,0
290123,1,1,0,0,0,0,0,0,0,0,0,0
290123,2,1,0,0,0,0,0,0,0,0,0,0
290124,1,1,0,0,0,0,0,0,0,0,0,0
290124,2,1,0,0,0,0,0,0,0,0,0,0
290125,1,1,0,0,0,0,0,0,0,0,0,0
290126,1,1,0,0,0,0,0,0,33,29,13,0
290127,0,1,23,23,23,23,23,23,23,23,23,23
290127,1,1,0,0,0,0,0,0,0,0,0,0
290128,1,1,0,0,0,0,0,0,0,0,0,0
290128,2,1,0,0,0,0,0,0,0,0,0,0
290129,0,1,0,0,0,0,0,0,0,0,0,0
290129,1,1,0,0,0,0,0,0,0,0,0,0
290130,1,1,0,0,0,0,0,0,16,0,0,0
290130,2,1,1,1,1,1,1,1,1,1,1,1
290130,3,1,0,0,0,0,0,0,0,0,0,0
290130,4,1,0,0,0,0,0,0,0,0,0,0
290131,1,1,8,8,8,8,8,8,8,8,8,8
290131,2,1,0,0,0,0,0,0,0,0,0,0
290132,1,1,0,0,0,0,0,0,0,0,0,0
290132,2,1,0,0,0,0,0,0,0,0,0,0
290133,0,1,0,0,0,0,0,0,0,0,0,0
290133,1,1,0,0,0,0,0,0,0,0,0,0
290134,0,1,0,0,0,0,0,0,0,0,0,0
290134,1,1,0,0,0,0,0,0,0,0,0,0
290135,1,1,0,0,0,0,0,0,0,0,0,0
290136,1,1,0,0,0,0,0,0,0,0,0,0
290136,2,1,0,0,0,0,0,0,0,0,0,0
290137,1,1,0,0,0,0,0,0,0,0,0,0
290137,2,1,0,0,0,0,0,0,0,0,0,0
290138,0,1,31,31,31,31,31,31,31,31,31,31
290138,1,1,10,8,26,0,0,0,7,20,5,0
290139,1,1,16,16,16,16,16,16,16,16,16,16
290139,2,1,0,0,0,0,0,0,0,0,0,0
290140,0,1,45,0,15,0,0,0,0,20,0,0
290140,1,1,0,0,0,0,0,0,0,0,0,0
290141,1,1,0,0,0,0,0,0,0,0,0,0
290141,2,1,0,0,0,0,0,0,0,0,0,0
290142,1,1,0,0,0,0,0,0,0,0,0,0
290142,2,1,0,0,0,0,0,0,0,0,0,0
290142,3,1,0,0,0,0,0,0,0,0,0,0
290142,4,1,0,0,0,0,0,0,0,0,0,0
290143,1,1,4,4,4,4,4,4,4,4,4,4
290143,2,1,0,0,0,0,0,0,0,0,0,0
290144,1,1,0,0,0,0,9,0,0,12,21,0
290144,2,1,10,10,10,10,10,10,10,10,10,10
290145,1,1,0,0,0,0,0,0,0,0,0,0
290145,2,1,0,0,0,0,0,0,0,0,0,0
290145,3,1,5,23,18,0,0,0,0,0,15,0
290145,4,1,0,0,0,0,0,0,0,0,0,12
290146,1,1,15,16,0,11,22,0,22,0,0,12
290147,1,1,0,0,0,0,0,0,0,0,0,0
290148,1,1,0,0,0,0,0,0,0,0,0,0
290149,1,1,0,0,0,0,0,0,0,0,0,0
290149,2,1,0,0,0,0,0,0,0,0,0,0
290150,1,1,15,0,13,0,5,0,18,16,0,0
290151,1,1,15,15,15,15,15,15,15,15,15,15
290152,1,1,0,0,0,0,0,0,0,0,0,0
290152,2,1,0,0,0,0,0,0,0,0,0,0
290154,1,1,26,26,26,26,26,26,26,26,26,26
290154,2,1,4,4,4,4,4,4,4,4,4,4
290155,1,1,0,0,0,0,0,0,0,0,0,0
290156,1,1,11,11,11,11,11,11,11,11,11,11
290157,0,1,0,0,0,0,0,0,0,0,0,0
290157,1,1,0,0,0,0,0,0,0,0,0,0
290158,1,1,0,0,0,0,0,0,0,0,0,0
290158,2,1,0,0,0,0,0,0,0,0,0,0
290159,1,1,0,0,0,0,0,0,0,0,0,0
290159,2,1,0,0,0,0,0,0,0,0,0,0
290160,1,1,0,0,0,0,0,0,0,0,0,0
290161,0,1,0,0,0,0,0,0,0,0,0,0
290161,1,1,0,0,0,0,0,0,0,0,0,0
290161,2,1,0,0,0,0,0,0,0,0,0,0
290162,1,1,0,0,0,0,0,0,0,0,0,9
290162,2,1,2,2,2,2,2,2,2,2,2,2
290163,1,1,0,7,0,0,0,0,0,0,0,0
290164,0,1,22,22,22,22,22,22,22,22,22,22
290164,1,1,0,0,0,0,0,0,0,0,0,0
290165,1,1,0,0,0,0,0,0,0,0,0,0
290166,1,1,0,0,0,0,0,0,0,0,0,0
290167,1,1,0,28,0,0,42,0,0,0,17,16
290168,0,1,0,0,0,0,0,0,0,0,0,0
290168,1,1,0,0,0,0,0,0,0,0,0,0
290169,1,1,0,0,0,0,0,0,0,0,0,0
290170,1,1,0,0,10,0,0,0,0,0,0,0
290170,2,1,0,0,0,0,0,0,0,0,0,0
290170,3,1,0,0,0,0,0,0,0,0,0,0
290170,4,1,0,0,0,0,0,0,0,0,0,25
290170,5,1,0,0,0,0,0,0,0,0,0,0
290171,1,1,20,20,20,20,20,20,20,20,20,20
290172,1,1,0,0,0,0,0,0,0,0,0,0
290172,2,1,0,0,0,0,0,0,0,0,0,0
290172,3,1,0,0,0,0,0,0,0,0,0,0
290173,1,1,0,0,0,0,0,0,0,0,0,0
290173,2,1,0,0,0,0,0,0,0,0,0,0
290174,1,1,0,0,0,0,0,0,0,0,0,0
290175,1,1,0,0,0,0,0,0,0,0,0,0
290176,1,1,3,3,3,3,3,3,3,3,3,3
290177,1,1,0,0,0,0,0,0,0,0,0,0
290177,2,1,0,0,0,0,0,0,0,0,0,0
290178,1,1,0,0,0,0,0,0,0,0,0,0
290178,2,1,0,0,0,0,0,0,0,0,0,0
290179,0,1,10,10,10,10,10,10,10,10,10,10
290179,1,1,0,0,0,0,0,0,0,0,0,0
290180,0,1,6,6,6,6,6,6,6,6,6,6
290180,1,1,2,2,2,2,2,2,2,2,2,2
290180,2,1,0,0,0,0,0,0,0,0,0,0
290180,3,1,0,0,0,0,0,0,0,0,0,0
290181,0,1,13,13,13,13,13,13,13,13,13,13
290181,1,1,24,0,0,0,0,0,0,0,0,0
290182,1,1,0,0,0,0,0,0,0,0,0,0
290183,1,1,24,24,24,24,24,24,24,24,24,24
290183,2,1,19,5,18,0,35,0,0,0,0,20
290183,3,1,0,0,0,0,0,0,0,0,16,0
290183,4,1,12,26,0,0,0,33,0,33,0,0
290184,1,1,0,0,0,0,31,0,0,0,0,0
290184,2,1,25,0,0,0,19,0,0,0,0,0
290185,0,1,25,25,25,25,25,25,25,25,25,25
290185,1,1,0,0,0,0,0,0,0,0,0,0
290186,1,1,0,0,0,0,0,0,0,0,0,0
290187,1,1,10,10,10,10,10,10,10,10,10,10
290189,1,1,0,0,0,0,0,0,0,0,0,0
290190,1,1,0,7,0,18,0,0,14,0,15,0
290191,1,1,8,0,0,0,0,0,14,0,18,0
290191,2,1,3,3,3,3,3,3,3,3,3,3
290193,1,1,0,0,0,0,0,0,0,0,0,0
290193,2,1,0,0,0,0,0,0,0,0,0,0
290193,3,1,0,0,0,0,0,0,0,0,0,0
290194,0,1,25,25,25,25,25,25,25,25,25,25
290194,1,1,0,0,0,0,0,0,0,0,0,0
290195,1,1,10,18,24,12,16,26,40,18,10,24
290197,1,1,0,0,0,0,0,0,0,0,0,0
290197,2,1,0,0,0,0,0,0,0,0,0,0
290198,1,1,0,0,0,0,0,0,0,0,0,0
290199,1,1,0,0,0,0,0,0,0,0,0,0
290200,1,1,22,22,22,22,22,22,22,22,22,22
290202,0,1,0,0,0,0,0,0,0,0,0,0
290202,1,1,0,0,0,0,0,0,0,0,0,0
290203,1,1,0,0,0,0,0,0,0,0,0,0
290204,1,1,10,10,10,10,10,10,10,10,10,10
290205,1,1,19,19,19,19,19,19,19,19,19,19
290205,2,1,0,0,0,0,0,0,0,0,0,0
290206,1,1,11,11,11,11,11,11,11,11,11,11
290207,1,1,0,0,0,0,0,0,0,0,0,0
290207,2,1,0,0,0,0,0,0,0,0,0,0
290208,1,1,0,0,0,0,0,0,0,0,0,0
290208,2,1,0,0,0,0,0,0,0,0,0,0
290209,1,1,13,13,13,13,13,13,13,13,13,13
290209,2,1,4,4,4,4,4,4,4,4,4,4
290210,0,1,0,0,0,0,0,0,0,0,0,0
290210,1,1,0,0,0,0,0,0,0,0,0,0
290211,0,1,18,12,22,40,15,8,35,20,23,16
290211,1,1,0,0,0,0,0,0,0,0,0,0
290212,1,1,0,0,0,11,0,0,0,0,0,0
290213,1,1,0,0,0,0,0,0,0,0,0,0
290214,1,1,0,0,0,0,0,0,0,0,0,0
290215,0,1,22,22,22,22,22,22,22,22,22,22
290215,1,1,0,0,0,0,0,0,0,0,0,0
290216,0,1,15,0,27,0,0,0,0,0,0,0
290216,1,1,0,0,0,0,0,0,0,0,0,0
290217,1,1,0,0,0,0,0,0,0,0,0,0
290218,1,1,0,0,0,0,0,0,0,0,0,0
290218,2,1,0,0,0,0,0,0,0,0,0,0
290219,1,1,0,0,0,0,0,0,0,0,0,0
290219,2,1,0,0,0,0,0,0,0,0,0,0
290220,1,1,16,16,16,16,16,16,16,16,16,16
290221,1,1,0,0,0,0,0,0,0,0,0,0
290221,2,1,0,0,0,0,0,0,0,0,0,0
290222,0,1,31,15,7,0,0,26,0,29,12,12
290222,0,2,31,31,31,31,31,31,31,31,31,31
290222,1,1,5,5,5,5,5,5,5,5,5,5
290223,1,1,33,33,33,33,33,33,33,33,33,33
290224,1,1,0,18,0,14,16,22,0,8,0,0
290225,1,1,15,15,15,15,15,15,15,15,15,15
290226,1,1,0,0,0,0,0,0,0,0,0,0
290226,2,1,0,23,0,0,0,0,17,0,19,0
290226,5,1,0,22,14,16,0,0,19,0,0,0
290227,1,1,0,0,0,0,0,0,0,0,0,0
290227,2,1,0,0,0,0,0,0,0,0,0,0
290228,1,1,0,0,0,0,0,0,0,0,0,0
290230,0,1,0,0,0,0,0,0,0,0,0,0
290230,1,1,33,33,33,33,33,33,33,33,33,33
290231,1,1,0,0,0,0,0,0,0,0,0,0
290231,2,1,0,0,0,0,0,0,0,0,0,0
290231,3,1,0,0,0,0,0,0,0,0,0,0
290232,1,1,10,10,10,10,10,10,10,10,10,10
290232,2,1,0,0,0,0,0,0,0,0,0,0
290233,1,1,0,0,4,0,0,0,0,7,0,0
290233,2,1,0,0,0,0,0,0,0,0,0,0
290234,0,1,0,0,0,17,0,0,31,0,12,0