ST_CASE,VEH_NO,PER_NO,P1,P2,P3,P4,P5,P6,P7,P8,P9,P10
320239,5,1,0,0,0,0,0,0,0,0,0,0
320239,6,1,0,0,0,0,0,0,0,0,0,8
320239,7,1,0,0,0,0,0,0,0,0,24,0
320240,1,1,0,0,0,0,0,0,0,0,0,0
320240,2,1,0,0,0,0,0,9,0,0,0,0
320241,0,1,0,0,0,24,0,0,0,0,10,0
320241,1,1,0,0,0,0,0,0,0,0,0,0
320242,1,1,20,20,20,20,20,20,20,20,20,20
320242,2,1,12,12,12,12,12,12,12,12,12,12
320243,1,1,15,15,15,15,15,15,15,15,15,15
320243,2,1,0,0,0,0,0,0,0,0,0,0
320244,0,1,39,47,0,0,12,0,36,13,0,21
320244,1,1,0,0,0,0,0,0,19,0,0,0
320245,0,1,12,8,0,0,0,0,0,0,0,19
320245,1,1,3,0,0,0,0,0,0,0,0,0
320246,1,1,0,0,0,0,0,0,0,0,0,0
320246,2,1,0,0,0,0,0,0,0,0,0,18
320247,0,1,0,0,0,0,0,0,0,0,0,0
320247,1,1,0,0,0,0,0,0,0,0,0,0
320248,1,1,0,0,0,0,0,0,0,0,0,0
320248,2,1,0,0,0,0,0,0,0,0,0,0
320248,3,1,0,0,0,6,0,0,0,0,0,0
320248,4,1,0,0,0,0,0,0,0,0,0,0
320248,5,1,0,0,0,0,0,0,0,0,0,0
320248,6,1,0,0,0,0,0,0,0,0,0,0
320248,7,1,0,0,0,19,0,0,10,0,0,11
320249,1,1,9,9,9,9,9,9,9,9,9,9
320249,2,1,0,0,0,0,0,19,0,0,0,0
320250,1,1,0,0,0,0,0,0,0,0,0,0
320251,1,1,35,35,35,35,35,35,35,35,35,35
320251,2,1,0,14,0,0,0,0,0,7,0,8
320252,1,1,12,12,12,12,12,12,12,12,12,12
320253,1,1,0,0,0,0,0,0,0,0,0,0
320253,2,1,0,0,0,0,0,0,0,0,0,0
320254,1,1,16,16,16,16,16,16,16,16,16,16
320254,2,1,0,0,11,0,0,0,0,0,0,0
320254,3,1,0,0,0,0,0,0,0,0,0,0
320255,1,1,0,0,0,0,0,0,0,0,0,0
320255,2,1,0,0,0,0,0,0,0,0,0,0
320256,1,1,34,10,14,23,0,21,26,3,27,18
320257,0,1,0,0,0,0,0,0,0,0,0,0
320257,1,1,0,0,0,0,0,0,0,0,0,0
320258,1,1,0,0,0,0,0,0,0,0,0,0
320258,2,1,0,0,0,0,0,0,0,0,0,0
320259,1,1,14,14,14,14,14,14,14,14,14,14
320259,2,1,0,0,0,0,0,0,0,0,0,0
320260,0,1,0,0,0,0,0,0,0,0,0,0
320260,1,1,24,24,24,24,24,24,24,24,24,24
320261,0,1,0,30,0,0,0,0,0,0,0,0
320261,1,1,0,0,0,0,0,0,0,0,0,0
320262,0,1,10,25,0,17,16,16,0,0,15,0
320262,1,1,0,0,0,0,0,0,0,11,0,0
320262,2,1,0,0,0,0,0,0,0,0,0,0
320263,1,1,0,0,0,0,0,0,0,0,0,0
320263,2,1,0,0,0,0,0,0,0,0,0,0
320264,1,1,0,0,0,0,0,0,0,0,0,0
320264,2,1,0,0,0,25,27,0,0,7,0,0
320264,3,1,0,0,0,0,0,0,0,0,0,0
320265,1,1,28,28,28,28,28,28,28,28,28,28
320266,1,1,0,0,0,0,0,0,0,0,0,0
320266,2,1,0,0,0,0,0,0,0,0,0,0
320267,1,1,6,11,0,0,0,0,27,0,0,14
320269,1,1,0,0,0,0,0,15,0,0,0,0
320269,2,1,0,0,0,0,0,0,0,0,0,0
320270,1,1,0,0,0,0,0,0,0,0,0,0
320270,2,1,0,0,0,0,0,0,0,0,0,0
320271,0,1,0,0,0,0,0,0,0,0,0,0
320271,1,1,0,0,18,0,0,0,0,0,33,0
320272,1,1,0,0,0,0,0,0,0,0,0,0
320272,2,1,0,0,0,0,0,0,0,0,0,0
320273,1,1,0,0,0,0,0,0,0,0,0,0
320273,2,1,0,0,0,0,0,0,0,0,0,0
320274,1,1,0,0,0,0,0,0,0,0,0,0
320274,2,1,22,10,0,0,0,0,0,0,0,0
320275,1,1,18,18,18,18,18,18,18,18,18,18
320276,1,1,0,0,0,0,8,0,0,0,0,0
320276,2,1,0,0,0,0,0,0,0,0,0,0
320277,1,1,0,35,0,8,0,0,17,0,27,20
320278,1,1,0,0,0,0,0,0,0,0,0,0
320278,2,1,0,0,0,0,0,0,0,0,0,0
320279,1,1,0,0,0,0,0,0,0,0,0,0
320280,1,1,0,0,0,0,0,0,0,0,0,0
320281,1,1,0,19,0,0,0,0,18,0,0,0
320282,1,1,0,0,0,0,0,0,0,0,0,0
320283,0,1,13,13,13,13,13,13,13,13,13,13
320283,1,1,0,0,0,0,0,0,0,0,0,0
320284,1,1,0,0,0,0,0,0,0,0,0,0
320284,2,1,0,0,0,0,0,0,0,0,0,0
320285,1,1,0,0,0,0,0,0,0,0,0,0
320286,1,1,16,16,16,16,16,16,16,16,16,16
320287,1,1,0,0,0,0,0,0,0,0,0,0
320288,0,1,0,0,0,0,0,0,0,0,0,0
320288,1,1,0,22,0,0,0,0,0,0,0,0
320288,2,1,0,0,0,0,0,0,0,0,0,0
320289,1,1,0,0,0,0,0,14,37,8,0,27
320290,1,1,0,0,0,0,0,0,0,0,0,14
320290,2,1,0,0,0,0,0,0,0,0,0,0
320292,1,1,1,1,1,1,1,1,1,1,1,1
320292,2,1,0,0,0,0,0,0,0,19,0,0
330001,1,1,20,20,20,20,20,20,20,20,20,20
330001,2,1,0,0,0,0,0,0,16,0,20,0
330001,3,1,0,15,0,9,0,0,0,0,0,0
330002,0,1,0,0,0,0,0,0,0,0,0,0
330002,1,1,0,0,0,0,0,0,0,0,0,0
330003,1,1,0,0,0,0,0,0,0,0,0,0
330003,2,1,0,0,0,0,0,0,0,0,0,0
330004,1,1,0,0,0,0,0,0,0,0,0,0
330005,0,1,0,0,0,0,0,0,0,0,0,0
330005,1,1,0,0,0,0,0,0,0,0,0,0
330006,1,1,24,0,20,8,17,18,14,13,7,0
330007,1,1,15,15,15,15,15,15,15,15,15,15
330008,1,1,0,0,0,0,0,0,0,0,0,0
330009,0,1,0,0,0,0,0,0,0,0,0,0
330009,1,1,0,0,0,0,0,0,0,0,0,14
330010,1,1,0,0,0,0,0,0,0,0,0,0
330011,1,1,23,23,23,23,23,23,23,23,23,23
330012,1,1,22,22,22,22,22,22,22,22,22,22
330012,2,1,0,7,6,0,0,0,0,0,0,0
330013,1,1,26,26,26,26,26,26,26,26,26,26
330014,1,1,15,15,15,15,15,15,15,15,15,15
330015,1,1,13,13,13,13,13,13,13,13,13,13
330017,1,1,12,12,12,12,12,12,12,12,12,12
330017,2,1,0,0,0,0,0,0,0,0,0,0
330018,1,1,0,0,0,0,0,0,0,0,0,0
330019,1,1,0,0,0,0,0,0,0,0,0,0
330019,2,1,0,0,0,0,0,0,0,0,0,0
330020,1,1,0,0,0,0,0,0,0,0,0,0
330020,2,1,0,0,0,0,13,0,0,0,0,0
330020,3,1,0,0,0,0,0,0,0,0,0,0
330021,1,1,0,0,0,0,0,0,0,0,0,19
330021,2,1,21,21,21,21,21,21,21,21,21,21
330022,1,1,11,11,11,11,11,11,11,11,11,11
330022,2,1,0,0,0,22,0,0,0,0,17,0
330023,1,1,6,6,6,6,6,6,6,6,6,6
330024,0,1,0,0,0,0,0,0,0,0,0,0
330024,1,1,0,0,0,0,0,0,0,0,0,0
330025,1,1,9,9,9,9,9,9,9,9,9,9
330025,2,1,0,0,0,0,0,0,0,0,0,0
330025,3,1,0,0,0,0,0,0,0,0,0,0
330026,1,1,25,25,25,25,25,25,25,25,25,25
330027,1,1,0,0,0,0,0,0,0,0,0,0
330027,2,1,0,0,0,0,0,0,0,0,0,0
330028,1,1,0,0,0,0,0,0,0,0,0,28
330029,1,1,20,20,20,20,20,20,20,20,20,20
330029,2,1,0,0,0,0,0,0,0,0,0,0
330030,1,1,23,23,23,23,23,23,23,23,23,23
330031,1,1,0,0,0,0,0,0,0,0,0,0
330032,1,1,0,38,0,0,0,0,0,0,0,0
330033,1,1,0,0,0,0,0,0,0,0,0,0
330033,2,1,0,0,0,0,0,0,0,0,0,0
330034,1,1,0,0,0,0,0,0,0,0,0,0
330034,2,1,0,0,18,4,0,0,0,14,0,0
330035,1,1,15,0,0,0,0,0,15,0,18,0
330036,1,1,0,0,0,0,0,0,0,0,0,0
330036,2,1,13,13,13,13,13,13,13,13,13,13
330036,3,1,0,8,0,12,0,0,0,0,0,11
330036,4,1,6,0,6,0,10,0,37,0,0,0
330036,5,1,0,0,0,15,0,0,0,6,25,11
330036,6,1,7,7,7,7,7,7,7,7,7,7
330036,7,1,0,0,0,17,0,0,10,20,0,3
330036,8,1,0,0,6,0,0,0,0,11,6,14
330036,9,1,15,0,4,4,0,16,0,11,0,2
330036,10,1,6,6,6,6,6,6,6,6,6,6
330036,11,1,0,16,0,0,0,11,9,21,0,0
330036,12,1,7,7,7,7,7,7,7,7,7,7
330036,13,1,0,16,0,6,6,12,17,0,0,0
330036,14,1,0,0,0,0,0,0,0,0,0,0
330036,15,1,7,0,0,0,0,0,0,17,0,0
330036,16,1,0,0,11,0,0,0,0,0,0,0
330037,1,1,0,0,0,0,0,0,0,0,0,0
330038,1,1,0,0,0,0,0,0,0,0,0,0
330038,2,1,0,0,0,12,0,18,0,0,0,17
330038,3,1,0,0,0,10,8,20,11,0,19,0
330039,1,1,0,0,0,0,0,0,0,0,0,0
330040,1,1,0,0,0,0,0,0,0,0,0,0
330041,1,1,0,0,0,0,0,0,0,0,0,0
330042,1,1,14,14,14,14,14,14,14,14,14,14
330042,2,1,0,0,0,0,8,0,0,10,14,0
330043,1,1,0,0,0,16,0,0,20,13,0,0
330044,1,1,0,0,0,0,0,0,0,0,0,0
330045,1,1,0,0,0,0,0,0,0,0,0,0
330046,1,1,0,0,0,0,0,0,0,0,0,0
330047,1,1,0,0,0,0,0,0,0,0,0,0
330048,1,1,11,11,11,11,11,11,11,11,11,11
330049,1,1,0,0,0,0,0,0,0,0,0,0
330050,1,1,0,0,0,0,0,0,0,0,0,0
330051,1,1,2,2,2,2,2,2,2,2,2,2
330051,2,1,0,0,0,0,0,0,0,0,0,0
330052,1,1,16,16,16,16,16,16,16,16,16,16
330053,1,1,20,12,0,0,0,0,0,23,0,0
330054,1,1,0,0,0,0,0,0,0,0,0,0
330055,1,1,0,0,0,0,0,0,0,0,0,0
330055,2,1,0,0,0,0,0,0,0,0,0,0
330056,1,1,0,0,0,0,0,0,0,0,0,0
330057,1,1,0,0,0,0,0,0,0,0,0,0
330057,2,1,0,0,0,0,0,0,0,0,0,0
330057,3,1,5,0,11,0,0,0,0,0,0,0
330058,1,1,0,0,0,0,0,0,0,0,0,0
330059,1,1,0,0,0,0,0,0,0,0,0,0
330059,2,1,0,0,0,0,0,13,9,0,0,0
330059,3,1,0,0,30,0,0,0,0,0,0,0
330060,1,1,0,0,0,0,0,0,0,0,0,0
330060,2,1,0,0,0,0,0,0,10,0,11,0
330061,1,1,0,0,0,0,0,0,0,0,0,0
330062,1,1,17,17,17,17,17,17,17,17,17,17
330063,1,1,19,19,19,19,19,19,19,19,19,19
330064,1,1,0,0,0,0,0,0,0,0,0,0
330065,0,1,0,0,0,0,0,0,0,0,0,0
330065,1,1,0,0,0,0,0,0,0,0,0,0
330066,1,1,0,0,0,0,16,0,11,0,0,0
330067,1,1,0,0,0,0,0,0,0,0,0,0
330067,2,1,0,0,0,0,0,0,0,0,0,0
330068,0,1,0,0,0,0,0,0,0,0,0,0
330068,1,1,0,0,0,0,0,0,0,0,0,0
330069,1,1,22,22,22,22,22,22,22,22,22,22
330071,0,1,0,0,0,0,17,22,36,6,0,0
330071,1,1,15,15,15,15,15,15,15,15,15,15
330072,1,1,0,0,0,0,0,0,0,0,0,0
330073,1,1,18,18,18,18,18,18,18,18,18,18
330074,1,1,4,4,4,4,4,4,4,4,4,4
330075,1,1,0,0,0,0,0,0,0,0,0,0
330075,2,1,0,0,0,0,0,0,19,0,0,0
330076,1,1,6,6,6,6,6,6,6,6,6,6
330076,2,1,0,0,0,0,0,0,0,0,0,0
330077,1,1,12,12,12,12,12,12,12,12,12,12
330077,2,1,0,0,0,0,0,0,0,0,0,0
330078,1,1,0,0,0,0,0,0,0,0,0,0
330078,2,1,0,0,0,0,0,0,33,0,0,0
330078,3,1,0,0,0,0,0,0,19,0,0,0
330079,1,1,0,0,0,15,25,0,20,0,12,0
330079,2,1,3,3,3,3,3,3,3,3,3,3
330080,1,1,0,0,0,0,0,0,0,0,0,0
330080,2,1,0,0,0,0,0,19,0,0,0,0
330081,0,1,25,25,25,25,25,25,25,25,25,25
330081,1,1,0,0,0,0,0,0,0,0,0,0
330082,1,1,19,19,19,19,19,19,19,19,19,19
330083,1,1,0,0,0,0,0,0,0,0,0,0
330084,1,1,0,0,0,0,0,0,0,0,0,0
330085,1,1,0,0,0,0,0,0,0,0,0,0
330085,2,1,0,0,0,0,0,0,0,0,0,0
330085,3,1,0,0,0,0,0,0,0,0,0,0
330086,1,1,0,0,0,0,0,0,0,0,0,0
330086,2,1,0,0,18,0,0,0,0,0,0,0
330087,1,1,0,0,0,42,0,0,20,0,0,0
330088,0,1,0,0,0,0,0,0,0,0,0,0
330088,1,1,0,0,0,0,0,0,0,0,0,0
330089,1,1,0,0,0,0,0,0,0,0,0,0
330089,2,1,0,0,0,0,0,0,0,0,0,0
330090,1,1,5,0,0,0,0,0,20,25,0,26
330091,1,1,0,0,0,0,0,0,0,0,0,0
330091,2,1,0,0,0,0,0,0,0,0,0,0
330092,0,1,0,0,0,0,0,0,0,0,0,0
330092,1,1,26,9,0,0,0,0,0,0,0,0
340001,0,1,3,3,3,3,3,3,3,3,3,3
340001,1,1,0,0,0,0,0,0,0,0,0,0
340002,0,1,0,0,0,0,0,0,0,0,0,0
340002,1,1,3,3,3,3,3,3,3,3,3,3
340002,2,1,0,0,0,0,0,0,0,0,0,0
340003,1,1,1,1,1,1,1,1,1,1,1,1
340003,2,1,0,0,0,0,0,0,0,0,0,0
340003,3,1,0,0,0,0,0,0,0,0,0,0
340004,1,1,0,0,0,0,0,0,0,0,0,0
340004,2,1,0,0,0,0,0,0,0,0,0,0
340005,1,1,0,0,0,0,0,0,0,0,0,0
340005,2,1,0,13,0,0,19,0,0,0,0,0
340006,1,1,14,14,14,14,14,14,14,14,14,14
340007,0,1,0,0,0,0,0,0,0,0,0,0
340007,1,1,0,0,0,0,0,0,0,0,0,0
340008,2,1,0,0,0,0,0,0,0,0,0,0
340009,0,1,0,0,0,0,0,0,0,0,0,0
340009,1,1,0,0,0,0,0,0,0,0,0,0
340010,1,1,5,5,5,5,5,5,5,5,5,5
340011,0,1,0,0,0,0,0,0,0,0,0,0
340011,1,1,0,0,0,0,0,0,0,0,0,0
340012,1,1,0,0,0,0,0,0,0,0,0,0
340012,2,1,0,0,0,0,0,0,0,0,0,0
340013,1,1,0,0,0,0,0,0,0,0,0,0
340014,0,1,0,0,0,0,0,0,0,0,0,0
340014,1,1,0,0,0,0,7,8,0,0,7,9
340015,1,1,9,9,9,9,9,9,9,9,9,9
340016,1,1,0,0,0,0,0,0,0,24,0,0
340017,0,1,0,0,0,0,0,0,0,0,0,0
340017,1,1,0,25,0,0,0,0,22,0,0,0
340018,1,1,0,0,0,0,0,0,0,0,0,0
340018,2,1,0,0,0,0,0,0,0,0,0,0
340018,3,1,0,0,0,0,17,13,0,0,0,0
340019,0,1,12,12,12,12,12,12,12,12,12,12
340019,1,1,0,0,0,0,0,0,0,0,0,0
340020,0,1,0,0,0,0,0,0,0,0,0,0
340020,1,1,0,0,0,0,0,0,0,0,0,0
340021,1,1,0,0,0,0,0,0,0,0,0,0
340021,2,1,0,0,0,0,0,0,0,0,0,0
340022,0,1,0,0,0,0,0,0,0,0,0,0
340022,1,1,0,0,0,0,0,0,0,0,0,0
340023,0,1,22,22,22,22,22,22,22,22,22,22
340023,1,1,0,0,8,0,0,23,24,0,9,0
340023,2,1,0,0,0,0,0,5,0,0,0,0
340024,0,1,14,0,0,16,0,0,0,0,0,17
340024,1,1,0,9,0,0,0,0,0,0,0,0
340025,1,1,0,0,0,0,0,0,0,0,0,0
340025,2,1,0,0,0,0,0,0,0,0,0,0
340026,0,1,0,0,31,18,0,0,0,0,0,56
340026,1,1,0,0,0,0,0,0,0,0,0,0
340027,1,1,26,0,0,0,14,10,18,12,0,17
340028,1,1,9,9,9,9,9,9,9,9,9,9
340029,1,1,0,0,0,0,0,0,0,0,0,0
340030,1,1,0,0,0,0,0,0,0,0,0,0
340030,2,1,0,0,0,0,0,0,0,0,7,0
340031,1,1,0,0,0,0,0,0,0,0,0,0
340031,2,1,0,0,0,0,0,0,0,0,0,0
340032,0,1,30,30,30,30,30,30,30,30,30,30
340032,1,1,0,0,0,0,0,0,0,0,0,0
340033,1,1,14,14,14,14,14,14,14,14,14,14
340033,2,1,0,0,0,0,0,0,0,6,0,0
340034,1,1,11,11,11,11,11,11,11,11,11,11
340034,2,1,0,0,0,0,0,0,0,0,0,0
340035,1,1,0,0,0,0,0,0,0,0,0,0
340036,1,1,25,25,25,25,25,25,25,25,25,25
340037,0,1,0,0,0,0,0,0,0,0,0,0
340037,1,1,0,0,0,0,0,0,0,0,0,0
340038,1,1,7,0,0,0,0,0,0,0,0,0
340038,2,1,0,0,0,0,0,0,0,0,0,0
340039,0,1,1,1,1,1,1,1,1,1,1,1
340039,1,1,0,0,0,0,16,0,0,0,7,0
340040,0,1,28,28,28,28,28,28,28,28,28,28
340040,1,1,22,22,22,22,22,22,22,22,22,22
340041,0,1,0,0,0,0,0,0,0,0,0,0
340041,0,2,0,0,0,0,0,0,0,0,0,0
340041,2,1,0,0,0,0,0,0,0,0,0,0
340041,3,1,0,0,0,0,0,0,0,0,0,0
340042,1,1,0,0,0,0,0,0,0,0,0,0
340043,1,1,0,0,0,0,0,0,10,0,0,0
340043,2,1,0,0,0,0,0,0,0,0,0,0
340044,1,1,0,0,0,0,0,0,0,0,0,0
340045,1,1,0,0,0,36,0,18,0,0,0,0
340046,1,1,0,0,0,0,0,0,0,0,0,0
340046,2,1,0,0,0,0,0,0,0,0,0,0
340046,3,1,0,0,0,0,0,0,0,0,0,0
340047,0,1,0,0,0,0,0,0,0,0,0,0
340047,1,1,0,0,0,0,0,0,0,0,0,0
340048,1,1,16,16,16,16,16,16,16,16,16,16
340049,1,1,0,0,0,0,0,0,0,0,0,0
340049,2,1,0,0,0,0,0,0,0,0,0,0
340049,3,1,0,0,0,0,0,0,0,0,0,0
340050,1,1,17,17,17,17,17,17,17,17,17,17
340051,0,1,0,0,0,0,0,0,0,0,0,0
340051,1,1,0,0,0,0,0,0,0,0,0,0
340052,1,1,0,0,0,0,0,0,0,0,0,0
340053,1,1,0,0,0,17,0,0,0,0,0,0
340054,1,1,0,0,0,0,0,0,0,0,0,0
340054,2,1,0,0,0,0,0,0,0,0,0,0
340055,0,1,0,0,0,0,0,0,0,0,0,0
340055,1,1,0,0,0,0,0,0,0,0,0,0
340056,1,1,0,0,0,0,0,0,0,0,0,0
340057,0,1,11,11,11,11,11,11,11,11,11,11
340057,1,1,0,0,3,0,0,0,0,0,0,13
340058,1,1,0,0,0,0,0,0,0,0,0,0
340059,1,1,0,0,0,0,0,0,0,0,0,0
340060,0,1,0,0,0,0,0,0,0,0,0,0
340060,1,1,0,0,0,0,0,0,0,0,0,0
340061,0,1,0,0,0,0,0,0,0,0,0,0
340061,1,1,0,0,0,0,0,0,0,0,0,0
340062,0,1,0,0,0,0,0,0,0,0,0,0
340062,1,1,0,0,0,0,0,0,0,0,0,0
340064,1,1,0,0,0,0,0,0,0,0,0,0
340064,2,1,0,0,0,0,6,0,0,0,0,0
340065,0,1,0,0,0,0,0,0,0,0,0,0
340065,1,1,0,0,0,0,0,0,0,0,0,0
340066,0,1,0,0,0,0,0,0,0,0,0,0
340066,0,2,0,0,9,17,0,0,21,0,0,2
340066,1,1,0,0,0,0,0,0,0,0,0,0
340067,0,1,13,13,13,13,13,13,13,13,13,13
340067,1,1,0,0,0,7,0,0,0,0,0,0
340068,1,1,0,0,0,0,0,0,0,0,0,0
340068,2,1,0,0,0,0,0,0,0,0,0,0
340069,1,1,0,0,0,0,0,0,0,0,0,0
340070,1,1,0,0,0,0,0,0,0,0,0,0
340070,2,1,0,0,0,5,0,0,0,0,0,0
340071,0,1,0,0,0,0,0,0,0,0,0,0
340071,1,1,0,0,23,0,0,0,0,0,0,0
340072,1,1,0,0,0,0,0,0,0,0,0,0
340072,2,1,0,0,0,0,0,0,0,0,0,0
340073,1,1,0,0,0,0,0,0,0,0,0,0
340073,2,1,0,0,0,0,0,0,0,0,0,0
340074,1,1,26,26,26,26,26,26,26,26,26,26
340075,1,1,0,0,0,0,0,0,0,0,0,0
340075,2,1,0,0,0,0,0,0,0,0,0,0
340076,0,1,5,5,5,5,5,5,5,5,5,5
340076,1,1,0,0,0,32,0,0,0,0,0,0
340077,1,1,0,0,0,0,0,0,0,0,0,0
340078,1,1,15,15,15,15,15,15,15,15,15,15
340079,1,1,0,0,0,0,0,0,0,0,0,0
340079,2,1,0,0,0,0,0,0,0,0,0,0
340080,1,1,0,16,0,0,0,0,0,0,0,0
340080,2,1,0,0,0,0,0,0,0,0,0,0
340081,0,1,0,0,0,0,0,0,0,0,0,0
340081,1,1,0,0,0,0,0,0,0,0,0,0
340082,0,1,37,37,37,37,37,37,37,37,37,37
340082,1,1,0,0,0,0,0,0,0,0,0,0
340083,1,1,25,25,25,25,25,25,25,25,25,25
340084,1,1,0,0,0,0,16,14,0,0,0,0
340085,0,1,11,11,11,11,11,11,11,11,11,11
340085,1,1,0,0,0,0,0,0,0,0,0,0
340086,0,1,36,36,36,36,36,36,36,36,36,36
340086,1,1,0,0,0,0,0,0,0,0,0,0
340087,1,1,0,0,0,0,0,0,0,0,0,0
340087,2,1,0,0,0,0,0,0,0,0,0,0
340088,1,1,0,0,0,0,0,0,0,0,0,0
340088,2,1,0,0,0,0,0,0,0,0,0,0
340089,0,1,0,0,19,0,0,0,0,0,27,0
340089,1,1,0,0,0,19,17,23,17,0,0,10
340090,1,1,12,12,12,12,12,12,12,12,12,12
340091,0,1,0,0,0,0,0,0,0,0,0,0
340091,1,1,0,0,0,0,0,0,0,0,0,0
340092,1,1,0,0,0,0,0,0,0,0,0,0
340092,2,1,12,12,12,12,12,12,12,12,12,12
340093,0,1,0,0,0,0,0,0,0,0,0,0
340093,1,1,0,0,0,0,0,0,0,0,0,0
340094,1,1,0,0,0,0,0,0,0,0,0,0
340094,2,1,7,7,7,7,7,7,7,7,7,7
340095,1,1,12,12,12,12,12,12,12,12,12,12
340096,0,1,8,8,8,8,8,8,8,8,8,8
340096,1,1,0,0,0,0,0,0,0,0,0,0
340096,2,1,0,0,0,0,0,0,0,0,0,0
340097,1,1,0,0,0,0,0,0,0,0,0,0
340097,2,1,0,0,0,0,0,0,0,0,0,0
340098,1,1,9,9,9,9,9,9,9,9,9,9
340098,2,1,0,0,0,0,0,0,0,0,0,0
340099,1,1,0,0,0,0,0,0,0,0,0,0
340099,2,1,0,0,0,0,0,0,0,0,0,0
340100,1,1,18,18,18,18,18,18,18,18,18,18
340101,0,1,0,0,0,0,0,0,0,0,0,0
340101,1,1,0,0,0,12,15,0,8,0,0,0
340102,1,1,0,0,0,0,0,0,0,0,0,0
340102,2,1,0,0,0,0,0,0,0,0,0,0
340103,1,1,0,0,0,0,0,0,0,0,0,0
340104,1,1,22,22,22,22,22,22,22,22,22,22
340105,1,1,27,27,27,27,27,27,27,27,27,27
340106,1,1,0,0,0,0,0,0,0,0,0,0
340106,2,1,0,0,0,0,0,0,0,0,0,0
340107,1,1,0,0,0,0,0,0,0,0,0,0
340107,2,1,0,0,0,0,0,0,0,0,0,0
340108,0,1,0,0,0,0,0,0,0,0,0,0
340108,2,1,15,0,0,0,0,0,0,0,0,0
340108,3,1,12,12,12,12,12,12,12,12,12,12
340109,0,1,0,22,14,10,19,0,35,5,0,0
340109,1,1,5,5,0,0,10,8,0,0,0,0
340110,1,1,0,0,0,0,0,0,0,0,0,0
340110,2,1,0,0,0,0,0,0,0,0,0,0
340111,1,1,0,0,0,0,0,0,0,0,0,0
340112,0,1,0,0,0,0,0,0,0,0,0,0
340112,0,2,0,0,0,0,0,0,0,0,0,0
340112,2,1,0,0,0,0,0,0,0,0,0,0
340113,1,1,0,0,0,0,0,0,0,0,0,0
340113,2,1,0,0,0,0,0,0,0,0,0,0
340114,1,1,0,0,0,0,0,0,18,0,0,19
340115,1,1,0,0,0,0,0,0,0,0,0,0
340116,0,1,0,0,0,0,0,0,0,0,0,0
340116,1,1,35,7,17,0,10,0,30,12,22,28
340117,0,1,0,0,0,0,14,0,0,0,0,0
340117,1,1,12,20,14,0,7,15,0,0,5,0
340118,1,1,0,0,0,0,0,0,0,0,0,0
340118,2,1,0,0,0,0,0,0,0,0,0,0
340118,3,1,0,0,0,0,0,0,0,0,0,0
340119,0,1,21,21,21,21,21,21,21,21,21,21
340119,1,1,0,0,0,0,0,0,0,0,14,11
340120,1,1,0,0,0,0,0,0,0,0,0,0
340121,1,1,0,0,0,0,0,0,0,0,0,0
340121,2,1,0,0,0,0,0,0,0,0,0,0
340121,3,1,0,0,0,0,0,0,0,0,0,0
340122,1,1,0,0,0,0,0,0,0,0,0,0
340123,1,1,0,0,0,0,0,0,0,0,0,0
340124,1,1,0,0,0,0,0,0,0,0,0,0
340124,2,1,0,0,0,0,0,0,0,0,0,0
340125,1,1,0,0,0,0,0,0,0,0,0,0
340126,1,1,0,0,0,0,0,0,0,0,0,0
340126,2,1,0,0,0,0,0,0,0,0,0,0
340127,1,1,0,0,0,0,0,0,0,0,0,0
340128,1,1,0,0,0,0,0,0,0,0,0,16
340128,2,1,4,21,32,0,0,12,0,0,0,34
340128,3,1,0,0,0,0,0,0,0,0,0,0
340129,1,1,14,14,14,14,14,14,14,14,14,14
340129,2,1,0,0,0,0,0,0,0,0,0,0
340129,3,1,0,0,0,0,0,0,0,0,0,0
340129,4,1,0,0,0,0,0,0,0,0,0,14
340130,1,1,0,0,0,0,0,0,0,0,0,0
340130,2,1,0,0,0,0,0,0,0,0,0,0
340131,1,1,15,15,15,15,15,15,15,15,15,15
340132,0,1,0,0,0,0,0,0,0,0,0,0
340132,1,1,0,0,0,0,0,0,0,0,0,0
340133,0,1,0,0,0,0,46,0,0,0,0,0
340133,2,1,0,0,0,17,0,0,0,0,0,0
340134,0,1,31,31,31,31,31,31,31,31,31,31
340134,1,1,0,0,0,0,0,0,0,0,0,0
340135,1,1,0,0,0,0,0,0,0,0,0,0
340135,2,1,0,0,0,0,0,0,0,0,0,0
340136,0,1,0,0,29,0,0,0,0,0,0,0
340136,1,1,0,0,0,0,0,0,0,0,0,0
340137,0,1,15,15,15,15,15,15,15,15,15,15
340137,0,2,14,14,14,14,14,14,14,14,14,14
340137,1,1,15,15,15,15,15,15,15,15,15,15
340138,0,1,7,7,7,7,7,7,7,7,7,7
340138,1,1,0,0,0,0,17,0,0,0,0,0
340139,0,1,0,0,0,0,0,0,0,0,0,0
340139,1,1,0,0,0,0,0,0,0,0,0,0
340140,1,1,0,0,0,0,0,0,0,0,0,0
340141,1,1,20,20,20,20,20,20,20,20,20,20
340141,2,1,0,0,0,0,0,0,0,0,0,0
340142,0,1,0,0,0,0,0,0,0,0,0,0
340142,1,1,0,0,0,0,0,0,0,0,28,0
340144,1,1,0,0,0,0,0,0,0,0,0,0