ST_CASE,VEH_NO,PER_NO,P1,P2,P3,P4,P5,P6,P7,P8,P9,P10
340145,0,1,0,0,0,0,0,0,0,0,0,0
340145,1,1,0,0,0,0,0,0,0,0,0,0
340146,1,1,0,0,0,0,0,0,0,0,0,0
340146,5,1,0,8,12,0,0,0,0,0,0,0
340147,0,1,0,0,0,0,0,0,0,0,0,0
340147,1,1,0,0,0,0,0,0,0,0,0,0
340148,1,1,6,6,6,6,6,6,6,6,6,6
340149,1,1,9,9,9,9,9,9,9,9,9,9
340149,2,1,0,0,0,0,0,0,0,0,0,0
340150,0,1,0,0,0,0,0,0,0,0,0,0
340150,1,1,0,0,0,0,22,0,0,0,0,0
340151,0,1,0,0,0,0,0,0,0,0,0,0
340151,1,1,0,9,0,13,0,0,13,0,0,0
340152,1,1,1,1,1,1,1,1,1,1,1,1
340152,2,1,0,0,0,0,0,0,0,0,0,0
340153,0,1,13,13,13,13,13,13,13,13,13,13
340153,1,1,0,0,0,0,0,0,0,0,0,0
340154,0,1,0,0,0,0,0,0,0,0,0,0
340154,1,1,0,0,0,0,0,0,0,0,0,0
340155,1,1,0,0,0,0,0,0,0,0,0,0
340155,2,1,0,0,0,0,0,0,0,0,0,0
340156,1,1,0,0,0,0,0,0,0,0,0,0
340156,2,1,0,0,0,0,0,0,0,0,0,0
340157,0,1,21,21,21,21,21,21,21,21,21,21
340157,1,1,0,0,0,0,0,0,0,0,0,0
340158,1,1,0,0,0,0,0,0,0,0,0,0
340158,2,1,8,8,8,8,8,8,8,8,8,8
340159,1,1,0,0,0,0,0,0,0,0,0,0
340159,2,1,0,0,0,0,0,0,0,0,0,0
340160,1,1,0,0,0,0,0,0,0,0,0,0
340161,1,1,0,0,31,0,0,0,0,12,0,0
340162,0,1,21,21,21,21,21,21,21,21,21,21
340162,1,1,0,0,0,0,0,15,0,0,0,0
340163,1,1,17,17,17,17,17,17,17,17,17,17
340164,1,1,0,0,0,0,0,0,0,0,0,0
340164,2,1,6,6,6,6,6,6,6,6,6,6
340165,1,1,0,0,0,0,0,0,0,0,0,0
340165,2,1,13,13,13,13,13,13,13,13,13,13
340166,1,1,0,0,0,0,0,0,0,0,0,0
340166,2,1,0,0,0,0,0,0,0,0,0,0
340167,0,1,0,0,0,0,0,0,0,0,0,0
340167,1,1,0,0,0,0,0,0,0,0,0,0
340168,1,1,22,22,22,22,22,22,22,22,22,22
340168,2,1,0,0,0,0,0,0,0,0,0,0
340168,3,1,0,0,0,0,0,0,0,0,0,0
340168,4,1,0,0,0,0,0,0,0,0,0,0
340168,5,1,0,0,0,0,0,0,0,0,0,8
340169,1,1,16,0,21,21,13,0,0,0,0,0
340170,1,1,0,0,0,0,0,0,0,0,0,0
340170,2,1,0,0,0,0,0,0,0,0,0,0
340171,1,1,18,0,0,0,0,0,0,0,0,9
340172,0,1,0,0,0,0,0,0,0,0,0,0
340172,1,1,0,0,0,0,0,0,0,0,0,0
340173,1,1,24,24,24,24,24,24,24,24,24,24
340174,1,1,16,16,16,16,16,16,16,16,16,16
340174,2,1,0,0,0,0,0,0,14,0,0,0
340175,1,1,0,0,0,0,0,0,0,0,0,0
340176,1,1,0,0,0,0,0,0,0,0,0,0
340176,2,1,0,0,0,0,6,0,0,8,8,5
340177,1,1,0,0,0,0,0,0,0,0,0,0
340177,2,1,13,13,13,13,13,13,13,13,13,13
340178,1,1,0,0,0,0,0,0,0,0,0,0
340179,1,1,0,0,0,22,0,0,0,0,0,0
340179,2,1,0,0,0,0,0,0,0,0,0,0
340180,0,1,0,0,0,0,0,0,0,0,0,0
340180,1,1,0,0,0,0,0,0,0,0,0,0
340181,1,1,0,0,0,0,0,0,0,0,0,0
340181,2,1,0,0,0,0,0,0,0,0,0,0
340182,1,1,0,0,0,0,0,0,0,0,0,0
340183,1,1,13,18,0,22,0,27,0,0,0,0
340183,2,1,0,0,0,0,0,0,0,0,0,0
340184,0,1,0,0,0,0,0,0,0,0,0,0
340184,1,1,0,0,0,0,0,0,0,0,0,0
340185,1,1,0,0,0,0,0,0,0,0,0,0
340186,0,1,0,0,0,0,0,0,0,0,0,0
340186,1,1,0,0,0,0,0,0,0,0,0,0
340187,0,1,5,5,5,5,5,5,5,5,5,5
340187,1,1,0,0,0,0,18,0,0,0,0,0
340188,0,1,0,0,0,0,0,0,0,0,0,0
340188,0,2,0,0,0,0,0,0,0,31,0,0
340188,1,1,0,0,0,0,0,0,0,0,0,0
340189,1,1,0,0,15,15,0,0,0,0,0,0
340189,2,1,0,0,0,0,0,0,0,0,0,0
340190,1,1,0,6,0,0,0,0,27,7,0,2
340190,2,1,0,0,0,0,0,0,0,0,0,0
340191,1,1,0,0,0,0,0,0,0,0,0,0
340191,2,1,0,0,0,0,0,0,0,0,0,0
340192,1,1,0,0,0,0,0,0,0,0,0,0
340192,2,1,9,9,9,9,9,9,9,9,9,9
340193,1,1,13,13,13,13,13,13,13,13,13,13
340193,2,1,0,0,0,0,0,0,11,0,0,0
340194,1,1,0,0,0,0,0,0,0,0,0,0
340194,2,1,0,0,0,0,0,0,11,0,0,0
340194,3,1,0,0,0,0,0,0,0,0,0,0
340195,0,1,9,9,9,9,9,9,9,9,9,9
340195,1,1,0,0,0,0,0,0,0,0,0,0
340196,1,1,0,0,0,0,0,0,0,0,0,0
340196,2,1,0,0,0,0,0,0,0,0,0,0
340197,0,1,26,26,26,26,26,26,26,26,26,26
340197,1,1,0,0,0,0,0,0,0,0,0,0
340198,1,1,3,3,3,3,3,3,3,3,3,3
340199,1,1,16,16,16,16,16,16,16,16,16,16
340200,0,1,19,19,19,19,19,19,19,19,19,19
340200,1,1,0,0,0,0,0,0,0,0,0,0
340201,1,1,13,13,13,13,13,13,13,13,13,13
340201,2,1,0,0,0,0,0,0,0,0,0,0
340202,1,1,10,10,10,10,10,10,10,10,10,10
340202,2,1,8,8,8,8,8,8,8,8,8,8
340203,0,1,0,8,0,0,0,8,0,0,0,0
340203,1,1,0,0,0,0,0,0,0,0,0,0
340204,1,1,14,14,14,14,14,14,14,14,14,14
340205,1,1,0,0,0,0,0,0,0,0,0,0
340205,2,1,0,0,0,0,0,0,0,0,0,0
340205,3,1,0,0,0,0,0,0,0,0,0,0
340206,1,1,0,0,0,0,0,0,21,0,0,0
340206,2,1,1,1,1,1,1,1,1,1,1,1
340207,1,1,3,3,3,3,3,3,3,3,3,3
340208,0,1,14,14,14,14,14,14,14,14,14,14
340208,1,1,0,0,0,0,0,0,0,0,0,11
340209,0,1,0,0,0,0,0,0,0,0,0,0
340209,1,1,0,0,0,0,0,0,0,0,0,0
340210,1,1,0,0,0,0,0,0,0,0,0,0
340210,2,1,0,0,0,0,0,11,0,7,7,0
340211,1,1,0,0,0,0,0,0,0,0,0,0
340211,2,1,0,0,0,0,0,0,0,0,0,0
340212,1,1,0,0,0,0,0,0,0,0,0,0
340212,2,1,0,0,0,0,0,0,0,0,0,0
340213,1,1,1,1,1,1,1,1,1,1,1,1
340213,2,1,0,0,0,0,0,0,0,0,0,0
340214,1,1,0,0,0,0,0,0,0,0,0,0
340214,2,1,0,0,0,0,0,0,0,0,0,0
340215,1,1,0,0,0,0,0,0,0,0,0,0
340215,2,1,0,0,0,0,0,0,0,0,0,0
340216,1,1,0,0,0,0,0,0,0,0,0,0
340216,2,1,0,0,0,0,0,0,0,0,0,0
340217,0,1,0,0,0,0,0,0,0,0,0,0
340217,1,1,0,0,0,0,0,0,0,0,0,0
340218,1,1,0,0,0,0,0,0,0,0,0,0
340219,1,1,0,0,0,0,0,12,0,0,0,0
340219,2,1,10,10,10,10,10,10,10,10,10,10
340221,1,1,0,0,0,0,0,0,0,0,6,0
340222,1,1,0,0,0,0,0,0,0,0,0,0
340222,2,1,0,0,0,0,0,0,0,0,0,0
340223,1,1,0,0,0,0,0,0,0,0,0,0
340224,0,1,18,36,25,15,38,19,13,6,24,22
340224,1,1,0,0,0,0,0,0,0,0,0,0
340225,1,1,19,19,19,19,19,19,19,19,19,19
340226,0,1,0,11,0,0,0,0,0,34,0,33
340226,1,1,0,0,0,23,0,0,0,0,0,22
340227,1,1,12,12,12,12,12,12,12,12,12,12
340228,1,1,5,5,5,5,5,5,5,5,5,5
340228,2,1,0,0,0,0,0,0,0,9,0,0
340229,0,1,0,0,0,0,0,0,0,0,0,0
340229,1,1,0,0,0,0,0,0,0,0,0,0
340230,1,1,24,12,0,21,0,17,20,0,0,0
340231,0,1,0,0,0,0,0,0,0,0,0,0
340231,1,1,0,0,0,0,0,0,0,0,0,0
340232,1,1,0,0,0,0,0,0,0,0,0,0
340232,2,1,0,0,0,0,0,0,0,0,0,0
340233,1,1,6,6,6,6,6,6,6,6,6,6
340233,2,1,0,0,0,0,0,0,0,0,0,0
340234,1,1,0,0,0,0,0,0,0,0,0,0
340234,2,1,0,0,0,0,0,0,0,0,0,0
340235,0,1,0,19,0,0,0,0,0,0,0,0
340235,1,1,0,0,0,0,0,0,0,0,0,0
340236,0,1,0,0,0,0,0,0,0,0,0,0
340236,1,1,0,0,0,0,0,0,0,0,0,0
340237,0,1,0,0,0,0,0,0,0,0,0,0
340237,1,1,0,0,0,25,0,0,0,0,0,0
340238,1,1,0,0,0,19,0,0,0,0,0,0
340238,2,1,0,0,0,0,0,0,0,0,0,0
340238,3,1,0,0,0,0,0,0,0,0,0,0
340238,4,1,0,0,0,0,0,0,0,0,0,0
340238,5,1,0,0,19,0,0,0,0,23,0,0
340239,1,1,12,12,12,12,12,12,12,12,12,12
340240,1,1,0,0,0,0,8,5,0,0,0,0
340240,2,1,0,0,0,0,0,0,0,0,0,0
340241,1,1,0,0,0,0,0,0,0,0,0,0
340241,2,1,0,0,0,0,0,0,0,0,0,0
340242,0,1,0,0,0,0,0,0,0,0,0,0
340242,1,1,3,28,0,0,11,27,24,0,0,0
340243,0,1,0,0,0,0,0,0,0,0,0,0
340243,1,1,0,0,0,0,0,0,0,0,0,0
340244,0,1,5,5,5,5,5,5,5,5,5,5
340244,1,1,0,0,0,0,0,0,35,0,0,21
340245,1,1,0,0,0,0,0,0,0,0,0,0
340246,1,1,19,19,19,19,19,19,19,19,19,19
340246,2,1,0,0,0,0,0,0,0,0,0,0
340247,1,1,27,27,27,27,27,27,27,27,27,27
340248,1,1,0,0,0,0,0,0,0,0,0,0
340248,2,1,0,0,0,0,0,0,0,0,0,0
340249,0,1,0,0,0,0,0,0,0,0,0,0
340249,0,2,0,30,0,30,10,0,0,18,0,15
340249,1,1,0,0,0,0,0,0,0,0,0,0
340250,1,1,0,0,0,0,0,0,0,0,0,0
340250,2,1,0,0,0,0,0,0,0,0,0,0
340250,3,1,0,0,0,0,0,0,0,0,0,0
340251,0,1,0,0,0,0,0,0,0,0,0,0
340251,1,1,0,0,0,0,0,0,0,0,0,0
340252,1,1,0,0,0,0,0,0,0,0,0,0
340252,2,1,0,0,0,0,0,0,0,0,0,0
340253,1,1,0,0,0,0,0,0,0,0,0,0
340253,2,1,0,0,0,0,0,0,0,0,0,0
340254,1,1,0,0,0,0,0,0,0,0,0,0
340254,2,1,0,0,0,0,0,0,0,0,0,0
340255,1,1,0,0,0,0,19,0,0,0,0,0
340255,2,1,4,4,4,4,4,4,4,4,4,4
340256,1,1,34,34,34,34,34,34,34,34,34,34
340257,1,1,0,0,0,0,0,0,0,0,0,0
340257,2,1,0,0,0,0,0,0,0,0,0,0
340258,0,1,0,0,0,0,0,0,0,0,0,0
340258,1,1,10,10,10,10,10,10,10,10,10,10
340259,1,1,0,0,0,0,0,0,0,0,0,0
340260,1,1,22,22,22,22,22,22,22,22,22,22
340261,1,1,19,19,19,19,19,19,19,19,19,19
340262,1,1,0,0,0,0,0,0,0,0,0,0
340262,2,1,0,0,10,0,0,0,0,0,0,0
340263,0,1,0,0,0,0,0,0,0,0,0,0
340263,1,1,0,0,0,0,0,0,0,0,0,0
340264,0,1,0,0,0,0,0,0,0,0,0,0
340264,1,1,0,0,0,0,0,0,0,0,0,0
340265,1,1,0,0,0,0,0,0,0,0,0,0
340265,2,1,0,0,0,0,0,0,0,0,0,0
340265,3,1,0,0,0,0,0,0,0,0,0,0
340266,0,1,0,0,0,0,0,0,0,0,0,0
340266,1,1,0,0,0,0,0,0,0,0,0,0
340267,1,1,26,0,0,0,0,0,0,0,0,14
340268,0,1,0,0,0,0,0,0,0,0,0,0
340268,1,1,0,0,0,0,0,0,0,0,0,0
340269,1,1,0,0,0,0,0,0,0,0,0,0
340270,0,1,30,30,30,30,30,30,30,30,30,30
340270,1,1,0,0,0,0,0,0,0,0,0,0
340271,1,1,0,14,18,0,0,12,0,0,21,16
340271,2,1,0,0,0,0,0,0,0,0,0,0
340272,0,1,0,0,0,0,0,0,0,0,0,0
340272,1,1,0,18,0,0,0,0,0,0,0,15
340274,1,1,27,27,27,27,27,27,27,27,27,27
340274,2,1,14,0,0,0,0,1,0,0,0,0
340274,3,1,0,0,0,0,0,0,0,0,0,0
340275,0,1,15,15,15,15,15,15,15,15,15,15
340275,1,1,3,0,0,0,0,0,0,0,0,0
340275,2,1,0,0,0,22,0,0,0,0,0,26
340276,1,1,0,0,0,0,0,0,0,0,0,0
340277,1,1,1,1,1,1,1,1,1,1,1,1
340278,1,1,30,30,30,30,30,30,30,30,30,30
340278,2,1,19,19,19,19,19,19,19,19,19,19
340279,1,1,15,15,15,15,15,15,15,15,15,15
340279,2,1,0,0,0,0,0,0,0,0,0,0
340280,1,1,3,3,3,3,3,3,3,3,3,3
340280,2,1,0,0,0,0,0,0,0,0,0,0
340281,1,1,0,0,0,17,0,0,0,0,0,0
340281,2,1,22,22,22,22,22,22,22,22,22,22
340281,3,1,0,0,0,0,0,0,19,0,0,0
340282,0,1,0,0,0,0,0,0,0,0,0,0
340282,1,1,0,24,0,0,0,0,0,0,0,0
340283,1,1,0,0,0,0,0,0,0,0,0,0
340284,1,1,12,0,4,0,4,0,0,0,23,0
340284,2,1,12,12,12,12,12,12,12,12,12,12
340285,0,1,0,0,0,0,0,0,0,0,0,0
340285,1,1,0,0,0,0,0,0,0,0,0,0
340286,1,1,10,22,0,0,20,0,21,0,0,0
340286,2,1,4,0,0,0,0,0,0,0,0,0
340286,3,1,0,0,22,0,0,0,0,0,0,0
340287,0,1,36,36,36,36,36,36,36,36,36,36
340287,1,1,0,0,0,0,0,0,0,0,0,0
340288,0,1,0,0,0,0,0,0,0,0,0,0
340288,1,1,0,0,0,0,0,0,0,0,0,0
340289,0,1,0,0,0,0,0,0,0,0,0,0
340289,1,1,0,0,0,13,0,0,0,0,0,0
340290,0,1,0,0,0,0,0,0,0,0,0,0
340290,1,1,0,0,0,0,0,0,0,0,0,0
340291,0,1,0,0,0,0,0,0,0,0,0,0
340291,1,1,0,0,0,0,0,0,0,0,0,0
340292,1,1,0,0,0,0,0,11,0,0,0,0
340292,2,1,0,0,0,0,0,0,0,0,0,0
340293,1,1,19,19,19,19,19,19,19,19,19,19
340294,2,1,0,0,0,0,0,0,0,0,0,0
340295,1,1,0,25,0,36,0,43,17,0,0,0
340295,2,1,0,0,0,0,0,0,0,0,0,0
340296,1,1,0,0,0,0,0,0,9,0,0,7
340297,1,1,0,0,0,0,0,0,0,0,0,0
340297,2,1,0,0,0,0,0,0,9,0,0,0
340298,1,1,0,0,0,0,0,0,0,0,0,0
340299,0,1,23,23,23,23,23,23,23,23,23,23
340299,1,1,0,0,0,0,0,29,17,0,0,0
340300,0,1,0,0,43,0,0,6,0,0,0,0
340300,1,1,0,0,0,0,0,0,0,0,0,0
340300,2,1,0,0,0,0,0,0,0,0,0,0
340300,3,1,0,0,0,0,0,0,0,0,13,0
340301,1,1,0,0,0,11,0,0,0,0,0,0
340301,2,1,0,0,0,0,0,0,0,0,0,0
340302,0,1,0,0,0,0,0,0,0,0,0,0
340302,1,1,0,0,0,0,0,0,0,0,0,0
340303,1,1,17,17,17,17,17,17,17,17,17,17
340303,2,1,0,0,0,0,0,0,0,0,0,0
340304,1,1,0,0,0,0,0,0,0,0,0,0
340304,2,1,0,0,0,0,0,0,0,0,0,5
340305,1,1,0,0,0,0,0,0,0,0,0,0
340305,2,1,0,0,0,0,0,0,0,0,0,0
340306,1,1,7,7,7,7,7,7,7,7,7,7
340307,1,1,0,0,0,0,0,0,0,0,0,0
340307,2,1,0,0,0,0,0,0,0,0,0,0
340308,1,1,29,29,29,29,29,29,29,29,29,29
340308,2,1,0,0,0,0,0,0,0,0,0,0
340309,1,1,0,0,0,0,0,0,0,0,0,0
340309,2,1,0,0,0,0,0,0,0,0,0,0
340309,3,1,0,0,21,0,0,0,0,0,0,0
340310,1,1,19,0,0,0,0,0,0,0,0,0
340310,2,1,0,0,0,0,0,0,0,0,0,0
340310,3,1,0,0,0,0,0,0,0,0,0,0
340311,1,1,0,0,0,0,0,0,0,0,0,0
340312,1,1,3,3,3,3,3,3,3,3,3,3
340312,2,1,0,0,0,0,0,0,0,0,0,0
340313,2,1,0,0,0,0,0,0,0,0,0,0
340314,1,1,0,0,11,0,0,0,12,0,0,0
340314,2,1,0,0,0,0,0,0,0,0,0,0
340315,1,1,7,7,7,7,7,7,7,7,7,7
340315,2,1,0,0,0,0,0,0,0,0,0,0
340316,1,1,0,0,0,0,0,0,0,0,0,0
340316,2,1,0,0,0,0,0,0,11,0,0,0
340317,0,1,36,0,0,30,0,0,8,0,21,0
340317,1,1,0,0,0,0,0,0,0,0,0,0
340318,1,1,0,0,0,0,0,0,0,0,0,0
340318,2,1,0,0,0,0,0,0,0,0,0,0
340319,1,1,7,7,7,7,7,7,7,7,7,7
340320,0,1,0,0,0,0,0,0,0,0,0,0
340320,1,1,0,0,0,0,0,0,0,0,0,0
340322,1,1,0,0,0,10,22,0,0,0,0,0
340322,2,1,0,0,0,0,0,0,0,0,0,0
340323,1,1,10,10,10,10,10,10,10,10,10,10
340323,2,1,0,0,0,0,0,0,0,0,0,0
340324,1,1,0,0,0,0,0,0,0,0,0,0
340325,0,1,0,0,0,0,0,0,0,0,0,0
340325,1,1,0,0,0,0,0,0,0,0,0,0
340326,0,1,0,0,0,0,0,0,0,0,0,0
340326,1,1,0,0,0,0,0,0,0,0,0,0
340327,1,1,16,16,16,16,16,16,16,16,16,16
340328,0,1,26,26,26,26,26,26,26,26,26,26
340328,1,1,0,0,0,0,9,23,29,0,0,0
340329,1,1,0,0,0,0,0,0,0,0,0,0
340329,2,1,0,0,0,0,0,19,0,0,0,0
340330,1,1,0,0,0,0,0,0,0,0,0,0
340330,2,1,0,0,0,0,0,0,0,0,0,0
340331,1,1,0,0,0,0,0,0,0,0,0,0
340331,2,1,0,0,0,0,0,0,0,0,0,0
340332,0,1,0,0,0,0,0,0,0,0,0,0
340332,1,1,0,0,0,0,0,0,0,0,0,0
340333,1,1,5,16,0,0,0,32,0,0,9,12
340334,0,1,0,0,0,0,0,0,0,0,0,0
340334,1,1,0,0,0,0,0,0,0,0,0,0
340335,1,1,3,3,3,3,3,3,3,3,3,3
340336,0,1,0,0,0,0,0,0,0,0,0,0
340336,1,1,15,15,15,15,15,15,15,15,15,15
340337,1,1,0,22,0,0,0,8,0,16,16,0
340338,1,1,0,0,0,0,0,0,0,0,0,0
340338,2,1,0,0,0,0,0,0,0,0,0,0
340339,1,1,0,0,0,0,0,0,0,0,0,0
340339,2,1,0,0,0,0,0,0,0,0,0,0
340340,1,1,0,0,0,0,0,0,0,0,0,0
340340,2,1,4,4,4,4,4,4,4,4,4,4
340341,0,1,0,0,0,0,0,0,0,0,6,9
340341,1,1,0,0,0,0,0,7,0,13,0,0
340342,0,1,4,4,4,4,4,4,4,4,4,4
340342,1,1,9,9,9,9,9,9,9,9,9,9
340343,1,1,0,0,0,0,0,0,0,0,0,0
340343,2,1,0,0,0,0,0,0,0,0,21,0
340344,0,1,0,0,0,0,0,0,0,0,0,0
340344,1,1,0,0,0,0,0,0,0,0,0,0
340345,0,1,23,23,23,23,23,23,23,23,23,23
340345,1,1,0,0,0,0,0,0,19,0,0,0
340346,1,1,0,0,0,0,0,0,0,0,0,0
340347,1,1,32,32,32,32,32,32,32,32,32,32
340348,1,1,16,16,16,16,16,16,16,16,16,16
340349,1,1,0,0,0,0,0,0,0,0,0,0
340349,2,1,4,4,4,4,4,4,4,4,4,4
340350,1,1,0,0,0,0,0,0,0,0,0,0
340350,2,1,0,0,0,0,0,0,0,0,0,0
340351,0,1,0,0,0,0,0,0,0,0,0,0
340351,1,1,0,0,0,0,0,0,0,0,0,0
340352,1,1,14,14,14,14,14,14,14,14,14,14
340353,1,1,0,0,0,0,0,0,0,0,0,0
340353,2,1,0,0,0,0,0,0,0,0,0,0
340354,1,1,0,0,0,0,0,0,0,0,0,0
340354,2,1,0,0,0,0,0,12,0,0,7,0
340355,1,1,0,0,0,0,0,0,0,0,0,0
340355,2,1,0,0,0,0,0,0,0,0,0,0
340356,1,1,4,4,4,4,4,4,4,4,4,4
340357,1,1,16,16,16,16,16,16,16,16,16,16
340357,2,1,0,0,0,0,0,0,0,0,0,0
340357,3,1,0,0,0,0,15,0,0,16,0,0
340358,0,1,3,3,3,3,3,3,3,3,3,3
340358,1,1,0,0,0,15,0,0,0,0,0,0
340359,1,1,11,11,11,11,11,11,11,11,11,11
340360,1,1,0,0,0,0,0,0,0,0,0,0
340360,2,1,0,0,0,0,0,0,0,0,0,0
340361,1,1,0,0,0,0,0,0,0,0,0,0
340361,2,1,0,0,0,0,0,0,0,0,0,0
340361,3,1,0,0,0,0,0,0,0,0,0,0
340362,1,1,10,10,10,10,10,10,10,10,10,10
340362,2,1,0,0,0,0,0,0,0,0,0,0
340363,1,1,0,0,0,0,0,0,0,0,0,0
340363,2,1,0,0,0,0,0,0,0,0,0,0
340364,1,1,0,0,0,0,0,0,0,0,0,0
340364,2,1,0,0,0,0,0,0,0,0,0,0
340365,1,1,16,16,16,16,16,16,16,16,16,16
340366,1,1,0,0,0,0,0,0,0,0,0,0
340366,2,1,0,0,0,0,0,0,0,0,0,0
340367,1,1,0,0,0,0,0,0,0,0,0,0
340368,0,1,0,0,0,0,0,0,0,0,0,0
340368,1,1,0,0,0,0,0,0,0,0,0,0
340369,1,1,14,14,14,14,14,14,14,14,14,14
340370,1,1,0,0,0,0,0,0,0,0,0,0
340370,2,1,0,0,0,0,0,0,0,0,0,0
340371,1,1,0,0,0,0,0,0,0,0,0,0
340372,0,1,0,0,0,0,0,0,0,0,0,0
340372,1,1,5,0,19,0,10,0,9,13,11,13
340373,1,1,0,0,0,0,0,0,0,0,0,0
340374,0,1,0,0,0,0,0,0,0,0,0,0
340374,0,2,0,7,0,0,0,0,0,4,0,0
340374,1,1,14,23,32,0,40,23,0,32,0,9
340375,1,1,10,10,10,10,10,10,10,10,10,10
340376,1,1,0,0,0,0,0,0,0,0,0,0
340376,2,1,0,0,0,0,0,0,0,0,0,0
340377,1,1,0,0,0,0,0,0,0,0,0,0
340377,2,1,0,0,0,0,0,0,0,0,0,0
340378,1,1,0,0,0,0,0,0,0,0,0,0
340380,0,1,0,0,0,0,0,0,0,0,0,0
340380,1,1,27,0,0,0,19,18,9,0,0,12
340381,1,1,0,0,0,0,0,0,0,0,0,0
340382,1,1,20,20,20,20,20,20,20,20,20,20
340382,2,1,0,0,0,0,0,0,0,0,0,0
340383,1,1,0,0,0,18,0,0,0,8,0,0
340384,1,1,0,0,0,0,0,0,0,0,0,0
340385,3,1,0,0,0,0,0,0,0,0,0,0
340385,4,1,9,9,9,9,9,9,9,9,9,9
340386,1,1,0,0,0,0,0,0,0,0,0,0
340387,0,1,6,6,6,6,6,6,6,6,6,6
340387,1,1,0,0,0,0,0,0,0,0,0,0
340388,0,1,0,0,0,0,0,0,0,0,0,0
340388,1,1,0,0,0,0,0,0,0,0,0,0
340389,0,1,0,0,12,9,0,0,0,0,0,18
340389,1,1,0,0,4,0,0,0,13,0,0,0
340390,0,1,15,15,15,15,15,15,15,15,15,15
340390,1,1,0,6,0,12,0,7,5,0,0,0
340391,0,1,23,0,0,0,0,0,0,0,0,0
340391,1,1,0,0,0,0,0,0,0,0,0,0
340392,0,1,0,0,0,0,0,0,0,0,0,0
340392,1,1,0,0,0,0,0,0,0,0,0,0
340393,1,1,22,22,22,22,22,22,22,22,22,22
340394,1,1,0,0,0,0,0,0,0,0,0,0
340395,1,1,0,0,0,0,0,0,0,0,0,0
340395,2,1,0,0,0,0,0,0,0,0,0,0
340396,0,1,0,0,0,0,0,0,0,0,0,0
340396,1,1,0,0,0,0,0,0,0,0,0,0
340398,1,1,15,0,0,0,0,0,0,3,0,0
340399,1,1,0,0,0,0,0,0,0,0,0,0
340400,1,1,0,0,0,0,0,0,0,0,0,0
340401,1,1,0,0,0,0,0,0,0,0,0,0
340401,2,1,0,0,0,0,0,0,0,0,0,0
340401,3,1,0,0,0,0,0,0,0,0,0,0
340402,0,1,17,17,17,17,17,17,17,17,17,17
340402,1,1,0,0,0,0,0,0,0,0,0,0
340403,1,1,0,0,0,0,0,0,0,0,0,0
340403,2,1,0,0,0,0,0,0,0,0,0,0
340403,3,1,0,0,0,0,0,0,0,0,0,0
340404,1,1,0,0,0,0,0,0,0,0,0,0
340404,2,1,0,0,0,0,0,0,0,0,0,0
340405,1,1,0,0,0,0,0,0,0,0,0,0
340406,1,1,0,0,0,0,0,0,0,0,0,0
340407,1,1,21,21,21,21,21,21,21,21,21,21
340408,0,1,25,25,25,25,25,25,25,25,25,25
340408,1,1,0,0,0,0,0,0,0,0,0,0
340409,0,1,31,31,31,31,31,31,31,31,31,31
340409,1,1,0,0,0,0,0,0,0,0,0,0
340410,1,1,0,0,0,0,0,0,0,0,0,0
340411,1,1,0,0,0,0,0,0,0,0,0,0
340411,2,1,0,0,0,0,0,0,0,0,0,0
340412,0,1,0,0,0,0,0,0,0,0,0,0
340412,1,1,0,0,0,0,0,0,0,0,20,0
340413,0,1,0,0,0,0,0,0,0,0,0,0
340413,1,1,0,0,0,0,0,0,0,0,0,0
340414,0,1,0,0,0,0,0,0,0,0,0,0
340414,1,1,0,0,0,0,0,0,0,0,0,0
340415,1,1,0,0,0,0,0,0,0,0,0,0
340416,1,1,0,0,0,0,0,0,0,0,0,0
340416,2,1,0,0,0,0,0,0,0,0,0,0
340417,1,1,0,0,0,0,0,0,0,0,0,0
340417,2,1,0,0,0,0,0,0,0,0,0,0
340418,1,1,0,0,0,24,0,0,0,0,0,0
340418,2,1,0,0,23,0,0,10,0,0,0,0
340419,1,1,0,0,0,0,0,0,0,0,0,0
340420,0,1,25,25,25,25,25,25,25,25,25,25
340420,1,1,16,0,0,0,0,0,0,0,0,0
340421,0,1,23,12,29,33,27,25,12,19,44,9
340421,1,1,0,4,0,0,0,0,0,32,0,0
340422,1,1,0,0,0,0,0,0,0,0,0,0
340422,2,1,0,0,0,0,0,0,0,0,0,0
340423,1,1,0,0,0,0,0,0,0,0,0,0
340423,2,1,0,0,0,0,0,0,0,0,0,0
340424,0,1,0,0,0,0,0,0,0,0,0,0
340424,1,1,0,0,0,0,0,0,0,0,0,0
340425,0,1,17,17,17,17,17,17,17,17,17,17
340425,1,1,0,0,17,0,28,0,0,0,6,0
340425,2,1,31,0,0,0,0,0,0,0,6,0
340426,1,1,0,0,0,0,0,0,0,6,0,0
340426,2,1,24,24,24,24,24,24,24,24,24,24
340427,0,1,13,13,13,13,13,13,13,13,13,13
340427,1,1,4,4,4,4,4,4,4,4,4,4
340428,0,1,0,0,0,0,0,0,0,0,0,0
340428,1,1,0,0,0,0,0,0,0,0,0,0
340429,0,1,0,0,0,0,0,0,28,0,0,0
340429,1,1,0,0,0,22,0,0,0,0,0,0
340430,1,1,12,12,12,12,12,12,12,12,12,12
340431,0,1,0,0,0,0,0,0,0,0,0,0