ST_CASE,VEH_NO,PER_NO,P1,P2,P3,P4,P5,P6,P7,P8,P9,P10
340431,1,1,0,0,0,0,0,0,0,0,0,0
340433,0,1,0,0,7,26,0,0,0,11,0,26
340433,1,1,0,0,0,0,0,0,0,0,0,0
340434,1,1,0,22,0,0,0,0,0,0,0,0
340434,2,1,0,0,0,0,0,0,0,0,0,0
340435,1,1,0,0,0,0,0,0,0,0,0,0
340436,0,1,0,0,0,0,0,0,0,0,0,0
340436,1,1,15,0,0,0,0,0,7,0,0,0
340437,0,1,0,0,0,0,0,0,0,0,0,0
340437,1,1,0,0,0,0,0,0,0,0,0,0
340438,1,1,28,28,28,28,28,28,28,28,28,28
340439,0,1,31,31,31,31,31,31,31,31,31,31
340439,1,1,0,0,0,0,0,0,0,0,0,0
340440,1,1,0,0,0,0,0,0,15,0,0,0
340440,2,1,18,18,18,18,18,18,18,18,18,18
340441,1,1,1,1,1,1,1,1,1,1,1,1
340442,1,1,15,15,15,15,15,15,15,15,15,15
340442,2,1,0,0,0,0,0,0,0,0,0,0
340443,0,1,11,11,11,11,11,11,11,11,11,11
340443,1,1,0,0,0,14,0,0,0,0,0,0
340444,1,1,0,0,0,0,0,0,0,0,0,0
340444,2,1,0,0,0,0,0,0,0,0,0,0
340445,0,1,0,0,0,0,0,0,0,0,0,0
340445,1,1,0,0,0,0,15,0,0,0,17,10
340446,1,1,0,0,0,0,0,0,0,0,0,0
340446,2,1,0,0,0,0,0,0,0,0,0,0
340447,0,1,2,2,2,2,2,2,2,2,2,2
340447,1,1,0,34,0,0,29,0,9,14,0,0
340448,0,1,33,33,33,33,33,33,33,33,33,33
340448,1,1,0,0,0,0,20,0,5,0,29,0
340449,1,1,0,0,0,0,0,0,0,0,0,0
340449,2,1,0,0,0,0,0,0,0,0,0,0
340449,3,1,0,0,0,0,0,0,0,0,0,0
340450,1,1,0,0,0,0,0,0,0,0,0,0
340450,2,1,0,0,0,0,0,0,0,0,0,0
340451,1,1,0,0,0,0,0,0,0,0,0,0
340451,2,1,0,0,0,0,0,0,0,0,0,0
340452,0,1,0,0,0,0,0,0,0,0,0,0
340452,1,1,0,0,0,0,0,0,0,0,0,0
340453,1,1,17,17,17,17,17,17,17,17,17,17
340453,2,1,0,0,0,0,0,0,0,0,0,0
340454,1,1,0,0,0,0,0,0,0,0,0,0
340455,1,1,0,0,0,0,0,0,0,0,0,0
340455,2,1,0,0,0,0,0,0,0,0,0,0
340456,1,1,17,17,17,17,17,17,17,17,17,17
340456,2,1,0,0,0,0,0,0,0,0,0,0
340456,3,1,0,0,0,0,0,0,0,0,0,0
340457,0,1,0,0,0,0,0,0,0,0,0,0
340457,1,1,0,0,0,0,0,0,0,0,0,0
340458,0,1,0,0,0,0,0,0,0,0,0,0
340458,1,1,0,0,0,0,25,0,0,0,0,0
340459,1,1,26,11,10,17,8,19,0,3,15,0
340460,1,1,11,11,11,11,11,11,11,11,11,11
340461,1,1,0,0,17,0,9,0,0,21,0,0
340461,2,1,0,0,0,0,0,0,0,0,0,0
340462,1,1,0,0,0,0,0,0,0,0,0,0
340462,2,1,0,0,0,0,0,0,0,0,0,0
340463,1,1,17,17,17,17,17,17,17,17,17,17
340463,2,1,10,0,0,0,0,0,0,0,0,0
340463,3,1,1,1,1,1,1,1,1,1,1,1
340463,4,1,0,0,0,0,0,0,0,0,0,0
340464,1,1,0,0,0,0,0,0,0,0,0,0
340465,1,1,0,0,0,0,0,0,0,0,0,0
340466,1,1,2,2,2,2,2,2,2,2,2,2
340467,1,1,0,0,0,0,0,0,0,0,0,0
340467,2,1,0,0,0,0,0,0,0,0,0,0
340468,0,1,0,0,16,0,30,0,0,0,0,0
340468,1,1,0,0,16,0,0,0,0,17,0,0
340469,1,1,0,0,0,0,10,0,0,0,0,0
340469,2,1,0,0,0,0,0,0,0,0,0,0
340469,3,1,0,0,0,0,0,0,0,0,0,0
340469,4,1,0,0,0,0,0,0,0,0,0,0
340470,0,1,0,0,0,11,0,0,41,0,0,0
340470,1,1,0,0,0,0,0,23,0,0,0,0
340471,1,1,0,0,0,0,0,0,0,0,0,0
340472,1,1,0,0,0,0,0,0,0,0,0,0
340472,2,1,0,0,0,0,0,0,0,0,0,0
340473,0,1,18,0,0,0,10,0,0,0,0,0
340473,1,1,30,0,15,0,0,0,18,0,0,0
340474,0,1,0,0,0,0,0,0,0,0,0,0
340474,1,1,0,0,0,0,0,0,0,0,0,0
340475,0,1,0,0,0,0,0,0,0,0,0,0
340475,1,1,0,0,0,0,0,0,0,0,0,0
340476,0,1,0,0,0,0,0,0,0,0,0,0
340476,1,1,12,0,0,0,0,0,0,0,22,0
340476,2,1,0,0,0,0,0,0,0,0,0,0
340477,0,1,3,3,3,3,3,3,3,3,3,3
340477,1,1,0,0,0,0,0,0,0,0,0,0
340478,0,1,0,0,0,0,0,0,0,0,0,0
340478,1,1,0,0,0,0,0,0,0,0,0,0
340479,1,1,0,0,0,0,0,0,0,0,0,0
340479,2,1,0,0,0,0,0,0,0,0,0,0
340479,3,1,0,0,0,0,0,0,0,0,0,0
340480,1,1,0,0,0,0,0,0,0,0,0,0
340480,2,1,0,0,0,0,0,0,0,0,0,0
340481,0,1,25,25,25,25,25,25,25,25,25,25
340481,1,1,0,0,0,0,0,14,0,0,0,0
340482,0,1,17,17,17,17,17,17,17,17,17,17
340482,1,1,0,0,0,0,0,0,0,12,0,0
340483,1,1,0,0,0,0,0,0,0,0,0,0
340484,1,1,0,0,0,0,0,0,0,0,0,0
340484,3,1,0,0,0,0,0,0,0,0,0,0
340485,1,1,5,5,5,5,5,5,5,5,5,5
340486,1,1,0,10,0,0,11,0,0,0,0,28
340487,0,1,0,0,0,0,0,0,0,0,0,0
340487,1,1,0,0,0,0,0,0,17,0,0,9
340488,0,1,0,0,0,0,0,0,0,0,0,0
340488,1,1,0,0,0,0,0,0,0,0,0,0
340489,1,1,0,0,0,0,31,0,0,5,0,0
340490,0,1,0,0,32,0,17,0,0,7,30,0
340490,1,1,0,0,0,0,0,0,0,0,0,0
340491,0,1,0,0,26,35,17,0,0,7,10,21
340491,1,1,0,0,0,0,20,0,0,0,0,0
340492,0,1,0,0,0,0,0,0,0,0,0,0
340492,1,1,0,0,7,0,7,11,0,16,0,0
340493,0,1,11,4,0,33,15,12,0,10,10,33
340493,1,1,0,0,0,0,0,0,0,0,0,0
340494,1,1,0,0,0,0,0,0,0,0,0,0
340494,2,1,0,0,0,0,0,0,0,0,0,0
340495,0,1,0,0,0,0,0,0,0,0,0,0
340495,1,1,0,0,0,0,0,0,0,0,0,0
340496,1,1,10,10,10,10,10,10,10,10,10,10
340496,2,1,32,32,32,32,32,32,32,32,32,32
340497,1,1,0,6,31,0,0,15,0,0,0,0
340497,2,1,0,0,0,0,10,0,6,5,0,19
340497,3,1,0,0,0,0,0,0,0,0,0,0
340499,0,1,30,30,30,30,30,30,30,30,30,30
340499,1,1,0,0,0,0,0,0,0,1,0,0
340501,0,1,0,0,0,0,0,0,0,0,0,0
340501,1,1,26,0,0,13,0,0,11,0,32,0
340502,1,1,0,0,0,0,0,0,25,0,0,0
340502,2,1,0,0,0,0,0,0,0,0,0,0
340503,1,1,23,23,23,23,23,23,23,23,23,23
340503,2,1,0,0,0,0,0,0,0,0,0,0
340504,0,1,0,0,0,0,0,0,0,0,0,0
340504,1,1,0,0,0,0,0,0,0,0,0,0
340505,1,1,0,0,20,0,0,6,8,24,10,0
340505,2,1,0,0,0,0,0,0,0,0,0,19
340506,1,1,0,0,0,0,0,0,0,0,0,0
340506,2,1,12,12,12,12,12,12,12,12,12,12
340507,0,1,0,0,0,0,0,0,0,0,0,0
340507,1,1,0,0,0,0,0,0,0,0,0,0
340508,1,1,0,0,0,0,0,0,0,0,0,0
340508,2,1,1,1,1,1,1,1,1,1,1,1
340509,1,1,18,18,18,18,18,18,18,18,18,18
340510,0,1,0,0,0,0,0,0,0,0,0,0
340511,1,1,0,0,0,0,0,0,0,0,0,0
340511,2,1,34,0,0,0,0,0,0,0,0,0
340512,1,1,0,0,0,0,0,0,0,0,0,0
340512,2,1,0,0,0,0,0,0,0,0,0,0
340514,0,1,0,0,0,0,0,0,0,0,0,0
340514,1,1,0,0,0,0,0,0,0,0,0,0
340515,0,1,0,0,0,0,0,0,0,0,0,0
340515,1,1,0,0,0,0,0,0,0,0,0,0
340516,1,1,0,0,0,0,0,0,0,0,0,0
340516,2,1,0,0,0,0,0,0,0,3,0,0
340517,1,1,0,0,0,0,0,0,0,0,0,0
340517,2,1,0,0,0,0,0,0,0,0,0,0
340517,3,1,0,0,0,0,0,0,4,0,0,0
340517,4,1,0,0,0,0,0,0,0,0,0,0
340518,1,1,0,0,0,0,0,0,0,0,0,0
340518,2,1,20,20,20,20,20,20,20,20,20,20
340519,1,1,0,0,0,13,0,25,0,0,0,7
340519,2,1,0,0,0,0,0,0,0,0,0,0
340520,0,1,13,0,20,0,0,0,0,38,0,29
340520,0,2,0,9,10,0,0,13,0,32,23,0
340520,1,1,10,0,0,0,0,0,0,0,0,0
340521,1,1,0,0,0,0,0,0,0,0,0,0
340521,2,1,0,0,0,0,0,0,0,0,0,0
340522,1,1,0,0,0,0,13,0,7,15,0,0
340522,2,1,0,0,0,0,0,0,0,0,0,0
340523,0,1,0,0,0,0,0,0,0,0,0,0
340523,1,1,0,0,0,0,0,0,0,0,0,0
340524,0,1,0,0,0,0,0,0,0,0,0,0
340524,1,1,0,0,0,0,0,0,15,0,0,0
340525,0,1,0,0,0,0,0,0,0,0,0,0
340525,1,1,0,0,0,0,0,0,0,0,0,0
340526,0,1,8,0,0,0,0,0,0,26,19,0
340526,1,1,0,0,0,0,0,0,0,0,0,0
340527,1,1,2,0,17,11,0,0,4,0,10,14
340527,2,1,18,0,23,0,0,0,0,16,0,0
340527,3,1,0,24,26,0,23,0,0,0,0,16
340528,1,1,0,0,0,0,0,0,0,0,0,0
340528,2,1,0,11,0,0,0,0,0,0,0,0
340529,1,1,20,20,20,20,20,20,20,20,20,20
340531,1,1,7,7,7,7,7,7,7,7,7,7
340532,0,1,27,27,27,27,27,27,27,27,27,27
340532,1,1,0,5,11,0,0,0,0,11,11,0
340533,0,1,0,0,0,0,0,0,0,0,0,0
340533,1,1,0,0,0,0,0,0,0,0,0,0
340534,0,1,0,0,0,0,0,16,0,0,0,0
340534,1,1,0,0,0,0,0,0,0,0,0,0
340535,0,1,21,34,13,0,24,20,16,20,9,28
340535,1,1,0,0,0,0,0,0,0,0,0,0
340536,1,1,20,20,20,20,20,20,20,20,20,20
350001,1,1,16,7,0,0,0,0,0,17,0,0
350001,2,1,0,0,0,0,0,0,0,0,0,0
350002,0,1,23,7,42,16,10,24,10,12,19,7
350002,1,1,0,13,0,0,0,0,0,0,0,0
350003,1,1,15,15,15,15,15,15,15,15,15,15
350003,2,1,0,0,0,0,0,0,0,0,0,0
350004,1,1,0,0,0,0,0,0,0,0,0,0
350005,1,1,30,20,15,10,11,44,19,27,9,17
350005,2,1,0,0,13,20,0,0,0,0,0,0
350006,1,1,0,0,0,0,0,0,0,0,0,0
350006,2,1,0,0,0,0,22,2,0,0,0,0
350007,0,1,43,15,28,14,26,31,20,24,29,4
350007,1,1,0,0,0,0,0,0,0,0,0,0
350008,1,1,0,0,17,0,0,0,0,0,0,0
350008,2,1,0,0,0,0,0,0,0,0,0,0
350009,1,1,0,0,0,0,0,0,0,0,0,0
350010,0,1,28,28,28,28,28,28,28,28,28,28
350010,1,1,0,0,0,0,0,0,13,0,0,0
350011,0,1,31,31,31,31,31,31,31,31,31,31
350011,1,1,0,0,0,0,0,16,15,0,23,0
350012,0,1,19,19,19,19,19,19,19,19,19,19
350012,1,1,0,0,0,0,0,0,0,0,0,0
350013,1,1,0,0,0,0,0,0,0,0,0,14
350014,1,1,0,0,0,0,0,0,0,0,0,0
350015,0,1,0,0,0,19,0,0,0,0,0,0
350015,1,1,0,0,0,0,0,0,0,0,0,0
350016,0,1,0,0,0,0,0,0,0,0,0,0
350016,1,1,0,0,0,0,0,0,0,0,0,0
350017,1,1,0,0,0,0,0,0,0,0,0,0
350018,0,1,0,0,0,0,0,0,0,0,0,0
350018,1,1,0,0,0,14,11,0,5,0,6,0
350019,1,1,28,28,28,28,28,28,28,28,28,28
350019,2,1,0,0,0,0,0,0,0,0,0,0
350020,0,1,19,19,19,19,19,19,19,19,19,19
350020,1,1,0,0,6,12,0,0,0,0,0,0
350021,0,1,0,0,0,0,0,0,0,0,0,0
350021,1,1,0,0,0,0,0,0,0,0,0,18
350022,0,1,0,0,0,0,30,0,0,0,0,0
350022,1,1,24,0,0,0,0,0,0,0,0,0
350023,0,1,33,33,33,33,33,33,33,33,33,33
350023,1,1,0,29,0,0,0,0,0,0,0,0
350024,1,1,26,26,26,26,26,26,26,26,26,26
350025,1,1,0,0,0,0,0,0,0,0,0,0
350025,2,1,0,19,0,0,0,0,0,0,0,0
350026,1,1,0,0,0,0,0,0,0,0,6,11
350026,2,1,0,0,0,0,0,0,0,0,0,0
350027,1,1,0,0,0,0,0,23,0,0,0,0
350027,2,1,0,0,0,0,0,0,0,0,0,0
350027,3,1,0,0,0,0,0,11,4,0,15,0
350028,0,1,45,17,12,29,26,28,0,13,0,15
350028,1,1,0,0,0,0,0,0,0,0,0,0
350029,0,1,0,0,0,0,0,0,0,0,0,0
350029,1,1,0,0,0,0,0,0,0,0,0,0
350030,1,1,3,10,13,31,10,0,24,6,43,23
350031,1,1,0,0,0,0,0,0,0,0,0,0
350031,2,1,0,0,0,0,0,0,0,0,0,0
350032,1,1,0,0,0,0,0,0,0,0,0,0
350033,1,1,0,0,0,0,0,0,0,0,0,0
350034,1,1,0,0,0,0,0,0,0,0,0,0
350035,1,1,0,15,0,0,0,21,8,0,0,10
350035,2,1,0,0,0,0,0,0,0,0,0,0
350036,0,1,20,20,20,20,20,20,20,20,20,20
350036,1,1,0,0,0,0,0,0,0,0,0,0
350037,1,1,0,0,0,0,0,0,0,0,0,0
350038,1,1,0,0,0,0,0,0,0,0,0,0
350038,2,1,0,0,0,0,0,0,0,0,0,0
350039,1,1,0,0,0,0,0,0,26,0,0,0
350039,2,1,0,0,0,0,0,0,0,0,0,0
350040,0,1,28,0,0,0,0,0,0,0,23,0
350040,1,1,0,0,0,0,9,0,0,0,0,0
350041,1,1,0,0,0,0,0,0,0,0,0,0
350042,1,1,24,24,24,24,24,24,24,24,24,24
350043,1,1,0,0,0,0,0,0,0,0,0,0
350043,2,1,0,0,0,0,0,0,0,0,0,0
350044,1,1,24,24,24,24,24,24,24,24,24,24
350045,0,1,0,0,0,0,0,0,0,0,0,0
350045,1,1,0,0,0,0,0,0,0,0,0,9
350046,1,1,17,17,17,17,17,17,17,17,17,17
350047,0,1,14,14,14,14,14,14,14,14,14,14
350047,1,1,0,0,0,0,0,0,0,0,0,0
350048,1,1,0,0,0,0,0,0,0,0,0,0
350049,1,1,0,0,0,0,0,0,0,0,0,0
350049,2,1,0,0,0,0,0,0,0,0,0,0
350050,1,1,0,0,0,0,0,0,0,0,0,0
350050,2,1,8,0,10,0,24,16,0,0,24,0
350051,0,1,43,43,43,43,43,43,43,43,43,43
350051,1,1,0,0,0,0,0,0,0,0,0,0
350052,0,1,0,0,25,0,0,0,0,0,0,0
350052,1,1,0,0,0,0,0,0,0,0,0,0
350053,1,1,0,0,0,0,0,0,0,0,0,0
350053,2,1,0,0,0,0,0,0,0,0,0,0
350054,1,1,0,0,0,0,0,0,0,0,0,0
350054,2,1,0,0,0,0,0,0,0,0,0,8
350054,3,1,11,11,11,11,11,11,11,11,11,11
350055,1,1,1,0,0,6,0,0,30,0,0,8
350056,0,1,7,7,7,7,7,7,7,7,7,7
350056,1,1,0,0,0,0,0,0,0,0,0,0
350057,1,2,0,0,0,6,0,0,0,17,10,11
350058,1,1,0,0,0,0,0,0,0,0,0,0
350058,2,1,0,0,0,0,0,0,0,0,0,0
350059,1,1,0,0,10,0,17,0,0,0,0,0
350060,1,1,0,0,0,0,0,0,0,0,0,0
350060,2,1,14,14,14,14,14,14,14,14,14,14
350060,3,1,0,0,0,0,0,0,0,0,0,0
350061,1,1,0,0,0,0,0,0,0,0,0,0
350061,2,1,0,0,0,0,0,0,0,0,0,0
350062,1,1,0,0,11,0,7,0,0,0,19,17
350062,2,1,4,13,0,0,10,0,0,15,0,0
350062,3,1,0,0,0,0,0,0,0,0,0,0
350063,1,1,0,0,0,0,0,0,0,13,0,0
350063,2,1,0,0,0,0,0,0,0,0,0,0
350064,1,1,14,14,14,14,14,14,14,14,14,14
350064,2,1,0,0,0,0,0,0,0,0,0,26
350065,1,1,26,18,10,12,32,32,15,16,14,33
350065,2,1,0,0,0,0,0,0,0,9,0,0
350066,1,1,0,23,0,0,0,0,0,0,0,0
350066,2,1,0,0,0,0,0,0,0,0,0,0
350066,3,1,0,0,0,0,0,0,0,0,0,0
350067,1,1,17,17,17,17,17,17,17,17,17,17
350068,0,1,0,0,0,0,0,0,0,0,0,0
350068,2,1,5,0,0,0,0,9,0,0,0,0
350068,3,1,0,0,0,0,0,0,0,18,0,0
350068,4,1,0,0,0,0,0,0,0,0,0,0
350069,1,1,0,0,0,0,0,0,0,0,0,0
350070,0,1,15,38,0,9,0,29,31,19,33,26
350070,1,1,0,22,0,0,0,0,0,0,0,0
350071,1,1,0,0,0,0,0,0,0,0,0,0
350072,1,1,15,15,15,15,15,15,15,15,15,15
350072,2,1,0,0,0,0,0,0,0,0,0,0
350073,0,1,19,19,19,19,19,19,19,19,19,19
350073,1,1,0,0,0,0,0,0,0,22,0,0
350074,1,1,0,0,0,0,0,0,0,0,0,0
350075,1,1,0,0,0,0,0,0,0,0,0,0
350075,2,1,0,0,0,0,0,0,0,0,0,0
350075,3,1,0,27,0,0,0,0,0,0,13,0
350076,1,1,19,19,19,19,19,19,19,19,19,19
350077,1,1,0,0,0,0,0,0,0,0,0,0
350077,2,1,0,0,0,0,0,0,0,0,0,0
350078,1,1,0,8,14,19,6,0,0,35,20,0
350078,2,1,0,0,0,0,0,6,0,0,0,0
350079,1,1,22,22,22,22,22,22,22,22,22,22
350079,2,1,0,5,7,0,0,0,0,0,0,0
350080,1,1,0,0,0,13,0,0,0,0,0,0
350081,1,1,0,0,0,6,0,0,0,0,0,0
350081,2,1,0,0,0,0,0,0,0,0,0,0
350082,1,1,0,0,21,6,5,0,0,7,0,0
350082,2,1,0,0,0,0,0,0,0,0,0,0
350083,1,1,0,0,0,0,0,0,0,0,0,0
350084,1,1,0,0,0,0,0,0,0,0,0,0
350084,2,1,0,20,21,0,0,26,24,0,17,0
350085,0,1,11,11,11,11,11,11,11,11,11,11
350085,1,1,0,0,0,0,0,0,0,6,0,0
350086,1,1,11,11,8,20,5,20,2,20,13,14
350087,0,1,0,20,0,18,39,0,0,0,0,0
350087,1,1,0,0,0,0,0,0,0,0,0,0
350088,1,1,0,0,0,14,9,13,0,3,10,0
350089,1,1,31,25,14,0,0,0,0,19,0,0
350090,0,1,36,36,36,36,36,36,36,36,36,36
350090,1,1,0,0,14,0,0,0,11,0,0,0
350091,1,1,0,0,0,0,0,0,0,0,20,0
350091,2,1,0,0,2,0,0,0,0,0,0,8
350092,1,1,0,0,0,0,0,0,0,0,0,0
350093,1,1,0,0,0,0,0,0,0,0,0,0
350093,2,1,0,0,0,0,0,0,0,0,0,0
350094,1,1,0,0,0,0,0,0,0,0,0,0
350094,2,1,0,0,0,0,0,0,0,0,0,0
350095,0,1,0,0,0,0,32,0,0,0,0,0
350095,1,1,0,0,0,0,0,0,0,0,0,0
350096,1,1,20,20,20,20,20,20,20,20,20,20
350097,1,1,0,0,0,0,0,0,0,0,0,0
350097,2,1,0,0,0,0,0,0,0,0,0,0
350098,1,1,42,0,0,0,0,0,0,0,0,0
350098,2,1,0,0,0,0,0,0,0,0,0,0
350098,3,1,0,0,0,0,0,0,0,0,0,0
350099,0,1,0,0,0,0,0,0,0,0,0,0
350099,1,1,0,0,0,0,0,0,0,0,0,0
350100,1,1,0,0,0,0,0,28,0,0,0,0
350101,1,1,20,0,8,18,0,7,0,31,27,0
350102,1,1,0,0,0,0,0,0,0,0,0,0
350103,1,1,0,0,0,0,0,0,0,0,0,0
350103,2,1,9,9,9,9,9,9,9,9,9,9
350104,1,1,20,20,20,20,20,20,20,20,20,20
350105,0,1,0,0,0,0,0,0,0,0,0,0
350105,1,1,0,0,0,0,0,0,0,0,0,0
350106,1,1,0,0,0,0,0,0,0,0,0,0
350106,2,1,0,0,0,0,0,0,0,0,0,0
350106,3,1,0,0,0,0,0,0,0,0,0,0
350107,0,1,0,0,0,0,0,0,0,0,0,0
350107,1,1,0,0,0,0,0,0,0,0,0,0
350108,1,1,0,0,0,0,0,0,13,0,0,0
350109,1,1,0,0,0,0,0,0,0,0,0,0
350109,2,1,0,0,0,0,0,0,0,0,0,0
350110,1,1,0,0,0,0,0,0,0,0,0,0
350111,1,1,2,2,2,2,2,2,2,2,2,2
350111,2,1,0,0,0,0,0,0,0,0,0,0
350112,1,1,0,0,0,0,0,0,0,0,0,0
350112,2,1,0,0,0,0,0,0,0,0,0,0
350113,1,1,18,18,18,18,18,18,18,18,18,18
350114,1,1,0,0,0,0,0,0,0,0,0,0
350114,2,1,14,23,0,18,18,2,20,8,10,0
350115,1,1,23,23,23,23,23,23,23,23,23,23
350116,0,1,24,24,24,24,24,24,24,24,24,24
350116,1,1,0,0,0,0,0,0,0,0,0,0
350116,2,1,10,0,10,0,0,0,6,23,0,13
350117,0,1,34,34,34,34,34,34,34,34,34,34
350117,1,1,13,8,25,0,11,10,12,11,23,7
350118,1,1,0,0,0,0,0,0,0,0,0,0
350118,2,1,0,0,0,0,0,0,0,0,0,0
350119,1,1,27,27,27,27,27,27,27,27,27,27
350119,2,1,0,0,0,0,0,0,0,0,0,0
350120,1,1,15,12,10,0,35,14,16,15,25,27
350120,2,1,0,0,0,0,0,0,0,0,0,0
350121,1,1,0,0,0,0,0,0,0,0,0,0
350122,1,1,0,0,0,0,0,0,0,0,0,0
350123,1,1,0,0,0,0,0,0,0,0,36,0
350124,1,1,0,0,0,0,0,0,0,0,0,0
350124,2,1,0,0,0,0,0,0,0,0,0,0
350124,3,1,0,0,10,13,13,0,0,0,0,20
350125,1,1,0,0,0,0,0,0,0,0,0,0
350126,1,1,0,0,0,0,0,0,0,0,0,0
350126,2,1,0,0,0,0,0,0,0,0,0,0
350127,1,1,0,0,19,7,0,14,17,0,0,0
350128,1,1,0,0,0,0,0,0,0,0,0,0
350129,0,1,0,0,0,0,11,22,0,0,0,0
350129,1,1,0,0,0,0,0,0,0,0,0,0
350130,0,1,1,1,1,1,1,1,1,1,1,1
350130,1,1,0,0,0,0,0,0,0,0,0,16
350131,1,1,0,0,0,0,0,0,0,0,0,0
350132,1,1,0,0,0,0,0,0,0,0,0,0
350132,2,1,0,0,0,0,0,0,0,12,0,0
350132,3,1,0,0,0,0,0,0,0,0,0,0
350133,0,1,8,8,8,8,8,8,8,8,8,8
350133,1,1,0,0,0,0,0,0,0,0,0,0
350134,1,1,0,0,0,0,0,0,0,0,0,0
350134,2,1,0,0,0,0,0,0,0,0,0,0
350135,0,1,19,19,19,19,19,19,19,19,19,19
350135,1,1,0,0,0,0,0,0,0,0,15,16
350136,1,1,2,2,2,2,2,2,2,2,2,2
350137,1,1,5,5,5,5,5,5,5,5,5,5
350138,1,1,0,0,0,0,0,0,0,0,0,0
350138,2,1,0,0,0,0,0,0,0,0,0,0
350139,1,1,2,2,2,2,2,2,2,2,2,2
350139,2,1,0,0,0,0,0,0,0,0,0,0
350140,0,1,34,34,34,34,34,34,34,34,34,34
350140,1,1,10,10,10,10,10,10,10,10,10,10
350141,1,1,27,11,12,14,15,37,17,8,14,11
350142,1,1,8,0,17,3,8,17,21,0,14,22
350143,1,1,0,0,0,0,0,0,0,0,0,0
350143,2,1,0,0,0,0,0,9,0,0,0,2
350143,3,1,4,0,0,0,0,0,11,13,0,0
350143,4,1,4,4,4,4,4,4,4,4,4,4
350144,1,1,0,0,0,0,14,0,0,0,0,0
350144,2,1,0,0,0,0,0,0,0,0,0,0
350145,1,1,0,0,0,0,6,9,0,0,0,0
350145,2,1,0,0,0,0,0,0,0,0,0,0
350146,1,1,0,0,0,0,0,0,0,0,0,0
350146,2,1,0,0,0,0,0,0,0,0,0,0
350147,1,1,0,0,0,0,0,0,0,0,0,0
350148,0,1,4,4,4,4,4,4,4,4,4,4
350148,1,1,0,0,0,0,0,12,0,0,0,0
350149,1,1,0,0,0,0,0,0,19,27,0,0
350149,2,1,6,0,0,25,0,0,0,0,0,0
350150,1,1,0,0,0,0,0,0,0,0,0,0
350150,2,1,0,0,0,0,0,0,0,0,0,0
350151,0,1,14,14,14,14,14,14,14,14,14,14
350151,1,1,0,0,0,0,0,0,0,0,0,0
350152,1,1,0,0,0,0,0,0,0,0,0,0
350153,1,1,0,0,0,0,0,0,0,0,0,0
350153,2,1,0,0,0,0,0,0,0,0,0,0
350154,1,1,22,22,22,22,22,22,22,22,22,22
350155,0,1,17,17,17,17,17,17,17,17,17,17
350155,1,1,0,0,0,0,0,0,0,0,0,0
350156,0,1,0,0,0,0,0,0,0,0,0,0
350156,1,1,0,0,0,0,0,0,18,0,0,0
350156,2,1,0,0,0,0,0,0,0,0,0,0
350157,1,1,0,0,0,0,0,0,0,0,0,0
350158,1,1,0,0,0,0,0,0,0,8,0,0
350159,1,1,23,15,11,8,11,19,6,7,12,18
350160,1,1,8,14,22,26,18,38,34,17,22,31
350161,0,1,0,0,0,0,17,0,24,0,0,0
350161,1,1,0,0,0,0,0,0,0,0,0,0
350162,1,1,0,0,0,0,0,0,0,0,0,0
350163,1,1,0,0,0,0,0,0,0,0,0,0
350164,0,1,0,0,0,0,0,0,0,0,0,0
350164,1,1,0,0,0,0,0,0,0,0,0,0
350165,1,1,0,0,0,0,0,0,0,0,0,0
350165,2,1,0,0,0,0,0,0,0,0,0,0
350165,3,1,0,0,0,0,0,0,0,0,0,0
350166,1,1,0,0,0,0,0,0,0,0,0,0
350167,1,1,0,19,0,37,0,0,0,0,0,0
350168,1,1,0,0,0,0,0,0,0,0,0,0
350169,1,1,2,2,2,2,2,2,2,2,2,2
350169,2,1,0,0,0,0,0,0,0,0,0,0
350170,1,1,15,15,15,15,15,15,15,15,15,15
350171,0,1,26,26,26,26,26,26,26,26,26,26
350171,1,1,0,0,0,0,0,0,0,0,0,0
350172,1,1,3,3,3,3,3,3,3,3,3,3
350172,2,1,0,0,0,0,0,0,0,0,0,0
350173,1,1,11,11,33,20,18,6,28,13,19,21
350173,2,1,0,0,0,0,0,0,0,0,0,0
350174,0,1,22,29,0,0,8,7,31,0,10,0
350174,1,1,0,0,40,0,0,0,0,0,0,0
350175,1,1,8,0,2,1,8,0,0,0,0,17
350176,0,1,8,8,8,8,8,8,8,8,8,8
350176,1,1,5,21,13,22,11,22,0,17,22,27
350177,1,1,0,0,0,0,0,0,0,0,0,0
350177,2,1,20,0,0,0,0,0,0,0,0,0
350178,1,1,0,0,0,0,0,0,0,0,0,0
350178,2,1,0,0,0,0,0,0,0,0,0,0
350179,1,1,0,0,0,0,0,0,0,0,0,0
350179,2,1,0,0,0,0,0,0,0,0,0,0
350180,1,1,0,0,0,0,0,0,0,0,0,0
350180,2,1,0,0,0,0,0,0,0,0,0,0
350180,3,1,0,0,0,0,0,0,0,0,0,0