ST_CASE,VEH_NO,PER_NO,P1,P2,P3,P4,P5,P6,P7,P8,P9,P10
350181,1,1,0,0,0,0,0,0,0,0,0,0
350181,2,1,4,4,4,4,4,4,4,4,4,4
350182,1,1,0,0,0,0,0,0,0,0,0,0
350183,1,1,0,0,0,0,0,0,0,0,0,42
350183,2,1,0,0,0,0,11,0,0,0,0,0
350184,0,1,0,0,0,0,0,0,0,0,0,0
350184,1,1,6,0,0,0,0,12,3,11,9,0
350185,1,1,17,17,17,17,17,17,17,17,17,17
350186,1,1,0,15,0,0,0,0,0,0,0,0
350186,2,1,0,0,0,0,0,0,0,0,0,0
350186,3,1,0,0,0,0,0,0,0,0,0,0
350187,1,1,27,27,27,27,27,27,27,27,27,27
350188,1,1,0,0,0,0,0,0,0,0,0,0
350189,0,1,19,19,19,19,19,19,19,19,19,19
350189,1,1,0,0,0,0,0,0,0,0,0,0
350190,1,1,0,0,0,0,0,0,0,0,0,0
350190,2,1,0,0,0,0,0,0,0,0,0,0
350191,1,1,17,17,19,19,16,18,2,12,27,9
350192,1,1,0,0,0,0,0,0,0,0,0,0
350193,1,1,2,2,3,23,9,19,6,13,15,35
350194,1,1,10,10,10,10,10,10,10,10,10,10
350195,1,1,0,14,0,0,0,0,0,0,0,0
350195,2,1,0,0,0,0,0,0,0,0,0,0
350196,1,1,0,0,0,0,0,0,0,0,0,0
350196,2,1,0,0,0,0,0,0,0,0,0,0
350197,0,1,29,29,29,29,29,29,29,29,29,29
350197,1,1,0,0,0,0,0,0,0,0,0,0
350198,1,1,0,0,0,0,6,0,0,0,0,0
350198,2,1,0,0,0,0,0,0,0,0,0,0
350199,0,1,35,10,0,26,31,29,13,5,0,2
350199,1,1,0,18,24,26,17,23,22,16,11,34
350200,1,1,0,0,0,0,0,0,0,0,0,0
350200,2,1,0,0,0,0,0,0,0,0,0,0
350201,0,1,0,0,0,0,0,0,0,0,0,0
350201,1,1,0,0,0,0,0,0,0,0,0,5
350202,1,1,0,0,0,0,0,0,0,0,0,0
350202,2,1,0,0,0,0,0,0,0,0,0,0
350203,1,1,0,0,0,0,0,0,0,0,0,0
350204,0,1,0,0,0,0,0,0,0,0,0,0
350204,1,1,0,0,0,0,0,0,0,0,0,0
350205,1,1,0,0,0,0,0,0,0,0,0,0
350205,2,1,0,0,0,0,0,0,0,0,0,0
350206,1,1,0,0,0,0,0,0,0,0,0,0
350206,2,1,0,0,0,0,0,0,0,0,0,0
350207,1,1,27,27,27,27,27,27,27,27,27,27
350207,2,1,0,0,0,0,0,0,0,0,0,0
350208,0,1,0,0,0,0,0,0,0,0,0,23
350208,1,1,0,0,0,0,0,0,0,0,0,0
350209,1,1,0,0,0,0,0,0,0,0,0,0
350209,2,1,0,0,0,0,0,0,0,0,0,0
350209,3,1,0,0,0,0,0,0,0,0,0,0
350210,1,1,0,3,0,15,0,0,0,18,17,0
350211,1,1,0,0,0,0,0,0,0,0,0,0
350212,0,1,0,0,0,0,0,0,30,0,0,32
350212,1,1,0,0,0,0,10,0,0,0,0,0
350212,2,1,0,0,0,0,42,0,0,0,0,0
350212,3,1,0,0,0,0,0,0,0,0,0,0
350213,1,1,0,0,0,0,0,0,0,0,0,0
350213,2,1,0,0,0,0,0,0,0,0,0,0
350214,0,1,34,34,34,34,34,34,34,34,34,34
350214,1,1,0,0,0,0,0,0,0,0,0,0
350215,1,1,11,11,11,11,11,11,11,11,11,11
350216,1,1,0,0,0,0,0,0,0,0,0,0
350217,1,1,0,0,0,0,0,0,0,0,0,0
350217,2,1,0,0,0,0,0,0,0,0,0,0
350218,0,1,7,7,7,7,7,7,7,7,7,7
350218,1,1,0,0,0,0,0,0,0,0,0,0
350219,1,2,0,0,2,14,4,13,0,20,0,5
350220,1,1,0,0,0,0,0,0,0,0,0,0
350220,2,1,7,0,0,0,0,0,0,0,0,0
350221,1,1,0,0,0,0,0,0,0,0,0,0
350221,2,1,5,5,5,5,5,5,5,5,5,5
350222,0,1,29,29,29,29,29,29,29,29,29,29
350222,1,1,0,0,16,0,17,0,0,0,0,0
350223,0,1,15,15,15,15,15,15,15,15,15,15
350223,1,1,0,0,0,0,16,47,0,0,0,0
350224,0,1,1,1,1,1,1,1,1,1,1,1
350224,0,2,15,20,19,29,21,0,0,10,10,10
350224,1,1,0,12,16,15,5,19,10,9,5,0
350225,0,1,9,9,9,9,9,9,9,9,9,9
350225,1,1,0,13,0,25,0,0,0,0,0,0
350226,1,1,0,0,0,0,0,0,0,0,0,0
350227,1,1,7,6,17,15,24,6,9,31,9,8
350227,2,1,0,14,0,14,26,0,17,16,0,39
350228,1,1,0,0,0,0,0,0,0,0,0,0
350228,2,1,0,0,0,0,0,0,0,0,0,29
350228,3,1,0,0,0,0,0,0,0,0,0,0
350229,1,1,0,0,0,0,0,0,0,0,0,0
350230,1,1,0,0,0,0,0,0,0,0,0,0
350230,2,1,0,0,0,0,0,0,0,0,0,0
350231,1,1,0,0,0,0,0,0,0,0,0,0
350231,2,1,0,0,0,0,0,0,0,0,0,0
350232,1,1,17,5,5,31,23,18,27,11,16,18
350233,1,1,0,0,0,0,0,0,0,0,0,0
350233,2,1,0,0,0,0,0,0,0,0,0,0
350234,0,1,0,0,0,0,0,0,0,0,0,0
350234,1,1,0,0,0,0,0,0,0,0,0,0
350235,1,1,0,0,0,0,0,0,0,0,0,0
350235,2,1,0,0,0,0,0,0,0,0,0,0
350236,1,1,0,0,0,0,0,0,0,0,0,0
350236,2,1,0,0,0,0,0,0,0,0,0,0
350237,1,1,2,2,2,2,2,2,2,2,2,2
350238,1,1,23,23,23,23,23,23,23,23,23,23
350239,1,1,0,0,0,0,0,0,0,0,0,11
350239,2,1,0,0,0,0,0,0,0,0,0,0
350240,1,1,9,5,8,10,11,26,13,0,20,22
350240,2,1,21,21,21,21,21,21,21,21,21,21
350241,1,1,23,23,23,23,23,23,23,23,23,23
350242,1,1,0,0,0,0,0,0,0,0,0,0
350243,1,1,0,0,0,0,0,0,16,0,0,0
350243,2,1,0,0,0,0,0,0,0,0,0,13
350244,1,1,0,0,0,0,0,0,0,0,0,0
350244,2,1,0,0,0,0,0,0,0,0,0,0
350245,1,1,23,23,23,23,23,23,23,23,23,23
350246,0,1,19,19,19,19,19,19,19,19,19,19
350246,1,1,0,5,14,0,0,20,5,0,0,5
350247,0,1,24,24,24,24,24,24,24,24,24,24
350247,1,1,0,0,0,0,0,9,0,11,0,0
350248,1,1,28,28,28,28,28,28,28,28,28,28
350248,2,1,0,0,0,0,0,0,0,0,0,5
350248,3,1,0,0,0,0,0,0,0,0,0,0
350249,1,1,22,22,22,22,22,22,22,22,22,22
350250,1,1,0,0,0,0,0,0,0,0,0,0
350250,2,1,0,0,0,0,0,0,0,0,0,0
350251,1,1,2,2,11,23,7,20,2,20,19,25
350252,1,1,0,0,0,0,0,0,0,0,0,0
350252,2,1,0,0,0,0,0,0,0,0,0,0
350253,1,1,9,0,0,29,0,0,0,0,0,0
350254,1,1,4,4,4,4,4,4,4,4,4,4
350254,2,1,0,0,0,0,0,0,0,0,0,9
350255,1,1,18,18,18,18,18,18,18,18,18,18
350255,2,1,0,9,0,0,0,0,6,0,0,0
350256,1,1,19,0,0,9,32,0,0,9,0,0
350257,1,1,0,0,0,22,0,0,0,0,0,0
350257,2,1,0,0,0,0,0,0,0,0,23,0
350258,1,1,0,0,0,28,0,0,0,0,0,0
350258,2,1,0,0,0,0,0,0,0,0,0,0
350259,1,1,0,0,0,0,0,0,0,0,0,0
350259,2,1,0,0,0,0,0,0,0,0,0,0
350259,3,1,0,0,0,0,0,0,0,0,0,0
350259,4,1,0,0,0,0,20,0,0,0,0,0
350259,5,1,0,0,0,0,0,0,0,0,0,0
350259,6,1,0,0,0,0,0,0,0,0,8,0
350260,0,1,29,29,29,29,29,29,29,29,29,29
350260,1,1,0,0,0,0,0,0,0,0,11,0
350261,1,1,0,0,0,0,0,0,0,0,0,0
350261,2,1,0,0,0,11,0,0,0,0,0,0
350262,0,1,0,0,0,0,0,0,0,0,0,0
350262,1,1,18,19,16,7,15,11,0,14,15,0
350263,1,1,20,20,20,20,20,20,20,20,20,20
350264,1,1,0,0,0,0,17,0,0,8,0,0
350264,2,1,0,0,0,0,0,0,0,0,0,0
350265,1,1,0,0,0,0,0,0,0,0,0,0
350265,2,1,0,0,0,0,0,0,0,0,0,0
350266,0,1,47,18,14,18,30,40,4,0,16,18
350266,1,1,0,0,0,0,0,0,0,0,0,0
350267,1,1,0,0,0,0,0,0,0,0,0,0
350267,2,1,0,0,0,0,0,0,0,0,0,0
350268,0,1,25,25,25,25,25,25,25,25,25,25
350268,1,1,0,0,0,0,0,0,0,0,10,0
350268,2,1,0,0,0,16,0,9,0,0,0,0
350269,1,1,0,0,0,0,0,0,0,0,0,0
350269,2,1,0,0,0,0,0,0,0,0,0,0
350270,1,1,0,0,0,0,0,0,0,28,0,0
350270,2,1,0,0,0,0,0,0,0,0,0,0
350271,0,1,32,0,0,0,0,5,0,0,0,12
350271,2,1,0,0,0,0,0,0,0,0,0,0
350271,3,1,0,0,0,0,0,0,0,0,0,0
350271,4,1,0,0,0,0,0,0,0,0,0,0
350272,1,1,42,42,42,42,42,42,42,42,42,42
350272,2,1,0,0,0,0,0,0,6,0,0,0
350273,1,1,9,7,12,0,2,9,12,0,0,21
350274,1,1,0,0,0,0,0,0,0,0,0,0
350275,1,1,0,13,0,0,0,0,0,0,0,0
350275,2,1,0,0,0,0,0,0,0,0,0,0
350276,1,1,0,0,0,0,0,0,0,0,0,0
350276,2,1,0,0,0,0,0,0,0,0,0,0
350277,1,1,0,0,0,0,0,0,0,0,0,0
350278,1,1,22,22,22,22,22,22,22,22,22,22
350278,2,1,0,0,0,0,0,0,0,0,0,0
350279,1,1,17,18,28,6,12,21,17,6,11,19
350280,1,1,0,0,0,0,0,0,0,0,0,0
350280,2,1,0,0,0,0,3,0,0,0,0,10
350281,0,1,0,0,0,0,0,0,0,0,0,0
350281,1,1,0,0,0,0,0,8,0,0,0,0
350282,1,1,11,0,18,7,26,7,13,12,11,11
350282,2,1,4,4,4,4,4,4,4,4,4,4
350283,1,1,0,0,0,0,0,0,0,0,0,0
350283,2,1,0,0,0,0,0,0,0,0,0,0
350284,1,1,14,14,14,14,14,14,14,14,14,14
350285,1,1,0,0,0,7,0,0,26,0,0,11
350286,1,1,0,0,0,0,0,0,0,0,0,0
350287,1,1,0,0,0,0,0,15,0,0,0,0
350287,2,1,10,10,10,10,10,10,10,10,10,10
350288,1,1,19,13,14,10,21,0,35,4,20,13
350289,1,1,22,0,0,4,7,18,7,4,13,15
350290,1,1,0,0,0,0,0,0,0,0,0,0
350290,2,1,0,0,6,0,0,0,0,0,0,0
350291,0,1,0,13,21,12,17,8,16,24,0,0
350291,1,1,0,0,0,19,0,18,0,0,0,5
350291,2,1,0,14,0,0,0,0,0,0,0,0
350292,0,1,0,0,0,0,0,0,0,0,0,0
350292,1,1,0,0,0,0,0,0,0,0,0,0
350293,1,1,0,0,17,28,0,0,8,0,0,0
350293,2,1,0,0,0,0,0,0,0,0,0,0
350294,1,1,0,0,0,0,0,0,0,0,0,0
350294,2,1,0,0,0,0,0,0,0,0,0,0
350294,3,1,0,0,0,0,0,0,0,0,0,0
350295,1,1,0,0,0,0,0,0,0,0,0,0
350295,2,1,0,8,0,0,11,0,0,0,0,0
350296,1,1,17,17,17,17,17,17,17,17,17,17
350297,1,1,0,0,0,0,0,0,0,0,0,0
350298,1,1,22,22,22,22,22,22,22,22,22,22
350299,1,1,0,0,15,19,0,0,32,10,0,0
350299,2,1,15,8,15,11,9,17,8,15,11,13
350300,1,1,0,0,0,0,0,0,0,0,0,0
350300,2,1,0,0,0,0,0,0,0,0,0,0
350301,0,1,23,23,23,23,23,23,23,23,23,23
350301,1,1,0,0,0,0,0,0,0,0,0,0
350302,1,1,0,0,0,0,0,0,0,0,0,0
350302,2,1,0,0,0,0,0,0,0,0,0,0
350303,1,1,0,0,0,0,0,0,0,0,0,0
350303,2,1,0,0,0,0,0,0,0,8,3,0
350304,1,1,29,29,29,29,29,29,29,29,29,29
350305,0,1,27,27,27,27,27,27,27,27,27,27
350305,1,1,0,0,0,0,0,0,0,0,0,0
350306,1,1,0,0,0,0,0,0,0,0,0,0
350306,2,1,0,0,0,0,0,0,0,0,0,0
350307,0,1,0,0,0,0,0,0,0,0,0,0
350307,1,1,0,7,0,0,0,0,0,0,0,18
350308,0,1,35,35,35,35,35,35,35,35,35,35
350308,1,1,0,0,0,0,0,0,0,0,0,0
350309,1,1,0,0,0,0,0,0,0,0,0,0
350309,2,1,0,0,0,0,0,0,0,0,0,0
350310,1,1,0,0,0,14,0,0,0,0,0,0
350310,2,1,0,0,0,0,0,0,0,0,0,0
350311,1,1,0,0,0,0,0,0,0,0,0,0
350312,1,1,0,0,0,0,0,0,0,0,0,0
350312,2,1,0,0,0,0,0,0,0,0,3,0
350313,0,1,19,19,19,19,19,19,19,19,19,19
350313,1,1,0,0,0,0,29,0,0,0,0,14
350314,1,1,0,0,0,0,0,0,0,0,0,0
350315,1,1,0,0,0,0,23,0,0,0,0,3
350315,2,1,0,0,0,0,0,0,0,0,0,0
350315,3,1,0,12,6,0,22,0,0,22,0,33
350315,4,1,0,12,0,0,0,0,0,0,0,0
350316,0,1,35,35,35,35,35,35,35,35,35,35
350316,1,1,0,0,0,0,0,0,0,0,0,0
350316,2,1,0,0,0,0,0,0,0,0,0,0
350317,1,1,18,0,22,16,13,0,8,10,26,6
350318,0,1,0,0,0,21,0,0,0,0,0,0
350318,1,1,0,0,0,0,0,0,0,0,0,0
350319,1,1,41,41,41,41,41,41,41,41,41,41
350319,2,1,0,0,0,0,0,21,0,27,0,0
350320,1,1,0,0,0,0,0,0,0,0,0,0
350321,1,1,0,0,0,0,0,0,0,0,0,0
350322,1,1,0,0,0,0,0,0,0,0,0,0
350322,2,1,0,0,0,0,0,0,0,0,0,0
350323,1,1,0,0,0,0,0,0,0,0,0,0
350323,2,1,0,0,0,0,0,0,0,0,0,0
350324,1,1,14,24,27,31,10,44,21,8,9,12
350325,1,1,0,0,0,0,0,0,0,0,0,0
350325,2,1,0,0,0,0,0,0,0,0,0,0
350325,3,1,0,0,0,0,0,0,0,0,0,0
350325,4,1,0,0,3,0,0,0,0,0,0,0
350325,5,1,0,0,0,6,0,0,0,0,0,0
350325,6,1,0,0,0,0,0,0,0,0,0,0
350326,1,1,0,0,0,0,0,0,0,0,0,0
350326,2,1,0,0,0,0,0,0,8,0,0,0
350326,3,1,0,0,0,0,0,0,0,0,0,0
350327,1,1,14,14,14,14,14,14,14,14,14,14
350328,1,1,16,9,18,28,18,39,5,21,18,24
350328,2,1,0,0,0,0,0,0,0,0,0,0
350328,3,1,0,0,0,0,0,10,23,17,0,0
350329,1,1,0,0,0,0,0,0,0,0,0,0
350329,2,1,0,0,0,0,0,0,0,0,0,0
350330,0,1,66,11,0,0,0,7,10,0,14,0
350330,0,2,0,0,0,15,0,0,21,0,0,21
350330,0,3,9,14,36,41,36,8,12,28,37,14
350330,1,1,0,0,0,0,0,0,0,0,0,0
350331,0,1,33,0,0,0,0,0,13,0,0,0
350331,1,1,0,0,0,0,0,0,0,0,0,0
350332,1,1,0,0,0,0,0,0,0,0,0,0
350332,2,1,0,0,0,0,0,0,0,0,0,0
350333,1,1,21,2,19,26,27,19,21,21,14,23
350334,0,1,30,30,30,30,30,30,30,30,30,30
350334,1,1,0,18,31,16,0,0,0,0,0,0
350334,2,1,0,0,0,0,0,0,0,9,0,0
350335,1,1,0,0,0,0,0,0,0,0,0,0
350335,2,1,0,0,0,0,0,0,0,0,0,0
350336,1,1,27,0,0,0,0,0,0,0,0,0
350336,2,1,22,22,22,22,22,22,22,22,22,22
350337,0,1,0,0,0,8,0,0,0,0,0,0
350337,0,2,0,0,0,0,0,0,0,0,0,0
350337,1,1,0,0,0,0,0,0,0,0,0,0
350338,0,1,0,0,0,0,0,0,0,0,0,0
350338,1,1,0,0,0,0,0,0,0,0,0,0
350339,0,1,25,25,25,25,25,25,25,25,25,25
350339,1,1,0,0,0,0,0,0,0,0,0,0
350340,1,1,0,0,0,0,0,0,0,0,0,0
350340,2,1,10,11,8,17,30,7,16,6,24,0
350341,1,1,12,19,11,16,0,3,15,11,18,21
350342,1,1,0,0,0,0,0,0,0,0,0,0
350342,2,1,0,0,0,0,0,0,0,0,0,0
350343,0,1,0,0,0,0,0,17,0,0,0,0
350343,1,1,0,0,0,0,0,0,0,0,0,0
350344,1,1,0,0,0,0,0,0,0,0,0,0
350344,2,1,0,0,0,0,0,0,0,0,0,0
350345,1,1,17,10,19,11,8,10,23,6,15,18
350346,0,1,41,41,41,41,41,41,41,41,41,41
350346,1,1,0,0,18,0,0,0,0,0,0,0
350347,0,1,27,27,27,27,27,27,27,27,27,27
350347,1,1,0,0,10,0,0,9,0,0,0,0
350348,1,1,39,26,14,15,12,32,0,16,22,14
350349,1,1,0,0,0,0,0,0,0,0,0,0
350349,2,1,23,23,23,23,23,23,23,23,23,23
350349,3,1,0,0,0,29,9,0,0,12,0,0
350350,0,1,20,4,0,0,18,0,0,0,44,0
350350,1,1,0,0,0,0,0,0,0,0,0,0
350351,1,1,0,0,0,0,0,0,0,0,0,0
350352,0,1,0,0,0,0,13,26,0,0,5,0
350352,0,2,42,0,0,36,0,0,0,24,13,0
350352,1,1,0,0,0,0,0,0,0,0,0,0
350353,1,1,14,14,14,14,14,14,14,14,14,14
350354,0,1,31,31,31,31,31,31,31,31,31,31
350354,1,1,0,0,0,0,0,0,12,0,0,0
350355,1,1,0,0,0,0,0,0,0,0,0,0
350356,1,1,8,34,10,22,12,18,9,18,0,19
350357,1,1,30,0,0,0,0,13,15,0,0,0
350358,1,1,0,0,0,0,0,0,13,15,0,0
350359,1,1,18,21,7,0,22,8,26,19,19,15
350360,1,1,18,18,18,18,18,18,18,18,18,18
350361,1,1,23,9,21,14,21,17,9,17,12,13
350362,1,1,0,0,0,0,0,0,0,0,17,0
350363,1,1,19,19,19,19,19,19,19,19,19,19
350363,2,1,0,0,0,0,0,0,0,0,0,0
350364,1,1,10,10,15,22,14,7,22,8,8,10
350365,1,1,0,0,0,0,0,0,0,0,0,0
350365,2,1,0,0,0,0,0,0,0,0,23,0
350366,1,1,27,27,27,27,27,27,27,27,27,27
350367,0,1,20,0,0,0,15,0,0,0,0,16
350367,1,1,0,0,0,0,0,0,0,0,0,0
350368,1,1,31,31,31,31,31,31,31,31,31,31
350368,2,1,25,0,0,0,0,0,0,0,0,27
350369,1,1,0,0,0,0,0,0,0,0,0,0
350369,2,1,0,0,0,0,0,0,0,0,0,0
360001,0,1,0,0,0,0,0,0,0,0,0,0
360001,1,1,0,19,0,0,0,0,0,0,0,0
360001,2,1,0,0,0,0,0,0,5,24,0,0
360002,0,1,0,0,20,0,0,0,0,0,4,46
360002,0,2,21,21,21,21,21,21,21,21,21,21
360002,1,1,0,0,0,0,0,15,0,20,0,0
360003,0,1,8,8,8,8,8,8,8,8,8,8
360003,1,1,0,0,0,0,0,20,25,0,0,0
360004,0,1,0,0,0,0,0,0,0,0,0,0
360004,1,1,0,0,0,0,0,0,0,0,0,0
360005,0,1,0,0,0,18,0,0,0,0,0,0
360005,1,1,20,0,20,0,0,0,0,8,0,0
360006,0,1,0,0,0,0,0,0,0,0,0,0
360006,1,1,0,33,0,0,0,0,0,0,0,0
360007,0,1,0,0,0,0,0,0,0,0,0,0
360007,1,1,0,0,0,0,0,0,0,0,0,0
360009,1,1,18,18,18,18,18,18,18,18,18,18
360010,1,1,0,0,0,0,0,0,0,0,0,0
360011,1,1,0,0,15,0,24,0,0,16,5,0
360012,1,1,0,0,0,0,0,0,0,0,0,0
360013,0,1,0,0,0,0,0,0,0,0,0,0
360013,1,1,0,0,0,0,0,0,0,0,0,0
360014,1,1,13,19,13,10,23,19,14,9,5,24
360015,0,1,14,14,14,14,14,14,14,14,14,14
360015,0,2,29,0,0,17,11,43,7,17,0,18
360015,1,1,0,0,0,0,0,0,0,0,0,0
360016,1,1,0,0,0,0,0,0,0,0,0,0
360016,2,1,0,0,0,0,0,0,0,0,0,0
360017,0,1,0,0,0,0,0,0,0,0,0,0
360017,1,1,0,0,0,0,0,0,0,0,0,0
360018,1,1,0,0,0,0,0,0,0,0,0,0
360019,1,1,0,7,20,0,0,0,0,24,0,18
360020,1,1,9,9,9,9,9,9,9,9,9,9
360020,2,1,0,0,0,14,0,0,0,0,0,0
360021,1,1,0,0,0,0,0,0,0,0,0,0
360022,1,1,0,0,0,0,0,0,0,0,0,0
360023,1,1,0,0,22,16,0,0,20,0,0,0
360024,1,1,0,0,0,0,0,0,0,0,0,0
360024,2,1,0,0,0,0,0,0,0,0,0,0
360025,0,1,0,0,0,0,0,0,0,0,0,0
360025,1,1,0,11,0,0,19,0,0,0,16,0
360027,1,1,17,17,17,17,17,17,17,17,17,17
360028,1,1,27,17,3,22,13,30,23,17,12,19
360028,2,1,21,0,26,25,29,12,6,0,2,13
360029,0,1,0,0,0,0,0,0,0,0,0,0
360029,1,1,0,0,0,2,0,0,0,0,0,0
360030,1,1,17,33,13,6,17,8,39,12,24,15
360031,0,1,15,15,15,15,15,15,15,15,15,15
360031,1,1,11,0,12,10,0,0,9,0,0,0
360032,1,1,0,0,0,0,0,0,0,0,0,0
360032,2,1,0,17,26,0,0,0,27,0,0,0
360033,0,1,7,0,0,0,0,0,0,0,0,0
360033,1,1,0,0,0,0,0,0,0,0,0,0
360034,1,1,0,0,0,0,0,0,0,0,0,0
360035,0,1,0,0,0,0,0,0,0,0,0,0
360035,1,1,0,0,0,0,0,0,0,0,0,0
360035,2,1,0,0,12,0,0,8,0,8,0,0
360035,3,1,0,0,0,0,3,0,0,0,0,0
360036,1,1,0,0,0,0,0,0,0,0,0,0
360037,1,1,21,3,8,8,0,9,16,0,8,0
360037,2,1,0,0,0,0,0,0,0,0,0,0
360038,0,1,16,16,16,16,16,16,16,16,16,16
360038,1,1,0,0,0,0,0,0,0,0,13,0
360038,2,1,0,0,0,38,0,12,0,0,25,29
360039,1,1,0,0,0,0,0,0,0,0,0,0
360039,2,1,0,0,0,0,0,6,0,0,0,0
360040,0,1,0,0,0,0,0,0,0,0,0,0
360040,0,2,0,0,0,0,18,35,0,0,0,0
360040,1,1,0,0,0,0,0,0,0,0,0,0
360041,1,1,13,13,13,13,13,13,13,13,13,13
360042,0,1,0,0,0,0,0,0,0,0,0,0
360042,1,1,0,0,0,0,0,0,0,0,0,0
360042,2,1,0,0,0,0,0,0,0,0,0,0
360042,3,1,0,0,0,0,0,0,0,0,0,0
360042,4,1,0,0,0,0,0,7,0,0,0,0
360042,5,1,0,0,0,0,0,0,0,0,11,0
360043,1,1,0,0,0,0,0,0,0,0,0,0
360044,0,1,0,0,0,0,0,0,0,0,0,0
360044,1,1,0,0,0,0,0,0,0,0,0,0
360045,1,1,0,0,0,0,0,0,0,0,0,0
360045,2,1,0,0,23,0,0,0,0,0,0,0
360046,1,1,22,22,22,22,22,22,22,22,22,22
360047,1,1,25,17,17,26,49,25,26,21,16,19
360048,0,1,36,36,36,36,36,36,36,36,36,36
360048,1,1,0,0,0,0,0,0,0,0,0,0
360049,0,1,0,0,0,0,0,0,0,0,0,0
360049,1,1,0,0,0,0,0,0,0,0,0,0
360050,0,1,0,0,0,0,0,0,0,0,0,16
360050,1,1,0,0,0,0,0,0,0,0,0,0
360051,1,1,11,12,24,10,8,18,22,21,19,10
360051,2,1,0,0,0,0,0,0,0,0,0,0
360052,0,1,4,4,4,4,4,4,4,4,4,4
360052,1,1,16,0,0,20,14,6,0,0,0,17
360053,1,1,3,3,3,3,3,3,3,3,3,3
360054,1,1,0,0,0,0,0,0,0,0,0,0
360055,0,1,0,0,0,0,0,0,0,0,17,0
360055,1,1,0,0,0,0,0,0,0,0,0,0
360056,1,1,33,24,9,17,28,18,8,30,39,25
360057,1,1,12,0,0,0,0,0,0,0,0,0
360057,2,1,0,0,0,0,0,0,0,0,0,0
360058,1,1,0,0,0,0,27,0,0,0,0,0
360058,2,1,3,3,3,3,3,3,3,3,3,3
360059,1,1,0,0,11,0,0,0,0,0,0,0
360060,0,1,0,0,0,0,0,0,0,0,0,0
360060,0,2,9,12,10,11,19,25,0,0,0,0
360060,1,1,0,0,0,0,0,0,0,0,0,15
360061,1,1,0,0,18,0,16,0,0,0,11,0
360061,2,1,23,0,0,0,0,0,18,0,16,0
360062,0,1,0,0,0,0,0,0,0,0,0,0
360062,1,1,0,0,0,0,0,0,0,10,20,0
360063,0,1,8,8,8,8,8,8,8,8,8,8
360063,1,1,0,11,0,0,0,15,0,0,0,10
360064,1,1,9,9,9,9,9,9,9,9,9,9
360065,0,1,9,9,9,9,9,9,9,9,9,9
360065,1,1,0,0,0,0,0,0,0,25,0,0
360066,0,1,26,26,26,26,26,26,26,26,26,26
360066,1,1,0,0,0,0,0,0,0,0,0,0
360067,1,1,0,0,0,0,0,0,0,0,0,0
360069,0,1,26,26,26,26,26,26,26,26,26,26
360069,1,1,0,0,0,0,0,0,0,0,0,0
360070,0,1,0,0,0,0,0,0,0,0,0,0
360070,1,1,0,0,0,0,0,0,0,0,0,0
360071,1,1,27,0,0,0,20,0,20,0,5,0
360073,0,1,0,0,0,0,0,0,0,0,0,0
360073,1,1,0,0,0,0,0,0,0,0,0,0
360074,1,1,0,0,0,0,0,0,0,0,0,0
360074,2,1,0,0,0,0,0,0,0,0,0,0
360075,0,1,0,0,0,0,0,0,0,0,0,0
360075,0,2,0,0,0,0,0,0,0,0,0,35
360075,1,1,0,0,0,0,0,0,0,0,0,0
360076,1,1,0,0,0,0,0,0,0,0,0,0
360077,0,1,0,0,0,0,0,0,0,0,0,0
360077,1,1,0,0,0,0,10,0,0,0,0,0
360077,3,1,0,8,0,0,0,0,0,0,0,0
360078,1,1,21,0,0,0,0,0,13,0,0,0
360079,1,1,0,0,0,0,0,0,0,0,0,0
360079,2,1,0,0,6,0,8,0,0,0,0,16
360080,0,1,14,14,14,14,14,14,14,14,14,14
360080,1,1,0,0,0,0,0,23,17,15,20,0
360081,1,1,0,0,0,0,0,0,0,0,0,0
360081,2,1,0,0,0,0,0,0,17,0,0,0
360081,3,1,27,0,0,0,0,0,0,0,8,7
360082,1,1,0,0,0,0,21,0,0,0,0,15
360082,2,1,0,0,0,0,0,0,0,0,0,0
360082,3,1,14,5,0,14,0,0,0,0,0,0
360082,4,1,0,19,0,16,0,14,0,0,13,0
360083,1,1,12,12,12,12,12,12,12,12,12,12
360084,1,1,0,0,0,0,0,0,0,0,0,0
360084,2,1,0,0,0,0,0,0,0,0,0,0
360084,3,1,23,0,0,28,0,0,17,0,0,0
360085,1,1,0,0,0,0,21,0,0,29,0,0
360086,1,1,0,0,0,0,0,0,0,0,0,0
360086,2,1,0,0,0,0,0,0,14,0,0,0
360087,1,1,21,21,21,21,21,21,21,21,21,21
360088,1,1,0,0,0,0,0,0,12,0,0,0
360088,2,1,0,0,0,0,0,0,0,0,0,0
360089,0,1,35,35,35,35,35,35,35,35,35,35
360089,1,1,0,0,0,22,0,0,0,0,0,0