ST_CASE,VEH_NO,PER_NO,P1,P2,P3,P4,P5,P6,P7,P8,P9,P10
360090,0,1,16,16,16,16,16,16,16,16,16,16
360090,1,1,0,0,0,0,25,20,0,0,22,0
360091,0,1,0,0,0,0,0,0,0,0,0,0
360091,1,1,0,0,0,0,4,0,0,0,0,0
360092,1,1,0,0,0,0,0,0,0,0,0,0
360093,0,1,26,26,26,26,26,26,26,26,26,26
360093,1,1,0,0,0,0,0,0,0,0,0,0
360094,1,1,19,0,0,0,0,0,0,0,0,0
360095,0,1,0,0,0,0,0,0,0,0,0,0
360095,1,1,0,0,11,0,0,0,0,0,0,0
360096,0,1,15,15,15,15,15,15,15,15,15,15
360096,1,1,0,0,0,0,31,0,0,0,0,0
360097,0,1,0,0,0,0,0,0,0,0,0,0
360097,1,1,0,0,0,0,0,0,0,0,0,0
360098,1,1,0,0,0,0,5,0,15,0,0,0
360099,1,1,0,0,0,0,0,0,0,0,0,0
360099,2,1,0,0,0,0,0,0,0,0,0,0
360100,0,1,0,0,0,0,0,0,0,0,0,0
360100,1,1,0,0,0,0,0,0,0,0,0,0
360101,0,1,0,0,0,0,0,0,0,0,0,0
360101,1,1,0,0,0,0,0,0,0,0,0,0
360102,0,1,0,0,0,0,0,0,0,0,0,0
360102,1,1,0,0,0,29,0,0,0,0,0,0
360103,1,1,0,0,0,0,0,0,0,0,0,0
360103,2,1,20,0,0,0,0,0,0,0,0,14
360104,1,1,0,0,0,0,0,0,0,0,0,0
360104,2,1,0,0,0,0,0,0,0,0,0,0
360105,1,1,28,28,28,28,28,28,28,28,28,28
360106,1,1,0,27,0,0,0,0,0,0,0,0
360106,2,1,0,0,0,0,0,0,0,0,0,0
360107,1,1,0,0,0,0,0,0,0,0,0,0
360107,2,1,0,0,0,0,0,0,0,0,0,0
360108,1,1,27,0,0,0,0,0,0,12,13,0
360108,2,1,0,0,0,16,0,0,0,0,0,0
360109,0,1,5,14,33,22,0,14,0,0,0,16
360109,1,1,23,0,0,0,0,0,0,0,0,0
360110,0,1,6,6,6,6,6,6,6,6,6,6
360110,1,1,0,10,9,26,16,19,37,13,16,10
360111,1,1,0,0,0,0,0,0,0,0,0,0
360111,2,1,0,0,0,0,0,0,0,0,0,0
360112,1,1,0,0,0,0,0,0,0,0,0,0
360112,2,1,0,0,0,0,0,0,0,0,0,0
360113,1,1,5,5,5,5,5,5,5,5,5,5
360113,2,1,0,0,0,0,0,0,0,0,0,0
360114,0,1,0,0,0,0,0,0,0,0,0,0
360114,1,1,5,0,0,0,0,0,31,0,0,0
360115,1,1,14,14,14,14,14,14,14,14,14,14
360116,0,1,25,25,25,25,25,25,25,25,25,25
360116,1,1,11,0,0,16,21,0,14,0,0,0
360117,1,1,0,0,0,0,0,0,0,0,0,0
360117,2,1,0,0,0,0,0,0,0,0,0,7
360118,1,1,0,5,0,0,0,0,0,0,14,0
360118,2,1,0,0,0,0,0,0,0,0,16,27
360118,3,1,1,1,1,1,1,1,1,1,1,1
360119,1,1,0,0,0,0,0,0,0,0,0,0
360120,0,1,0,0,0,9,0,0,0,0,0,0
360120,1,1,0,0,0,17,29,27,0,0,0,0
360121,1,1,17,17,17,17,17,17,17,17,17,17
360122,1,1,0,0,0,0,0,0,0,0,0,0
360122,2,1,0,0,0,0,0,0,0,0,0,0
360122,3,1,0,0,0,0,0,0,0,0,0,0
360123,0,1,0,0,0,0,0,0,0,0,0,0
360123,1,1,0,0,0,0,0,3,0,0,0,0
360124,0,1,36,36,36,36,36,36,36,36,36,36
360124,1,1,11,0,0,0,15,0,0,0,0,25
360125,0,1,0,0,0,0,0,0,0,0,0,0
360125,1,1,8,10,0,0,0,0,13,0,0,0
360125,2,1,0,0,0,0,13,0,0,15,0,0
360126,0,1,0,0,0,0,0,0,0,0,0,0
360126,0,2,0,0,0,0,0,0,0,0,0,0
360126,1,1,20,0,0,0,0,0,16,0,0,0
360127,1,1,0,0,0,0,0,0,0,0,0,0
360127,2,1,0,0,0,0,0,0,0,0,0,0
360128,0,1,21,21,21,21,21,21,21,21,21,21
360128,1,1,0,24,0,0,49,0,8,0,15,0
360128,2,1,10,25,0,0,13,7,0,11,0,16
360129,1,1,25,7,17,15,13,11,16,22,23,0
360130,1,1,22,22,22,22,22,22,22,22,22,22
360131,0,1,0,0,0,0,0,0,0,0,0,0
360131,1,1,0,0,14,0,0,3,0,0,14,0
360131,2,1,0,0,0,0,0,6,0,19,9,8
360132,1,1,0,0,0,0,0,0,0,0,0,0
360133,1,1,0,0,0,0,0,0,0,0,0,0
360133,2,1,0,0,2,0,0,0,0,0,0,0
360134,1,1,15,15,15,15,15,15,15,15,15,15
360134,2,1,0,0,0,0,7,0,9,0,0,0
360135,1,1,18,18,18,18,18,18,18,18,18,18
360136,1,1,0,0,0,0,0,0,0,0,0,0
360137,1,1,28,28,28,28,28,28,28,28,28,28
360139,1,1,8,11,5,13,10,13,27,17,13,10
360140,0,1,33,33,33,33,33,33,33,33,33,33
360140,1,1,0,0,0,16,0,0,0,0,0,0
360141,1,1,13,0,0,0,14,0,0,10,0,11
360142,1,1,0,0,0,0,0,0,0,0,0,0
360142,2,1,0,0,0,0,0,0,0,0,0,0
360143,0,1,0,0,0,0,0,0,0,0,0,0
360143,1,1,0,0,0,0,0,0,0,14,0,0
360144,1,1,0,0,0,0,0,0,0,0,0,0
360144,2,1,6,0,8,0,0,0,0,0,0,11
360145,0,1,22,22,22,22,22,22,22,22,22,22
360145,1,1,11,34,0,0,0,0,0,0,0,0
360145,2,1,0,0,0,0,0,4,18,17,8,0
360146,1,1,1,1,1,1,1,1,1,1,1,1
360146,2,1,0,0,7,0,0,0,0,0,0,0
360147,1,1,26,26,26,26,26,26,26,26,26,26
360148,1,1,0,0,0,0,0,0,0,0,0,0
360148,2,1,8,0,22,10,17,4,24,21,23,9
360149,1,1,0,0,0,0,0,0,0,0,0,0
360149,2,1,20,13,32,30,17,19,10,17,11,13
360150,1,1,0,0,0,0,0,0,0,0,0,0
360151,1,1,0,20,23,0,24,30,15,12,11,17
360152,0,1,10,10,10,10,10,10,10,10,10,10
360152,1,1,0,0,0,0,0,0,0,0,0,0
360153,1,1,0,0,0,0,0,0,0,0,0,0
360153,2,1,0,0,0,0,0,0,0,0,0,0
360154,1,1,15,15,15,15,15,15,15,15,15,15
360155,0,1,12,12,12,12,12,12,12,12,12,12
360155,0,2,15,0,0,31,0,0,36,0,0,0
360155,1,1,0,0,0,23,0,0,0,16,0,0
360156,0,1,0,0,0,0,0,0,0,0,0,0
360156,1,1,0,0,0,0,0,0,0,12,0,24
360157,0,1,18,18,18,18,18,18,18,18,18,18
360157,1,1,0,0,0,0,0,0,0,0,11,0
360157,2,1,0,0,0,0,0,0,0,7,0,0
360158,1,1,0,0,0,0,0,0,0,0,0,0
360159,1,1,0,0,0,0,0,0,0,0,0,0
360159,2,1,0,0,0,0,0,0,0,0,0,0
360159,4,1,0,0,0,0,0,0,0,0,0,0
360160,1,1,0,0,0,0,0,42,0,0,0,0
360160,2,1,0,0,0,0,0,0,0,0,0,0
360161,0,1,9,9,9,9,9,9,9,9,9,9
360161,1,1,22,22,22,22,22,22,22,22,22,22
360162,1,1,1,1,1,1,1,1,1,1,1,1
360163,1,1,0,0,0,0,0,0,0,0,0,0
360163,2,1,0,0,0,0,0,0,0,0,0,0
360163,3,1,0,0,0,0,0,0,0,0,10,0
360163,4,1,0,13,0,0,0,0,14,0,0,0
360164,1,1,0,0,0,0,0,0,0,0,0,0
360165,1,1,0,0,0,0,0,0,0,17,0,0
360166,0,1,0,0,0,0,0,0,0,0,0,0
360166,1,1,0,0,0,0,0,0,0,0,0,0
360167,0,1,0,0,0,0,0,0,0,0,0,0
360167,1,1,0,0,0,0,0,0,0,0,0,0
360168,1,1,0,0,0,8,20,0,29,11,13,0
360169,0,1,27,0,0,0,0,0,0,0,18,0
360169,1,1,0,9,11,0,0,0,0,0,13,0
360171,0,1,0,0,0,0,0,0,0,0,0,0
360171,1,1,0,0,0,0,0,0,0,0,0,0
360172,0,1,0,0,0,0,0,0,0,0,0,0
360172,1,1,0,0,0,0,0,0,0,0,0,0
360172,2,1,0,0,0,0,0,0,0,0,0,0
360173,0,1,0,0,0,0,0,0,0,0,0,0
360173,1,1,11,0,13,0,0,0,0,0,8,0
360174,0,1,24,24,24,24,24,24,24,24,24,24
360174,1,1,0,10,0,0,0,0,0,0,7,14
360175,1,1,0,0,0,0,0,0,0,0,0,0
360175,2,1,0,0,0,0,0,0,0,0,0,0
360175,3,1,0,0,0,0,0,0,0,13,0,0
360177,0,1,15,15,15,15,15,15,15,15,15,15
360177,0,2,0,0,0,0,0,0,0,0,0,0
360177,1,1,0,0,0,0,0,0,0,0,0,0
360178,1,1,0,0,0,0,0,0,0,0,0,0
360179,0,1,0,0,0,0,0,0,0,0,0,0
360179,1,1,0,0,0,30,0,0,10,0,0,0
360180,1,1,0,0,0,0,0,0,0,0,0,0
360181,1,1,0,0,0,0,0,0,0,0,0,0
360182,0,1,0,0,0,0,0,0,0,0,0,0
360182,1,1,0,0,0,28,0,0,0,0,0,0
360183,0,1,3,3,3,3,3,3,3,3,3,3
360183,1,1,0,0,8,0,0,16,0,0,0,0
360184,1,1,0,0,0,0,6,18,0,0,0,14
360184,2,1,0,0,0,0,0,0,0,0,0,0
360185,1,1,0,0,0,0,0,0,0,0,0,0
360185,2,1,0,8,0,0,0,0,0,0,0,0
360186,1,1,4,4,4,4,4,4,4,4,4,4
360187,1,1,19,19,19,19,19,19,19,19,19,19
360188,0,1,36,36,36,36,36,36,36,36,36,36
360188,1,1,0,0,0,0,0,0,0,0,0,0
360189,0,1,0,0,0,0,0,10,0,0,0,0
360189,1,1,0,0,0,0,0,0,0,0,0,0
360189,2,1,0,0,0,0,0,0,0,0,0,0
360190,1,1,0,22,0,10,12,0,0,32,0,0
360190,2,1,0,12,0,3,0,0,0,5,0,0
360191,1,1,0,0,0,0,0,0,0,0,0,0
360192,1,1,0,0,0,0,0,0,0,0,24,0
360192,2,1,0,0,0,0,0,0,0,0,0,0
360193,1,1,21,21,21,21,21,21,21,21,21,21
360193,2,1,0,0,7,15,0,0,0,0,14,12
360194,1,1,0,0,0,0,0,0,0,0,0,0
360194,2,1,0,0,0,0,0,0,0,0,0,0
360196,1,1,0,0,0,0,0,0,0,0,0,0
360196,2,1,0,0,0,0,0,6,0,0,0,0
360197,1,1,0,0,0,0,0,0,0,0,0,0
360198,1,1,0,0,0,0,0,0,0,0,0,0
360199,1,1,0,0,0,10,0,0,7,0,10,0
360199,2,1,0,0,0,0,0,0,0,0,0,0
360200,0,1,0,0,0,0,0,0,0,0,0,0
360200,1,1,0,0,21,0,0,0,0,0,11,36
360201,0,1,25,25,25,25,25,25,25,25,25,25
360201,1,1,0,0,0,0,0,0,0,0,0,0
360202,1,1,0,0,0,0,0,0,0,0,0,0
360203,0,1,0,0,0,0,0,0,0,0,0,0
360203,1,1,0,0,0,0,0,0,0,0,0,0
360204,1,1,0,0,0,0,0,0,0,0,0,0
360205,1,1,0,0,0,0,0,17,23,0,0,0
360206,0,1,0,0,0,0,0,0,0,0,0,0
360206,1,1,0,16,0,25,0,0,28,0,0,17
360207,0,1,0,0,0,10,0,15,0,14,21,31
360207,1,1,0,0,0,0,0,0,44,0,0,0
360208,0,1,0,0,0,0,0,0,0,0,12,0
360208,1,1,0,0,0,0,0,0,0,0,0,0
360209,1,1,0,0,0,0,0,0,0,0,0,0
360210,0,1,0,0,0,0,0,0,0,0,0,0
360210,1,1,0,0,0,0,0,0,0,0,0,0
360211,1,1,14,4,34,15,0,25,17,21,24,13
360212,0,1,0,19,0,0,0,0,0,5,0,0
360212,1,1,0,0,0,0,0,0,0,0,0,0
360213,1,1,18,18,18,18,18,18,18,18,18,18
360214,1,1,17,17,17,17,17,17,17,17,17,17
360215,1,1,3,3,3,3,3,3,3,3,3,3
360216,1,1,28,28,28,28,28,28,28,28,28,28
360217,1,1,19,19,19,19,19,19,19,19,19,19
360218,0,1,0,0,0,0,0,0,0,0,0,0
360218,1,1,0,33,0,35,8,24,0,24,0,22
360219,1,1,0,0,0,0,0,0,0,0,0,0
360220,1,1,0,0,0,0,0,0,0,0,0,0
360220,2,1,0,0,0,0,0,0,0,0,0,0
360221,0,1,0,0,0,0,0,0,0,0,0,0
360221,1,1,0,0,0,0,7,0,0,0,0,0
360222,1,1,12,12,12,12,12,12,12,12,12,12
360223,1,1,19,19,19,19,19,19,19,19,19,19
360224,1,1,0,22,0,19,10,22,29,0,0,0
360225,0,1,0,0,0,0,0,0,0,0,0,0
360225,1,1,22,0,0,0,19,0,0,0,0,0
360226,1,1,0,0,0,0,0,0,0,0,0,0
360226,2,1,21,21,21,21,21,21,21,21,21,21
360227,0,1,0,0,0,0,0,0,0,0,0,0
360227,1,1,16,16,16,16,16,16,16,16,16,16
360228,1,1,2,2,2,2,2,2,2,2,2,2
360228,2,1,16,0,0,4,0,0,0,0,0,0
360229,0,1,0,0,0,0,0,0,0,0,0,31
360229,1,1,0,0,0,0,0,0,7,0,0,0
360230,1,1,24,7,13,3,5,19,10,5,9,0
360230,2,1,22,22,22,22,22,22,22,22,22,22
360231,0,1,0,0,0,0,0,0,0,0,0,0
360231,1,1,0,0,21,0,0,0,0,0,0,0
360232,1,1,1,1,1,1,1,1,1,1,1,1
360232,2,1,0,15,2,14,0,0,0,0,0,3
360233,0,1,18,18,18,18,18,18,18,18,18,18
360233,1,1,0,4,0,21,0,0,14,0,0,0
360234,0,1,24,24,24,24,24,24,24,24,24,24
360234,1,1,19,8,0,19,33,0,0,0,0,17
360235,0,1,0,0,0,0,0,0,0,0,0,0
360235,1,1,8,0,0,12,0,0,0,0,0,0
360236,1,1,0,0,0,0,0,0,0,8,0,18
360236,2,1,0,0,0,0,0,0,0,0,0,0
360237,1,1,0,0,0,0,0,0,0,0,0,0
360238,0,1,0,0,0,0,0,0,0,0,0,0
360238,1,1,0,0,0,0,12,0,37,0,0,14
360239,1,1,0,0,0,0,0,0,0,0,0,0
360240,1,1,6,0,0,0,0,15,0,0,21,0
360241,0,1,13,13,13,13,13,13,13,13,13,13
360241,1,1,0,0,0,17,0,0,0,22,0,0
360242,1,1,0,0,0,0,0,0,0,24,0,0
360242,2,1,0,0,0,0,0,0,0,0,0,0
360243,1,1,9,9,9,9,9,9,9,9,9,9
360245,0,1,0,0,0,0,0,0,0,0,0,0
360245,1,1,0,0,0,0,0,0,0,0,0,0
360246,1,1,0,0,0,0,0,26,0,0,14,0
360247,1,1,0,0,0,0,0,0,0,0,0,0
360248,1,1,20,4,23,16,9,14,6,11,8,17
360248,2,1,0,33,0,0,0,6,0,37,22,0
360249,1,1,0,0,0,0,0,0,0,0,0,0
360250,1,1,3,3,3,3,3,3,3,3,3,3
360251,1,1,3,3,3,3,3,3,3,3,3,3
360252,1,1,0,0,0,0,12,0,4,0,0,0
360252,2,1,0,0,0,0,0,0,0,0,0,0
360253,1,1,16,16,16,16,16,16,16,16,16,16
360253,2,1,0,0,0,0,0,0,0,0,0,0
360254,1,1,28,13,13,9,27,16,13,23,8,15
360255,0,1,0,0,0,0,0,0,0,0,0,0
360255,1,1,0,0,0,0,0,0,0,0,0,0
360256,1,1,0,0,0,0,0,0,0,0,0,0
360257,1,1,21,21,21,21,21,21,21,21,21,21
360258,0,1,7,7,7,7,7,7,7,7,7,7
360258,1,1,0,0,24,0,0,0,0,0,0,0
360259,0,1,0,0,0,0,0,0,0,0,0,0
360259,1,1,0,11,0,0,0,23,5,0,0,35
360260,0,1,26,26,26,26,26,26,26,26,26,26
360260,1,1,0,10,0,0,5,0,0,0,0,13
360261,1,1,13,13,13,13,13,13,13,13,13,13
360261,2,1,0,20,0,0,0,0,0,0,0,0
360262,1,1,0,0,0,0,0,0,0,0,0,0
360263,0,1,0,0,0,0,0,0,0,0,0,0
360263,1,1,0,0,0,0,0,0,0,0,0,0
360264,1,1,9,9,9,9,9,9,9,9,9,9
360265,1,1,11,11,11,11,11,11,11,11,11,11
360265,2,1,0,33,0,0,0,7,16,0,0,7
360266,1,1,0,0,0,0,0,0,0,0,0,0
360267,0,1,0,0,0,0,0,0,0,0,0,0
360267,1,1,0,0,0,0,0,0,0,0,0,0
360268,1,1,19,19,19,19,19,19,19,19,19,19
360269,1,1,16,34,18,18,6,23,32,10,0,13
360269,2,1,0,0,0,0,0,0,0,0,0,0
360271,1,1,0,0,0,0,0,0,0,0,0,0
360272,0,1,0,0,0,0,0,0,0,0,0,0
360272,1,1,0,22,0,0,0,0,0,0,0,0
360274,0,1,23,34,30,0,0,0,0,11,0,0
360274,1,1,0,0,0,0,0,0,0,0,0,0
360275,1,1,0,0,0,0,0,0,0,0,0,0
360276,0,1,0,0,0,0,0,0,0,0,0,0
360276,1,1,0,0,26,0,0,0,20,0,0,16
360277,1,1,0,0,0,0,0,0,0,0,0,0
360278,1,1,12,12,12,12,12,12,12,12,12,12
360279,1,1,23,23,23,23,23,23,23,23,23,23
360279,2,1,0,0,0,0,0,0,0,0,0,0
360280,1,1,0,0,0,0,0,0,0,0,0,0
360280,2,1,0,5,0,0,0,0,17,0,0,18
360281,1,1,0,0,0,0,0,4,0,0,0,0
360281,2,1,0,0,0,0,0,0,0,0,0,0
360282,1,1,0,0,0,0,0,0,0,0,0,0
360282,2,1,0,0,0,0,0,0,0,0,0,0
360283,1,1,0,0,0,0,12,0,0,0,0,0
360283,2,1,0,0,0,0,0,0,0,0,0,0
360284,0,1,0,0,0,0,2,16,5,0,31,0
360284,1,1,0,0,0,0,11,0,0,0,0,0
360285,1,1,17,17,17,17,17,17,17,17,17,17
360286,1,1,0,0,0,14,0,0,0,8,14,0
360286,2,1,0,0,0,0,0,0,13,0,0,0
360287,0,1,0,0,10,0,23,21,0,0,3,25
360287,1,1,0,0,15,0,0,0,0,0,0,0
360288,0,1,20,20,20,20,20,20,20,20,20,20
360288,1,1,0,0,0,0,10,0,0,0,0,0
360289,1,1,0,0,0,0,0,0,0,28,11,0
360289,2,1,0,0,0,0,0,0,0,0,0,0
360290,0,1,0,0,0,17,24,0,0,0,0,0
360290,1,1,0,0,12,0,0,0,0,0,28,0
360291,1,1,14,14,14,14,14,14,14,14,14,14
360292,0,1,0,0,0,0,0,0,0,0,0,0
360292,1,1,13,23,18,10,12,15,16,33,16,13
360293,1,1,0,0,0,0,0,0,0,0,0,0
360293,2,1,0,0,0,0,0,0,0,0,0,0
360294,1,1,0,0,0,0,0,0,0,0,0,0
360295,1,1,0,0,0,0,0,0,0,0,0,0
360295,2,1,0,0,0,0,0,0,14,0,0,0
360296,1,1,0,16,26,12,0,0,21,22,11,16
360297,1,1,6,0,0,24,10,35,10,0,12,0
360298,1,1,0,3,0,0,16,0,0,0,0,0
360298,2,1,0,0,0,0,0,0,0,0,0,0
360300,1,1,0,0,0,19,0,0,0,0,0,0
360300,2,1,24,0,0,0,0,0,0,18,0,0
360300,3,1,0,0,0,0,0,0,0,0,0,10
360301,1,1,13,16,11,13,15,9,13,21,4,9
360302,0,1,2,2,2,2,2,2,2,2,2,2
360302,1,1,19,19,19,19,19,19,19,19,19,19
360303,1,1,0,0,0,0,0,0,0,0,0,0
360303,2,1,0,0,0,0,0,0,0,0,0,0
360304,0,1,10,0,0,0,0,0,6,0,0,0
360304,1,1,0,0,0,0,0,15,0,0,0,0
360305,0,1,0,0,0,0,0,0,0,0,0,0
360305,0,2,0,0,0,0,0,0,0,0,0,0
360305,0,3,0,14,0,0,0,0,0,0,0,7
360305,1,1,0,0,0,0,21,0,0,0,0,0
360306,1,1,0,0,0,0,0,0,0,0,0,0
360308,1,1,0,0,0,0,0,0,0,0,0,0
360309,0,1,1,1,1,1,1,1,1,1,1,1
360309,1,1,0,0,0,0,0,0,0,0,0,0
360310,1,1,0,0,0,0,0,0,0,0,0,0
360310,2,1,0,0,0,0,0,0,0,0,0,0
360311,1,1,0,0,0,0,22,0,0,0,0,0
360311,2,1,0,0,0,0,0,0,0,0,0,0
360312,0,1,15,15,15,15,15,15,15,15,15,15
360312,1,1,11,6,10,0,19,0,0,0,0,0
360313,0,1,0,0,0,0,0,0,0,0,0,0
360313,1,1,0,0,0,0,0,0,0,0,0,0
360314,0,1,0,0,0,0,0,0,0,0,0,0
360314,1,1,20,0,0,6,0,0,0,0,26,0
360314,2,1,0,0,0,0,0,30,0,0,0,0
360315,1,1,0,0,0,0,0,0,0,0,0,0
360316,1,1,13,13,13,13,13,13,13,13,13,13
360317,1,1,0,0,0,0,0,0,0,10,0,0
360318,1,1,8,8,8,8,8,8,8,8,8,8
360319,1,1,0,0,0,0,0,0,0,0,0,0
360319,2,1,0,0,0,5,0,0,0,0,0,0
360319,3,1,0,0,0,0,0,0,0,0,0,0
360319,4,1,0,0,0,0,0,0,0,0,0,0
360319,5,1,0,0,0,10,0,0,0,0,0,0
360320,1,1,0,0,0,0,0,0,0,0,0,0
360321,1,1,0,0,0,0,0,0,0,0,0,0
360321,2,1,16,0,0,0,0,0,0,0,0,0
360322,0,1,33,33,33,33,33,33,33,33,33,33
360322,1,1,0,0,0,0,0,0,0,0,0,0
360322,2,1,0,0,3,0,0,0,0,8,0,0
360323,1,1,0,0,0,0,0,0,0,0,0,0
360323,2,1,0,0,0,0,0,0,0,0,0,0
360324,1,1,0,0,0,0,0,0,0,0,0,0
360324,2,1,0,0,0,0,0,0,0,0,0,0
360325,1,1,0,0,0,0,0,0,0,0,0,0
360325,2,1,0,0,0,0,0,0,0,0,10,0
360326,1,1,0,0,0,0,0,0,0,0,0,0
360326,2,1,0,0,0,0,0,0,0,0,0,0
360327,1,1,11,22,23,19,15,18,6,10,23,9
360328,1,1,0,0,0,0,30,0,0,0,0,0
360328,2,1,0,0,0,0,0,0,0,0,0,0
360328,3,1,0,0,0,0,0,0,0,0,0,0
360329,1,1,0,0,0,0,0,0,0,0,0,0
360330,1,1,0,0,0,0,0,0,0,21,0,0
360331,1,1,0,0,0,0,0,0,0,0,0,0
360331,2,1,0,0,0,0,0,0,0,0,0,0
360332,1,1,0,0,0,0,0,0,0,0,0,0
360332,2,1,0,0,0,0,0,0,0,0,0,0
360333,0,1,0,0,0,0,0,0,0,0,0,0
360333,1,1,0,0,22,0,0,0,0,0,0,0
360334,1,1,15,0,12,14,0,11,0,13,14,18
360335,1,1,0,0,0,0,0,0,0,0,0,0
360335,2,1,0,0,0,0,0,0,0,0,0,0
360336,0,1,0,0,0,0,0,0,0,0,0,0
360336,1,1,0,0,0,0,22,0,0,0,0,17
360337,0,1,0,0,0,0,0,0,0,0,0,0
360337,1,1,16,22,0,0,0,22,0,0,0,0
360338,1,1,0,0,0,0,0,0,0,0,0,0
360338,2,1,0,0,0,0,0,0,0,0,0,0
360339,1,1,0,0,0,0,0,0,0,0,0,0
360339,2,1,0,0,0,0,0,0,0,0,0,20
360339,3,1,0,0,0,0,0,0,0,0,0,15
360339,4,1,0,0,0,0,0,0,0,0,0,0
360339,5,1,0,0,0,0,0,0,0,0,0,0
360340,1,1,0,0,0,0,12,0,0,18,0,0
360340,2,1,0,0,0,0,0,0,0,0,0,0
360341,0,1,0,0,0,0,0,0,0,0,0,0
360341,1,1,0,0,0,0,0,0,0,0,0,0
360342,0,1,0,0,0,0,0,0,0,0,0,0
360342,1,1,0,13,0,17,0,10,0,0,0,0
360343,1,1,0,0,0,0,0,0,0,0,0,0
360343,2,1,0,8,7,0,0,9,0,0,0,0
360344,1,1,0,0,0,0,0,0,0,0,0,0
360344,2,1,0,19,0,0,0,34,0,0,0,0
360345,1,1,0,20,4,0,0,0,0,0,0,0
360346,0,1,0,0,0,0,0,0,0,0,0,0
360346,1,1,0,0,0,0,0,0,0,0,0,0
360347,1,1,19,19,19,19,19,19,19,19,19,19
360348,0,1,0,0,0,0,0,0,0,0,0,0
360348,1,1,0,0,0,0,33,0,0,0,0,0
360349,1,1,1,1,1,1,1,1,1,1,1,1
360349,2,1,0,0,0,0,0,0,0,0,0,0
360350,1,1,0,0,0,0,0,0,0,0,0,0
360350,2,1,0,0,0,0,0,0,0,0,0,0
360351,1,1,0,0,0,0,0,0,0,0,0,0
360351,2,1,0,0,0,0,0,0,0,0,0,0
360352,0,1,0,0,0,0,0,0,0,0,0,0
360352,1,1,0,0,19,0,0,14,0,0,26,4
360353,1,1,0,0,0,0,0,0,0,0,18,0
360354,1,1,14,14,14,14,14,14,14,14,14,14
360355,1,1,0,0,0,0,0,0,0,0,0,0
360355,2,1,0,0,0,0,0,0,0,0,0,0
360356,1,1,0,0,0,0,0,0,0,0,0,0
360356,2,1,0,0,0,0,0,0,0,0,0,0
360357,1,1,0,0,0,0,0,0,0,0,0,0
360357,2,1,0,0,0,0,4,0,0,0,0,3
360358,0,1,5,5,5,5,5,5,5,5,5,5
360358,0,2,0,7,0,15,0,9,0,0,0,0
360358,1,1,0,22,0,0,0,0,0,0,23,0
360359,1,1,0,0,0,0,0,0,0,0,0,0
360360,1,1,0,0,0,0,0,0,0,0,0,0
360360,2,1,0,24,0,0,0,0,0,0,0,0
360361,1,1,0,0,0,0,0,0,0,0,0,0
360362,1,1,7,7,7,7,7,7,7,7,7,7
360362,2,1,0,0,0,0,0,0,0,0,0,0
360363,1,1,0,0,0,0,7,0,0,0,0,0
360363,2,1,0,0,0,0,0,0,0,0,0,0
360364,1,1,0,0,0,0,0,0,0,0,0,0
360364,2,1,0,0,0,0,0,0,0,0,0,0
360365,0,1,0,0,0,0,0,0,0,0,0,0
360365,1,1,0,0,0,0,0,0,0,0,0,0
360365,2,1,0,0,0,0,0,0,0,0,0,0
360366,1,1,10,10,10,10,10,10,10,10,10,10
360367,1,1,0,0,0,0,0,0,0,19,26,0
360367,2,1,0,0,0,0,16,0,0,0,0,0
360368,1,1,3,3,3,3,3,3,3,3,3,3
360368,2,1,0,0,0,0,0,0,0,0,0,0
360369,1,1,0,0,0,0,0,0,0,0,0,0
360370,0,1,0,0,0,0,0,0,0,0,0,0
360370,1,1,0,0,0,0,0,0,0,0,15,0
360370,2,1,0,0,0,0,0,0,0,0,0,0
360371,0,1,0,0,0,0,0,0,0,0,0,0
360371,1,1,0,0,0,0,0,14,15,0,0,0
360372,1,1,0,0,0,0,0,0,0,0,0,0
360372,2,1,0,0,0,0,0,0,0,0,0,13
360373,1,1,0,4,0,22,0,3,6,8,2,7
360374,0,1,0,0,0,0,0,0,0,0,0,0
360374,1,1,0,0,0,0,0,0,0,0,0,0
360375,1,1,20,18,0,10,0,0,0,3,0,0
360375,2,1,7,7,7,7,7,7,7,7,7,7
360376,1,1,0,0,0,0,0,0,0,0,0,0
360377,1,1,6,0,0,0,0,0,0,0,0,0
360377,2,1,0,0,0,0,0,0,0,0,0,0
360378,0,1,0,0,0,0,0,0,0,0,0,0
360378,1,1,14,14,0,0,0,0,3,12,0,0
360379,1,1,14,0,0,0,0,0,0,0,0,0
360379,2,1,0,0,10,0,0,0,30,0,0,0
360381,1,1,0,32,0,0,0,0,29,0,8,0
360381,2,1,0,0,0,0,6,0,0,0,0,0
360382,0,1,0,0,0,0,0,0,0,0,0,0
360382,1,1,0,3,0,0,0,0,0,0,0,0
360383,1,1,21,21,21,21,21,21,21,21,21,21
360384,0,1,19,0,0,0,0,0,0,0,0,0
360384,1,1,0,0,0,0,0,0,0,0,0,0
360384,2,1,0,0,17,0,0,0,8,0,11,15
360385,1,1,29,17,22,18,20,8,27,26,24,25