ST_CASE,VEH_NO,PER_NO,P1,P2,P3,P4,P5,P6,P7,P8,P9,P10
360691,2,1,0,0,0,0,0,0,2,0,0,0
360692,1,1,0,0,0,0,0,0,0,0,0,0
360693,1,1,0,13,0,0,0,0,0,0,0,0
360693,2,1,0,0,0,0,0,0,0,0,0,0
360694,1,1,0,0,0,0,0,0,0,0,0,0
360694,2,1,0,8,22,0,13,17,0,27,0,0
360695,1,1,0,0,0,0,0,14,0,0,0,0
360695,2,1,0,0,0,0,0,0,0,0,21,0
360696,1,1,20,20,20,20,20,20,20,20,20,20
360697,1,1,29,29,29,29,29,29,29,29,29,29
360698,1,1,0,0,0,0,0,0,0,0,0,0
360698,2,1,0,0,0,0,0,21,0,0,0,0
360698,3,1,0,0,0,0,0,0,0,0,0,0
360699,1,1,1,1,1,1,1,1,1,1,1,1
360699,2,1,0,0,0,0,0,0,0,0,0,0
360700,1,1,0,0,0,0,0,0,0,0,0,0
360701,0,1,0,0,0,25,26,0,16,15,0,30
360701,1,1,22,14,15,0,9,0,0,20,13,0
360702,1,1,0,24,11,0,0,0,0,0,0,0
360702,2,1,0,0,0,0,0,0,0,0,0,0
360703,0,1,0,0,0,0,0,0,0,0,0,0
360703,0,2,28,0,0,0,0,0,0,0,0,0
360703,0,3,0,0,0,0,0,0,0,0,0,16
360703,1,1,0,0,0,0,0,0,0,0,0,0
360704,1,1,39,39,39,39,39,39,39,39,39,39
360705,1,1,8,8,8,8,8,8,8,8,8,8
360706,0,1,0,0,0,0,0,0,0,0,0,0
360706,1,1,10,0,0,0,0,0,0,0,0,0
360707,0,1,0,0,0,0,0,0,0,0,0,0
360707,1,1,0,0,0,0,0,0,7,18,0,0
360707,2,1,0,23,0,0,16,0,0,0,0,15
360708,1,1,0,0,0,0,0,17,0,0,4,0
360709,0,1,0,0,0,0,0,0,0,0,0,0
360709,1,1,30,17,0,32,12,32,7,9,18,13
360710,1,1,0,0,0,0,0,0,0,0,0,0
360710,2,1,16,16,16,16,16,16,16,16,16,16
360711,1,1,0,0,0,0,0,0,0,0,0,0
360711,2,1,4,4,4,4,4,4,4,4,4,4
360712,1,1,0,0,0,0,0,0,0,0,0,0
360713,1,1,0,0,0,14,0,0,0,0,4,0
360713,2,1,0,0,0,0,0,0,0,0,0,0
360714,1,1,0,0,0,0,0,0,0,0,0,0
360714,2,1,0,0,0,0,0,0,0,0,0,22
360715,1,1,2,2,2,2,2,2,2,2,2,2
360716,0,1,0,0,0,0,0,0,0,0,0,0
360716,1,1,0,0,0,0,0,0,12,0,0,0
360717,0,1,0,0,0,0,0,0,0,0,0,0
360717,1,1,0,0,0,0,0,0,0,0,0,0
360718,1,1,0,12,0,17,0,22,26,0,0,16
360719,1,1,17,0,0,0,0,8,15,0,0,10
360719,2,1,29,29,29,29,29,29,29,29,29,29
360720,0,1,0,0,0,0,0,0,0,0,0,0
360720,1,1,0,20,9,0,0,0,16,0,0,35
360721,1,1,0,0,0,0,0,0,0,0,0,0
360721,2,1,0,0,0,0,0,0,0,0,0,0
360722,0,1,0,0,0,0,0,0,0,0,0,0
360722,1,1,0,0,0,0,0,0,0,0,0,2
360723,1,1,0,29,20,16,16,0,0,0,0,26
360724,0,1,21,21,21,21,21,21,21,21,21,21
360724,1,1,21,31,15,3,18,7,12,0,19,14
360725,1,1,0,0,0,0,0,0,0,0,0,0
360727,0,1,0,0,0,19,0,7,0,0,0,0
360728,1,1,0,0,0,16,0,0,0,0,0,0
360728,2,1,0,0,0,0,0,0,0,0,0,0
360729,1,1,0,0,0,0,0,0,0,10,0,0
360729,2,1,0,0,0,0,0,14,0,0,0,0
360730,0,1,0,0,0,0,0,0,0,0,0,0
360730,1,1,0,0,0,0,0,0,0,0,0,0
360731,0,1,43,43,43,43,43,43,43,43,43,43
360731,1,1,0,0,16,0,0,0,0,0,0,0
360732,0,1,0,0,0,0,0,0,0,0,0,0
360732,1,1,0,0,0,0,0,0,0,0,0,0
360733,0,1,0,0,0,25,0,0,0,16,27,22
360733,1,1,0,0,0,0,12,0,0,0,0,0
360734,1,1,7,28,26,13,16,21,4,23,21,12
360735,0,1,0,0,16,3,0,0,3,0,7,0
360735,1,1,0,0,0,0,16,0,0,0,13,13
360736,0,1,0,0,0,14,12,0,0,0,18,0
360736,1,1,0,0,0,0,0,0,0,0,0,0
360737,1,1,0,0,0,0,0,0,0,0,0,0
360737,2,1,0,0,0,0,0,0,0,0,0,0
360737,3,1,0,0,0,0,0,0,0,0,0,0
360738,1,1,21,21,21,21,21,21,21,21,21,21
360738,2,1,0,0,0,0,0,0,0,0,0,0
360739,1,1,23,0,12,0,0,0,0,0,23,0
360740,1,1,0,0,0,0,0,0,25,0,0,6
360740,2,1,14,14,14,14,14,14,14,14,14,14
360741,1,1,0,0,0,0,0,0,0,0,0,0
360741,2,1,0,0,0,0,14,25,0,0,0,19
360742,1,1,38,27,0,0,0,0,0,14,0,0
360743,1,1,0,0,0,0,0,0,0,0,0,0
360744,1,1,22,22,22,22,22,22,22,22,22,22
360745,0,1,21,21,21,21,21,21,21,21,21,21
360745,1,1,0,4,10,0,18,0,20,0,7,22
360746,1,1,0,0,19,0,0,0,0,0,0,0
360747,1,1,0,0,17,0,0,27,0,0,0,7
360748,1,1,31,31,31,31,31,31,31,31,31,31
360749,0,1,0,36,24,0,26,0,0,28,25,32
360749,1,1,0,0,10,7,0,0,0,0,0,0
360750,1,1,7,20,6,0,0,20,0,0,0,13
360751,1,1,0,0,0,0,0,0,0,0,0,0
360753,0,1,33,22,20,20,28,14,12,20,15,32
360753,1,1,0,0,0,0,0,0,0,0,0,0
360754,1,1,0,0,0,0,0,23,0,0,0,0
360754,2,1,0,0,0,16,0,0,0,8,0,0
360755,1,1,0,0,0,0,0,0,0,0,0,0
360756,0,1,0,0,0,0,0,0,0,0,0,0
360756,1,1,0,0,0,0,31,0,0,0,4,0
360757,0,1,0,0,0,0,0,12,0,0,0,0
360757,1,1,0,0,0,0,0,0,0,0,0,0
360758,1,1,21,0,0,0,0,0,0,0,0,0
360758,2,1,29,32,0,0,0,0,0,0,0,0
360759,0,1,17,17,17,17,17,17,17,17,17,17
360759,1,1,0,0,0,0,0,0,0,0,0,0
360760,1,1,13,13,13,13,13,13,13,13,13,13
360761,0,1,0,0,0,0,0,0,0,17,0,0
360761,1,1,21,0,0,8,0,0,0,0,0,0
360762,0,1,0,0,0,0,0,0,0,0,25,0
360762,1,1,0,0,0,0,0,0,0,24,0,0
360763,1,1,11,43,19,0,12,0,0,0,0,18
360764,1,1,5,0,0,21,0,0,0,0,0,0
360765,0,1,0,0,33,18,0,0,3,0,0,26
360765,1,1,0,6,27,22,7,0,15,0,0,0
360766,0,1,0,0,0,0,0,14,0,0,0,0
360766,1,1,0,0,0,0,0,0,0,0,0,0
360767,1,1,0,28,37,5,18,14,4,14,16,6
360768,1,1,8,12,16,37,19,0,13,17,16,0
360768,2,1,0,0,0,0,0,0,0,0,0,0
360769,0,1,0,0,0,0,0,0,0,0,0,0
360769,0,2,0,0,0,0,0,0,0,0,0,0
360769,0,3,0,0,0,0,0,0,0,0,0,0
360769,1,1,0,0,0,0,0,17,0,31,32,0
360770,0,1,0,0,0,0,0,0,0,0,0,0
360770,1,1,0,0,0,0,0,0,0,0,0,0
360771,1,1,0,0,0,0,0,0,0,0,0,0
360771,2,1,0,0,0,0,0,0,0,0,0,0
360772,0,1,0,0,0,0,23,0,0,0,29,29
360772,1,1,0,0,11,0,21,39,0,0,28,26
360773,1,1,0,0,0,0,0,0,0,0,0,0
360775,1,1,0,0,0,0,0,0,0,0,0,0
360776,0,1,0,0,0,0,0,0,0,0,0,0
360776,1,1,0,0,0,0,0,0,0,0,0,0
360777,0,1,36,36,36,36,36,36,36,36,36,36
360777,1,1,10,0,0,0,0,0,0,31,0,0
360778,0,1,26,0,0,0,30,0,0,8,25,18
360778,1,1,0,0,30,0,0,0,0,0,0,0
360780,1,1,0,0,0,0,0,0,0,0,0,0
360781,1,1,0,0,0,0,0,15,0,0,20,0
360781,2,1,0,0,0,11,41,0,0,23,0,20
360781,3,1,0,0,0,0,0,0,0,0,3,0
360782,1,1,0,0,31,0,0,0,0,0,0,11
360782,2,1,0,0,0,0,0,0,0,0,0,0
360783,1,1,0,0,0,0,0,0,0,0,0,0
360783,2,1,0,0,0,0,0,0,0,0,0,0
360784,0,1,0,0,0,0,0,0,0,0,0,0
360784,1,1,0,0,0,0,0,21,0,0,0,0
360784,2,1,0,0,0,0,0,0,0,0,0,0
360785,0,1,0,13,34,0,0,0,0,17,0,16
360786,1,1,21,21,21,21,21,21,21,21,21,21
360787,1,1,0,0,0,0,0,0,0,0,0,0
360788,1,1,0,0,0,0,0,0,0,0,0,0
360789,0,1,19,14,0,0,35,2,22,16,20,18
360789,1,1,30,17,0,13,20,0,0,0,0,21
360790,0,1,0,0,0,0,0,0,0,0,0,0
360790,1,1,0,0,0,0,0,0,0,0,0,0
360791,0,1,0,0,0,0,0,0,0,0,0,0
360791,1,1,0,0,0,0,0,0,0,0,0,0
360792,0,1,0,0,0,0,0,0,0,0,0,0
360792,1,1,16,0,0,0,0,0,0,6,0,0
360793,0,1,0,0,45,0,0,0,0,17,0,4
360793,1,1,11,0,0,22,0,0,4,0,5,0
360794,0,1,0,0,0,0,0,0,0,0,0,0
360794,1,1,0,0,0,0,0,0,9,0,0,0
360795,1,1,0,0,0,0,9,0,0,0,0,28
360795,2,1,0,0,0,0,17,0,22,21,9,13
360796,1,1,0,0,0,0,0,0,0,0,0,13
360796,2,1,28,6,29,14,9,22,13,24,25,16
360797,0,1,0,0,0,31,0,0,0,0,0,0
360797,1,1,25,0,0,0,0,0,0,0,0,0
360798,0,1,0,0,0,0,0,0,0,0,0,0
360798,0,2,0,0,0,0,0,0,0,18,0,0
360798,1,1,0,0,0,0,0,0,0,0,0,0
360799,1,1,0,0,0,0,0,0,0,0,0,0
360800,1,1,26,16,21,38,13,12,28,23,18,44
360801,0,1,12,12,12,12,12,12,12,12,12,12
360801,1,1,0,31,14,31,20,34,0,31,0,18
360802,1,1,0,0,18,0,0,0,0,0,0,0
360802,2,1,0,0,0,0,0,0,0,0,0,0
360803,0,1,0,0,0,25,0,13,24,0,0,0
360803,1,1,0,27,0,0,0,9,0,0,0,2
360804,1,1,0,0,0,0,10,27,0,0,24,0
360805,1,1,9,16,22,25,26,15,25,0,28,22
360806,0,1,0,0,0,0,0,0,0,0,0,0
360806,1,1,0,0,0,0,0,0,0,0,0,0
360807,1,1,0,0,14,0,0,0,0,0,0,0
360807,2,1,0,0,0,0,0,0,0,0,0,0
360807,3,1,0,0,0,11,0,0,0,0,0,4
360808,0,1,0,0,0,0,0,0,0,23,0,0
360808,1,1,23,0,0,0,0,0,0,0,0,0
360809,1,1,0,0,0,0,0,0,0,0,0,0
360809,2,1,0,0,0,13,9,0,0,0,0,0
360810,0,1,36,25,0,0,0,0,18,0,6,0
360810,1,1,18,18,18,18,18,18,18,18,18,18
360810,2,1,0,0,0,0,5,0,0,0,0,0
360810,3,1,0,0,0,0,0,0,0,0,0,0
360810,4,1,0,0,0,0,0,0,18,9,0,15
360811,0,1,0,0,0,0,0,0,0,0,0,0
360811,1,1,0,0,0,0,20,0,0,0,0,0
360812,1,1,3,41,0,12,15,15,13,0,0,8
360813,0,1,0,0,0,0,0,0,0,0,0,0
360813,1,1,0,0,0,0,0,0,0,0,0,0
360814,1,1,22,22,22,22,22,22,22,22,22,22
360815,1,1,0,0,0,0,0,0,0,0,0,0
360815,2,1,0,0,10,16,0,0,24,0,5,0
360816,0,1,0,0,0,0,0,0,0,0,0,0
360816,1,1,0,0,0,0,0,0,0,0,0,12
360817,1,1,0,21,9,28,6,9,12,17,6,12
360817,2,1,0,0,0,33,0,0,0,0,0,0
360818,1,1,0,11,0,0,14,37,0,0,0,26
360819,1,1,16,0,0,5,0,0,0,0,0,0
360820,1,1,0,0,0,0,0,0,0,0,0,0
360820,2,1,0,0,0,0,0,0,0,0,0,22
360821,1,1,0,0,0,23,11,27,0,6,0,0
360822,1,1,0,0,0,0,0,0,0,0,0,0
360822,2,1,0,0,0,0,0,0,11,0,0,0
360823,1,1,0,10,0,21,4,0,0,0,0,0
360823,2,1,0,0,0,0,0,0,0,0,0,0
360824,0,1,0,0,25,0,0,0,0,0,0,0
360824,1,1,0,0,0,0,0,0,0,0,0,0
360825,0,1,0,0,0,0,0,0,0,0,0,0
360825,1,1,0,0,0,0,0,0,0,0,0,0
360826,1,1,0,0,0,0,0,0,0,0,0,0
360826,2,1,0,0,0,0,0,0,0,0,0,0
360827,1,1,0,0,0,0,0,0,0,0,0,0
360827,2,1,0,0,0,0,0,0,0,0,0,0
360828,1,1,0,0,0,0,0,0,0,0,0,0
360828,2,1,0,16,0,0,0,0,0,0,0,0
360829,0,1,2,2,2,2,2,2,2,2,2,2
360829,1,1,0,0,0,0,0,0,0,0,0,0
360830,0,1,23,23,23,23,23,23,23,23,23,23
360830,1,1,0,0,0,0,0,0,0,0,0,0
360831,2,1,0,0,0,0,0,0,0,0,0,0
360831,3,1,0,0,0,0,0,0,0,0,0,0
360832,0,1,0,0,0,0,0,0,0,0,0,0
360832,1,1,0,22,0,0,0,0,11,0,0,15
360833,1,1,0,0,0,0,0,0,0,0,0,0
360833,2,1,0,0,0,10,15,0,0,0,0,0
360833,3,1,0,0,0,0,0,0,0,0,0,0
360833,4,1,0,0,0,0,0,0,0,0,0,0
360834,0,1,0,0,0,0,0,0,0,0,0,0
360834,1,1,0,0,0,0,0,0,0,0,0,0
360835,0,1,0,0,0,0,0,0,0,0,0,0
360835,1,1,0,0,0,0,0,0,0,0,0,0
360836,1,1,0,0,0,0,0,5,0,0,0,0
360836,2,1,0,0,0,0,0,0,0,0,0,0
360837,0,1,0,0,0,0,0,0,0,0,0,0
360837,1,1,0,0,0,0,0,0,0,0,0,0
360838,1,1,0,19,0,0,0,0,0,0,0,0
360838,2,1,0,0,0,0,0,0,0,0,0,0
360839,0,1,0,18,16,0,0,13,0,34,23,0
360839,1,1,0,0,0,0,0,0,0,0,0,0
360840,0,1,0,0,0,0,0,0,0,0,0,0
360840,1,1,0,0,0,0,0,0,0,0,0,4
360840,2,1,0,0,0,0,0,4,0,0,12,0
360840,3,1,0,0,0,0,0,9,0,0,0,0
360841,0,1,26,20,19,0,24,0,0,24,0,0
360841,1,1,0,0,0,0,0,0,0,0,0,0
360842,0,1,0,0,9,14,30,0,0,20,0,5
360842,1,1,10,12,0,0,0,0,0,0,18,17
360843,1,1,0,0,0,0,0,0,0,0,0,0
360844,4,1,33,0,35,0,0,0,0,17,18,19
360845,0,1,10,10,10,10,10,10,10,10,10,10
360845,1,1,0,0,0,0,0,9,0,0,0,0
360845,2,1,0,0,3,0,0,32,0,13,0,0
360846,1,1,0,0,0,0,0,0,0,0,0,0
360846,2,1,0,0,0,0,0,0,0,0,0,0
360847,1,1,22,0,0,0,0,0,0,38,0,0
360847,2,1,31,31,31,31,31,31,31,31,31,31
360848,1,1,8,5,5,1,3,5,0,2,0,9
360848,2,1,0,0,0,0,0,0,0,0,0,0
360849,0,1,3,0,16,27,33,0,0,0,26,9
360849,1,1,0,0,0,0,0,0,0,0,0,0
360850,1,1,0,0,0,0,0,0,0,0,0,0
360851,0,1,6,0,0,0,26,11,0,0,0,0
360851,1,1,0,0,0,0,0,0,0,0,10,0
360852,1,1,18,0,0,0,0,13,0,0,0,0
360852,2,1,0,0,0,0,0,0,0,0,0,0
360853,0,1,0,0,0,22,29,0,0,7,7,0
360853,1,1,13,0,0,0,0,0,13,0,0,13
360854,1,1,0,0,0,0,0,0,0,0,0,0
360854,2,1,0,0,0,0,0,0,0,0,0,0
360855,0,1,0,0,0,0,0,0,0,0,0,0
360855,0,2,0,0,0,0,0,0,39,25,0,0
360855,1,1,0,0,0,0,0,0,0,15,21,0
360856,0,1,12,0,0,0,0,0,0,0,0,0
360856,1,1,14,0,0,0,0,0,0,0,0,0
360857,0,1,0,0,0,0,0,0,0,0,0,0
360857,1,1,0,0,0,0,0,0,0,0,0,0
360858,1,1,0,0,0,0,0,0,0,0,0,0
360859,1,1,0,29,13,16,0,12,0,0,0,0
360860,0,1,10,10,10,10,10,10,10,10,10,10
360860,1,1,0,0,0,0,0,0,0,0,0,0
360862,0,1,0,0,0,0,28,0,2,0,0,0
360862,1,1,0,0,0,0,0,0,0,0,0,0
360864,0,1,0,0,0,0,0,0,0,0,0,0
360864,1,1,0,0,0,0,0,0,0,0,0,0
360865,0,1,21,21,21,21,21,21,21,21,21,21
360865,1,1,0,0,0,23,26,0,0,0,18,0
360866,1,1,0,0,0,0,11,0,0,23,0,0
360867,1,1,0,0,0,0,0,0,0,8,0,0
360867,2,1,0,0,6,7,0,0,0,0,0,0
360868,0,1,0,0,0,0,0,0,0,0,0,0
360868,1,1,27,0,0,13,0,0,0,0,26,0
360869,0,1,0,0,0,23,0,0,10,5,23,7
360869,1,1,0,0,0,0,13,0,0,0,0,0
360870,1,1,0,0,0,0,0,0,0,0,0,0
360870,2,1,0,0,0,0,0,0,0,0,0,0
360871,0,1,0,0,23,15,0,0,0,0,0,0
360871,1,1,21,0,28,0,7,8,4,17,23,0
360873,1,1,0,0,0,0,0,0,0,0,0,0
360874,1,1,9,9,9,9,9,9,9,9,9,9
360875,1,1,0,0,0,0,0,0,0,0,0,0
360875,2,1,0,0,0,0,0,0,0,0,0,0
360876,1,1,0,9,0,0,0,0,0,0,0,0
360876,2,1,0,0,0,0,0,0,0,0,0,0
360877,0,1,0,0,0,0,0,0,0,0,0,0
360877,1,1,0,0,0,0,15,0,0,9,0,0
360878,0,1,0,0,22,0,50,15,0,0,0,0
360878,1,1,13,9,15,0,14,17,0,0,0,0
360879,1,1,0,0,0,0,0,0,0,0,0,0
360879,2,1,0,35,0,0,0,0,0,0,0,0
360880,1,1,8,8,8,8,8,8,8,8,8,8
360881,1,1,0,15,0,0,0,4,0,0,0,0
360881,2,1,0,0,0,0,0,0,0,0,0,0
360882,1,1,0,0,0,0,0,0,0,0,0,0
360882,2,1,0,0,0,0,0,0,0,0,0,0
360883,1,1,0,0,0,0,0,0,0,0,0,0
360883,2,1,0,0,0,0,0,0,0,0,0,0
360884,1,1,0,0,11,0,0,0,16,0,32,0
360885,1,1,11,11,11,11,11,11,11,11,11,11
360886,1,1,20,20,20,20,20,20,20,20,20,20
360886,2,1,2,2,2,2,2,2,2,2,2,2
360887,0,1,35,0,0,0,11,0,0,21,0,0
360887,1,1,0,14,0,0,0,16,0,0,4,0
360888,1,1,15,0,16,17,17,23,12,27,3,18
360888,2,1,0,8,0,0,0,10,0,12,0,24
360889,1,1,7,7,7,7,7,7,7,7,7,7
360890,1,1,0,0,8,0,0,23,0,0,0,0
360890,2,1,0,0,0,0,0,0,0,0,0,0
360891,1,1,0,0,0,0,0,0,0,0,0,0
360891,2,1,0,0,0,0,0,0,0,0,0,0
360892,0,1,21,21,21,21,21,21,21,21,21,21
360892,1,1,0,0,0,0,0,0,0,0,0,0
360893,0,1,0,17,21,0,0,0,0,38,0,18
360893,1,1,0,14,20,16,0,0,0,18,19,6
360894,0,1,0,0,0,0,0,0,0,0,0,0
360894,1,1,0,0,0,0,0,0,0,0,28,0
360895,0,1,0,0,0,0,0,0,0,0,0,0
360895,1,1,0,0,0,0,0,0,0,0,0,0
360896,0,1,3,3,3,3,3,3,3,3,3,3
360896,1,1,0,0,0,0,0,0,0,0,0,0
360897,1,1,20,16,23,8,25,17,19,26,15,0
360897,2,1,18,0,0,8,0,0,0,0,0,0
360898,1,1,0,0,0,0,0,0,0,0,0,0
360898,2,1,0,0,0,0,0,0,0,0,0,0
360899,0,1,0,0,0,0,15,0,0,0,23,0
360899,1,1,0,0,0,0,0,0,0,0,0,0
360900,0,1,0,0,0,0,0,0,0,0,0,0
360900,1,1,17,0,10,24,7,16,16,17,20,20
360901,0,1,0,0,0,0,0,0,0,0,0,0
360901,1,1,0,0,0,22,29,0,0,9,0,0
360902,1,1,0,0,0,0,0,0,0,0,0,0
360902,2,1,0,0,0,0,0,0,0,0,0,0
360903,1,1,12,0,0,0,17,8,0,0,0,16
360903,2,1,27,31,0,0,7,0,0,0,0,0
360904,0,1,0,0,0,0,0,0,0,0,0,0
360904,1,1,0,0,0,0,0,0,0,0,0,0
360905,0,1,40,40,40,40,40,40,40,40,40,40
360905,1,1,0,0,0,0,0,0,0,0,0,0
360906,0,1,8,8,8,8,8,8,8,8,8,8
360906,1,1,0,0,0,0,14,0,0,0,0,0
360906,2,1,0,0,0,0,0,0,0,0,0,0
360907,0,1,0,0,0,0,0,0,0,0,0,0
360907,1,1,0,0,0,0,0,0,0,0,0,0
360908,0,1,28,28,28,28,28,28,28,28,28,28
360908,1,1,0,0,0,31,0,34,0,0,0,0
360909,0,1,0,0,0,0,0,0,0,0,0,0
360909,1,1,0,0,0,0,0,0,0,0,0,0
370001,1,1,22,16,0,25,0,35,0,0,0,0
370002,1,1,0,0,0,0,0,0,0,0,0,0
370002,2,1,0,0,0,0,10,0,0,0,0,0
370003,1,1,0,0,0,0,0,0,0,0,0,0
370003,2,1,0,0,0,0,0,0,0,0,0,0
370004,1,1,0,0,0,0,0,0,0,0,0,0
370005,1,1,0,20,0,12,8,0,0,14,18,0
370006,0,1,0,0,0,0,0,0,0,0,0,0
370006,1,1,0,0,0,0,0,0,0,0,0,0
370007,1,1,0,0,13,0,0,15,0,0,0,14
370008,1,1,22,14,23,16,26,12,19,16,8,21
370009,1,1,44,44,44,44,44,44,44,44,44,44
370009,2,1,0,0,0,0,0,0,0,0,0,0
370010,1,1,13,0,0,23,0,0,0,9,0,0
370011,1,1,0,0,0,0,0,0,0,0,0,0
370011,2,1,0,0,0,0,0,0,0,0,0,0
370012,1,1,28,28,28,28,28,28,28,28,28,28
370013,0,1,15,15,15,15,15,15,15,15,15,15
370013,1,1,0,0,0,0,0,0,0,0,0,0
370014,0,1,22,22,22,22,22,22,22,22,22,22
370014,1,1,0,0,0,0,0,0,0,0,0,0
370015,1,1,21,21,21,21,21,21,21,21,21,21
370016,1,1,0,0,0,0,0,0,26,0,0,0
370016,2,1,0,0,0,0,0,0,0,0,0,0
370017,1,1,0,0,0,0,0,0,0,0,0,0
370017,2,1,0,0,0,0,0,0,0,0,0,0
370018,0,1,0,0,0,0,0,0,0,0,0,0
370018,1,1,0,0,0,0,0,0,0,0,0,0
370019,0,1,0,0,0,0,0,0,0,0,0,0
370019,1,1,11,16,0,7,6,0,33,0,0,0
370020,2,1,0,0,0,0,0,31,0,0,0,0
370021,1,1,0,0,0,0,0,0,0,0,0,0
370022,2,1,0,0,0,14,24,0,18,15,0,0
370023,1,1,23,23,23,23,23,23,23,23,23,23
370024,1,1,23,23,23,23,23,23,23,23,23,23
370025,1,1,0,0,0,0,0,0,0,0,0,0
370025,2,1,0,0,0,0,0,0,0,0,0,0
370026,1,1,7,29,15,11,12,20,11,19,7,0
370026,2,1,0,0,0,0,0,0,0,0,0,0
370027,1,1,21,21,21,21,21,21,21,21,21,21
370027,2,1,0,0,0,0,0,0,0,0,0,0
370028,1,1,21,21,21,21,21,21,21,21,21,21
370029,1,1,0,0,0,0,0,0,0,0,0,0
370030,0,1,22,22,22,22,22,22,22,22,22,22
370030,1,1,0,0,0,0,0,0,27,0,6,0
370031,1,1,7,0,0,0,0,36,0,26,5,22
370032,1,1,0,0,0,0,0,0,0,0,0,0
370033,1,1,0,0,0,0,0,0,0,0,0,0
370034,1,1,25,0,0,0,0,0,0,0,0,0
370034,2,1,0,0,0,0,0,0,0,0,0,0
370035,1,1,0,0,0,0,0,0,0,0,0,0
370036,1,1,0,0,0,0,0,0,0,0,0,0
370037,1,1,0,0,0,0,0,0,0,0,0,0
370038,1,1,0,0,0,0,0,0,0,0,0,9
370038,2,1,0,0,0,0,0,0,0,0,0,0
370039,0,1,21,21,21,21,21,21,21,21,21,21
370039,1,1,0,0,0,0,0,0,0,0,0,0
370040,1,1,18,18,18,18,18,18,18,18,18,18
370040,2,1,0,0,12,0,0,0,16,0,0,0
370041,0,1,30,30,30,30,30,30,30,30,30,30
370041,1,1,0,0,0,0,0,0,0,0,0,0
370042,1,1,4,4,4,4,4,4,4,4,4,4
370042,2,1,0,0,0,0,0,0,0,0,0,0
370043,1,1,26,26,26,26,26,26,26,26,26,26
370044,1,1,16,16,16,16,16,16,16,16,16,16
370045,1,1,20,20,20,20,20,20,20,20,20,20
370045,2,1,0,0,0,0,0,0,19,0,0,0
370046,1,1,18,0,0,0,0,0,0,17,0,0
370047,1,1,0,0,0,0,0,0,0,0,0,0
370048,1,1,0,0,0,0,0,0,0,0,0,0
370048,2,1,0,0,0,0,0,0,0,0,0,0
370049,0,1,0,0,0,0,0,0,0,0,0,0
370049,1,1,0,18,0,0,0,0,0,24,14,39
370050,0,1,21,21,21,21,21,21,21,21,21,21
370050,1,1,0,0,0,0,0,0,0,0,0,11
370050,2,1,0,0,0,0,0,0,0,0,0,0
370050,3,1,20,0,0,0,0,0,0,0,0,6
370051,0,1,0,0,0,0,0,0,0,0,0,0
370051,1,1,0,0,0,0,0,0,0,0,0,0
370052,1,1,0,0,0,0,0,0,0,0,0,0
370053,1,1,0,0,0,0,0,0,0,0,0,0
370054,0,1,11,0,0,0,16,0,6,5,6,0
370054,1,1,0,0,0,0,28,0,0,0,0,0
370055,2,1,0,0,0,0,0,0,0,0,0,0
370056,1,1,26,19,30,10,16,11,7,14,20,0
370056,2,1,0,0,0,0,0,0,0,0,0,0
370057,0,1,7,7,7,7,7,7,7,7,7,7
370057,2,1,8,8,8,8,8,8,8,8,8,8
370058,1,1,0,0,0,0,0,0,0,0,0,0
370059,1,1,10,10,10,10,10,10,10,10,10,10
370059,2,1,0,0,30,0,0,0,0,0,0,0
370060,1,1,16,16,16,16,16,16,16,16,16,16
370061,1,1,0,0,0,0,0,0,0,0,0,0
370062,1,1,0,0,0,0,0,0,0,0,0,0
370062,2,1,0,0,0,0,0,0,0,0,0,0
370063,1,1,27,27,27,27,27,27,27,27,27,27
370064,1,1,0,0,0,0,0,0,0,0,0,0
370064,2,1,0,0,0,0,0,0,4,0,0,9
370065,1,1,4,11,13,19,12,15,16,35,16,14
370065,2,1,0,0,0,0,0,0,0,0,0,0
370066,1,1,21,21,21,21,21,21,21,21,21,21
370067,1,1,21,21,21,21,21,21,21,21,21,21
370068,1,1,9,9,9,9,9,9,9,9,9,9
370069,1,1,0,13,7,12,45,4,20,13,0,17
370069,2,1,0,0,0,0,0,0,0,0,0,0
370070,1,1,0,0,0,0,0,0,0,0,0,0
370070,2,1,0,0,0,0,0,0,0,0,0,0
370071,1,1,0,0,0,0,0,0,0,0,0,0
370071,2,1,0,0,0,0,0,0,0,0,46,0
370072,0,1,0,0,0,0,0,0,0,0,0,0
370072,1,1,11,11,11,11,11,11,11,11,11,11
370073,1,1,0,0,0,0,0,0,0,0,0,0
370073,2,1,0,0,0,0,0,0,0,0,0,0
370074,0,1,0,0,0,0,13,0,0,0,9,0
370074,1,1,0,0,0,0,0,0,14,0,0,0
370075,1,1,25,25,25,25,25,25,25,25,25,25
370076,1,1,0,0,0,0,0,0,0,0,0,0
370076,2,1,0,0,0,0,0,0,0,0,0,0
370077,1,1,0,0,0,0,0,0,0,0,0,0