ST_CASE,VEH_NO,PER_NO,P1,P2,P3,P4,P5,P6,P7,P8,P9,P10
370078,0,1,0,0,0,0,0,0,0,0,0,0
370078,1,1,0,0,0,0,0,0,0,0,17,0
370079,1,1,23,23,23,23,23,23,23,23,23,23
370080,0,1,0,0,0,0,0,0,0,0,0,0
370080,1,1,0,0,0,0,0,0,0,0,0,0
370081,1,1,17,30,10,22,26,19,10,25,27,17
370081,2,1,0,0,0,0,0,0,0,0,0,0
370081,3,1,0,0,0,0,0,0,0,0,0,0
370082,1,1,29,29,29,29,29,29,29,29,29,29
370083,0,1,0,0,0,0,0,0,0,0,0,0
370083,1,1,12,0,0,0,0,0,0,0,0,0
370083,2,1,0,0,0,0,0,0,0,0,0,8
370084,1,1,4,4,4,4,4,4,4,4,4,4
370084,2,1,0,0,0,0,0,0,24,0,0,0
370085,1,1,0,0,0,0,0,0,0,0,0,0
370085,2,1,0,0,0,0,0,0,0,0,0,0
370086,1,1,0,0,0,0,0,0,0,0,0,0
370086,2,1,0,0,0,0,6,0,0,0,13,0
370086,3,1,0,0,0,0,0,0,0,0,0,0
370087,1,1,0,0,0,0,0,0,0,0,0,0
370087,2,1,0,0,9,0,13,0,0,0,0,0
370089,1,1,7,8,3,31,16,13,13,15,28,0
370090,1,1,0,0,0,0,0,0,0,0,0,0
370090,2,1,0,0,0,0,0,0,0,0,0,0
370091,1,1,0,0,0,0,0,0,0,0,0,0
370092,1,1,0,0,0,0,0,0,0,0,0,0
370093,1,1,0,22,15,23,0,0,35,0,0,0
370093,2,1,47,0,0,0,0,0,0,0,0,0
370093,3,1,0,0,0,9,0,0,0,0,0,0
370094,1,1,0,0,0,0,0,0,0,0,0,0
370094,2,1,0,0,0,0,0,0,0,0,0,0
370095,1,1,0,0,0,0,0,17,0,0,0,0
370096,1,1,0,0,0,0,0,0,0,0,0,0
370096,2,1,0,0,0,0,0,0,0,16,0,0
370097,1,1,28,0,7,0,0,0,21,0,22,0
370098,1,1,0,0,0,0,0,0,27,19,0,0
370099,1,1,0,0,0,0,0,0,0,0,0,0
370099,2,1,0,0,0,0,0,0,0,0,0,0
370100,1,1,0,0,0,0,0,0,0,0,27,0
370100,2,1,0,0,0,0,0,0,0,0,0,0
370101,1,1,11,13,12,0,26,0,0,0,5,14
370102,1,1,9,9,9,9,9,9,9,9,9,9
370103,1,1,0,0,0,0,0,0,0,0,0,0
370103,2,1,0,0,0,0,0,0,0,0,0,0
370104,0,1,0,0,0,0,0,0,0,0,0,0
370104,1,1,0,0,0,0,0,0,26,21,0,0
370105,1,1,0,0,0,0,0,0,0,0,0,0
370105,2,1,0,0,0,0,0,0,0,0,0,0
370106,1,1,27,6,33,9,15,22,13,4,7,30
370107,1,1,18,18,18,18,18,18,18,18,18,18
370107,2,1,0,0,0,0,0,0,13,0,0,0
370108,1,1,0,0,0,0,0,0,0,0,0,0
370108,2,1,0,0,0,0,0,0,0,0,0,0
370109,0,1,0,0,0,0,0,0,0,0,0,0
370109,1,1,0,0,0,0,0,0,0,0,0,0
370110,0,1,21,21,21,21,21,21,21,21,21,21
370110,1,1,0,0,0,0,0,0,0,0,0,0
370111,0,1,0,0,0,0,0,0,0,0,0,0
370111,1,1,20,0,0,0,0,0,0,0,0,0
370111,2,1,0,0,0,0,0,0,0,0,0,0
370112,1,1,0,0,0,0,0,0,0,0,0,0
370112,2,1,0,0,0,0,0,0,0,0,0,0
370113,0,1,7,7,7,7,7,7,7,7,7,7
370113,1,1,0,0,0,0,0,0,0,0,0,0
370114,1,1,0,0,0,0,0,0,0,0,0,0
370114,2,1,0,0,0,0,0,0,0,0,0,0
370115,1,1,0,0,0,0,0,0,0,26,0,0
370116,1,1,0,0,0,0,0,0,0,0,0,0
370117,0,1,0,0,0,0,0,0,0,0,0,0
370117,1,1,0,0,0,0,0,0,0,0,0,0
370118,1,1,24,24,24,24,24,24,24,24,24,24
370119,1,1,0,0,0,0,0,0,0,0,0,0
370119,2,1,0,0,0,0,0,0,0,0,0,0
370119,3,1,0,0,0,0,0,0,0,0,0,12
370120,1,1,0,0,0,0,0,0,0,0,0,0
370121,1,1,0,8,0,0,0,25,0,16,7,0
370121,2,1,12,0,0,0,0,0,0,0,0,0
370122,1,1,0,0,0,0,0,0,0,0,0,0
370122,2,1,0,0,0,0,0,0,0,0,0,0
370123,1,1,0,0,0,0,0,0,0,0,0,0
370124,1,1,0,0,0,0,0,0,0,0,0,0
370124,2,1,0,0,0,0,0,17,0,0,0,0
370125,1,1,0,0,0,0,0,0,0,0,0,0
370126,0,1,0,0,0,0,0,0,0,0,0,0
370126,1,1,0,0,0,0,0,0,0,19,0,0
370127,1,1,0,0,0,0,0,0,0,0,0,0
370128,1,1,15,15,15,15,15,15,15,15,15,15
370128,2,1,0,0,0,0,0,0,16,0,0,0
370129,1,1,13,13,13,13,13,13,13,13,13,13
370130,1,1,0,19,0,0,0,0,0,0,0,0
370130,2,1,22,0,0,0,0,0,0,0,0,0
370131,1,1,0,0,0,0,0,16,0,0,0,0
370132,1,1,0,0,0,0,0,0,0,0,0,0
370132,2,1,0,0,0,0,0,0,0,0,0,0
370133,1,1,0,0,0,0,0,0,0,0,0,0
370134,0,1,12,0,0,24,16,0,0,0,0,17
370134,1,1,9,0,14,0,0,0,0,0,0,0
370135,1,1,0,0,0,0,0,0,0,0,0,0
370136,0,1,24,24,24,24,24,24,24,24,24,24
370136,1,1,24,24,24,24,24,24,24,24,24,24
370137,1,1,0,0,0,0,0,0,0,0,0,0
370138,1,1,0,0,0,0,0,0,0,0,0,0
370139,0,1,21,21,21,21,21,21,21,21,21,21
370139,1,1,0,25,33,0,0,19,0,0,0,0
370140,1,1,0,0,12,0,0,0,0,0,0,13
370140,2,1,0,0,0,0,0,0,0,0,0,0
370140,3,1,0,0,0,0,0,0,0,0,0,0
370141,1,1,19,19,19,19,19,19,19,19,19,19
370142,1,1,0,0,0,0,0,0,0,0,0,0
370143,1,1,0,0,0,0,0,0,0,0,0,0
370143,2,1,0,0,0,0,0,0,0,0,0,0
370144,1,1,0,0,0,0,0,0,0,0,0,0
370145,1,1,0,0,0,0,0,0,0,0,0,0
370146,1,1,0,0,0,0,23,0,0,0,0,0
370147,1,1,0,0,0,0,0,0,0,0,0,0
370148,1,1,0,0,0,0,0,0,0,0,0,0
370149,1,1,25,25,25,25,25,25,25,25,25,25
370150,1,1,0,0,0,0,0,0,0,0,0,0
370150,2,1,0,0,0,0,0,0,0,0,0,0
370151,0,1,0,0,0,0,0,0,0,0,0,0
370151,1,1,0,0,0,0,11,0,0,0,23,0
370151,2,1,0,0,0,0,0,26,0,29,0,0
370152,1,1,22,22,22,22,22,22,22,22,22,22
370153,1,1,0,0,0,0,10,0,0,0,0,0
370153,2,1,0,0,0,0,0,0,0,0,0,0
370153,3,1,0,0,0,0,0,0,0,0,0,0
370154,1,1,0,0,0,0,0,0,0,0,0,0
370155,1,1,0,0,0,0,0,0,0,0,0,0
370156,1,1,0,0,0,0,0,0,0,0,0,0
370156,2,1,0,0,0,0,0,0,0,0,0,0
370157,0,1,0,0,0,0,0,0,0,0,0,0
370157,1,1,0,0,0,0,0,0,0,0,0,0
370158,1,1,0,0,0,0,0,0,0,0,0,0
370158,2,1,0,0,0,0,0,0,0,0,0,0
370159,0,1,21,21,21,21,21,21,21,21,21,21
370159,1,1,0,0,0,0,0,0,0,0,0,0
370160,1,1,0,0,0,0,0,0,0,0,0,0
370160,2,1,0,0,0,0,0,0,0,0,0,0
370161,1,1,0,0,0,0,0,0,0,0,0,0
370161,2,1,0,0,0,0,0,0,0,0,0,0
370162,1,1,0,0,0,0,0,0,0,0,0,0
370163,1,1,0,21,0,0,0,0,0,0,0,0
370163,2,1,7,7,7,7,7,7,7,7,7,7
370164,1,1,0,0,0,0,0,0,0,0,0,0
370164,2,1,0,0,0,0,0,0,0,0,0,0
370164,3,1,0,0,0,0,0,0,0,0,0,0
370165,1,1,0,0,0,0,0,0,0,0,0,0
370166,0,1,0,24,0,52,0,15,0,0,0,0
370166,1,1,0,0,0,0,0,17,0,0,0,0
370167,1,1,25,25,25,25,25,25,25,25,25,25
370168,1,1,0,0,0,0,0,0,0,0,0,0
370169,1,1,0,0,0,0,0,0,0,0,0,0
370169,2,1,0,0,0,0,0,0,0,0,0,0
370170,1,1,0,0,0,14,0,0,15,0,0,0
370170,2,1,0,0,0,0,0,0,0,0,0,0
370171,0,1,0,0,0,0,0,0,0,0,0,0
370171,1,1,0,0,0,0,0,0,0,0,0,0
370172,0,1,0,0,0,0,0,0,0,0,0,0
370172,1,1,0,0,0,0,0,0,0,0,0,0
370173,1,1,0,0,0,0,0,0,0,0,0,0
370174,1,1,24,0,0,0,0,0,0,0,0,11
370175,1,1,0,0,0,0,0,0,0,0,0,0
370175,2,1,0,20,0,0,0,0,18,0,0,20
370176,1,1,0,0,0,0,0,0,0,0,0,0
370176,2,1,0,0,0,0,0,0,0,0,0,0
370177,1,1,0,0,0,0,0,0,0,0,0,0
370177,2,1,0,0,0,0,0,0,0,0,0,0
370178,1,1,8,8,8,8,8,8,8,8,8,8
370179,1,1,22,22,22,22,22,22,22,22,22,22
370180,1,1,0,0,0,0,0,0,0,0,0,0
370181,1,1,0,0,0,0,0,0,0,0,0,0
370181,2,1,0,0,0,0,0,0,0,0,0,0
370182,0,1,0,0,0,0,0,0,25,23,0,0
370182,1,1,0,0,0,0,0,0,0,0,0,0
370183,1,1,0,0,0,0,0,0,0,0,0,0
370184,1,1,0,0,0,0,0,0,0,0,0,0
370184,2,1,0,0,0,13,0,0,0,0,0,0
370185,0,1,0,0,0,0,31,0,0,0,0,0
370185,1,1,0,0,0,0,0,0,0,0,0,0
370186,0,1,0,0,0,7,0,11,0,29,0,22
370186,1,1,0,0,0,0,18,8,28,0,0,4
370187,0,1,0,0,25,0,0,0,0,0,0,29
370187,1,1,9,5,29,31,9,22,12,12,16,10
370188,1,1,17,17,17,17,17,17,17,17,17,17
370189,1,1,8,8,8,8,8,8,8,8,8,8
370189,2,1,0,0,0,16,21,40,0,0,0,20
370189,3,1,7,0,7,13,0,10,32,0,11,0
370190,1,1,13,13,13,13,13,13,13,13,13,13
370191,1,1,0,0,0,0,0,0,0,0,0,0
370191,2,1,0,0,0,0,0,0,0,0,0,0
370192,1,1,0,0,0,0,0,0,0,0,0,0
370192,2,1,0,0,0,0,0,0,0,0,0,0
370193,1,1,0,0,0,0,0,0,0,0,0,0
370193,2,1,0,0,0,0,0,0,0,0,0,0
370194,1,1,0,0,0,0,0,0,0,0,0,0
370194,2,1,0,7,0,0,0,0,0,0,0,11
370194,3,1,0,0,0,0,0,0,0,0,0,0
370194,4,1,0,16,0,0,0,0,0,0,0,0
370195,1,1,0,0,0,0,0,24,0,0,0,0
370195,2,1,0,0,0,0,0,0,0,0,0,0
370196,1,1,0,0,0,0,0,0,0,0,0,0
370197,1,1,0,0,0,0,0,0,0,0,0,0
370198,1,1,6,0,0,0,0,0,0,0,0,0
370199,1,1,16,16,16,16,16,16,16,16,16,16
370199,2,1,5,5,5,5,5,5,5,5,5,5
370200,1,1,0,13,0,27,0,0,0,0,0,0
370200,2,1,22,22,22,22,22,22,22,22,22,22
370201,1,1,0,0,0,0,0,0,0,0,0,0
370201,2,1,0,0,0,0,0,0,0,0,0,0
370202,0,1,24,24,24,24,24,24,24,24,24,24
370202,1,1,0,0,0,0,0,0,0,24,0,0
370203,1,1,0,0,0,19,0,0,0,0,0,18
370204,1,1,0,0,0,10,0,0,0,0,0,0
370205,1,1,0,0,0,0,0,0,0,0,0,0
370206,1,1,0,0,0,0,0,0,0,0,0,0
370206,2,1,0,0,0,0,0,0,0,0,0,0
370206,3,1,0,0,0,0,0,0,0,0,0,0
370207,1,1,20,20,20,20,20,20,20,20,20,20
370208,0,1,0,0,0,0,0,0,0,0,0,0
370208,1,1,0,0,0,0,0,0,0,0,0,0
370209,1,1,0,0,0,0,0,0,0,0,0,0
370209,2,1,0,0,0,0,0,0,0,0,0,0
370210,1,1,13,16,0,6,27,13,37,21,30,12
370210,2,1,0,0,0,0,0,0,0,0,0,0
370210,3,1,0,0,0,0,0,0,0,0,0,0
370211,1,1,0,0,0,0,0,0,0,0,0,0
370211,2,1,0,0,0,0,31,0,0,0,0,0
370212,1,1,28,0,0,0,0,0,0,0,0,0
370212,2,1,0,0,3,0,0,0,0,0,0,0
370213,0,1,0,0,0,0,0,0,0,0,0,0
370214,1,1,21,21,21,21,21,21,21,21,21,21
370215,1,1,0,0,16,10,10,0,0,0,0,0
370216,1,1,0,0,0,4,0,0,0,0,0,0
370217,1,1,0,0,0,0,0,0,0,0,0,0
370217,2,1,19,19,19,19,19,19,19,19,19,19
370218,1,1,17,0,18,0,0,0,0,21,0,0
370219,1,1,0,36,0,0,0,0,0,0,0,0
370219,2,1,4,0,0,5,0,0,0,0,0,0
370220,0,1,0,0,0,0,0,0,0,0,0,0
370220,1,1,0,0,0,0,23,22,0,0,0,0
370220,2,1,0,0,0,0,0,0,0,0,0,0
370221,1,1,0,0,0,0,0,0,0,0,10,0
370222,1,1,0,0,0,0,0,0,0,0,0,0
370223,1,1,0,1,0,0,26,0,0,0,0,0
370224,0,1,0,0,0,0,0,0,0,0,0,0
370224,1,1,0,0,0,0,0,0,0,0,0,0
370225,1,1,0,0,0,0,0,0,0,0,0,0
370226,1,1,18,18,18,18,18,18,18,18,18,18
370227,1,1,0,0,0,0,0,0,0,0,0,0
370228,1,1,0,0,0,0,0,0,0,0,0,5
370229,1,1,0,0,0,0,0,0,0,16,0,0
370229,2,1,0,0,0,0,0,0,0,0,0,0
370230,1,1,0,0,0,0,0,0,0,0,0,0
370230,2,1,17,17,17,17,17,17,17,17,17,17
370231,1,1,0,0,0,0,0,0,0,0,0,0
370231,2,1,0,0,0,0,0,0,0,0,0,0
370232,1,1,14,14,14,14,14,14,14,14,14,14
370233,1,1,0,0,0,15,8,0,0,0,16,8
370233,2,1,12,12,12,12,12,12,12,12,12,12
370234,0,1,0,0,0,19,0,0,0,0,0,20
370234,1,1,0,0,0,0,0,31,0,0,32,0
370235,1,1,0,0,0,0,0,0,0,0,0,5
370235,2,1,32,32,32,32,32,32,32,32,32,32
370236,0,1,0,0,0,0,0,0,0,0,0,0
370236,1,1,0,0,0,0,0,12,0,0,0,0
370237,1,1,0,0,0,0,0,0,0,0,0,10
370237,2,1,0,0,0,0,0,0,0,0,0,0
370237,3,1,26,0,0,0,0,0,0,0,0,0
370238,1,1,0,0,0,0,0,0,0,0,0,0
370239,1,1,0,0,0,0,0,0,0,0,0,0
370239,2,1,0,0,0,0,0,0,0,0,0,0
370240,1,1,0,0,0,0,0,0,0,0,0,0
370240,2,1,0,0,0,0,20,0,0,0,0,0
370241,1,1,0,0,0,0,0,0,0,0,0,0
370241,2,1,0,0,0,0,0,0,0,0,0,0
370241,3,1,0,0,0,0,0,0,0,0,0,0
370241,4,1,0,0,0,0,0,0,0,0,0,0
370242,1,1,0,0,0,0,0,0,0,0,0,0
370242,2,1,0,0,0,0,0,0,0,0,0,0
370243,0,1,0,0,0,0,0,0,0,0,0,0
370243,0,2,0,0,0,0,0,0,0,0,0,0
370243,1,1,0,0,0,0,0,0,0,0,0,0
370244,1,1,0,0,0,0,0,0,0,0,0,0
370244,2,1,0,0,0,0,0,0,0,0,0,0
370245,1,1,0,0,6,0,0,0,18,0,0,0
370246,1,1,0,0,0,0,0,0,0,0,0,0
370247,1,1,0,0,18,0,0,0,0,0,0,0
370248,1,1,16,0,0,0,0,0,0,0,0,10
370249,1,1,21,21,21,21,21,21,21,21,21,21
370250,1,1,23,23,23,23,23,23,23,23,23,23
370251,1,1,0,0,0,0,0,0,0,0,0,0
370251,2,1,0,0,0,0,0,0,0,0,0,0
370252,1,1,0,0,0,0,0,23,0,0,0,0
370253,1,1,0,0,0,3,0,0,0,0,0,0
370254,1,1,23,23,23,23,23,23,23,23,23,23
370254,2,1,0,0,0,0,0,32,29,0,15,0
370255,1,1,21,19,7,11,0,0,10,7,26,0
370256,1,1,0,0,0,0,0,0,0,0,0,0
370256,2,1,0,0,0,0,0,0,0,0,0,0
370257,0,1,0,26,28,0,0,0,12,0,10,0
370257,1,1,25,47,0,17,0,0,0,0,26,0
370257,2,1,0,0,0,0,0,0,0,0,0,0
370258,1,1,0,0,0,0,0,0,0,0,0,0
370259,1,1,10,10,10,10,10,10,10,10,10,10
370260,1,1,23,23,23,23,23,23,23,23,23,23
370261,1,1,36,36,36,36,36,36,36,36,36,36
370262,0,1,21,0,0,0,0,0,0,0,0,0
370262,1,1,0,0,0,23,0,0,0,0,0,0
370263,1,1,0,0,0,0,0,0,0,0,0,0
370263,2,1,0,0,0,0,0,0,0,0,0,0
370264,1,1,12,12,12,12,12,12,12,12,12,12
370265,1,1,0,0,0,0,0,0,0,0,0,0
370265,2,1,0,0,0,0,0,0,0,0,0,0
370266,1,1,0,0,0,30,0,0,0,0,0,0
370267,1,1,20,12,23,13,0,17,5,8,16,20
370268,1,1,0,0,0,0,0,0,0,0,0,0
370269,1,1,9,9,9,9,9,9,9,9,9,9
370270,0,1,0,0,0,0,0,0,0,0,0,0
370270,1,1,0,0,0,0,0,0,0,0,0,0
370271,1,1,0,0,0,0,0,0,0,0,0,0
370271,2,1,0,0,0,0,0,0,0,0,0,0
370272,0,1,0,0,0,0,0,0,0,0,0,0
370272,1,1,0,0,0,0,0,0,0,0,0,0
370273,1,1,0,0,0,0,0,0,0,0,0,0
370273,2,1,0,0,0,0,0,0,0,0,0,0
370274,1,1,11,11,11,11,11,11,11,11,11,11
370275,1,1,0,0,31,36,13,0,0,16,0,0
370276,0,1,0,0,0,0,0,0,0,0,0,0
370276,1,1,0,0,0,0,0,0,0,0,0,0
370277,1,1,0,25,15,0,0,0,0,5,13,12
370277,2,1,0,0,0,0,0,14,0,0,0,0
370277,3,1,0,0,0,0,0,0,0,0,0,0
370278,0,1,0,0,0,0,0,0,0,0,0,0
370278,1,1,0,0,0,0,0,0,0,0,0,0
370279,1,1,6,20,0,0,0,0,0,19,0,0
370279,2,1,0,21,0,0,0,0,0,22,0,0
370280,1,1,0,0,0,0,0,0,0,0,0,0
370281,1,1,0,0,0,0,0,0,0,0,0,0
370282,1,1,0,0,0,0,0,0,0,23,0,0
370282,2,1,0,0,0,0,0,0,0,0,2,0
370283,1,1,0,0,0,0,0,0,0,0,0,0
370283,2,1,0,0,0,0,0,0,0,0,0,0
370283,3,1,0,0,0,0,0,0,0,0,0,0
370283,4,1,0,0,0,0,0,0,0,0,0,0
370284,1,1,0,0,0,0,0,0,0,0,0,0
370285,1,1,26,26,26,26,26,26,26,26,26,26
370286,1,1,0,0,0,0,0,0,0,0,0,0
370286,2,1,0,0,0,0,0,0,0,0,0,0
370287,1,1,0,0,0,2,0,0,0,0,0,0
370288,1,1,0,0,12,0,0,0,0,17,0,0
370288,2,1,0,0,10,10,13,0,0,8,13,0
370289,1,1,0,0,0,0,0,0,0,0,0,0
370290,1,1,6,6,6,6,6,6,6,6,6,6
370291,0,1,15,15,15,15,15,15,15,15,15,15
370291,1,1,0,0,0,0,0,0,0,0,0,0
370292,1,1,0,0,0,0,0,0,0,0,0,0
370292,2,1,0,0,0,0,0,0,0,0,0,0
370293,1,1,0,0,0,0,0,0,0,0,0,0
370293,2,1,0,0,0,0,0,0,0,0,31,0
370294,1,1,0,0,0,0,0,0,0,0,0,0
370294,2,1,0,0,0,0,0,0,0,0,0,0
370295,1,1,0,0,0,0,0,0,0,0,0,0
370295,2,1,0,0,0,0,0,0,0,0,0,0
370295,3,1,0,0,0,0,0,0,0,0,0,0
370295,4,1,0,0,0,0,0,0,0,0,0,0
370296,0,1,15,0,0,28,0,0,0,0,0,0
370296,1,1,0,0,0,0,0,0,0,0,0,0
370297,1,1,0,0,0,0,0,0,0,0,0,0
370298,1,1,0,0,0,0,16,0,0,0,0,0
370298,2,1,0,0,0,0,0,0,0,0,0,0
370299,1,1,0,0,0,0,0,0,0,0,0,0
370299,2,1,0,0,0,0,0,0,0,0,0,0
370300,1,1,0,0,0,0,0,0,0,0,0,0
370300,2,1,0,0,0,0,0,0,0,0,0,0
370301,1,1,0,0,0,0,0,0,0,0,0,0
370301,2,1,0,0,0,0,0,0,0,0,0,0
370302,1,1,0,0,0,0,0,0,0,0,0,0
370303,0,1,0,0,0,0,0,0,0,0,0,0
370303,1,1,0,0,24,0,0,0,0,0,0,0
370304,1,1,24,24,24,24,24,24,24,24,24,24
370305,1,1,0,0,0,0,0,0,0,0,0,0
370305,2,1,0,0,0,0,0,0,0,0,0,0
370306,1,1,0,0,0,0,0,0,0,0,0,0
370307,1,1,4,4,4,4,4,4,4,4,4,4
370307,2,1,0,0,0,0,0,0,8,0,0,14
370307,3,1,12,0,17,0,23,0,0,0,0,0
370308,0,1,0,0,0,0,0,0,0,32,0,40
370308,0,2,0,0,0,27,0,0,0,0,0,0
370308,0,3,0,0,0,0,0,0,0,0,0,0
370308,1,1,0,0,0,0,0,0,0,0,0,0
370309,1,1,0,0,0,0,0,0,0,0,0,0
370309,2,1,0,0,0,0,0,0,0,0,0,0
370310,1,1,0,0,0,0,0,15,0,11,0,0
370311,1,1,0,0,0,0,0,0,0,0,0,0
370311,2,1,6,6,6,6,6,6,6,6,6,6
370312,1,1,0,0,0,0,0,0,0,0,0,0
370312,2,1,0,0,0,0,4,3,0,0,0,0
370313,1,1,0,0,9,0,35,0,0,15,0,0
370313,2,1,0,0,0,0,0,0,0,0,0,0
370313,3,1,0,0,0,0,0,0,0,0,0,0
370313,4,1,0,0,0,0,0,0,0,0,35,0
370314,1,1,0,16,0,0,0,0,0,0,0,0
370314,2,1,0,0,0,0,0,0,0,0,0,0
370315,1,1,0,0,0,0,0,0,0,0,0,0
370315,2,1,0,0,0,0,0,0,6,0,0,0
370316,1,1,6,4,0,0,0,0,26,0,0,0
370317,1,1,0,0,0,0,0,0,0,0,0,0
370318,1,1,0,0,0,0,0,20,15,30,0,0
370319,1,1,33,0,25,29,10,0,8,16,21,0
370320,1,1,10,10,10,10,10,10,10,10,10,10
370321,1,1,0,0,0,0,0,0,0,0,0,0
370322,1,1,0,0,0,0,0,0,6,0,0,0
370322,2,1,0,0,0,0,0,0,0,0,0,0
370323,1,1,13,13,13,13,13,13,13,13,13,13
370324,1,1,0,0,0,0,0,0,0,0,0,0
370324,2,1,0,0,0,0,0,0,0,0,0,0
370325,1,1,20,20,20,20,20,20,20,20,20,20
370326,1,1,0,11,6,0,25,0,0,11,23,30
370327,1,1,0,0,32,0,15,4,15,9,0,0
370327,2,1,0,0,0,0,17,28,0,28,0,0
370328,1,1,27,14,32,21,0,33,19,21,0,0
370328,2,1,22,0,0,0,0,0,12,0,0,7
370329,2,1,0,0,0,0,0,0,0,0,0,0
370330,1,1,16,16,16,16,16,16,16,16,16,16
370331,1,1,0,0,0,0,0,0,0,0,23,0
370332,1,1,0,0,0,0,0,0,0,0,0,0
370332,2,1,0,0,0,0,0,0,0,0,0,0
370333,1,1,0,0,0,0,14,0,0,0,0,16
370334,1,1,0,0,0,0,0,0,0,0,0,0
370335,1,1,0,0,0,0,14,25,0,22,19,35
370335,2,1,17,13,0,12,10,0,17,19,23,19
370336,1,1,0,18,0,23,25,15,0,0,0,0
370337,1,1,0,0,0,0,15,0,0,0,0,0
370337,2,1,0,0,0,0,0,0,0,0,0,0
370338,0,1,16,16,16,16,16,16,16,16,16,16
370338,1,1,0,0,0,0,0,0,0,0,0,0
370339,0,1,10,10,10,10,10,10,10,10,10,10
370339,1,1,0,0,0,0,0,15,4,0,24,0
370340,1,1,0,0,0,0,0,0,0,0,0,0
370340,2,1,0,0,0,0,0,6,0,0,0,0
370341,1,1,0,0,0,0,0,0,0,0,0,0
370341,2,1,0,0,0,0,0,0,0,0,0,0
370342,1,1,0,0,0,0,0,9,0,0,0,0
370342,2,1,0,0,0,0,0,0,0,0,0,0
370343,0,1,0,25,0,0,0,0,0,0,23,66
370343,1,1,0,21,0,0,13,11,0,0,0,0
370344,1,1,0,0,0,0,0,0,0,0,0,0
370344,2,1,8,0,0,15,0,4,0,0,0,11
370345,1,1,7,0,17,0,19,0,13,41,0,14
370346,1,1,0,0,22,0,0,0,0,10,0,0
370347,1,1,0,0,0,0,0,0,0,0,19,0
370347,2,1,36,0,0,16,0,0,0,4,0,0
370348,0,1,21,0,0,0,0,0,0,0,0,0
370348,1,1,0,0,0,0,0,0,0,0,0,0
370349,0,1,0,0,0,0,0,0,0,0,0,0
370349,1,1,0,0,0,0,0,0,0,0,22,0
370350,1,1,9,9,9,9,9,9,9,9,9,9
370351,0,1,17,17,17,17,17,17,17,17,17,17
370351,1,1,0,0,0,0,0,0,0,0,0,0
370352,1,1,0,12,18,20,25,21,15,25,12,21
370352,2,1,0,0,0,0,0,0,0,0,0,0
370353,1,1,0,0,0,0,0,0,0,0,0,0
370353,2,1,14,14,14,14,14,14,14,14,14,14
370354,1,1,0,0,0,3,15,0,0,0,0,0
370355,1,1,0,0,0,0,0,0,0,0,0,0
370356,1,1,0,0,10,0,0,0,0,0,0,0
370357,1,1,18,12,0,10,0,0,15,0,0,25
370358,1,1,22,14,21,0,10,25,0,0,15,0
370359,1,1,18,18,18,18,18,18,18,18,18,18
370360,0,1,0,0,0,0,0,0,0,0,0,0
370360,1,1,0,0,0,0,0,0,0,0,0,0
370361,0,1,27,27,27,27,27,27,27,27,27,27
370361,1,1,0,0,29,0,34,0,0,0,0,19
370362,1,1,0,0,0,0,0,0,0,0,0,0
370362,2,1,0,0,0,0,0,15,0,0,0,0
370363,1,1,0,0,0,0,0,0,0,0,0,0
370364,1,1,0,12,0,0,0,6,0,0,0,0
370364,2,1,0,0,0,0,0,0,0,0,0,0
370365,1,1,0,0,8,0,0,0,0,0,0,0
370365,2,1,0,0,0,0,0,0,0,0,0,0
370366,1,1,16,16,16,16,16,16,16,16,16,16
370367,0,1,0,0,0,0,0,0,0,0,0,0
370367,1,1,0,0,0,0,0,0,0,0,0,0
370368,0,1,22,22,22,22,22,22,22,22,22,22
370368,1,1,0,0,0,0,0,0,0,10,0,0
370369,1,1,11,11,11,11,11,11,11,11,11,11
370370,1,1,0,0,0,0,0,0,0,0,0,0
370370,2,1,0,0,0,0,0,0,0,0,0,0
370371,1,1,0,0,0,0,0,0,0,0,0,0
370371,2,1,0,0,0,0,0,0,0,0,0,0
370372,0,1,17,17,17,17,17,17,17,17,17,17
370372,1,1,0,0,0,0,0,0,0,0,0,0
370373,1,1,0,0,0,9,0,0,0,0,0,0
370373,2,1,0,0,0,0,0,0,0,0,0,0
370373,3,1,0,0,0,0,0,0,0,0,0,0
370374,1,1,13,13,13,13,13,13,13,13,13,13
370374,2,1,0,0,0,0,0,0,0,0,0,0
370375,1,1,0,0,0,0,0,0,0,0,0,0
370375,2,1,0,0,0,0,0,0,0,0,0,0
370376,1,1,0,0,0,0,0,0,0,0,0,0
370376,2,1,0,0,0,0,0,0,0,0,0,0
370377,1,1,8,8,8,8,8,8,8,8,8,8
370378,1,1,0,37,0,0,0,0,0,0,0,18
370379,1,1,0,0,0,0,0,0,0,0,0,0
370379,2,1,0,0,0,0,0,0,0,0,0,0
370379,3,1,0,0,0,0,0,0,0,0,0,0
370380,0,1,0,0,0,0,0,0,0,0,0,0
370380,1,1,0,0,0,0,0,0,0,0,0,0
370381,1,1,0,0,0,0,0,0,0,0,0,0
370382,1,1,0,0,0,0,0,0,0,0,0,0
370383,1,1,0,0,0,0,0,0,0,0,0,0
370383,2,1,0,0,0,0,0,0,0,0,14,0
370384,1,1,0,0,5,9,16,0,0,0,0,0