ST_CASE,VEH_NO,PER_NO,P1,P2,P3,P4,P5,P6,P7,P8,P9,P10
370384,2,1,0,0,0,0,0,0,0,0,0,0
370385,1,1,0,0,0,0,0,0,0,0,0,0
370385,2,1,0,0,0,0,0,0,0,0,0,0
370386,1,1,0,0,0,0,0,0,0,0,0,0
370386,2,1,0,0,0,0,0,0,0,0,0,0
370386,3,1,0,0,0,0,0,0,0,0,0,0
370386,4,1,0,0,0,0,0,0,0,0,0,0
370386,5,1,0,0,0,0,0,0,0,0,0,0
370387,0,1,0,0,0,0,0,0,0,0,0,0
370387,1,1,20,0,24,0,0,0,0,0,0,10
370388,1,1,0,0,0,0,0,0,0,0,0,0
370389,0,1,0,0,0,0,0,0,23,18,9,33
370389,1,1,0,0,0,0,0,16,0,0,0,0
370390,1,1,0,0,0,0,0,0,0,0,0,0
370390,2,1,0,0,0,0,0,0,0,0,0,0
370391,1,1,0,0,0,0,0,0,0,0,0,0
370392,1,1,29,29,29,29,29,29,29,29,29,29
370393,1,1,18,18,18,18,18,18,18,18,18,18
370394,1,1,0,0,0,0,0,0,0,0,0,0
370395,1,1,0,9,0,54,0,0,7,14,6,0
370395,2,1,14,14,14,14,14,14,14,14,14,14
370396,1,1,2,2,2,2,2,2,2,2,2,2
370396,2,1,0,0,0,0,0,0,0,0,0,0
370396,3,1,0,0,0,0,0,0,0,0,0,4
370397,0,1,0,11,21,23,14,0,12,0,52,18
370397,1,1,0,18,0,0,0,24,0,0,0,15
370398,1,1,17,0,0,0,0,0,12,0,0,0
370399,0,1,17,0,9,39,0,0,18,34,0,6
370399,1,1,0,0,0,0,0,0,0,0,0,0
370399,2,1,0,0,0,0,0,0,0,0,0,0
370399,3,1,0,0,0,0,0,0,0,0,0,0
370400,1,1,0,0,0,0,0,0,0,0,0,0
370401,1,1,0,0,0,0,0,0,0,3,0,0
370401,2,1,0,0,0,0,0,0,0,0,0,0
370402,1,1,10,10,10,10,10,10,10,10,10,10
370402,2,1,0,0,0,0,0,0,0,0,21,0
370403,0,1,0,0,0,0,0,0,0,0,0,0
370403,1,1,0,20,16,0,0,0,0,0,0,0
370404,1,1,0,0,0,0,0,0,0,0,0,0
370404,2,1,0,0,0,0,0,0,0,0,0,0
370405,1,1,0,0,0,0,0,0,0,0,0,0
370406,1,1,0,0,0,0,0,0,0,0,3,0
370406,2,1,0,0,0,0,0,0,0,0,0,0
370407,0,1,0,0,0,0,0,0,0,0,0,0
370407,1,1,0,0,0,0,0,0,0,0,0,0
370408,1,1,0,0,0,0,0,0,0,0,0,0
370409,1,1,0,0,0,0,0,0,0,0,0,0
370409,2,1,0,0,0,0,0,0,0,0,0,0
370410,1,1,18,18,18,18,18,18,18,18,18,18
370410,2,1,0,0,0,0,0,0,0,0,0,23
370411,1,1,0,0,0,0,0,0,0,0,0,0
370411,2,1,0,0,0,0,0,0,0,0,0,0
370412,1,1,15,15,15,15,15,15,15,15,15,15
370413,0,1,0,0,0,0,0,0,0,0,0,0
370413,0,2,0,0,0,0,0,0,0,0,0,0
370413,1,1,0,0,2,0,0,0,0,0,0,28
370414,1,1,0,0,0,0,0,0,0,0,0,0
370414,2,1,0,0,0,0,0,0,0,0,0,0
370415,1,1,0,0,0,0,0,0,0,0,0,0
370415,2,1,6,0,0,0,10,0,0,0,0,0
370416,1,1,0,0,0,0,18,0,0,0,0,0
370417,1,1,20,20,20,20,20,20,20,20,20,20
370418,0,1,23,23,23,23,23,23,23,23,23,23
370418,1,1,0,0,0,0,30,15,0,0,0,0
370419,1,1,0,0,0,0,0,0,12,0,0,0
370419,2,1,0,0,0,0,0,0,0,0,0,0
370420,1,1,0,0,0,0,0,0,0,0,0,0
370420,2,1,0,0,0,0,0,0,0,0,0,0
370421,0,1,32,32,32,32,32,32,32,32,32,32
370421,1,1,0,0,0,0,0,0,0,0,0,0
370422,1,1,10,0,19,10,19,7,12,25,11,23
370423,1,1,0,0,0,0,0,0,14,0,0,0
370423,2,1,0,0,0,0,0,0,0,0,0,0
370424,1,1,0,11,29,0,4,8,26,0,20,0
370425,1,1,0,0,0,0,0,0,0,0,0,27
370425,2,1,0,0,0,0,0,0,0,0,0,0
370426,1,1,0,0,0,0,0,0,0,0,0,0
370426,2,1,0,0,0,0,9,0,0,0,0,0
370427,1,1,0,0,0,0,15,0,0,0,0,0
370427,2,1,7,0,0,0,8,0,0,12,0,0
370428,1,1,31,31,31,31,31,31,31,31,31,31
370429,1,1,0,14,23,12,11,16,8,21,0,22
370430,1,1,0,0,0,0,0,0,0,0,0,0
370430,2,1,0,0,0,0,14,0,0,7,0,0
370431,1,1,0,0,0,0,0,0,0,0,0,0
370431,2,1,0,0,0,0,0,0,0,0,0,0
370432,1,1,0,0,0,0,0,0,0,0,0,14
370432,2,1,0,0,0,0,0,0,0,0,0,0
370433,1,1,0,0,0,0,0,0,0,0,0,0
370434,1,1,21,21,21,21,21,21,21,21,21,21
370435,1,1,0,8,10,10,0,9,26,0,0,0
370436,1,1,0,0,0,0,0,0,0,19,0,0
370436,2,1,0,0,0,0,0,0,0,0,0,0
370437,1,1,0,0,0,0,28,0,23,0,0,0
370438,1,1,6,0,21,0,0,0,0,0,17,0
370438,2,1,0,0,0,0,0,0,0,0,0,0
370439,1,1,21,15,0,0,9,0,0,0,26,0
370440,1,1,23,23,23,23,23,23,23,23,23,23
370440,2,1,0,0,0,0,0,0,0,0,0,0
370441,1,1,18,18,18,18,18,18,18,18,18,18
370441,2,1,0,0,0,0,0,10,0,0,0,0
370443,1,1,23,23,23,23,23,23,23,23,23,23
370444,1,1,0,0,0,0,0,0,0,0,0,0
370444,2,1,0,0,0,0,0,0,0,0,0,0
370445,1,1,16,0,0,0,13,3,9,21,0,21
370445,2,1,0,0,0,0,0,0,0,0,0,0
370445,3,1,0,0,0,0,0,0,0,0,0,0
370446,1,1,0,0,0,20,0,0,0,0,7,0
370446,2,1,0,0,0,0,0,0,0,0,0,0
370446,3,1,0,0,0,0,0,0,0,0,0,0
370447,0,1,0,0,0,0,0,0,0,11,0,0
370447,1,1,0,6,14,0,0,0,0,0,0,10
370448,0,1,21,21,21,21,21,21,21,21,21,21
370448,1,1,13,13,13,13,13,13,13,13,13,13
370449,1,1,0,0,0,14,0,0,0,0,0,0
370449,2,1,0,0,0,0,0,0,3,0,19,0
370449,3,1,0,0,0,0,0,0,14,0,0,0
370450,0,1,0,0,0,0,0,0,0,0,0,0
370450,1,1,0,0,0,0,19,0,0,0,0,0
370451,1,1,0,18,0,4,0,7,17,26,0,22
370452,1,1,0,0,0,0,0,0,0,0,0,0
370453,0,1,0,0,0,0,0,0,0,0,0,0
370453,1,1,0,0,8,0,0,0,0,0,0,0
370454,1,1,0,0,0,0,0,0,0,24,0,0
370455,1,1,0,0,0,0,22,0,0,0,0,0
370456,1,1,0,0,0,0,0,0,0,0,0,0
370456,2,1,0,0,3,0,0,0,0,0,0,0
370457,1,1,0,0,0,0,0,0,0,0,0,0
370458,1,1,19,19,19,19,19,19,19,19,19,19
370459,1,1,14,14,14,14,14,14,14,14,14,14
370460,0,1,0,0,0,0,0,0,0,0,0,0
370460,1,1,0,0,0,0,14,8,0,0,0,0
370461,1,1,0,0,0,0,0,0,0,0,0,0
370463,1,1,0,0,0,0,0,0,0,0,0,0
370464,1,1,0,0,0,0,0,0,0,0,0,0
370465,1,1,0,0,0,0,0,0,0,0,0,0
370465,2,1,0,0,0,0,0,0,0,0,0,0
370466,1,1,0,0,0,0,0,0,0,0,0,0
370466,2,1,0,0,0,0,0,0,0,0,18,0
370466,3,1,0,0,14,0,0,0,0,0,0,0
370467,1,1,0,0,0,23,0,0,0,0,0,0
370468,1,1,0,0,0,0,0,0,0,0,0,0
370468,2,1,0,0,0,0,0,0,0,0,0,0
370469,1,1,11,39,12,14,7,0,36,27,0,19
370470,1,1,0,14,0,0,32,0,0,14,0,6
370471,1,1,7,7,7,7,7,7,7,7,7,7
370472,1,1,0,0,0,0,0,0,0,0,0,0
370472,2,1,0,0,0,0,0,0,0,0,0,0
370472,3,1,0,0,0,0,0,0,0,0,0,0
370473,0,1,0,0,0,0,0,0,0,0,0,0
370473,1,1,0,0,18,0,0,0,7,0,0,0
370473,2,1,0,0,0,0,0,0,0,0,0,0
370474,0,1,0,0,0,0,0,0,0,0,0,0
370474,1,1,0,0,16,0,0,0,0,0,31,0
370475,1,1,10,19,0,22,0,11,0,8,0,0
370476,1,1,0,0,0,0,0,0,0,0,0,0
370477,1,1,20,20,20,20,20,20,20,20,20,20
370478,1,1,0,0,0,0,0,0,0,0,0,0
370478,2,1,6,6,6,6,6,6,6,6,6,6
370479,0,1,0,38,15,23,0,14,0,0,0,0
370479,1,1,0,0,0,0,0,0,0,0,0,0
370480,1,1,0,0,0,0,0,0,0,23,0,0
370480,2,1,0,0,0,0,0,0,0,0,0,0
370481,1,1,0,0,0,0,0,0,0,0,0,0
370481,2,1,0,0,0,0,0,0,0,0,0,0
370482,1,1,9,0,0,0,0,0,0,0,14,0
370482,2,1,0,0,0,0,0,0,0,0,0,0
370483,0,1,16,0,0,0,0,0,0,0,25,0
370483,1,1,0,0,0,0,0,0,0,0,0,0
370484,1,1,0,0,0,0,0,0,0,0,0,0
370484,2,1,0,0,0,0,0,0,0,0,0,0
370485,1,1,0,0,0,0,0,0,0,0,0,0
370485,2,1,0,0,17,0,0,0,0,0,0,15
370485,3,1,0,0,0,0,0,0,0,0,0,0
370485,4,1,0,0,17,0,0,0,0,0,0,0
370486,0,1,0,0,0,0,0,0,0,0,0,0
370486,1,1,0,0,0,0,0,0,0,0,0,0
370487,1,1,0,0,0,0,0,0,0,0,0,0
370488,1,1,0,0,0,0,0,0,0,0,0,0
370489,1,1,0,0,0,0,0,0,0,0,0,0
370490,1,1,0,0,0,0,0,0,0,0,0,0
370491,1,1,0,0,0,0,0,0,17,0,0,6
370491,2,1,0,0,0,0,0,0,0,0,0,0
370492,1,1,0,0,0,0,0,0,0,0,0,0
370492,2,1,0,0,0,0,0,0,0,0,0,0
370493,1,1,0,0,0,0,0,0,0,0,0,0
370494,1,1,0,0,0,0,0,0,0,0,0,0
370494,2,1,0,0,0,0,0,0,0,0,0,0
370495,1,1,0,0,0,0,0,0,0,0,0,0
370496,0,1,0,0,0,0,0,0,0,0,0,0
370496,1,1,0,0,0,0,0,0,0,0,0,0
370497,1,1,0,0,0,0,0,0,0,0,0,0
370498,1,1,0,10,0,0,15,0,0,0,0,27
370499,1,1,19,19,19,19,19,19,19,19,19,19
370500,1,1,0,0,0,0,0,0,0,0,0,0
370500,2,1,0,0,0,0,0,0,0,0,0,0
370501,1,1,0,0,0,0,0,0,0,0,0,0
370501,2,1,0,0,0,0,0,0,0,0,0,0
370502,1,1,0,0,0,0,0,0,0,0,0,0
370503,1,1,0,0,0,0,0,0,0,0,0,0
370504,1,1,0,0,0,0,0,0,0,0,0,0
370504,2,1,2,2,2,2,2,2,2,2,2,2
370505,1,1,0,0,0,0,0,0,0,0,0,0
370505,2,1,0,0,30,0,0,0,0,0,0,0
370506,0,1,0,0,0,0,0,20,0,0,0,0
370506,1,1,0,0,0,0,0,0,0,0,0,0
370507,1,1,0,0,0,0,0,0,0,0,0,0
370507,2,1,0,0,0,0,0,0,0,0,0,0
370507,3,1,0,0,0,0,0,0,0,0,0,0
370508,1,1,14,0,0,0,0,0,0,0,0,0
370508,2,1,0,0,15,24,0,0,0,0,0,0
370509,1,1,0,0,0,0,0,0,0,0,0,0
370510,1,2,26,25,22,0,0,27,28,24,0,0
370511,1,1,3,3,3,3,3,3,3,3,3,3
370512,1,1,0,0,0,0,0,0,0,0,0,0
370513,1,1,0,0,0,0,0,0,0,0,0,0
370513,2,1,0,0,0,0,0,0,0,0,0,23
370514,1,1,22,22,22,22,22,22,22,22,22,22
370515,1,1,0,0,0,0,0,0,0,0,0,0
370515,2,1,0,0,0,0,34,0,0,0,0,0
370515,3,1,0,0,0,0,0,0,0,0,0,0
370516,1,1,0,0,0,0,0,0,0,0,0,0
370516,2,1,0,0,0,0,3,0,0,0,0,0
370517,1,1,0,0,0,0,0,0,0,0,0,0
370517,2,1,0,0,0,0,0,0,0,0,0,0
370518,1,1,0,0,0,0,0,0,0,0,0,0
370518,2,1,0,0,0,0,0,0,17,0,0,0
370519,1,1,0,0,0,0,0,0,0,0,0,0
370519,2,1,0,0,0,14,0,0,0,0,0,0
370520,0,1,0,0,0,0,0,0,0,0,0,0
370520,1,1,0,0,0,0,0,0,0,0,0,0
370521,0,1,0,0,0,0,0,0,0,0,0,0
370521,1,1,0,0,0,7,0,0,0,0,0,0
370522,1,1,0,0,0,0,0,0,0,14,0,0
370523,1,1,29,23,12,24,16,30,0,0,16,35
370524,0,1,14,11,0,16,0,33,15,25,0,7
370524,1,1,0,0,0,0,0,0,0,0,0,0
370525,1,1,25,25,25,25,25,25,25,25,25,25
370526,1,1,0,0,0,0,0,4,0,0,0,0
370526,2,1,0,0,0,0,0,0,0,0,0,0
370526,3,1,0,0,0,0,0,0,0,0,0,12
370527,1,1,0,0,0,0,0,0,0,0,0,17
370528,1,1,25,0,27,12,0,9,27,0,13,0
370529,1,1,0,0,0,0,0,0,0,0,0,0
370529,2,1,0,0,0,0,0,0,0,0,0,0
370530,1,1,0,11,0,7,0,0,11,0,0,0
370530,2,1,0,0,0,0,18,0,8,0,0,10
370531,0,1,0,0,0,0,0,0,0,0,0,0
370531,1,1,0,0,22,0,0,0,0,0,0,0
370531,2,1,9,0,0,0,0,0,0,0,0,17
370532,1,1,0,0,0,0,0,0,0,0,0,0
370532,2,1,0,0,0,0,0,0,0,0,0,0
370533,1,1,0,0,0,0,0,0,0,0,0,0
370534,1,1,0,0,0,0,0,0,0,0,0,26
370534,2,1,0,0,0,0,0,0,0,0,0,0
370535,1,1,0,0,24,0,0,0,0,0,0,0
370535,2,1,0,0,0,0,0,0,0,0,0,0
370536,1,1,0,0,0,0,0,0,0,0,0,0
370536,2,1,0,0,0,0,0,0,0,0,0,0
370537,1,1,0,0,0,0,0,0,0,0,0,0
370538,1,1,0,0,0,0,0,0,0,0,0,0
370539,0,1,2,2,2,2,2,2,2,2,2,2
370539,1,1,0,0,0,0,4,0,0,0,0,0
370540,1,1,0,0,0,0,0,0,0,0,0,0
370541,1,1,2,2,2,2,2,2,2,2,2,2
370541,2,1,0,0,0,0,0,0,0,0,0,0
370542,1,1,0,0,0,15,0,0,0,18,0,0
370542,2,1,0,0,0,0,0,0,0,0,0,0
370543,1,1,0,0,0,0,0,0,0,0,0,0
370543,2,1,0,0,0,0,0,0,0,0,0,0
370544,1,1,16,0,0,0,0,0,0,0,18,0
370544,2,1,0,0,0,0,0,0,0,0,0,0
370545,1,1,0,0,0,0,0,0,0,0,0,0
370546,1,1,0,23,14,17,19,12,12,10,10,0
370547,1,1,0,11,13,0,0,12,21,0,20,0
370548,1,1,17,17,17,17,17,17,17,17,17,17
370548,2,1,0,0,0,0,0,0,0,0,0,0
370549,1,1,0,0,16,0,0,0,0,0,0,0
370549,2,1,0,0,0,0,0,0,0,0,0,0
370550,1,1,13,0,0,0,0,0,0,0,0,0
370551,1,1,0,0,0,0,0,0,0,0,0,0
370551,2,1,0,0,0,0,0,0,0,0,2,0
370552,1,1,0,0,19,0,0,0,0,0,0,0
370552,2,1,0,0,0,0,0,0,0,0,0,0
370553,1,1,0,0,0,0,0,0,0,0,0,0
370554,1,1,0,0,9,0,0,14,0,0,8,0
370555,1,1,0,0,0,0,0,0,29,0,0,0
370555,2,1,0,0,0,0,0,0,12,0,0,0
370556,1,1,0,0,0,0,0,0,0,0,0,0
370556,2,1,0,0,0,0,0,0,0,0,0,0
370557,1,1,21,21,21,21,21,21,21,21,21,21
370558,0,1,0,0,0,0,0,26,0,0,12,19
370558,1,1,14,0,0,0,0,0,0,0,0,0
370558,2,1,0,0,0,0,0,0,0,0,0,0
370559,1,1,0,0,20,0,0,0,0,0,22,0
370559,2,1,0,0,0,0,0,0,0,0,0,0
370559,3,1,0,0,0,0,0,0,0,0,6,0
370560,1,1,21,21,21,21,21,21,21,21,21,21
370560,2,1,0,0,0,0,0,0,0,0,0,0
370561,1,1,0,0,0,0,0,0,0,0,0,0
370562,0,1,8,8,8,8,8,8,8,8,8,8
370562,1,1,5,5,5,5,5,5,5,5,5,5
370563,1,1,0,0,0,0,0,0,0,28,0,0
370563,2,1,0,0,0,0,0,0,0,0,0,0
370564,0,1,0,0,0,0,0,0,0,55,0,0
370564,0,2,0,0,0,0,0,0,0,0,0,0
370564,1,1,0,0,0,0,0,0,0,0,0,0
370565,1,1,0,0,0,0,0,0,0,14,0,0
370565,2,1,0,0,0,0,0,0,0,0,0,0
370566,0,1,0,0,0,0,0,0,0,0,0,0
370566,1,1,0,0,0,0,0,0,26,0,0,0
370566,2,1,0,0,0,0,0,0,0,0,0,0
370567,1,1,0,0,0,0,0,0,0,0,0,0
370567,2,1,0,0,0,0,10,0,0,0,0,0
370568,1,1,0,0,0,0,0,15,0,0,0,0
370569,0,1,23,0,0,0,0,38,0,7,17,0
370569,1,1,0,25,0,0,0,0,0,0,20,0
370570,1,1,14,0,0,0,0,0,0,0,0,0
370571,1,1,0,0,0,0,0,0,0,0,0,0
370572,1,1,22,22,22,22,22,22,22,22,22,22
370573,1,1,0,0,0,0,0,0,0,0,0,0
370573,2,1,0,0,0,0,0,0,0,0,0,0
370574,1,1,0,0,0,0,0,0,0,0,0,0
370575,1,1,0,0,0,0,0,0,0,0,0,0
370576,1,1,7,21,8,15,4,11,17,17,15,13
370576,2,1,0,0,0,0,0,0,0,0,0,0
370577,1,1,0,0,0,0,0,0,0,0,0,0
370577,2,1,0,0,0,0,0,0,0,0,0,0
370578,1,1,0,0,0,0,0,0,0,0,0,0
370579,3,1,10,10,10,10,10,10,10,10,10,10
370580,1,1,0,0,0,14,0,0,0,0,0,0
370581,1,1,17,17,17,17,17,17,17,17,17,17
370582,1,1,15,15,15,15,15,15,15,15,15,15
370583,1,1,19,19,19,19,19,19,19,19,19,19
370584,1,1,0,0,0,0,0,0,0,0,0,0
370584,2,1,0,0,0,0,0,0,0,0,0,0
370585,1,1,0,0,0,0,0,14,0,0,0,0
370585,2,1,22,0,7,10,0,0,0,3,0,0
370585,3,1,0,0,0,0,0,0,0,13,0,0
370586,1,1,0,0,0,0,0,0,0,0,0,0
370586,2,1,0,0,0,0,0,0,0,0,0,0
370587,1,1,0,0,0,0,0,0,0,0,0,0
370587,2,1,0,0,0,0,0,0,0,0,0,0
370587,3,1,0,0,0,0,0,0,0,0,0,0
370588,1,1,18,0,0,0,17,12,0,0,19,17
370589,1,1,0,0,0,0,0,0,29,0,0,0
370590,0,1,17,0,6,40,0,9,0,0,27,0
370590,1,1,0,0,0,0,0,0,0,0,0,0
370590,2,1,0,0,0,0,0,0,0,0,0,0
370591,1,1,0,21,0,0,0,0,0,0,20,0
370591,2,1,0,0,0,0,0,0,0,0,0,0
370592,1,1,0,0,0,0,0,0,0,0,0,6
370592,2,1,0,0,0,0,0,0,0,0,0,0
370593,0,1,12,0,15,0,0,0,0,0,0,0
370593,1,1,0,0,0,0,0,0,0,0,0,0
370594,1,1,0,0,0,0,0,0,0,0,0,0
370594,2,1,0,0,0,0,0,14,0,0,2,0
370595,1,1,0,0,0,0,0,0,0,0,0,0
370596,1,1,17,0,18,0,0,0,20,0,22,0
370597,1,1,10,10,10,10,10,10,10,10,10,10
370598,0,1,0,12,14,0,0,23,17,0,7,10
370598,1,1,0,0,0,0,0,0,0,0,0,0
370599,1,1,20,20,20,20,20,20,20,20,20,20
370600,1,1,2,2,2,2,2,2,2,2,2,2
370601,1,1,0,0,0,0,0,0,0,0,0,0
370601,2,1,0,0,0,0,0,0,0,0,0,0
370602,1,1,0,0,0,0,0,0,0,0,0,0
370602,2,1,0,0,0,0,0,0,0,0,0,0
370603,1,1,24,24,24,24,24,24,24,24,24,24
370603,2,1,3,3,3,3,3,3,3,3,3,3
370604,0,1,4,4,4,4,4,4,4,4,4,4
370604,1,1,0,0,0,0,0,0,0,0,0,0
370604,2,1,0,0,0,0,0,0,0,0,0,0
370605,1,1,0,0,0,0,0,0,0,0,0,0
370605,2,1,19,19,19,19,19,19,19,19,19,19
370606,0,1,0,32,0,6,7,0,23,0,0,0
370606,1,1,13,0,0,0,0,0,0,0,0,0
370607,0,1,0,0,0,0,0,0,0,0,0,0
370607,1,1,0,0,0,0,0,0,0,11,0,0
370608,0,1,0,0,0,0,0,0,0,0,0,0
370608,1,1,0,19,0,0,0,0,16,0,0,0
370609,1,1,0,0,0,0,0,0,0,0,0,0
370609,2,1,21,0,0,0,0,0,0,0,0,0
370610,1,1,0,0,0,7,0,0,0,0,23,0
370610,2,1,0,0,0,0,0,0,0,0,0,0
370610,3,1,0,0,0,0,0,0,0,0,0,0
370610,4,1,0,0,0,0,0,0,0,0,0,0
370611,0,1,0,0,0,25,0,0,0,0,0,0
370611,1,1,0,0,0,0,0,0,0,0,0,0
370612,1,1,0,0,1,0,0,0,0,0,0,0
370612,2,1,0,0,0,0,0,10,0,8,0,18
370613,1,1,0,4,0,0,0,0,0,0,0,0
370614,1,1,13,13,13,13,13,13,13,13,13,13
370615,1,1,0,19,30,18,11,0,0,0,0,0
370616,1,1,10,0,0,0,15,0,0,0,0,0
370617,0,1,0,0,0,0,0,0,0,0,0,0
370617,1,1,0,20,0,0,0,9,0,0,0,0
370618,1,1,7,7,7,7,7,7,7,7,7,7
370619,1,1,3,3,3,3,3,3,3,3,3,3
370620,0,1,0,0,0,0,0,0,0,0,0,18
370620,1,1,0,0,0,0,0,0,0,5,0,0
370621,0,1,0,19,19,0,0,20,0,0,0,0
370621,1,1,0,0,0,0,0,0,0,0,0,0
370622,1,1,27,27,27,27,27,27,27,27,27,27
370623,1,1,0,0,0,0,0,0,0,0,0,0
370623,2,1,0,0,0,0,0,0,0,0,0,0
370624,1,1,29,29,29,29,29,29,29,29,29,29
370625,1,1,22,22,22,22,22,22,22,22,22,22
370626,0,1,0,0,0,0,0,0,0,0,0,0
370626,1,1,0,0,9,0,0,0,0,0,0,0
370627,1,1,0,0,0,0,0,0,0,0,0,0
370627,2,1,0,0,0,0,0,0,0,0,0,0
370628,1,1,5,5,5,5,5,5,5,5,5,5
370629,1,1,0,12,0,0,0,0,0,0,0,6
370630,0,1,0,0,0,0,0,0,0,0,0,0
370630,1,1,0,0,0,0,0,0,0,0,10,0
370631,1,1,0,0,0,0,0,0,0,0,0,0
370632,1,1,0,0,0,0,0,0,0,0,0,0
370633,1,1,0,0,0,0,0,0,0,0,0,0
370633,2,1,0,0,0,0,0,0,0,0,0,0
370634,1,1,20,0,0,0,23,13,12,0,0,0
370634,2,1,0,0,0,0,0,0,0,12,0,0
370635,1,1,29,0,0,0,0,20,0,0,0,16
370636,1,1,0,0,0,0,0,0,0,0,0,0
370636,2,1,0,0,0,0,0,0,0,0,0,0
370637,1,1,0,0,0,0,0,0,0,0,0,0
370638,1,1,0,0,16,0,0,0,0,0,24,0
370638,2,1,0,0,0,0,0,0,0,0,0,0
370639,1,1,0,12,0,0,8,0,0,0,0,0
370640,1,1,0,0,0,0,0,0,0,0,0,0
370640,2,1,0,11,0,0,19,0,0,14,0,0
370641,1,1,6,0,9,0,0,0,9,0,0,0
370641,2,1,0,0,0,0,0,0,0,0,0,15
370642,1,1,0,0,0,0,0,0,0,0,0,0
370643,1,1,0,0,0,0,0,0,0,0,0,0
370644,1,1,0,0,15,0,0,19,2,0,0,14
370644,2,1,0,0,0,0,0,0,0,0,0,0
370645,1,1,0,0,0,0,0,0,0,0,0,0
370646,1,1,0,0,0,0,0,0,0,0,0,0
370647,1,1,0,0,0,0,0,0,0,0,0,0
370647,2,1,0,0,0,9,0,0,0,0,0,17
370648,1,1,0,0,0,0,0,0,0,0,0,0
370648,2,1,0,0,0,0,0,0,23,0,0,0
370649,1,1,0,0,0,0,0,0,0,0,0,0
370649,2,1,0,0,0,0,0,0,0,0,0,0
370650,1,1,0,0,0,0,0,0,0,0,0,0
370651,1,1,12,12,12,12,12,12,12,12,12,12
370651,2,1,0,0,0,0,0,0,0,0,0,0
370651,3,1,0,0,0,0,0,0,0,0,0,0
370652,1,1,0,0,0,0,0,0,0,0,0,0
370653,1,1,0,0,0,0,12,29,0,25,0,0
370654,1,1,0,0,0,0,0,0,0,0,0,7
370654,2,1,0,0,0,0,0,0,0,0,0,0
370655,1,1,0,0,0,0,0,0,0,0,0,0
370655,2,1,0,0,0,14,0,0,0,0,0,0
370656,1,1,0,0,0,0,0,0,0,0,0,0
370657,1,1,0,0,0,0,0,0,0,0,0,0
370657,2,1,0,0,0,0,0,0,0,0,0,0
370657,3,1,0,0,0,0,0,0,0,0,0,0
370658,0,1,0,0,0,0,0,0,0,0,0,0
370658,1,1,0,0,0,0,0,0,0,0,0,0
370659,1,1,23,0,27,9,9,15,0,0,0,14
370660,1,1,20,17,9,14,33,10,24,14,20,3
370661,1,1,8,0,0,4,8,0,33,23,0,10
370662,1,1,0,0,0,0,0,0,0,0,0,0
370663,1,1,0,0,0,0,0,0,0,0,0,0
370663,2,1,0,0,0,0,0,0,0,0,0,0
370664,1,1,8,8,8,8,8,8,8,8,8,8
370665,1,1,0,0,0,0,0,0,0,0,9,0
370665,2,1,0,0,0,0,0,0,0,0,0,0
370666,1,1,0,0,0,0,0,17,0,0,0,0
370667,1,1,0,0,0,0,7,0,33,0,0,0
370668,1,1,27,27,27,27,27,27,27,27,27,27
370668,2,1,0,0,0,0,0,0,0,0,0,0
370668,3,1,0,0,0,0,0,0,0,0,0,0
370669,1,1,0,0,0,0,0,0,0,0,0,0
370669,2,1,0,0,0,0,0,0,0,15,0,0
370670,1,1,5,5,5,5,5,5,5,5,5,5
370670,2,1,0,0,0,0,18,0,0,0,0,0
370671,1,1,20,20,20,20,20,20,20,20,20,20
370672,0,1,17,17,17,17,17,17,17,17,17,17
370672,1,1,0,0,0,0,8,0,0,0,0,0
370673,1,1,0,0,16,0,18,0,0,0,6,0
370674,1,1,0,0,0,0,0,0,0,0,0,0
370675,1,1,9,0,0,21,0,0,0,5,0,16
370676,1,1,0,0,0,0,0,0,0,0,0,0
370676,2,1,0,0,0,0,0,0,0,0,0,0
370676,3,1,0,0,0,0,0,0,0,0,0,0
370676,4,1,0,0,0,0,0,0,0,0,0,0
370676,5,1,0,0,0,0,0,0,0,0,0,0
370676,6,1,0,0,0,0,0,0,0,0,0,0
370676,7,1,0,0,0,0,0,0,0,0,0,0
370677,0,1,0,0,24,0,0,0,0,0,0,0
370677,1,1,0,0,0,0,0,0,0,0,0,0
370678,1,1,0,0,0,0,0,0,0,0,0,0
370678,2,1,0,0,0,0,0,0,0,0,0,0
370679,1,1,0,0,0,0,0,7,0,0,17,0
370679,2,1,0,0,0,0,0,0,0,0,0,0
370680,1,1,17,17,17,17,17,17,17,17,17,17
370681,1,1,0,0,0,0,0,0,0,0,0,0
370681,2,1,0,0,16,0,0,0,0,0,0,0
370682,1,1,7,11,18,0,0,5,16,18,14,17
370683,1,1,0,0,0,0,0,0,0,0,0,0
370683,2,1,0,0,0,0,0,0,0,0,0,0
370684,1,1,0,0,0,0,0,0,0,0,0,0
370685,1,1,0,0,0,0,0,0,0,0,0,0
370686,1,1,0,0,0,0,0,0,0,0,0,0
370686,2,1,0,0,0,0,0,0,9,0,0,0
370687,1,1,0,0,0,0,0,0,0,0,0,0
370688,1,1,0,0,0,0,0,0,0,0,0,0
370688,2,1,0,0,0,0,0,0,0,0,0,0
370688,3,1,0,0,0,0,0,0,0,0,0,0
370688,4,1,0,0,0,0,0,0,0,0,22,0
370688,5,1,0,0,0,0,0,0,0,0,0,0
370689,1,1,0,0,0,0,0,0,0,0,0,0
370690,1,1,0,0,0,0,0,0,0,0,0,0