ST_CASE,VEH_NO,PER_NO,P1,P2,P3,P4,P5,P6,P7,P8,P9,P10
370690,2,1,0,0,0,0,0,0,0,0,0,0
370691,1,1,0,0,0,0,0,0,0,0,0,0
370691,2,1,0,0,0,0,0,0,18,0,0,0
370692,0,1,0,0,0,0,0,0,0,0,0,0
370692,1,1,0,24,0,0,0,0,0,0,0,0
370693,1,1,0,0,0,0,0,0,0,0,0,0
370693,2,1,0,21,0,0,0,0,0,0,0,0
370694,1,1,0,0,0,0,0,0,0,0,0,0
370694,2,1,25,0,0,0,0,0,0,0,0,0
370694,3,1,0,0,0,0,0,0,0,0,0,0
370695,1,1,0,33,0,0,0,0,0,0,0,0
370696,1,1,19,8,23,14,0,7,0,23,15,11
370697,1,1,0,0,10,0,0,0,0,0,0,0
370697,2,1,0,0,0,0,0,0,0,0,0,0
370698,1,1,12,12,12,12,12,12,12,12,12,12
370698,2,1,0,0,0,0,0,0,0,0,0,0
370699,1,1,0,0,0,0,0,0,0,0,0,0
370699,2,1,0,0,0,0,0,0,0,0,0,0
370700,1,1,0,0,0,0,0,0,0,0,13,0
370700,2,1,0,0,0,0,0,0,0,0,0,0
370701,1,1,18,18,18,18,18,18,18,18,18,18
370702,1,1,0,0,0,0,0,0,21,0,0,0
370703,1,1,0,0,0,20,0,0,0,0,0,0
370704,0,1,11,0,0,0,0,0,0,0,0,0
370704,0,2,7,0,2,0,0,0,0,0,0,0
370704,1,1,20,20,20,20,20,20,20,20,20,20
370705,1,1,0,0,0,0,0,0,0,13,0,0
370705,2,1,0,0,0,0,0,0,0,0,0,0
370706,1,1,0,0,0,0,0,0,5,0,0,0
370706,2,1,0,0,4,6,0,3,5,0,0,0
370707,1,1,0,0,0,0,24,0,0,0,0,0
370708,1,1,21,21,21,21,21,21,21,21,21,21
370709,1,1,14,14,14,14,14,14,14,14,14,14
370710,1,1,15,15,15,15,15,15,15,15,15,15
370710,2,1,0,0,0,0,0,0,0,0,0,0
370711,1,1,0,10,14,0,0,16,7,13,0,19
370712,0,1,0,0,0,10,0,0,0,0,19,0
370712,0,2,0,0,0,0,0,0,6,0,2,0
370712,1,1,0,0,0,0,13,0,0,0,0,0
370713,1,1,7,0,0,14,0,19,18,26,31,0
370714,0,1,0,0,11,0,29,4,12,23,0,0
370714,0,2,0,0,18,0,13,15,0,0,0,0
370714,1,1,0,0,0,0,0,0,0,0,0,0
370715,0,1,0,0,2,0,21,0,0,22,22,0
370715,1,1,0,0,0,0,1,0,0,0,0,0
370716,0,1,0,0,0,0,0,0,0,0,0,0
370716,1,1,0,0,0,19,0,0,18,0,0,0
370717,1,1,0,0,0,0,0,0,0,0,0,0
370717,2,1,0,0,0,0,0,0,0,18,24,0
370717,3,1,0,0,0,0,0,0,0,0,0,0
370718,0,1,19,19,19,19,19,19,19,19,19,19
370718,1,1,0,0,0,0,24,2,0,0,0,0
370719,1,1,0,0,16,0,0,15,0,0,0,0
370720,1,1,0,0,0,0,0,0,0,0,0,0
370720,2,1,0,0,0,0,0,0,0,0,0,0
370721,1,1,20,0,0,16,0,0,27,16,0,9
370722,1,1,0,0,0,0,0,0,0,0,0,0
370722,2,1,0,0,0,0,0,0,0,0,0,0
370723,1,1,12,12,12,12,12,12,12,12,12,12
370724,1,1,18,18,18,18,18,18,18,18,18,18
370725,1,1,0,0,16,0,0,0,0,0,16,0
370726,1,1,0,0,0,0,9,0,0,0,0,0
370727,1,1,21,0,15,0,0,0,0,0,0,0
370728,1,1,0,0,0,0,0,0,4,0,0,0
370728,2,1,0,0,0,0,0,0,0,0,0,0
370729,1,1,0,0,27,0,0,0,0,0,0,0
370729,2,1,0,0,0,0,0,4,0,0,0,0
370730,1,1,0,0,0,5,0,0,9,14,0,0
370731,1,1,0,0,0,0,0,0,0,0,0,0
370731,2,1,0,0,0,0,0,0,0,0,0,0
370732,1,1,8,9,28,16,15,8,10,8,11,14
370732,2,1,0,0,0,0,0,0,0,0,0,0
370733,1,1,0,0,0,0,0,0,0,0,0,0
370733,2,1,0,0,0,0,0,0,0,0,0,0
370734,1,1,0,0,0,0,24,0,0,0,0,0
370735,1,1,0,0,0,0,0,0,0,0,0,0
370735,2,1,0,0,0,0,0,0,0,0,0,0
370736,1,1,22,22,22,22,22,22,22,22,22,22
370737,1,1,0,0,0,0,0,0,0,0,0,0
370738,1,1,0,13,0,23,0,0,0,0,0,0
370738,2,1,0,0,0,0,0,0,0,0,0,0
370739,0,1,7,0,0,4,0,0,0,0,21,0
370739,1,1,0,0,0,0,0,0,0,0,0,0
370740,1,1,29,20,9,25,5,25,11,8,12,23
370741,1,1,9,9,9,9,9,9,9,9,9,9
370742,1,1,0,16,0,0,0,6,0,0,0,0
370742,2,1,0,0,0,0,0,0,0,0,0,0
370743,1,1,1,1,1,1,1,1,1,1,1,1
370743,2,1,0,0,0,0,0,0,0,0,0,0
370743,3,1,0,0,0,0,0,0,0,0,0,0
370743,4,1,0,0,0,0,0,0,0,0,0,0
370744,1,1,0,0,0,0,0,0,0,0,0,0
370744,2,1,0,0,0,0,0,0,0,0,0,0
370745,1,1,0,0,0,0,0,0,21,22,0,0
370746,1,1,9,9,9,9,9,9,9,9,9,9
370747,1,1,14,14,14,14,14,14,14,14,14,14
370748,1,1,15,15,15,15,15,15,15,15,15,15
370749,0,1,0,30,0,0,0,15,0,0,0,0
370749,1,1,0,0,16,0,22,0,4,12,0,20
370750,0,1,0,0,0,18,0,0,16,0,0,0
370750,1,1,0,30,23,0,19,0,25,0,6,0
370751,1,1,0,0,0,0,0,0,0,0,0,0
370752,1,1,0,0,0,0,0,0,0,0,0,0
370752,2,1,0,0,0,0,0,0,0,0,0,0
370753,1,1,25,25,25,25,25,25,25,25,25,25
370754,1,1,0,5,6,25,10,13,13,29,9,13
370755,1,1,11,11,11,11,11,11,11,11,11,11
370755,2,1,0,0,0,0,0,0,0,0,0,0
370756,1,1,0,0,0,0,0,0,0,0,0,0
370756,2,1,0,0,0,0,0,0,0,0,0,0
370757,1,1,0,0,0,0,0,17,0,0,0,0
370758,1,1,20,20,20,20,20,20,20,20,20,20
370759,1,1,0,0,0,5,0,0,0,23,0,30
370759,2,1,0,0,0,0,0,0,0,0,0,0
370760,1,1,0,0,15,0,0,0,0,0,0,0
370760,2,1,0,0,0,0,0,0,0,0,0,0
370761,1,1,25,0,0,0,25,12,0,0,0,0
370762,1,1,18,3,7,18,12,14,20,31,12,13
370763,0,1,0,0,0,0,0,0,0,28,0,17
370763,1,1,0,0,0,0,0,0,0,0,0,0
370764,1,1,0,0,0,0,0,0,0,0,0,0
370764,2,1,0,0,0,0,0,0,0,0,0,0
370765,1,1,0,0,0,0,0,0,0,0,0,0
370765,2,1,0,21,0,28,0,0,0,10,0,27
370766,1,1,16,19,0,0,0,0,0,0,0,0
370766,2,1,0,0,0,0,0,0,0,0,0,0
370767,1,1,6,6,6,6,6,6,6,6,6,6
370768,1,1,0,0,0,0,0,0,0,0,0,0
370769,1,1,29,29,29,29,29,29,29,29,29,29
370770,1,1,13,0,5,0,5,0,0,0,0,14
370771,0,1,0,0,0,0,0,0,22,0,0,0
370771,2,1,0,0,0,0,0,0,0,0,0,11
370772,0,1,0,0,0,13,0,0,0,0,31,0
370772,1,1,15,20,15,0,13,15,27,14,20,6
370773,1,1,0,0,0,0,0,0,0,0,0,0
370773,2,1,0,0,0,0,0,0,0,0,0,0
370774,1,1,0,0,0,0,0,0,0,0,0,0
370775,1,1,0,0,0,0,0,0,0,0,0,0
370775,2,1,0,0,0,0,0,0,0,0,0,0
370776,1,1,0,0,0,0,0,0,0,0,13,0
370776,2,1,0,7,28,14,8,25,22,33,17,12
370777,1,1,0,0,0,0,0,0,0,0,0,0
370778,1,1,13,13,13,13,13,13,13,13,13,13
370779,0,1,0,32,0,14,8,0,0,9,0,16
370779,1,1,0,0,30,0,0,0,0,10,0,0
370780,1,1,0,0,0,0,0,0,0,0,0,0
370780,2,1,6,6,6,6,6,6,6,6,6,6
370781,1,1,0,0,0,0,0,0,0,0,0,0
370782,0,1,5,5,5,5,5,5,5,5,5,5
370782,1,1,14,0,0,5,0,0,0,0,0,0
370783,1,1,0,0,0,0,0,0,0,0,0,0
370783,2,1,0,0,0,0,0,0,0,0,0,0
370784,1,1,0,0,0,0,0,22,0,0,0,0
370785,1,1,0,0,14,0,0,0,0,0,0,0
370786,0,1,0,0,0,0,0,0,28,0,0,0
370786,1,1,0,0,0,0,0,0,0,0,0,0
370787,1,1,0,0,0,0,0,0,0,0,0,0
370788,1,1,0,0,18,0,0,8,0,0,18,17
370789,1,1,22,22,22,22,22,22,22,22,22,22
370790,0,1,0,0,0,0,0,0,0,0,0,0
370790,1,1,0,0,0,0,0,0,0,0,0,0
370791,1,1,0,0,29,0,0,0,0,0,0,9
370792,0,1,0,0,0,0,0,0,0,0,0,0
370792,1,1,0,0,0,0,0,0,0,0,0,0
370793,0,1,46,0,0,0,0,0,0,29,0,0
370793,1,1,0,0,0,0,0,0,36,0,0,0
370794,1,1,24,24,24,24,24,24,24,24,24,24
370795,0,1,23,0,0,0,0,16,29,0,0,0
370795,1,1,0,0,0,0,0,0,0,0,0,0
370796,1,1,0,0,0,0,0,0,0,0,0,0
370797,1,1,0,0,0,0,0,0,0,0,0,0
370797,2,1,0,0,0,0,0,0,0,0,0,0
370797,3,1,0,0,0,0,0,0,0,0,0,0
370798,1,1,0,0,0,0,0,0,0,0,0,0
370798,2,1,0,0,0,0,0,0,0,0,0,4
370799,1,1,16,0,0,0,0,5,15,30,0,0
370800,0,1,0,0,0,0,0,4,0,0,0,12
370800,1,1,0,0,0,0,0,0,0,0,0,0
370801,1,1,0,0,0,0,0,15,0,0,8,0
370802,1,1,0,0,0,0,0,0,0,0,0,0
370802,2,1,0,0,0,0,0,13,0,9,0,0
370803,1,1,7,0,0,0,26,0,0,0,30,12
370803,2,1,0,0,0,0,0,0,0,0,0,0
370804,0,1,0,12,0,26,18,0,0,0,25,0
370804,1,1,0,0,0,0,0,0,0,0,0,0
370805,1,1,0,0,0,0,0,0,0,0,0,0
370805,2,1,0,0,0,0,9,0,0,0,0,0
370806,1,1,0,0,0,0,17,0,0,0,0,0
370807,1,1,0,8,0,13,0,0,0,0,21,21
370808,1,1,27,0,0,0,6,12,0,0,0,16
370809,1,1,20,20,20,20,20,20,20,20,20,20
370810,1,1,0,0,0,0,0,0,0,0,0,0
370811,1,1,0,0,0,0,0,0,0,0,0,0
370812,1,1,0,0,0,0,0,0,0,0,0,0
370812,2,1,0,0,0,0,0,0,0,0,0,0
370812,3,1,0,0,0,0,0,0,0,0,0,0
370813,1,1,0,0,0,0,0,0,0,0,0,0
370814,1,1,0,0,0,27,27,0,9,28,0,0
370815,1,1,0,13,0,0,0,0,0,0,0,0
370815,2,1,0,16,0,0,0,0,0,0,0,0
370816,0,1,0,0,42,14,0,0,0,0,0,0
370816,1,1,17,0,0,0,0,0,0,13,0,0
370817,1,1,21,27,14,19,12,5,22,17,12,32
370818,1,1,13,0,0,37,0,0,0,0,9,0
370818,2,1,0,9,0,0,0,0,0,0,0,0
370819,1,1,0,0,0,0,0,0,0,0,0,0
370820,0,1,20,0,0,21,0,27,0,0,0,0
370820,1,1,0,0,0,0,12,0,0,0,0,0
370821,1,1,0,0,0,13,0,0,0,0,11,0
370822,1,1,0,0,0,0,0,0,0,0,0,0
370822,2,1,0,0,0,0,0,0,0,0,0,0
370823,0,1,0,0,0,0,0,0,0,0,11,0
370823,1,1,0,0,8,0,0,15,0,0,10,22
370824,1,1,0,0,0,0,0,0,0,0,0,0
370824,2,1,0,0,0,0,20,8,0,0,2,0
370825,1,1,13,35,14,15,9,15,11,15,18,12
370826,1,1,0,0,0,0,0,0,0,0,0,0
370827,1,1,24,24,24,24,24,24,24,24,24,24
370828,1,1,0,0,20,0,0,0,18,0,0,0
370829,1,1,20,0,9,0,24,0,0,0,0,0
370829,2,1,0,0,0,0,0,0,0,0,0,0
370829,3,1,0,0,0,0,0,0,0,0,0,0
370829,4,1,0,0,0,0,0,0,0,0,0,0
370829,5,1,0,0,0,0,0,0,0,0,0,0
370830,1,1,0,0,0,0,0,0,0,0,0,0
370830,2,1,0,0,0,0,0,0,0,0,0,0
370831,1,1,24,24,24,24,24,24,24,24,24,24
370832,1,1,18,18,18,18,18,18,18,18,18,18
370832,2,1,0,0,0,0,0,0,0,0,0,0
370833,1,1,0,0,0,0,0,0,0,0,0,0
370834,0,1,0,0,0,0,0,0,0,0,0,0
370834,1,1,0,9,8,17,11,11,11,9,16,10
370835,1,1,3,12,13,7,0,33,0,12,12,10
370836,0,1,20,20,20,20,20,20,20,20,20,20
370836,1,1,0,0,0,0,0,0,0,0,0,0
370837,1,1,20,0,0,0,0,0,0,0,0,0
370838,1,1,0,0,0,0,0,0,0,0,0,0
370838,2,1,0,0,0,0,0,0,0,0,0,0
370839,1,1,21,21,21,21,21,21,21,21,21,21
370839,2,1,0,0,0,0,0,0,0,0,0,0
370840,0,1,0,0,0,0,0,0,0,0,0,0
370840,1,1,0,0,0,0,0,9,14,0,0,0
370841,1,1,0,0,11,0,0,0,0,0,0,0
370841,2,1,0,0,0,0,0,0,0,0,0,0
370842,0,1,0,0,0,0,0,0,0,0,0,0
370842,1,1,0,0,0,0,0,0,0,0,0,0
370843,1,1,0,0,0,0,0,0,0,27,0,0
370844,1,1,15,0,0,0,0,21,0,0,14,8
370845,1,1,20,0,0,12,0,0,0,0,0,0
370845,2,1,2,26,31,54,25,18,0,12,27,0
370845,3,1,0,0,20,0,8,12,0,0,8,0
370846,1,1,0,18,0,0,0,0,8,0,0,14
370847,1,1,0,0,0,0,0,0,0,9,0,0
370847,2,1,0,0,0,0,0,0,0,0,2,0
370848,1,1,0,29,14,0,0,0,0,11,30,30
370849,1,1,0,0,0,0,0,0,0,0,0,0
370849,2,1,0,0,0,0,0,0,0,0,0,0
370850,1,1,0,0,0,0,0,0,0,26,0,0
370851,1,1,0,0,0,0,0,0,0,0,0,0
370851,2,1,9,9,9,9,9,9,9,9,9,9
370851,3,1,2,0,0,0,0,0,7,0,0,0
370852,1,1,0,0,0,0,16,0,0,15,0,0
370853,1,1,0,10,0,0,9,32,30,0,0,0
370854,1,1,0,0,0,0,0,0,0,0,0,0
370854,2,1,0,0,0,0,0,0,0,0,0,0
370855,1,1,21,11,0,0,0,7,0,0,0,0
370856,1,1,0,0,0,0,0,0,0,0,0,0
370857,1,1,15,0,0,0,13,23,14,26,22,0
370858,1,1,0,0,0,0,0,0,0,0,0,0
370858,2,1,0,0,0,0,0,0,0,18,0,0
370859,1,1,0,0,0,0,0,0,24,0,14,13
370860,0,1,0,0,0,0,0,0,0,0,0,0
370860,1,1,0,0,0,0,0,0,0,0,0,0
370861,0,1,0,0,39,0,0,0,0,0,0,0
370861,1,1,0,0,0,0,0,0,0,0,0,9
370862,1,1,18,0,0,20,0,0,0,0,0,0
370862,2,1,0,0,0,0,12,0,0,0,0,0
370863,1,1,0,0,0,0,0,0,0,0,0,0
370864,1,1,21,21,21,21,21,21,21,21,21,21
370865,1,1,0,0,0,0,0,0,0,0,0,0
370865,2,1,0,0,0,0,0,0,0,0,0,0
370866,1,1,0,0,0,0,0,0,0,0,0,0
370866,2,1,0,11,0,0,0,0,0,0,0,0
370867,0,1,9,0,26,23,0,28,0,0,14,0
370867,1,1,0,0,11,0,0,0,15,0,0,0
370868,1,1,0,0,0,0,0,0,0,0,0,0
370869,1,1,0,0,0,0,0,0,0,0,0,0
370870,1,1,0,0,0,0,0,0,0,0,0,0
370870,2,1,0,0,0,0,0,20,0,0,0,16
370870,3,1,0,0,0,0,0,0,0,0,0,0
370870,4,1,0,0,0,0,0,0,21,0,0,0
370870,5,1,0,0,0,0,0,0,0,0,0,0
370871,1,1,0,0,0,0,0,0,0,0,0,0
370871,2,1,0,0,0,0,0,0,0,36,0,0
370872,1,1,0,0,0,0,0,0,0,0,22,0
370872,2,1,0,0,0,0,0,0,0,0,0,0
370873,1,1,0,0,0,0,0,0,0,0,0,0
370873,2,1,0,0,0,0,0,0,0,0,0,0
370874,0,1,0,0,0,17,15,0,0,0,0,0
370874,1,1,18,0,15,13,8,18,5,22,18,5
370875,0,1,0,0,0,0,0,0,0,0,0,0
370875,1,1,0,0,0,0,0,0,0,0,0,0
370875,3,1,0,0,0,0,0,0,0,0,0,0
370876,1,1,0,10,0,0,0,0,0,0,0,0
370877,1,1,0,0,0,0,0,41,6,0,0,0
370878,1,1,0,0,13,5,16,22,37,0,0,0
370879,1,1,0,0,0,0,0,0,13,0,6,0
370880,1,1,0,5,0,3,16,15,0,0,0,27
370881,1,1,0,0,16,15,0,0,0,0,0,0
370881,2,1,0,0,0,0,0,21,0,0,0,0
370882,1,1,0,0,0,17,0,0,0,0,0,0
370882,2,1,0,0,0,0,0,0,0,0,0,0
370883,1,1,35,0,0,0,0,0,0,0,0,15
370883,2,1,0,1,0,11,0,0,0,0,0,0
370884,1,1,16,0,0,16,0,0,0,9,0,0
370885,1,1,0,0,0,0,0,0,0,0,0,0
370885,2,1,0,0,0,0,0,0,0,0,0,0
370886,0,1,13,13,13,13,13,13,13,13,13,13
370886,1,1,0,0,25,0,0,0,0,0,0,0
370887,1,1,0,0,0,0,0,0,0,0,0,0
370888,1,1,0,0,0,0,0,0,0,0,0,0
370888,2,1,0,0,0,0,0,0,0,0,0,0
370889,1,1,33,0,0,22,0,0,6,0,0,0
370890,0,1,0,0,0,0,0,0,0,0,0,0
370890,1,1,0,0,0,0,0,0,0,0,0,0
370891,1,1,0,0,0,0,0,0,11,7,0,0
370892,1,1,0,24,0,0,0,0,0,0,0,0
370893,0,1,0,0,50,0,0,0,0,0,0,0
370893,1,1,0,0,0,0,0,0,0,0,0,0
370894,1,1,0,0,0,0,0,0,0,0,0,0
370894,2,1,0,0,0,0,0,0,0,0,0,0
370895,1,1,0,0,0,35,0,20,0,0,16,0
370896,1,1,0,0,0,0,0,0,0,0,0,0
370896,2,1,0,0,0,0,0,0,2,0,0,0
370896,3,1,0,0,0,0,0,0,0,0,0,0
370897,1,1,0,0,0,0,0,0,0,0,0,0
370898,1,1,0,0,19,0,0,0,0,0,10,0
370899,1,1,0,0,0,0,0,0,0,0,0,0
370899,2,1,0,0,0,0,0,0,0,0,0,0
370900,1,1,0,0,0,0,0,14,0,19,0,0
370901,1,1,11,11,11,11,11,11,11,11,11,11
370902,1,1,9,9,9,9,9,9,9,9,9,9
370903,0,1,26,0,0,0,0,16,0,0,0,0
370903,1,1,0,0,0,0,0,0,0,0,0,0
370904,0,1,0,42,0,0,0,32,0,0,26,0
370904,1,1,10,0,0,0,0,0,0,0,24,0
370905,1,1,0,22,0,26,18,0,0,0,0,0
370905,2,1,0,0,0,0,0,11,0,0,0,0
370906,0,1,24,0,0,0,0,0,0,0,0,0
370906,1,1,0,0,0,0,0,0,0,0,3,0
370906,2,1,0,0,0,0,0,0,0,0,0,0
370907,1,1,0,0,0,0,0,0,0,0,0,0
370907,2,1,0,0,0,0,0,0,0,0,0,0
370908,1,1,0,0,0,0,0,0,0,0,0,0
370908,2,1,0,0,16,0,0,0,0,0,0,0
370908,3,1,0,0,19,0,0,0,0,0,0,0
370909,1,1,0,0,0,0,0,0,0,0,0,0
370909,2,1,0,0,0,0,0,0,0,0,0,0
370910,1,1,0,0,0,0,0,0,0,0,0,0
370911,1,1,0,0,0,0,0,2,0,0,18,0
370911,2,1,6,0,0,0,9,0,0,0,0,16
370911,3,1,0,0,0,0,0,0,0,0,0,0
370912,0,1,0,0,0,15,0,0,0,0,0,0
370912,1,1,0,0,0,0,0,0,0,4,0,0
370912,2,1,23,0,32,0,0,12,0,0,0,0
370913,0,1,0,0,12,0,0,4,0,0,0,0
370913,2,1,0,0,0,8,0,0,22,0,0,0
370914,1,1,0,0,0,0,0,0,0,0,0,0
370914,2,1,0,0,0,0,0,0,0,0,0,0
370915,1,1,0,0,0,0,0,0,0,0,0,0
370915,2,1,0,0,0,0,0,0,0,0,0,0
370916,1,1,0,0,0,0,0,0,0,0,0,0
370916,2,1,0,0,0,0,0,0,0,0,0,0
370916,3,1,0,0,0,0,0,0,0,0,0,0
370917,0,1,0,0,0,0,0,0,0,0,0,0
370917,0,2,0,0,0,0,0,0,0,0,0,18
370917,1,1,0,0,0,0,0,0,0,0,0,0
370918,1,1,0,0,0,0,0,0,0,0,0,0
370918,2,1,15,0,0,0,0,0,0,0,0,0
370919,1,1,0,0,0,0,0,0,0,0,0,0
370919,2,1,0,0,0,0,0,0,0,0,0,0
370920,1,1,0,0,0,0,0,0,0,0,21,0
370921,1,1,24,0,0,5,0,10,20,18,0,0
370922,1,1,0,0,0,0,0,0,0,0,0,14
370922,2,1,0,0,0,0,0,0,0,0,0,0
370922,3,1,0,0,0,0,0,0,0,0,0,0
370923,0,1,0,0,0,0,0,19,18,0,0,0
370923,1,1,0,0,0,0,0,11,0,0,0,0
370924,0,1,0,0,0,0,0,0,0,0,0,0
370924,1,1,0,0,0,0,0,0,0,0,0,0
370925,1,1,14,14,14,14,14,14,14,14,14,14
370925,2,1,0,0,0,0,0,16,0,0,0,0
370926,1,1,28,28,28,28,28,28,28,28,28,28
370927,0,1,0,0,32,0,20,11,0,10,14,27
370927,1,1,0,0,0,0,0,0,0,0,0,0
370928,1,1,16,16,16,16,16,16,16,16,16,16
370929,1,1,23,23,23,23,23,23,23,23,23,23
370930,1,1,10,10,10,10,10,10,10,10,10,10
370931,1,1,0,0,0,0,0,0,0,0,0,0
370931,2,1,0,0,0,0,0,0,0,0,0,0
370932,1,1,3,3,3,3,3,3,3,3,3,3
370933,1,1,0,0,0,0,0,0,0,0,0,0
370934,1,1,0,0,0,0,0,0,0,0,0,0
370935,1,1,0,0,0,0,0,0,0,0,0,0
370935,2,1,0,0,0,0,0,0,0,0,0,0
370936,1,1,0,0,0,0,0,0,0,0,0,0
370937,1,1,0,15,0,0,0,25,0,0,0,0
370938,1,1,0,0,0,0,0,0,0,0,0,0
370938,2,1,0,0,0,0,0,0,0,0,0,0
370939,1,1,0,12,0,0,34,0,0,0,0,7
370940,1,1,0,0,0,0,0,0,0,0,0,0
370940,2,1,0,0,11,0,0,0,0,0,0,0
370941,0,1,26,19,28,18,10,4,19,19,10,18
370941,1,1,17,0,0,0,0,27,0,12,5,0
370942,1,1,0,0,0,0,0,0,0,0,0,0
370942,2,1,0,0,0,0,0,0,0,0,0,0
370943,1,1,0,13,0,11,11,9,19,12,11,4
370943,2,1,0,0,0,0,0,0,0,0,0,0
370944,0,1,0,0,0,0,0,0,0,0,0,0
370944,1,1,0,0,0,0,0,0,0,0,0,0
370945,1,1,15,0,0,0,0,0,0,0,0,0
370945,2,1,0,0,0,0,0,0,0,0,0,0
370946,1,1,0,0,0,0,0,0,0,0,0,0
370946,2,1,0,0,0,0,0,0,0,0,0,0
370946,3,1,0,0,0,0,0,0,0,0,0,0
370947,1,1,17,17,17,17,17,17,17,17,17,17
370948,1,1,0,0,0,0,0,0,0,0,0,0
370948,2,1,0,0,0,0,0,0,0,0,0,0
370949,1,1,0,0,0,0,0,0,0,0,0,0
370949,2,1,15,0,0,0,0,0,0,0,0,0
370949,3,1,0,0,0,0,0,0,0,0,0,0
370950,1,1,3,3,3,3,3,3,3,3,3,3
370950,2,1,0,0,0,0,0,0,14,0,0,0
370951,1,1,9,9,9,9,9,9,9,9,9,9
370951,2,1,0,0,0,0,0,0,0,0,0,0
370951,3,1,0,0,0,0,0,0,0,0,0,0
370952,1,1,0,0,0,0,0,0,0,0,0,0
370952,2,1,0,11,0,0,0,0,0,0,0,9
370953,1,1,13,13,13,13,13,13,13,13,13,13
370953,2,1,0,0,0,0,15,0,20,0,0,0
370954,1,1,0,0,0,0,0,0,0,0,0,0
370954,2,1,0,0,0,0,0,0,0,0,0,0
370955,1,1,0,0,0,0,0,0,0,0,0,0
370956,0,1,0,0,26,0,0,14,0,0,0,25
370956,1,1,0,0,0,0,0,0,0,0,0,20
370956,2,1,0,0,0,0,0,26,0,0,0,0
370957,1,1,0,0,0,0,0,4,0,0,0,0
370958,1,1,31,31,31,31,31,31,31,31,31,31
370959,1,1,9,14,0,0,0,0,0,0,0,14
370960,0,1,17,17,17,17,17,17,17,17,17,17
370960,1,1,0,0,0,0,0,0,0,0,0,0
370961,0,1,0,0,0,21,0,50,0,0,0,0
370961,1,1,0,21,0,0,0,0,0,0,0,0
370962,0,1,0,0,0,0,0,0,0,0,0,0
370962,1,1,0,0,0,0,0,0,0,0,0,0
370963,1,1,0,0,0,0,0,0,0,0,12,0
370963,2,1,0,0,0,0,0,0,0,0,0,0
370964,0,1,17,0,15,0,20,38,23,21,0,15
370964,1,1,0,0,0,0,0,0,0,0,0,0
370965,1,1,0,0,0,0,0,0,0,0,0,0
370965,2,1,0,0,0,0,0,0,0,0,0,0
370965,3,1,0,0,0,0,0,0,0,0,15,0
370966,1,1,0,0,0,0,0,0,0,0,0,0
370966,2,1,0,0,0,0,0,0,0,0,0,0
370966,3,1,0,0,0,0,0,0,0,0,0,0
370967,1,1,0,0,0,0,0,0,0,0,0,0
370967,2,1,0,22,0,0,0,0,0,0,0,0
370968,1,1,0,0,0,0,0,0,0,0,0,0
370968,2,1,0,0,0,0,0,0,0,0,0,0
370969,1,1,0,0,0,0,0,0,0,0,0,0
370969,2,1,0,0,0,0,0,0,0,0,0,0
370970,1,1,17,17,17,17,17,17,17,17,17,17
370971,1,1,0,20,17,15,0,9,0,6,28,0
370972,1,1,0,0,0,0,0,0,0,0,0,0
370972,2,1,0,0,0,0,0,0,0,0,0,0
370973,1,1,0,0,0,0,0,0,0,0,0,29
370974,0,1,24,24,24,24,24,24,24,24,24,24
370974,1,1,0,0,0,0,0,0,0,0,0,15
370975,1,1,0,0,0,0,0,0,0,0,0,0
370975,2,1,0,0,0,0,0,0,0,0,0,0
370976,0,1,28,0,0,0,0,0,0,0,0,0
370976,1,1,23,60,21,10,39,27,0,6,12,16
370977,0,1,0,0,17,34,2,0,0,0,29,0
370977,1,1,0,0,0,0,18,15,0,0,0,0
370978,1,1,0,0,24,0,0,0,0,0,17,0
370978,3,1,0,15,0,0,0,0,0,0,0,0
370979,0,1,0,0,0,0,19,0,0,0,0,0
370979,1,1,0,0,0,0,0,0,0,0,15,0
370980,1,1,0,0,0,0,0,0,0,0,0,0
370980,2,1,21,0,0,0,11,0,19,0,0,0
370981,1,1,0,0,12,0,0,0,0,0,0,0
370981,2,1,0,0,0,0,0,0,0,0,0,0
370982,1,1,0,0,10,0,0,0,0,0,0,16
370982,2,1,0,11,0,0,0,0,0,0,8,0
370983,1,1,21,21,21,21,21,21,21,21,21,21
370984,1,1,0,0,0,0,0,0,12,0,0,0
370984,2,1,0,0,0,0,0,0,0,0,0,0
370985,1,1,10,10,10,10,10,10,10,10,10,10
370986,1,1,16,16,16,16,16,16,16,16,16,16
370987,1,1,16,16,16,16,16,16,16,16,16,16
370988,1,1,0,0,12,0,0,0,0,0,0,0
370988,2,1,0,0,0,0,0,0,0,0,0,9
370989,1,1,0,0,0,0,0,0,6,0,0,0
370989,2,1,0,0,0,0,0,0,0,0,0,0
370990,1,1,24,24,24,24,24,24,24,24,24,24
370991,1,1,0,0,0,0,0,0,0,0,0,0
370991,2,1,0,0,22,0,0,0,0,28,0,0
370992,1,1,0,12,0,0,0,0,0,0,24,0
370993,1,1,48,48,48,48,48,48,48,48,48,48
370993,2,1,0,0,0,0,0,0,0,0,0,0
370994,1,1,14,0,0,0,0,0,5,0,0,0