ST_CASE,VEH_NO,PER_NO,P1,P2,P3,P4,P5,P6,P7,P8,P9,P10
371289,1,1,23,0,11,8,41,5,26,1,9,36
371290,1,1,0,0,0,0,0,0,0,0,0,0
371290,3,1,0,0,0,0,0,0,0,0,0,0
371291,1,1,0,0,0,0,0,0,11,0,0,0
371292,1,1,0,0,0,0,0,0,0,0,0,0
371292,2,1,0,0,0,0,0,0,0,0,0,0
371293,1,1,19,3,50,8,28,11,15,14,22,16
371294,1,1,0,23,22,0,0,0,0,0,0,0
371295,1,1,0,0,0,0,0,0,0,0,0,0
371296,1,1,9,14,21,0,0,17,0,16,18,13
371297,0,1,12,12,12,12,12,12,12,12,12,12
371297,1,1,0,0,0,0,0,0,0,0,0,0
371298,1,1,26,26,26,26,26,26,26,26,26,26
371299,0,1,0,27,0,42,0,0,0,9,0,7
371299,1,1,0,0,0,0,0,0,0,25,0,0
371301,1,1,0,24,0,12,5,8,0,19,3,9
371301,2,1,0,10,0,5,0,0,0,0,0,0
371302,1,1,4,4,4,4,4,4,4,4,4,4
371303,0,1,0,0,10,43,0,0,0,0,23,0
371303,1,1,0,0,0,0,0,0,0,0,0,0
371303,2,1,0,0,0,0,0,0,0,0,0,0
371304,1,1,7,14,7,0,31,28,16,21,0,6
371304,2,1,0,0,0,0,0,11,0,0,0,0
371305,1,1,23,23,23,23,23,23,23,23,23,23
371306,0,1,22,22,22,22,22,22,22,22,22,22
371306,1,1,0,0,0,0,0,0,0,0,0,0
371307,0,1,0,0,0,0,0,0,0,0,0,0
371307,1,1,0,0,0,0,0,0,0,0,0,0
371308,1,1,0,0,0,0,0,0,0,0,0,0
371308,2,1,0,0,0,0,0,0,0,0,0,0
371309,0,1,0,0,0,0,0,0,0,0,0,0
371309,1,1,0,0,0,0,0,35,0,0,0,0
371310,1,1,0,0,0,0,0,0,0,0,0,0
371310,2,1,0,0,0,0,0,0,0,0,0,0
371311,1,1,13,13,13,13,13,13,13,13,13,13
371311,2,1,0,0,0,0,0,0,0,0,0,0
371311,3,1,0,0,0,0,0,0,0,0,0,0
371311,4,1,0,0,0,0,0,0,0,0,0,0
371312,1,1,0,0,0,0,0,0,0,0,0,0
371312,2,1,0,0,0,0,0,5,0,0,0,0
371312,3,1,0,0,0,0,0,0,0,0,0,0
371313,1,1,0,0,0,0,0,0,0,0,0,0
371313,2,1,0,0,0,0,0,0,0,6,0,0
371313,3,1,0,0,0,0,0,0,0,0,0,0
371314,1,1,19,19,19,19,19,19,19,19,19,19
371315,1,1,0,16,0,0,0,0,0,0,0,0
371315,2,1,0,0,0,0,0,0,0,0,0,0
371316,1,1,20,20,20,20,20,20,20,20,20,20
371317,1,1,16,0,0,0,0,0,0,0,0,0
371317,2,1,0,0,0,0,0,0,0,0,0,0
371318,0,1,0,0,0,0,0,0,0,0,0,0
371318,1,1,0,0,0,0,0,0,0,0,0,0
371319,1,1,0,0,0,0,0,0,0,0,0,0
371319,2,1,0,7,0,0,16,0,0,0,12,0
371320,1,1,18,18,18,18,18,18,18,18,18,18
371321,0,1,13,0,0,0,0,0,0,0,0,0
371321,2,1,12,0,0,0,0,0,0,0,0,0
371322,1,1,12,12,12,12,12,12,12,12,12,12
371323,1,1,0,0,0,0,0,0,32,0,0,0
371323,2,1,0,0,0,0,0,0,0,19,0,0
371324,1,1,0,0,0,0,0,0,0,0,0,0
371324,2,1,0,0,0,0,0,0,0,0,0,0
371325,1,1,0,0,0,0,0,0,0,0,0,0
371325,2,1,0,0,0,0,0,0,0,0,0,0
371326,1,1,12,12,12,12,12,12,12,12,12,12
371326,2,1,0,0,0,0,0,0,0,0,0,0
371327,1,1,0,0,0,0,0,0,0,0,0,0
371328,1,1,11,19,21,17,15,15,13,9,13,11
371329,1,1,30,30,30,30,30,30,30,30,30,30
371330,1,1,0,0,0,0,0,0,0,0,0,0
371330,2,1,22,22,22,22,22,22,22,22,22,22
371331,1,1,0,0,0,0,0,0,0,0,0,0
371331,2,1,0,0,0,0,0,0,0,0,0,0
371332,1,1,19,19,19,19,19,19,19,19,19,19
371332,2,1,15,0,0,0,0,0,0,0,0,0
371333,0,1,14,9,28,46,15,10,27,20,7,7
371333,1,1,0,0,11,0,0,0,0,0,0,34
371334,1,1,13,13,13,13,13,13,13,13,13,13
371335,1,1,0,0,12,0,0,0,6,0,17,17
371335,2,1,0,0,0,0,0,0,0,0,0,0
371335,3,1,0,2,0,0,0,0,0,0,0,0
371335,4,1,0,21,0,0,0,0,0,0,0,0
371336,1,1,0,0,0,0,0,0,0,0,0,0
371337,1,1,0,0,0,0,0,0,0,0,0,0
371337,2,1,0,0,0,0,0,0,0,0,0,0
371337,3,1,0,0,0,0,0,0,0,0,0,0
371337,4,1,0,0,0,0,0,0,0,0,0,0
371337,5,1,0,0,0,0,0,0,0,0,0,0
371338,1,1,0,0,0,0,0,0,0,0,0,0
371339,1,1,0,0,0,0,0,0,0,0,0,0
371339,2,1,0,0,0,0,0,0,0,0,0,0
371340,1,1,0,0,0,0,0,11,0,0,0,0
371341,1,1,0,0,0,0,0,0,0,0,0,0
371341,2,1,0,0,0,0,6,0,0,0,0,0
371342,0,1,0,0,0,0,0,0,0,0,0,11
371342,1,1,0,0,0,0,0,0,22,0,0,0
371343,1,1,0,0,0,0,0,0,0,0,0,0
371344,1,1,13,35,18,11,30,39,31,25,28,0
371345,1,1,0,0,0,0,0,0,0,12,0,0
371346,1,1,0,0,0,0,0,0,0,0,0,10
371347,1,1,0,0,0,0,0,0,0,0,0,0
371347,2,1,0,0,0,0,0,0,0,0,0,0
371348,1,1,0,0,0,0,0,0,0,0,0,0
371348,2,1,0,0,0,0,0,0,0,0,0,0
371348,3,1,2,0,0,0,0,0,0,0,0,0
371349,1,1,15,18,15,11,7,32,22,4,20,31
371350,0,1,0,0,0,0,0,0,0,0,18,0
371350,1,1,0,0,0,0,0,0,0,0,34,0
371351,0,1,0,0,0,0,0,0,0,0,0,0
371351,1,1,0,4,0,0,0,0,0,8,0,0
371352,0,1,0,0,39,0,0,10,0,0,0,0
371352,1,1,0,0,0,0,0,0,0,0,0,0
371353,1,1,0,0,0,0,0,0,0,0,0,0
371354,1,1,0,0,0,0,0,0,0,0,0,0
371354,2,1,0,0,0,0,0,0,0,0,0,0
371355,1,1,0,0,0,0,0,0,0,0,0,0
371355,2,1,0,0,0,0,0,0,0,0,0,0
371356,1,1,0,0,0,0,0,0,0,0,0,0
371356,2,1,0,0,0,0,0,0,0,0,0,18
371357,1,1,0,0,0,17,0,0,0,5,0,0
371358,1,1,11,11,11,11,11,11,11,11,11,11
371359,1,1,0,0,0,0,0,0,0,0,0,0
371360,1,1,0,0,0,0,0,14,0,0,0,0
371360,2,1,0,0,0,0,0,0,0,0,0,0
371361,1,1,0,0,0,0,0,0,0,0,0,0
371362,0,1,0,0,0,0,0,0,0,0,0,0
371362,1,1,17,0,0,0,0,0,0,0,0,0
371364,1,1,0,0,0,0,0,0,0,0,0,0
371364,2,1,4,7,22,5,21,0,0,0,0,0
371365,1,1,8,0,0,0,0,0,0,0,0,0
371365,2,1,0,0,0,0,0,0,0,0,0,0
371366,1,1,0,0,0,0,0,0,0,0,0,0
371367,1,1,0,0,0,0,0,0,0,0,0,0
371367,2,1,0,0,0,0,0,0,0,0,0,0
371367,3,1,0,0,0,0,0,0,0,0,0,0
371367,4,1,0,0,0,0,0,16,12,0,0,0
380001,1,1,0,0,0,0,0,0,0,0,0,0
380001,2,1,0,0,0,0,0,0,0,0,0,0
380002,1,1,0,0,0,0,0,0,0,0,0,0
380002,2,1,0,0,0,0,0,0,0,0,0,0
380003,1,1,27,27,27,27,27,27,27,27,27,27
380004,0,1,0,0,0,29,15,18,0,0,0,0
380004,1,1,0,0,0,0,19,0,0,0,0,0
380005,1,1,10,10,10,10,10,10,10,10,10,10
380006,1,1,0,0,0,0,0,0,0,0,0,0
380007,1,1,0,0,0,0,0,0,0,0,0,0
380007,2,1,0,0,0,0,0,0,0,0,0,0
380008,1,1,0,0,0,0,0,0,0,0,0,0
380008,2,1,0,0,0,0,0,0,0,0,0,0
380009,1,1,0,0,0,0,0,17,0,7,0,0
380009,2,1,0,0,0,0,0,0,0,0,0,0
380010,1,1,22,22,22,22,22,22,22,22,22,22
380012,1,1,0,0,0,0,0,0,0,0,0,0
380012,2,1,18,18,18,18,18,18,18,18,18,18
380013,0,1,0,0,0,0,0,0,0,0,0,0
380013,1,1,0,0,7,0,0,0,0,0,0,0
380014,1,1,0,0,6,0,18,0,0,0,0,0
380014,2,1,17,17,17,17,17,17,17,17,17,17
380015,1,1,15,15,15,15,15,15,15,15,15,15
380015,2,1,0,0,7,0,0,0,0,0,0,0
380016,1,1,23,23,23,23,23,23,23,23,23,23
380016,2,1,0,0,0,0,0,0,0,0,0,0
380017,0,1,0,0,0,0,0,0,0,0,0,0
380018,0,1,0,0,0,0,0,0,0,0,0,0
380018,1,1,7,7,7,7,7,7,7,7,7,7
380019,1,1,0,0,0,0,0,0,0,0,0,0
380020,1,1,0,0,0,0,0,0,0,0,0,0
380021,1,1,0,0,0,0,0,0,0,0,0,0
380021,2,1,0,0,4,0,0,0,0,0,0,0
380022,0,1,0,0,0,0,0,0,0,0,0,0
380022,1,1,0,0,0,0,0,0,0,0,0,0
380023,1,1,0,0,0,0,0,0,0,0,0,5
380024,1,1,0,0,0,0,0,0,0,0,0,0
380024,2,1,0,0,0,0,0,0,0,0,0,0
380025,1,1,16,17,24,29,9,20,12,15,8,11
380026,1,1,0,0,0,0,0,0,0,0,0,0
380027,1,1,21,21,21,21,21,21,21,21,21,21
380028,0,1,20,20,20,20,20,20,20,20,20,20
380028,1,1,0,0,0,0,0,0,0,0,0,0
380029,1,1,19,19,19,19,19,19,19,19,19,19
380030,1,1,1,1,1,1,1,1,1,1,1,1
380030,2,1,0,0,0,0,0,16,0,0,0,0
380031,1,1,0,0,0,0,0,0,0,0,0,0
380032,1,1,24,24,24,24,24,24,24,24,24,24
380033,1,3,15,20,7,0,0,0,0,0,27,0
380034,1,1,24,24,24,24,24,24,24,24,24,24
380035,0,1,31,31,31,31,31,31,31,31,31,31
380035,1,1,0,0,0,0,0,0,0,0,0,0
380036,1,1,0,0,0,0,0,0,0,0,0,0
380036,2,1,0,0,0,0,0,0,0,0,0,0
380037,1,1,0,0,0,0,0,20,0,0,6,0
380038,1,1,0,0,0,0,15,11,0,0,0,0
380039,1,1,21,21,21,21,21,21,21,21,21,21
380040,1,1,0,0,0,0,0,0,0,0,0,0
380040,2,1,0,0,0,0,0,0,0,0,0,0
380041,1,1,11,11,11,11,11,11,11,11,11,11
380042,1,1,0,0,0,0,0,0,0,0,0,0
380042,2,1,0,0,0,0,0,0,0,0,0,0
380043,1,1,0,0,0,0,0,0,0,0,0,0
380043,2,1,17,17,17,17,17,17,17,17,17,17
380044,1,1,0,0,0,0,0,0,0,0,0,0
380044,2,1,0,0,0,0,0,0,0,0,0,0
380045,1,1,41,41,41,41,41,41,41,41,41,41
380045,2,1,0,0,0,0,0,0,0,0,0,0
380046,1,1,0,0,0,0,0,0,0,0,0,0
380046,2,1,0,0,0,0,0,0,0,0,0,0
380047,1,1,0,0,0,0,27,0,0,14,0,0
380048,1,1,0,0,0,0,0,0,0,0,0,0
380049,1,1,0,0,0,0,0,0,0,0,0,0
380049,2,1,0,0,0,0,0,0,0,0,0,9
380050,1,1,29,29,29,29,29,29,29,29,29,29
380051,1,1,19,19,19,19,19,19,19,19,19,19
380052,1,1,0,15,0,29,0,19,17,13,12,0
380053,1,1,26,15,25,0,0,0,0,21,0,0
380054,1,1,14,14,14,14,14,14,14,14,14,14
380055,1,1,0,0,0,0,0,0,0,0,0,0
380055,2,1,0,0,0,0,0,0,0,0,0,0
380056,1,1,23,23,23,23,23,23,23,23,23,23
380057,1,1,0,0,0,0,0,0,0,0,0,0
380057,2,1,24,24,24,24,24,24,24,24,24,24
380058,1,1,21,21,21,21,21,21,21,21,21,21
380059,1,1,10,0,10,0,12,25,17,6,8,0
380060,1,1,15,0,0,0,0,0,0,0,0,0
380061,1,1,0,0,0,0,0,0,0,0,0,0
380061,2,1,0,0,0,0,0,0,0,0,0,0
380062,1,1,17,17,17,17,17,17,17,17,17,17
380062,2,1,17,0,0,0,0,0,0,0,0,0
380063,1,1,19,19,19,19,19,19,19,19,19,19
380064,1,1,7,13,25,15,13,2,9,21,15,12
380065,1,1,1,1,1,1,1,1,1,1,1,1
380066,1,1,10,10,10,10,10,10,10,10,10,10
380067,1,1,22,22,22,22,22,22,22,22,22,22
380068,1,1,13,0,0,0,0,0,0,0,0,0
380068,2,1,20,20,20,20,20,20,20,20,20,20
380069,1,1,0,0,0,0,0,0,0,0,0,0
380070,1,1,0,0,0,0,0,0,0,0,0,0
380070,2,1,0,16,0,0,0,0,0,0,0,0
380071,1,1,0,0,0,0,0,0,0,0,0,0
380072,1,1,0,0,0,0,0,0,0,0,0,0
380073,1,1,0,0,0,0,0,0,0,0,0,0
380074,1,1,15,15,15,15,15,15,15,15,15,15
380074,2,1,0,0,0,0,0,0,0,0,0,0
380075,1,1,0,0,0,0,0,0,0,0,0,0
380075,2,1,0,0,0,0,0,0,0,0,0,0
380076,1,1,0,20,3,0,0,0,18,0,0,0
380077,1,1,21,21,21,21,21,21,21,21,21,21
380078,1,1,9,9,9,9,9,9,9,9,9,9
380078,2,1,0,0,0,0,0,0,0,0,0,0
380079,1,1,0,0,0,0,0,0,0,0,0,0
380080,1,1,0,0,0,0,0,0,0,0,0,0
380080,2,1,0,0,0,0,0,0,0,0,0,0
380082,1,1,10,10,10,10,10,10,10,10,10,10
380082,2,1,0,0,0,0,0,0,0,0,0,0
380083,1,1,0,0,0,0,0,0,0,0,0,0
380083,2,1,0,0,0,0,0,0,0,0,0,0
380084,1,1,0,0,0,0,0,0,0,0,0,0
380084,2,1,0,0,0,0,0,0,0,0,0,0
380085,1,1,20,26,27,0,0,0,36,13,0,13
380086,1,1,40,40,40,40,40,40,40,40,40,40
380086,2,1,0,0,0,0,5,0,0,0,0,0
380086,3,1,0,0,0,0,0,0,0,0,0,0
380087,1,1,0,0,0,0,0,0,0,0,0,0
380088,1,1,0,0,0,0,0,0,0,0,8,0
380088,2,1,0,0,0,0,0,0,0,0,0,0
380089,1,1,0,0,0,0,0,0,0,0,0,0
380090,1,1,2,2,2,2,2,2,2,2,2,2
380091,1,1,0,0,0,0,0,0,0,0,0,0
380091,2,1,0,0,0,0,0,0,0,0,0,0
380092,1,1,0,0,0,0,0,0,0,0,0,0
380093,1,1,0,0,0,0,20,0,0,0,0,0
390001,1,1,0,0,0,0,0,0,0,0,0,0
390001,2,1,0,0,0,0,0,0,0,0,0,0
390003,1,1,0,0,0,0,0,0,0,0,0,0
390004,1,1,0,0,0,0,0,0,0,0,0,0
390004,2,1,0,0,0,7,0,0,0,0,0,0
390005,1,1,0,0,0,0,0,0,0,0,0,0
390005,2,1,0,0,16,0,0,0,0,0,0,0
390006,1,1,0,0,0,0,0,0,0,0,0,0
390007,0,1,29,29,29,29,29,29,29,29,29,29
390007,1,1,0,0,0,0,0,0,0,0,0,33
390008,1,1,14,14,14,14,14,14,14,14,14,14
390009,1,1,0,0,0,13,0,0,0,0,0,0
390009,2,1,20,0,0,0,0,16,0,0,0,0
390009,3,1,0,0,0,10,0,0,14,0,0,0
390010,1,1,21,21,21,21,21,21,21,21,21,21
390011,0,1,11,11,11,11,11,11,11,11,11,11
390011,1,1,0,0,0,0,0,0,0,0,0,0
390012,1,1,0,0,0,0,0,0,0,0,0,0
390012,2,1,11,0,0,0,0,0,0,0,0,0
390013,0,1,0,0,0,0,0,0,0,0,0,0
390013,1,1,0,0,0,0,0,0,0,0,0,0
390014,1,1,0,0,0,0,0,0,0,0,0,0
390014,2,1,0,0,0,0,0,0,0,0,0,0
390015,0,1,0,0,0,0,0,0,0,0,0,0
390015,1,1,0,0,0,0,0,0,0,0,0,0
390016,1,1,19,19,19,19,19,19,19,19,19,19
390017,1,1,17,17,17,17,17,17,17,17,17,17
390018,1,1,0,0,0,0,0,0,0,0,28,0
390018,2,1,0,0,0,0,0,0,0,0,0,0
390019,1,1,0,0,0,0,0,0,0,0,0,0
390020,1,2,0,0,0,8,0,0,10,0,11,0
390021,1,1,12,12,12,12,12,12,12,12,12,12
390022,1,1,0,8,0,21,0,0,20,0,0,0
390022,2,1,0,0,0,0,0,0,0,0,0,0
390024,1,1,22,22,22,22,22,22,22,22,22,22
390026,1,1,23,23,23,23,23,23,23,23,23,23
390026,2,1,0,0,0,0,0,0,0,0,0,0
390027,1,1,0,0,0,0,0,0,0,0,0,0
390027,2,1,0,0,0,0,0,0,0,0,0,0
390028,1,1,0,0,0,0,0,0,0,0,0,0
390028,2,1,20,0,0,0,0,0,0,0,0,0
390028,3,1,0,0,0,0,0,0,0,0,0,0
390028,4,1,0,0,0,0,0,8,0,0,0,0
390028,5,1,0,0,0,0,0,0,0,0,10,0
390028,6,1,0,0,0,0,0,0,0,12,0,0
390028,7,1,0,0,0,0,0,0,0,0,0,0
390029,1,1,8,19,13,5,29,28,37,16,24,11
390029,2,1,0,19,0,21,0,0,24,18,12,13
390030,1,1,0,0,0,0,0,0,0,0,0,0
390030,2,1,0,0,0,0,0,0,0,0,0,0
390031,1,1,0,0,0,0,0,0,0,0,0,0
390031,2,1,0,0,0,0,0,0,0,0,0,0
390032,1,1,27,27,27,27,27,27,27,27,27,27
390032,2,1,0,5,10,27,0,18,0,31,0,0
390033,1,1,0,0,0,0,0,0,0,0,0,0
390033,2,1,0,0,0,0,0,0,0,0,0,0
390034,1,1,0,0,0,0,0,0,0,0,0,0
390034,2,1,0,0,0,0,0,0,0,0,0,0
390035,1,1,0,0,0,0,0,0,0,0,0,0
390035,2,1,0,0,0,0,0,0,0,0,0,0
390036,0,1,10,10,10,10,10,10,10,10,10,10
390036,1,1,0,0,2,0,0,0,0,0,22,12
390037,1,1,0,0,0,0,0,0,0,0,0,0
390039,1,1,20,20,20,20,20,20,20,20,20,20
390040,1,1,0,0,0,0,0,0,0,0,0,0
390040,2,1,0,0,13,0,0,0,0,0,0,0
390041,1,1,0,0,0,0,0,0,0,0,0,0
390041,2,1,0,0,0,0,0,4,0,0,0,0
390042,1,1,0,0,0,0,0,0,0,0,0,0
390043,1,1,0,0,0,16,0,0,0,31,0,0
390044,1,1,0,0,0,0,0,0,0,0,0,0
390045,0,1,0,0,0,0,0,0,0,0,0,0
390045,1,1,0,0,0,0,0,0,0,0,0,0
390046,0,1,0,0,0,0,0,0,0,0,0,0
390046,1,1,0,15,0,0,0,0,0,0,0,4
390047,1,1,24,24,24,24,24,24,24,24,24,24
390048,1,1,14,14,14,14,14,14,14,14,14,14
390049,1,1,0,0,0,0,0,0,0,0,0,0
390049,2,1,0,0,0,0,0,0,0,0,0,0
390050,1,1,3,3,3,3,3,3,3,3,3,3
390051,0,1,15,15,15,15,15,15,15,15,15,15
390051,0,2,0,25,16,22,30,0,0,12,0,0
390051,1,1,0,0,6,0,0,17,7,0,2,0
390051,2,1,0,0,0,9,10,12,0,0,17,12
390053,1,1,0,0,0,0,0,0,0,0,0,0
390054,0,1,0,0,0,0,0,0,0,0,0,0
390054,1,1,0,0,0,0,0,0,0,0,0,0
390056,0,1,0,0,0,0,0,0,0,0,0,0
390056,1,1,0,0,12,0,0,0,0,0,23,0
390057,0,1,0,0,0,0,0,0,0,0,0,0
390057,1,1,0,0,0,0,2,0,0,0,0,0
390058,1,1,37,37,37,37,37,37,37,37,37,37
390059,1,1,21,21,21,21,21,21,21,21,21,21
390060,0,1,0,18,7,0,31,0,0,0,6,0
390060,0,2,0,0,0,0,0,0,0,0,0,0
390060,1,1,0,23,0,31,16,26,0,38,25,22
390061,1,1,9,9,9,9,9,9,9,9,9,9
390062,1,1,0,0,0,0,0,0,0,0,0,0
390062,2,1,0,0,0,0,0,0,0,0,0,0
390063,1,1,0,0,0,0,0,0,0,0,0,0
390063,2,1,13,19,0,0,8,0,8,0,9,8
390063,3,1,0,0,25,0,0,10,0,0,0,19
390064,0,1,0,0,0,0,0,0,0,0,0,0
390064,1,1,20,0,0,0,13,0,9,0,0,0
390065,1,1,0,0,0,0,0,0,0,0,0,0
390065,2,1,0,0,0,0,0,0,0,0,0,0
390066,1,1,0,0,0,0,0,0,0,0,0,0
390066,2,1,17,17,17,17,17,17,17,17,17,17
390067,1,1,0,0,0,0,0,0,0,0,0,0
390067,2,1,19,0,0,0,0,5,0,0,0,0
390068,1,1,0,0,0,0,0,0,0,0,0,0
390069,1,1,0,0,0,0,0,0,0,0,0,0
390070,1,1,0,0,0,0,0,0,0,0,0,0
390071,1,1,0,0,0,0,0,0,0,0,0,0
390072,1,1,9,9,9,9,9,9,9,9,9,9
390073,0,1,0,0,0,0,0,0,0,0,0,0
390073,1,1,21,0,0,0,0,0,0,0,0,0
390074,1,1,0,0,0,0,0,0,0,0,0,0
390074,2,1,27,0,0,6,0,0,0,0,0,0
390075,0,1,0,0,0,0,0,0,0,0,0,0
390075,1,1,19,0,0,0,0,0,0,2,0,0
390076,1,1,11,11,11,11,11,11,11,11,11,11
390078,0,1,20,20,20,20,20,20,20,20,20,20
390078,1,1,0,0,0,0,0,0,0,0,0,0
390079,1,1,0,0,0,0,0,0,0,0,0,0
390080,1,1,0,0,0,0,0,0,0,0,0,0
390080,2,1,0,0,0,0,0,0,0,0,0,0
390081,1,1,0,0,0,0,0,0,0,0,0,0
390082,1,1,24,24,24,24,24,24,24,24,24,24
390083,1,1,0,0,0,0,0,0,0,0,0,0
390083,2,1,0,0,0,0,0,0,0,0,0,0
390083,3,1,0,0,0,0,0,0,0,0,0,0
390084,1,1,0,0,0,0,0,0,0,0,0,0
390085,1,1,0,0,0,0,0,0,0,0,0,0
390085,2,1,0,0,0,0,0,0,0,0,0,0
390086,1,1,0,0,16,0,23,0,18,23,0,0
390087,1,1,0,0,0,0,0,0,0,0,0,0
390087,2,1,0,0,7,0,0,0,0,0,13,15
390087,3,1,14,0,20,0,10,0,0,0,0,23
390087,4,1,14,13,0,0,25,0,31,0,0,0
390088,0,1,0,0,0,0,0,0,0,0,0,0
390088,1,1,0,0,0,0,0,0,0,0,0,0
390089,1,1,0,0,0,0,0,0,0,0,0,0
390089,2,1,0,0,0,0,0,0,0,0,0,0
390090,1,1,0,0,0,0,0,0,0,0,0,0
390090,2,1,0,0,0,0,0,0,0,0,0,0
390091,1,1,0,0,0,0,0,0,0,0,0,0
390091,2,1,0,0,0,0,0,13,0,23,0,0
390092,1,1,2,2,2,2,2,2,2,2,2,2
390093,1,1,21,21,21,21,21,21,21,21,21,21
390093,2,1,0,0,0,0,0,0,0,0,0,0
390093,3,1,0,0,0,0,0,0,0,0,0,0
390094,0,1,0,0,0,0,0,0,0,0,0,0
390094,1,1,0,0,0,0,0,0,0,0,0,25
390095,1,1,0,0,3,0,0,0,0,0,11,10
390096,1,1,23,23,23,23,23,23,23,23,23,23
390097,1,1,0,0,0,0,0,0,0,0,0,0
390097,2,1,7,7,7,7,7,7,7,7,7,7
390098,1,1,0,0,0,0,0,0,0,0,0,0
390099,0,1,0,0,0,0,0,0,0,0,0,0
390099,1,1,20,0,24,0,0,0,0,0,16,0
390100,1,1,0,0,0,0,0,0,12,0,0,0
390101,1,1,0,0,0,0,0,0,0,0,0,0
390102,1,1,0,0,23,0,0,0,0,0,0,0
390102,2,1,0,0,0,0,0,0,0,0,0,0
390103,1,1,0,0,0,0,11,0,0,0,0,0
390103,2,1,0,0,0,0,0,0,0,0,0,0
390104,1,1,0,0,0,0,0,0,0,0,0,0
390105,1,1,0,0,0,0,0,0,0,0,0,0
390105,2,1,0,0,0,0,0,0,0,0,0,0
390106,1,1,0,0,0,0,0,0,0,0,0,0
390106,2,1,0,0,0,0,0,0,0,0,0,0
390107,1,1,16,16,16,16,16,16,16,16,16,16
390108,1,1,11,11,11,11,11,11,11,11,11,11
390109,1,1,0,0,0,0,0,0,0,0,0,0
390109,2,1,0,0,0,0,0,0,0,0,0,0
390110,1,1,22,2,19,16,24,0,16,0,20,24
390110,2,1,0,0,0,0,0,0,0,0,0,0
390111,1,1,0,0,0,0,0,0,0,0,0,0
390111,2,1,0,0,0,0,0,0,0,0,0,0
390112,1,1,0,0,0,0,0,0,0,0,27,0
390112,2,1,0,0,0,0,0,0,0,0,0,0
390113,0,1,27,27,27,27,27,27,27,27,27,27
390113,1,1,0,0,0,0,0,0,0,0,0,0
390114,1,1,0,0,0,0,0,0,0,0,0,0
390114,2,1,0,0,0,0,0,0,0,0,0,0
390115,1,1,14,14,14,14,14,14,14,14,14,14
390116,1,1,0,0,0,0,0,0,0,0,0,0
390116,2,1,0,0,0,0,0,0,0,0,0,0
390116,3,1,0,0,0,0,0,0,0,0,0,0
390117,1,1,0,0,0,0,0,0,0,0,0,0
390118,1,1,27,0,0,0,0,0,0,0,0,0
390118,2,1,0,0,0,0,0,0,0,5,0,0
390119,1,1,0,0,0,0,0,0,0,0,0,0
390119,2,1,0,3,0,0,0,0,0,0,0,0
390119,3,1,0,0,0,0,0,0,0,0,0,0
390120,1,1,0,0,0,0,0,0,0,0,0,0
390121,1,1,26,26,26,26,26,26,26,26,26,26
390122,1,1,27,0,0,0,0,0,0,0,0,0
390122,2,1,0,0,19,0,0,0,12,0,28,0
390122,3,1,12,12,12,12,12,12,12,12,12,12
390122,4,1,0,0,0,0,0,0,0,0,0,0
390123,1,1,0,0,0,0,0,0,0,0,0,0
390123,2,1,0,0,0,0,0,0,0,0,0,0
390124,1,1,12,12,12,12,12,12,12,12,12,12
390125,1,1,0,0,0,0,0,0,0,0,0,0
390126,1,1,0,0,0,0,0,0,0,0,0,0
390126,2,1,0,0,0,0,0,0,0,0,0,0
390127,1,1,0,0,0,0,0,0,0,0,0,0
390127,2,1,0,0,0,0,0,0,0,0,0,0
390127,3,1,0,0,0,0,0,0,0,0,0,0
390128,1,1,18,18,18,18,18,18,18,18,18,18
390129,1,1,0,0,0,0,0,0,0,0,0,0
390129,2,1,0,0,0,0,0,0,0,0,0,0
390130,0,1,39,39,39,39,39,39,39,39,39,39
390130,1,1,8,0,0,0,15,23,0,0,0,0
390131,1,1,0,0,0,0,0,0,0,0,0,0
390131,2,1,0,0,0,0,0,0,0,0,0,0
390132,1,1,0,0,0,0,0,0,0,0,0,0
390132,2,1,0,0,0,0,0,0,0,0,0,0
390133,0,1,0,0,0,0,0,0,0,0,0,0
390133,1,1,0,0,8,0,0,0,0,0,0,1
390134,0,1,32,32,32,32,32,32,32,32,32,32
390134,1,1,0,0,0,0,0,0,0,0,0,0
390135,1,1,0,0,0,0,0,0,0,0,0,0
390135,2,1,0,0,0,0,0,0,0,0,0,0
390136,1,1,0,0,20,0,0,0,0,0,0,0
390137,1,1,0,0,0,0,0,0,0,0,0,0
390137,2,1,0,0,0,0,0,0,0,0,0,0
390138,1,1,18,18,18,18,18,18,18,18,18,18
390138,2,1,0,0,0,0,0,0,0,0,0,0
390140,1,1,0,0,0,0,0,0,0,0,0,0
390140,2,1,0,0,0,0,0,0,0,0,0,0
390141,1,1,16,16,16,16,16,16,16,16,16,16
390142,1,1,0,0,0,0,0,0,0,0,0,0
390142,2,1,0,0,0,0,0,0,0,0,0,0