ST_CASE,VEH_NO,PER_NO,P1,P2,P3,P4,P5,P6,P7,P8,P9,P10
390143,0,1,20,20,20,20,20,20,20,20,20,20
390143,1,1,21,31,22,10,37,48,16,16,10,12
390144,0,1,0,0,0,0,0,0,0,0,0,0
390144,1,1,0,0,0,0,0,0,0,0,0,0
390145,1,1,0,0,0,0,0,0,0,0,0,0
390145,2,1,0,0,0,0,0,0,0,0,0,0
390145,3,1,11,11,11,11,11,11,11,11,11,11
390146,0,1,25,25,25,25,25,25,25,25,25,25
390146,1,1,0,0,0,0,0,0,0,0,0,0
390147,0,1,1,1,1,1,1,1,1,1,1,1
390147,1,1,0,0,0,0,0,0,11,0,0,0
390148,1,1,0,0,0,0,0,0,0,0,0,0
390149,1,1,0,0,0,0,0,0,0,0,0,0
390149,2,1,0,0,0,0,0,0,0,0,0,0
390150,1,1,0,0,0,0,0,0,0,0,0,0
390151,1,1,12,40,4,11,27,9,22,16,17,10
390152,1,1,20,20,20,20,20,20,20,20,20,20
390152,2,1,0,0,0,0,0,0,0,0,0,0
390152,3,1,0,0,0,0,0,0,0,0,0,0
390153,1,1,19,19,19,19,19,19,19,19,19,19
390154,0,1,0,0,0,0,0,0,0,0,0,0
390154,1,1,0,0,0,10,0,0,0,0,0,0
390157,1,1,23,23,23,23,23,23,23,23,23,23
390157,2,1,0,0,0,0,0,0,0,0,0,0
390158,1,1,28,28,28,28,28,28,28,28,28,28
390159,1,1,0,0,0,0,0,0,0,0,0,0
390159,2,1,0,0,0,0,0,0,0,0,0,0
390161,1,1,22,22,22,22,22,22,22,22,22,22
390162,1,1,24,24,24,24,24,24,24,24,24,24
390163,1,1,0,0,0,0,0,0,0,0,0,0
390163,2,1,0,0,0,0,0,0,14,0,0,0
390164,1,1,0,0,0,0,0,0,0,0,0,5
390164,2,1,0,0,0,0,0,0,0,0,0,0
390165,1,1,0,0,0,0,0,0,0,0,0,0
390165,2,1,0,0,0,0,0,0,0,0,0,0
390166,1,1,0,0,0,0,0,0,0,0,0,0
390166,2,1,0,0,0,0,0,0,0,0,0,0
390167,1,1,0,0,0,0,0,0,0,0,0,0
390167,2,1,0,0,0,0,0,0,0,0,0,0
390168,1,1,0,0,0,0,0,0,0,0,0,0
390170,1,1,19,19,19,19,19,19,19,19,19,19
390171,1,1,21,21,21,21,21,21,21,21,21,21
390171,2,1,0,0,0,0,0,0,0,0,13,24
390172,1,1,24,24,24,24,24,24,24,24,24,24
390172,2,1,0,0,0,0,0,0,0,0,0,0
390173,0,1,0,0,0,0,0,0,0,0,0,0
390173,2,1,0,0,0,0,0,0,0,0,0,0
390173,3,1,0,0,0,0,0,0,0,0,0,0
390174,1,1,15,15,15,15,15,15,15,15,15,15
390174,2,1,0,0,0,0,0,0,0,0,0,0
390177,1,1,0,0,0,0,0,0,0,0,0,0
390177,2,1,0,17,0,0,15,0,0,18,0,3
390178,1,1,0,0,0,0,0,0,0,0,0,0
390179,1,1,0,0,0,0,0,0,0,0,0,0
390180,1,1,0,0,0,0,0,0,0,0,0,0
390181,1,1,18,18,18,18,18,18,18,18,18,18
390181,2,1,22,0,0,0,0,0,0,0,0,0
390182,1,1,0,0,0,0,0,0,0,0,0,0
390183,1,1,0,0,0,0,0,0,0,0,0,0
390183,2,1,0,0,0,0,0,0,0,0,0,0
390184,1,1,0,0,0,0,0,0,0,0,0,0
390184,2,1,0,0,0,0,0,0,0,0,0,0
390185,0,1,0,0,0,0,0,0,0,0,0,0
390185,1,1,0,0,0,0,0,0,0,0,0,0
390186,1,1,16,16,16,16,16,16,16,16,16,16
390186,2,1,0,0,0,0,0,0,0,0,0,0
390187,1,1,21,21,21,21,21,21,21,21,21,21
390188,1,1,0,0,0,0,0,0,0,0,0,0
390188,2,1,0,0,0,0,0,0,0,0,0,0
390189,1,1,0,0,0,0,0,0,0,0,0,0
390189,2,1,0,0,0,0,0,0,0,0,0,0
390190,1,1,0,0,0,0,0,0,0,0,0,0
390191,1,1,2,2,2,2,2,2,2,2,2,2
390191,2,1,0,0,0,0,0,0,0,0,0,0
390192,1,1,0,0,0,0,0,0,0,0,0,0
390193,1,1,0,0,0,0,0,0,0,0,0,0
390193,2,1,26,26,26,26,26,26,26,26,26,26
390194,1,1,0,0,0,0,0,0,0,0,0,0
390194,2,1,0,0,0,0,0,0,0,0,0,0
390195,1,1,0,0,0,0,0,0,0,0,0,0
390196,1,1,0,0,0,0,0,0,0,0,0,0
390197,1,1,18,18,18,18,18,18,18,18,18,18
390198,1,1,0,0,0,0,0,0,0,0,0,0
390198,2,1,0,0,0,0,0,0,0,0,0,0
390199,0,1,0,0,0,0,0,0,0,0,0,0
390199,1,1,0,0,0,0,0,0,0,0,0,0
390200,1,1,0,0,0,0,0,0,0,0,0,0
390200,2,1,0,0,0,0,0,0,0,0,0,0
390201,1,1,0,0,0,0,0,0,0,0,0,0
390201,2,1,0,13,0,13,0,0,0,0,15,0
390202,1,1,0,0,0,0,0,0,0,0,0,0
390203,1,1,0,0,0,0,0,0,0,0,0,0
390203,2,1,0,0,0,0,0,0,0,0,0,0
390204,1,1,2,2,2,2,2,2,2,2,2,2
390205,0,1,0,0,0,0,0,0,0,0,0,0
390205,1,1,0,0,0,0,0,0,0,0,0,0
390206,1,1,0,0,0,0,0,0,0,0,0,0
390206,2,1,17,17,17,17,17,17,17,17,17,17
390207,1,1,0,0,0,0,0,0,0,0,0,0
390207,2,1,0,0,0,0,0,0,0,0,0,0
390207,3,1,0,0,0,0,0,0,0,0,0,0
390208,1,1,0,0,0,0,0,0,0,0,0,0
390209,1,1,0,0,0,0,0,0,0,0,0,0
390210,0,1,0,0,0,0,0,0,0,0,0,0
390210,1,1,0,0,0,0,0,0,0,0,0,0
390211,1,1,8,8,8,8,8,8,8,8,8,8
390212,1,1,0,0,0,0,0,0,0,0,0,0
390213,0,1,0,0,0,0,0,0,0,0,0,0
390213,1,1,0,0,0,0,0,0,0,0,0,0
390214,1,1,0,0,0,0,0,0,0,0,0,0
390215,1,1,0,0,0,0,0,0,0,0,0,0
390216,1,1,23,23,23,23,23,23,23,23,23,23
390217,1,1,0,0,0,0,0,0,0,0,0,0
390217,2,1,0,0,0,0,0,0,0,0,0,0
390218,1,1,0,0,0,0,0,0,0,0,0,0
390218,2,1,0,0,0,0,0,0,0,0,0,0
390219,1,1,0,30,0,12,0,9,17,17,0,0
390219,2,1,0,0,0,0,0,0,0,0,0,0
390220,1,1,0,0,0,0,0,28,0,11,0,0
390220,2,1,9,9,9,9,9,9,9,9,9,9
390221,1,1,0,0,0,0,0,0,0,0,0,0
390221,2,1,6,6,6,6,6,6,6,6,6,6
390221,3,1,0,0,0,0,0,0,0,0,0,0
390221,4,1,0,0,0,0,0,0,0,0,0,28
390222,1,1,18,18,18,18,18,18,18,18,18,18
390223,1,1,10,10,10,10,10,10,10,10,10,10
390224,1,1,21,21,21,21,21,21,21,21,21,21
390224,2,1,14,0,0,0,0,0,0,0,0,0
390225,1,1,0,0,0,0,0,0,5,0,0,0
390225,2,1,0,0,0,0,0,0,0,0,0,0
390226,1,1,0,0,0,18,0,0,0,0,0,0
390226,2,1,0,0,0,0,0,0,0,0,0,0
390227,1,1,19,19,19,19,19,19,19,19,19,19
390228,1,1,13,0,0,0,0,0,0,0,0,0
390228,2,1,0,0,0,0,6,0,34,0,0,0
390229,1,1,0,0,0,0,0,0,0,0,0,0
390230,0,1,0,0,0,0,0,0,0,0,0,0
390230,1,1,0,0,0,0,0,0,0,0,0,0
390231,1,1,0,0,0,0,0,0,0,0,0,0
390231,2,1,7,7,7,7,7,7,7,7,7,7
390232,1,1,8,8,8,8,8,8,8,8,8,8
390232,2,1,0,0,0,0,0,0,0,0,0,0
390233,1,1,0,0,0,0,0,0,0,0,0,0
390233,2,1,0,0,0,0,0,0,0,0,0,0
390234,0,1,0,0,32,0,0,0,18,0,0,17
390234,1,1,0,0,0,0,7,0,0,0,0,0
390235,1,1,0,0,0,0,0,0,0,0,0,0
390236,1,1,0,0,0,0,0,0,0,0,0,0
390236,2,1,0,3,0,0,0,0,0,0,0,0
390237,1,1,9,25,0,0,0,0,0,16,0,0
390237,2,1,10,0,0,0,0,0,0,2,0,0
390237,3,1,0,0,0,0,0,13,14,22,0,0
390238,1,1,16,16,16,16,16,16,16,16,16,16
390239,1,1,0,0,0,0,0,4,0,0,0,0
390239,2,1,0,0,0,0,0,0,0,0,0,0
390239,3,1,0,0,0,0,0,0,0,0,0,0
390239,4,1,0,0,0,0,0,0,0,0,0,0
390240,1,1,0,0,0,0,0,0,0,0,0,0
390240,2,1,0,0,0,0,0,0,0,0,0,0
390241,1,1,11,11,11,11,11,11,11,11,11,11
390241,2,1,0,0,0,0,0,0,0,10,0,0
390242,1,1,0,0,0,0,0,0,0,0,0,0
390243,1,1,0,0,0,0,0,0,0,0,0,0
390243,2,1,0,0,0,0,0,0,0,0,0,0
390244,1,1,0,0,0,0,0,0,0,0,0,0
390244,2,1,9,9,9,9,9,9,9,9,9,9
390245,1,1,17,0,0,0,0,0,0,0,0,0
390246,1,1,0,0,0,0,0,0,0,0,0,0
390246,2,1,0,0,0,0,0,0,0,0,0,0
390247,1,1,27,27,27,27,27,27,27,27,27,27
390247,2,1,0,0,0,0,0,0,0,26,0,0
390248,1,1,0,0,0,0,0,0,0,0,0,10
390249,1,1,0,0,0,0,0,0,0,0,0,0
390250,1,1,16,16,16,16,16,16,16,16,16,16
390251,1,1,4,4,4,4,4,4,4,4,4,4
390252,1,1,0,0,0,0,0,0,0,0,0,0
390252,2,1,22,0,0,0,0,0,0,0,20,0
390252,3,1,0,0,0,0,0,0,0,0,0,0
390253,1,1,0,0,0,0,0,0,0,0,0,0
390253,2,1,0,0,0,0,0,0,0,0,0,0
390254,1,1,7,7,7,7,7,7,7,7,7,7
390254,2,1,0,0,0,0,9,0,0,0,0,0
390255,1,1,17,17,17,17,17,17,17,17,17,17
390256,1,1,0,0,0,0,0,0,0,0,0,0
390257,1,1,0,0,0,0,0,0,0,0,0,0
390257,2,1,0,0,0,0,0,0,0,0,0,0
390258,1,1,0,0,0,0,0,0,0,0,0,0
390258,2,1,0,0,0,0,0,0,0,0,0,0
390259,1,1,17,17,17,17,17,17,17,17,17,17
390259,2,1,0,7,0,0,0,0,7,14,0,0
390260,1,1,15,15,15,15,15,15,15,15,15,15
390261,1,1,6,6,6,6,6,6,6,6,6,6
390262,1,1,14,14,14,14,14,14,14,14,14,14
390263,0,1,19,19,19,19,19,19,19,19,19,19
390263,1,1,26,26,26,26,26,26,26,26,26,26
390264,1,1,0,0,0,0,0,0,0,0,0,0
390265,1,1,0,0,0,0,0,0,0,0,0,0
390266,1,1,0,16,0,0,0,17,0,0,0,0
390267,1,1,5,5,5,5,5,5,5,5,5,5
390268,1,1,0,0,0,0,0,0,0,0,0,0
390268,2,1,0,0,0,0,0,0,0,0,0,0
390269,1,1,0,0,0,0,0,0,0,0,0,0
390269,2,1,0,0,0,0,0,0,0,0,0,0
390270,1,1,3,3,3,3,3,3,3,3,3,3
390271,1,1,0,0,0,0,0,0,0,0,0,0
390271,2,1,0,0,0,0,0,0,0,0,0,0
390272,1,1,0,0,0,0,0,0,0,0,0,0
390272,2,1,0,27,0,12,24,21,7,17,9,0
390273,1,1,27,27,27,27,27,27,27,27,27,27
390274,1,1,13,13,13,13,13,13,13,13,13,13
390275,1,1,16,16,16,16,16,16,16,16,16,16
390276,1,1,0,0,0,0,0,0,0,0,0,0
390276,2,1,0,23,0,0,0,0,0,0,0,0
390276,3,1,0,0,0,0,0,0,0,0,0,0
390277,1,1,0,0,0,0,0,0,0,0,0,0
390277,2,1,0,0,0,0,0,0,0,0,0,0
390278,1,1,10,10,10,10,10,10,10,10,10,10
390278,2,1,0,0,0,0,0,0,0,0,0,0
390279,1,1,0,0,0,0,0,0,0,0,0,0
390280,1,1,0,0,0,0,0,0,0,31,0,0
390281,0,1,18,18,18,18,18,18,18,18,18,18
390281,0,2,19,0,15,0,0,0,0,0,0,0
390281,1,1,2,2,2,2,2,2,2,2,2,2
390282,0,1,0,0,34,0,0,0,21,0,0,0
390282,1,1,0,0,0,0,0,0,0,0,0,0
390283,1,1,0,0,0,0,0,0,0,0,0,0
390283,2,1,0,13,0,27,14,0,0,0,0,0
390284,1,1,0,0,0,0,0,0,0,0,0,0
390285,0,1,1,1,1,1,1,1,1,1,1,1
390285,1,1,0,0,0,0,0,0,0,0,0,0
390286,1,1,0,0,0,0,0,0,0,0,0,0
390287,1,1,20,20,20,20,20,20,20,20,20,20
390288,1,1,0,0,0,0,0,0,0,0,0,0
390289,0,1,0,0,0,0,0,0,0,0,0,0
390289,0,2,0,0,0,0,0,0,0,0,0,0
390289,0,3,0,0,0,0,0,0,0,0,0,0
390289,1,1,0,0,0,0,0,0,0,8,0,0
390290,1,1,0,0,0,0,0,0,0,0,0,0
390291,0,1,22,22,42,0,49,21,0,12,0,10
390291,1,1,0,0,0,0,0,0,0,0,0,0
390292,1,1,0,0,0,0,0,0,0,0,0,0
390292,2,1,0,0,0,0,0,21,0,13,0,0
390293,1,1,0,0,0,0,0,0,0,0,0,0
390294,1,1,0,0,0,0,0,0,0,0,0,0
390295,1,1,0,0,0,0,0,0,0,0,0,0
390295,2,1,0,0,0,0,0,0,0,0,0,0
390296,1,1,16,16,16,16,16,16,16,16,16,16
390297,1,1,11,11,11,11,11,11,11,11,11,11
390297,2,1,0,0,0,0,0,0,0,0,0,0
390297,3,1,0,0,0,23,0,0,0,0,0,0
390298,1,1,0,0,0,0,0,0,0,0,0,0
390298,2,1,0,0,0,0,0,0,0,0,0,0
390299,1,1,23,23,23,23,23,23,23,23,23,23
390300,0,1,0,0,0,0,0,0,0,0,0,0
390300,1,1,3,3,3,3,3,3,3,3,3,3
390301,1,1,0,0,0,0,0,0,0,0,0,0
390301,2,1,0,0,0,0,0,0,0,0,0,0
390301,3,1,0,0,0,0,0,0,0,0,0,0
390301,4,1,0,0,0,0,0,0,0,0,0,0
390301,5,1,0,0,0,0,0,0,0,0,0,0
390301,6,1,0,0,0,0,0,0,0,0,0,0
390301,7,1,0,0,0,0,0,0,0,0,0,0
390301,8,1,0,0,0,0,0,0,0,0,0,0
390302,0,1,0,0,0,0,0,0,0,0,0,0
390302,1,1,0,0,0,0,0,0,0,0,0,0
390303,0,1,0,0,0,0,0,0,0,0,0,0
390303,1,1,0,0,0,23,0,0,0,0,0,24
390304,1,1,0,0,0,0,0,0,0,0,0,0
390305,1,1,11,11,11,11,11,11,11,11,11,11
390305,2,1,0,0,0,0,0,0,0,0,0,0
390306,1,1,9,0,15,0,16,0,0,13,0,0
390307,1,1,26,26,26,26,26,26,26,26,26,26
390308,1,1,21,21,21,21,21,21,21,21,21,21
390309,1,1,19,19,19,19,19,19,19,19,19,19
390309,2,1,0,0,0,0,0,0,0,0,0,0
390310,1,1,1,1,1,1,1,1,1,1,1,1
390310,2,1,0,0,0,0,0,0,0,0,0,0
390311,1,1,0,0,0,0,0,0,0,0,0,0
390311,2,1,0,0,0,0,0,0,0,0,0,0
390312,0,1,0,0,0,0,0,0,0,0,0,0
390312,0,2,0,23,0,0,0,0,0,0,0,0
390312,1,1,0,0,0,0,20,0,0,0,0,0
390313,1,1,0,0,0,0,0,0,0,0,0,0
390313,2,1,0,0,0,0,0,0,0,14,0,0
390314,1,1,15,15,15,15,15,15,15,15,15,15
390315,1,1,0,0,0,0,0,0,0,0,0,0
390315,2,1,0,0,0,0,0,0,0,0,0,0
390316,1,1,0,0,0,0,0,0,0,0,0,0
390317,1,1,0,0,0,0,0,0,0,0,0,0
390318,1,1,13,13,13,13,13,13,13,13,13,13
390319,1,1,23,23,23,23,23,23,23,23,23,23
390320,1,1,0,0,0,0,0,0,0,0,0,0
390321,1,1,25,25,25,25,25,25,25,25,25,25
390322,1,1,0,0,0,0,0,0,0,0,0,0
390323,0,1,0,0,0,0,0,0,0,0,0,0
390323,1,1,0,0,0,0,0,0,0,0,0,0
390324,1,1,0,0,0,0,0,0,0,0,0,0
390324,2,1,0,0,0,0,0,0,0,0,0,0
390324,3,1,0,0,0,0,0,0,0,0,0,0
390324,4,1,0,0,6,0,19,25,0,10,0,21
390325,0,1,0,0,0,0,0,0,0,0,0,0
390325,0,2,0,0,0,0,0,0,0,0,0,0
390325,0,3,0,0,0,0,0,0,0,0,0,0
390325,1,1,0,0,0,0,0,0,0,0,0,0
390326,1,1,16,16,16,16,16,16,16,16,16,16
390327,1,1,0,0,0,0,0,0,0,0,0,0
390327,2,1,0,0,0,0,0,0,0,0,0,0
390328,1,1,0,0,0,0,0,0,0,0,0,0
390328,2,1,0,0,0,0,0,0,0,0,0,0
390329,1,1,0,0,0,0,0,0,0,0,0,0
390330,0,1,0,0,0,0,0,0,0,0,0,0
390330,1,1,0,0,0,0,0,0,0,0,0,0
390331,1,1,0,0,0,0,0,0,0,0,0,0
390332,1,1,0,0,0,0,0,0,0,0,0,0
390332,2,1,20,0,0,0,0,0,0,12,0,0
390332,3,1,0,0,0,0,0,0,0,0,0,0
390333,1,1,0,0,0,0,0,0,0,0,0,0
390333,2,1,0,0,0,0,0,0,0,0,0,0
390334,1,1,0,19,0,21,0,17,0,18,6,19
390335,0,1,0,0,0,0,0,0,0,0,0,0
390335,1,1,0,0,0,0,0,0,0,0,0,0
390336,1,1,0,0,0,0,0,0,0,0,0,0
390336,2,1,0,0,0,0,0,0,0,0,0,0
390337,1,1,0,17,0,0,13,0,0,0,0,0
390337,2,1,0,0,0,0,0,0,0,0,0,0
390338,1,1,18,18,18,18,18,18,18,18,18,18
390338,2,1,0,0,0,0,0,0,0,0,0,0
390338,3,1,0,0,0,0,0,0,0,0,0,0
390339,1,1,0,0,0,0,0,0,0,0,0,0
390339,2,1,0,0,0,0,0,0,0,5,0,0
390340,0,1,0,0,0,0,0,0,0,0,0,0
390340,1,1,0,0,0,0,7,0,0,0,0,0
390341,1,1,0,0,0,0,0,0,0,0,0,0
390342,1,1,0,0,0,0,0,0,0,0,0,0
390342,2,1,0,0,0,0,0,0,0,0,0,0
390342,3,1,0,0,0,0,26,0,0,0,0,0
390342,4,1,0,0,0,0,0,0,0,0,0,0
390342,5,1,0,0,0,0,0,0,0,0,0,0
390343,1,1,0,0,0,0,0,0,0,0,0,0
390343,2,1,0,0,0,0,0,0,0,0,0,0
390344,1,1,0,0,0,0,9,0,0,0,0,0
390344,2,1,0,0,0,0,0,0,0,0,0,0
390345,0,1,0,0,0,0,0,0,0,0,0,0
390345,1,1,39,26,35,25,23,2,0,23,31,9
390346,1,1,0,0,0,0,0,0,0,0,0,0
390346,2,1,0,0,0,0,0,0,0,0,0,0
390347,1,1,0,0,0,0,0,0,0,0,0,0
390348,1,1,8,8,8,8,8,8,8,8,8,8
390349,0,1,0,0,0,0,0,0,0,0,0,0
390349,0,2,0,0,0,0,0,0,0,0,0,0
390349,0,3,0,0,0,0,0,0,0,0,0,0
390349,0,4,0,0,0,0,0,0,0,0,0,0
390349,3,1,0,0,0,0,0,0,0,0,0,0
390350,1,1,10,10,10,10,10,10,10,10,10,10
390350,2,1,0,0,0,0,0,0,0,0,0,0
390351,1,1,0,0,0,0,0,0,0,0,0,0
390352,1,1,15,15,15,15,15,15,15,15,15,15
390353,1,1,0,0,0,0,0,0,0,0,0,0
390354,1,1,0,0,0,17,0,10,13,8,12,0
390355,0,1,0,0,0,0,0,0,0,0,0,0
390355,1,1,0,0,0,0,0,0,0,0,0,0
390356,1,1,0,0,0,12,0,0,0,0,0,0
390357,1,1,0,0,0,0,0,0,0,0,0,0
390358,1,1,0,0,0,0,0,0,0,0,0,0
390358,2,1,0,0,0,0,0,0,0,0,0,0
390358,3,1,0,0,0,0,0,0,0,0,0,0
390358,4,1,0,0,0,0,0,0,0,0,0,0
390358,5,1,0,0,0,0,0,0,0,0,0,0
390359,1,1,0,0,0,0,0,0,0,0,0,0
390360,1,1,0,0,0,0,0,0,0,0,0,0
390361,1,1,0,0,9,0,0,0,0,28,0,0
390361,2,1,0,15,0,17,0,0,16,0,0,0
390362,1,1,0,0,0,0,0,0,0,0,0,0
390362,2,1,0,0,0,0,0,0,0,0,0,0
390363,1,1,0,0,0,0,0,0,0,0,0,0
390363,2,1,0,0,0,21,0,0,0,0,0,0
390364,1,1,0,0,0,0,0,0,0,0,0,0
390364,2,1,0,0,0,0,0,0,0,0,0,0
390364,3,1,0,0,0,0,0,0,0,0,0,0
390365,0,1,7,7,7,7,7,7,7,7,7,7
390365,1,1,0,0,0,0,0,0,0,0,0,0
390366,1,1,0,0,0,0,0,0,0,0,0,0
390367,0,1,0,0,0,0,0,0,0,0,0,0
390367,1,1,0,0,0,0,0,0,0,0,0,0
390368,1,1,24,24,24,24,24,24,24,24,24,24
390369,1,1,0,0,0,0,0,0,0,0,0,34
390369,2,1,0,0,0,0,0,0,0,0,0,0
390370,0,1,14,0,0,0,0,0,0,0,0,0
390370,1,1,23,0,0,0,0,0,0,0,0,0
390371,1,1,0,0,0,0,0,0,0,0,0,0
390371,2,1,0,0,0,0,0,0,0,0,0,0
390372,1,1,0,0,0,0,0,0,0,0,0,0
390372,2,1,0,0,0,0,0,0,0,0,0,0
390373,1,1,12,12,12,12,12,12,12,12,12,12
390373,2,1,0,0,0,0,0,0,0,0,0,0
390374,1,1,16,16,16,16,16,16,16,16,16,16
390375,1,1,4,4,4,4,4,4,4,4,4,4
390376,0,1,0,0,0,0,0,0,35,0,0,0
390377,1,1,0,0,17,11,0,0,0,0,0,0
390378,1,1,22,25,24,20,10,20,19,11,25,26
390379,0,1,0,0,0,0,0,0,0,0,0,0
390379,1,1,0,0,0,0,0,0,0,0,0,0
390380,0,1,0,0,0,0,0,0,0,0,0,0
390380,1,1,0,0,0,17,0,0,0,0,0,0
390381,1,1,18,18,18,18,18,18,18,18,18,18
390382,1,1,3,3,3,3,3,3,3,3,3,3
390382,2,1,0,0,0,0,0,0,0,0,0,0
390383,0,1,6,6,6,6,6,6,6,6,6,6
390383,1,1,20,24,8,0,0,0,0,0,0,8
390384,1,1,0,0,0,0,0,0,0,0,0,0
390384,2,1,0,10,0,0,0,0,0,0,0,0
390385,1,1,19,19,19,19,19,19,19,19,19,19
390386,0,1,0,0,0,0,0,0,0,0,0,0
390386,1,1,14,0,0,0,0,0,0,27,0,0
390387,1,1,0,0,0,0,0,0,0,0,0,0
390387,2,1,0,0,0,0,0,0,6,0,0,0
390388,1,1,23,14,15,18,4,9,23,27,16,12
390389,1,1,0,0,0,0,0,0,0,0,0,0
390389,2,1,0,0,0,0,0,0,0,0,0,0
390389,3,1,0,0,0,0,0,0,0,0,0,0
390390,1,1,0,0,0,0,0,0,0,0,0,0
390390,2,1,0,0,0,0,0,0,0,0,0,0
390391,1,1,6,18,25,41,16,13,14,15,15,14
390391,2,1,0,0,0,0,0,0,0,0,0,0
390392,1,1,0,0,0,0,0,0,0,0,0,0
390393,1,1,0,0,0,0,0,0,0,0,0,0
390394,1,1,16,16,16,16,16,16,16,16,16,16
390395,1,1,12,12,12,12,12,12,12,12,12,12
390396,1,1,0,0,0,0,0,0,0,0,0,0
390397,1,1,0,0,0,0,0,0,0,0,0,0
390397,2,1,2,2,2,2,2,2,2,2,2,2
390398,1,1,0,0,0,0,0,11,0,0,0,0
390398,2,1,0,0,0,0,0,0,0,0,0,0
390399,1,1,0,0,0,0,0,0,0,0,0,0
390400,1,1,22,22,22,22,22,22,22,22,22,22
390401,1,1,0,0,0,0,0,0,0,0,0,0
390401,2,1,0,0,0,0,0,0,0,0,0,0
390402,1,1,18,9,0,0,9,13,0,0,0,0
390403,1,1,0,0,0,0,0,0,0,0,0,0
390404,0,1,0,0,0,0,0,0,0,0,0,0
390404,1,1,0,0,0,0,0,0,0,0,0,0
390405,1,1,14,14,14,14,14,14,14,14,14,14
390406,1,1,0,0,0,19,17,0,0,0,16,0
390407,1,1,13,13,13,13,13,13,13,13,13,13
390408,1,1,28,28,28,28,28,28,28,28,28,28
390409,1,1,0,0,0,0,0,0,0,0,0,0
390409,2,1,0,0,0,0,0,0,0,0,0,0
390409,3,1,0,0,0,0,0,0,0,0,0,0
390410,1,1,0,0,0,0,0,0,0,0,0,0
390411,1,1,16,16,16,16,16,16,16,16,16,16
390412,1,1,0,0,0,0,0,0,0,0,0,0
390412,2,1,0,0,0,0,0,0,0,0,0,0
390413,1,1,0,0,0,0,0,0,0,0,0,0
390413,2,1,0,0,0,0,0,0,0,0,0,0
390414,0,1,0,0,0,0,0,0,0,0,0,0
390414,1,1,0,0,0,0,0,0,0,0,0,0
390415,1,1,4,4,4,4,4,4,4,4,4,4
390415,2,1,0,0,0,0,0,0,0,0,0,0
390416,1,1,0,0,0,0,0,0,0,0,0,0
390416,2,1,0,0,0,0,4,0,0,0,0,0
390417,1,1,21,0,0,0,0,0,0,0,0,0
390418,1,1,0,0,0,0,0,0,0,0,0,0
390418,2,1,0,0,0,0,0,0,0,0,0,0
390419,1,1,17,17,17,17,17,17,17,17,17,17
390419,2,1,0,0,0,0,0,0,0,0,0,0
390420,1,1,0,0,0,0,0,0,0,0,0,0
390421,1,1,0,0,0,0,0,0,0,0,0,0
390422,1,1,0,0,0,0,0,0,0,0,0,0
390422,2,1,0,0,0,0,0,0,0,0,0,0
390423,0,1,34,34,34,34,34,34,34,34,34,34
390423,1,1,0,0,0,0,0,0,0,0,0,0
390425,1,1,0,0,0,0,0,0,0,0,0,0
390425,2,1,0,0,0,0,0,0,0,0,0,0
390426,1,1,22,22,22,22,22,22,22,22,22,22
390427,1,1,33,33,33,33,33,33,33,33,33,33
390427,2,1,0,0,0,0,0,0,0,0,0,0
390428,1,1,21,21,21,21,21,21,21,21,21,21
390429,1,1,0,0,0,0,0,0,0,0,0,0
390430,1,1,0,0,0,0,0,0,0,0,0,0
390430,2,1,1,1,1,1,1,1,1,1,1,1
390431,1,1,24,24,24,24,24,24,24,24,24,24
390432,1,1,0,0,0,0,0,0,14,0,0,0
390432,2,1,0,0,0,0,0,0,0,0,0,0
390433,1,1,0,0,0,0,0,0,0,0,0,0
390434,1,1,0,0,0,0,0,0,0,0,0,0
390435,1,1,16,14,2,14,11,19,12,10,19,23
390436,1,1,0,0,0,0,0,0,0,0,0,0
390436,2,1,0,12,0,0,0,0,0,0,0,0
390437,1,1,0,0,0,0,0,0,0,0,0,0
390437,2,1,0,0,0,0,0,0,0,0,0,0
390438,1,1,0,0,0,0,0,0,0,0,0,0
390439,1,1,27,28,0,26,11,16,13,27,20,0
390440,1,1,0,0,0,0,0,0,0,0,0,0
390441,1,1,0,0,0,0,0,0,0,0,0,0
390442,0,1,0,0,0,0,0,0,0,0,0,0
390442,1,1,0,0,0,0,0,0,0,0,0,0
390443,1,1,34,34,34,34,34,34,34,34,34,34
390443,2,1,0,0,0,0,0,0,0,0,0,0
390444,1,1,0,0,0,0,0,0,0,0,0,0
390444,2,1,1,1,1,1,1,1,1,1,1,1
390445,1,1,27,27,27,27,27,27,27,27,27,27
390446,1,1,15,15,15,15,15,15,15,15,15,15
390448,1,1,0,0,0,0,0,0,0,0,0,0
390448,2,1,0,0,0,0,0,0,0,0,0,0
390449,1,1,0,0,0,0,0,0,0,0,0,0
390449,2,1,0,0,0,0,0,0,0,0,0,0
390450,0,1,18,18,18,18,18,18,18,18,18,18
390450,1,1,13,13,13,13,13,13,13,13,13,13
390451,1,1,0,0,0,0,0,0,0,0,0,0