ST_CASE,VEH_NO,PER_NO,P1,P2,P3,P4,P5,P6,P7,P8,P9,P10
390766,2,1,0,0,0,0,0,0,0,0,0,0
390767,1,1,0,0,0,0,0,0,0,0,0,0
390767,2,1,0,0,0,0,0,0,0,0,0,0
390768,1,1,0,0,0,0,0,0,0,0,0,0
390768,2,1,0,0,0,0,0,0,0,0,0,0
390769,1,1,0,0,0,0,16,0,0,0,0,0
390770,1,1,0,0,0,0,0,0,0,0,0,0
390770,2,1,0,0,0,0,0,0,0,0,0,0
390771,1,1,0,0,0,0,0,0,0,0,0,0
390772,1,1,0,0,0,0,0,0,0,0,0,0
390772,2,1,0,0,0,0,0,0,0,0,0,0
390773,0,1,0,0,0,0,0,0,0,0,0,0
390773,1,1,0,0,0,0,0,0,0,0,0,0
390773,2,1,0,0,0,0,0,0,0,0,0,0
390774,1,1,0,0,0,0,0,0,0,0,0,0
390774,2,1,10,10,10,10,10,10,10,10,10,10
390775,1,1,0,0,0,0,0,0,0,0,0,0
390775,2,1,0,0,0,0,20,0,0,0,0,0
390775,3,1,0,0,0,0,0,0,0,0,0,0
390776,1,1,0,0,0,0,0,0,0,0,0,0
390776,2,1,0,0,0,0,0,0,0,0,0,0
390777,1,1,1,1,1,1,1,1,1,1,1,1
390777,2,1,0,0,0,0,0,0,0,0,0,0
390778,1,1,0,0,0,0,0,0,0,0,0,0
390778,2,1,26,4,0,0,0,0,6,0,0,0
390779,1,1,0,0,0,0,0,0,0,0,0,0
390779,2,1,0,0,0,12,0,0,22,0,0,8
390780,1,1,0,0,0,0,0,0,0,0,0,0
390780,2,1,13,0,8,0,0,12,0,0,0,0
390781,1,1,47,47,47,47,47,47,47,47,47,47
390783,1,1,0,0,0,0,0,0,0,0,0,0
390783,2,1,0,0,0,0,0,0,0,0,0,0
390783,3,1,0,9,0,0,0,0,0,0,0,0
390783,4,1,0,0,9,0,0,0,0,0,0,0
390784,1,1,0,0,0,0,0,0,0,0,0,0
390784,2,1,0,0,0,0,0,0,0,0,0,0
390784,3,1,0,0,0,0,0,0,0,0,0,0
390784,4,1,0,0,0,0,0,0,0,0,0,0
390785,1,1,23,23,23,23,23,23,23,23,23,23
390786,1,1,0,0,0,0,0,0,0,0,0,0
390787,1,1,24,24,24,24,24,24,24,24,24,24
390788,1,1,18,18,18,18,18,18,18,18,18,18
390789,1,1,0,0,0,0,15,0,0,26,0,25
390790,0,1,19,0,23,25,42,0,23,22,0,0
390790,0,2,0,0,0,0,0,0,0,0,0,0
390790,1,1,3,3,3,3,3,3,3,3,3,3
390791,1,1,0,0,0,0,0,0,0,0,0,0
390791,2,1,0,0,6,0,0,0,0,0,0,0
390792,1,1,6,0,0,0,0,0,0,8,0,0
390792,2,1,3,3,3,3,3,3,3,3,3,3
390793,1,1,14,14,14,14,14,14,14,14,14,14
390794,1,1,18,0,0,3,17,7,0,0,9,10
390794,2,1,14,14,14,14,14,14,14,14,14,14
390795,1,1,0,0,0,0,0,0,0,0,0,0
390796,1,1,17,17,17,17,17,17,17,17,17,17
390797,1,1,17,17,17,17,17,17,17,17,17,17
390798,1,1,0,0,0,0,0,0,12,0,0,0
390798,2,1,12,0,0,0,0,0,0,0,0,0
390799,1,1,2,2,2,2,2,2,2,2,2,2
390799,2,1,0,0,0,0,0,0,0,0,0,0
390800,1,1,0,0,0,0,0,0,0,0,0,0
390800,2,1,7,0,0,0,9,0,0,0,0,0
390801,1,1,0,0,0,0,0,0,0,0,0,0
390801,2,1,0,0,0,0,0,0,0,0,0,0
390802,1,1,0,0,0,0,0,0,0,0,0,0
390802,2,1,0,0,0,0,0,0,0,0,0,0
390803,1,1,17,0,14,0,0,0,0,0,0,0
390803,2,1,0,0,0,0,0,0,0,0,0,18
390804,1,1,0,0,0,0,0,0,0,0,0,0
390805,1,1,0,0,0,0,0,0,0,0,0,0
390806,1,1,0,0,0,0,0,0,0,0,0,0
390807,1,1,0,0,0,0,0,0,0,0,0,0
390807,2,1,0,0,0,0,0,0,0,0,0,0
390808,1,1,0,2,0,18,22,0,5,4,0,0
390809,1,1,0,0,0,0,0,0,0,0,0,0
390810,1,1,20,20,20,20,20,20,20,20,20,20
390811,1,1,0,16,23,0,0,22,0,0,23,0
390812,1,1,0,0,0,0,0,0,0,0,0,0
390812,2,1,0,0,0,0,0,0,0,0,0,0
390813,1,1,0,0,0,0,0,0,0,0,0,0
390814,1,1,20,0,0,21,0,16,0,0,0,0
390814,2,1,0,0,0,0,0,0,0,0,0,0
390815,1,1,0,0,13,0,0,20,0,0,0,12
390816,1,1,0,0,0,0,0,0,0,0,0,0
390816,2,1,10,0,0,0,0,0,0,0,0,0
390818,1,1,0,0,0,0,0,5,0,0,0,0
390818,2,1,0,0,0,0,0,0,0,0,0,0
390819,1,1,0,0,0,0,0,0,0,0,0,0
390819,2,1,0,25,0,0,8,0,0,0,0,3
390820,1,1,24,24,24,24,24,24,24,24,24,24
390821,1,1,0,0,0,0,0,0,0,0,0,0
390821,2,1,0,0,0,0,0,0,0,0,0,0
390822,1,1,19,19,19,19,19,19,19,19,19,19
390822,2,1,0,0,0,0,0,22,3,14,0,5
390823,1,1,1,1,1,1,1,1,1,1,1,1
390824,1,1,0,0,0,0,0,0,0,0,0,0
390825,0,1,1,1,1,1,1,1,1,1,1,1
390825,1,1,23,23,23,13,0,18,37,21,15,27
390826,0,1,13,13,13,13,13,13,13,13,13,13
390826,1,1,0,14,9,0,8,0,21,17,20,0
390828,0,1,0,19,0,24,13,18,7,17,21,0
390828,1,1,0,0,19,0,10,19,0,0,0,0
390829,1,1,0,4,0,0,23,29,0,0,13,21
390829,2,1,12,0,0,0,0,8,0,25,16,0
390830,1,1,0,0,0,0,0,0,0,0,0,0
390831,1,1,4,4,4,4,4,4,4,4,4,4
390832,1,1,0,0,0,0,0,0,0,0,0,0
390832,2,1,0,0,0,9,0,0,0,0,0,0
390833,1,1,0,0,0,0,0,0,0,0,0,0
390833,2,1,0,0,0,9,18,0,0,0,0,0
390834,1,1,9,9,9,9,9,9,9,9,9,9
390835,1,1,29,29,29,29,29,29,29,29,29,29
390835,2,1,0,0,0,0,0,0,0,0,0,0
390836,1,1,0,0,0,0,0,0,0,0,21,12
390836,2,1,0,0,0,0,0,0,0,0,0,0
390839,0,1,7,7,7,7,7,7,7,7,7,7
390839,1,1,0,0,0,0,0,0,34,33,28,0
390840,1,1,0,0,0,0,0,0,0,0,0,0
390841,1,1,0,0,0,0,0,0,0,0,0,0
390842,1,1,22,22,22,22,22,22,22,22,22,22
390843,1,1,0,0,0,0,0,26,17,0,16,0
390843,2,1,16,0,0,0,0,0,0,0,0,0
390844,1,1,0,0,0,0,0,0,0,0,0,0
390845,1,1,5,5,5,5,5,5,5,5,5,5
390846,1,1,0,0,0,0,0,0,0,0,0,0
390846,2,1,0,0,0,0,0,0,0,0,0,0
390847,1,1,0,0,0,0,0,0,0,0,0,0
390847,2,1,0,0,0,0,0,0,0,0,0,0
390848,1,1,16,16,16,16,16,16,16,16,16,16
390849,1,1,18,0,0,0,0,0,0,0,0,0
390849,2,1,25,0,0,0,28,0,0,15,0,0
390849,3,1,0,0,0,0,0,0,19,0,0,0
390850,1,1,0,0,0,0,0,0,0,0,16,0
390850,2,1,0,0,0,0,0,0,0,0,0,0
390851,1,1,0,0,0,0,0,0,0,0,0,0
390851,2,1,14,14,14,14,14,14,14,14,14,14
390852,0,1,0,0,0,0,0,0,0,0,0,0
390852,1,1,0,15,0,12,0,0,13,0,15,11
390853,1,1,0,0,0,0,0,0,0,0,0,20
390853,2,1,13,13,13,13,13,13,13,13,13,13
390854,1,1,0,0,0,0,0,0,0,14,0,0
390854,2,1,0,22,0,0,0,0,0,0,0,0
390855,1,1,16,16,16,16,16,16,16,16,16,16
390855,2,1,39,0,7,0,0,0,0,0,0,23
390856,1,1,0,0,0,0,0,0,0,0,0,0
390856,2,1,0,0,0,0,0,11,0,14,0,0
390857,1,1,23,23,23,23,23,23,23,23,23,23
390857,2,1,0,13,0,9,6,0,0,0,0,0
390858,1,1,0,0,0,0,0,0,0,0,0,0
390858,2,1,0,0,0,0,29,0,0,20,0,0
390859,1,1,11,11,11,11,11,11,11,11,11,11
390860,1,1,0,0,0,0,0,0,0,0,0,0
390860,2,1,0,0,0,0,0,0,0,0,0,0
390861,1,1,0,0,0,0,0,0,0,0,0,0
390862,0,1,0,0,0,0,0,0,0,0,0,0
390862,1,1,0,0,0,0,0,0,0,0,0,0
390863,1,1,0,9,23,0,0,0,0,18,0,0
390863,2,1,0,0,0,0,0,0,15,0,15,0
390864,0,1,0,0,0,0,0,0,0,0,0,0
390864,1,1,0,0,0,0,0,0,0,0,0,0
390865,1,1,15,15,15,15,15,15,15,15,15,15
390866,1,1,0,14,0,10,0,0,0,0,20,23
390866,2,1,0,0,0,0,0,0,0,0,0,0
390868,1,1,0,0,20,0,0,0,19,0,0,0
390869,0,1,0,0,0,0,0,0,0,0,0,0
390869,1,1,23,6,15,21,0,0,0,3,0,0
390870,1,1,0,0,0,0,0,0,0,0,0,0
390871,0,1,28,28,28,28,28,28,28,28,28,28
390871,1,1,0,0,16,0,0,20,16,0,0,21
390872,0,1,0,0,0,0,0,0,0,0,0,0
390872,1,1,0,0,0,0,0,0,0,0,0,0
390873,1,1,15,0,0,0,15,0,0,0,0,0
390874,1,1,12,12,12,12,12,12,12,12,12,12
390875,1,1,0,0,0,0,0,0,0,0,0,0
390875,2,1,0,0,0,0,0,0,0,0,0,0
390876,1,1,37,37,37,37,37,37,37,37,37,37
390877,1,1,0,0,0,0,0,0,0,0,0,0
390878,1,1,24,24,24,24,24,24,24,24,24,24
390879,1,1,0,0,0,0,0,0,0,0,0,0
390879,2,1,0,0,0,0,0,0,0,0,0,0
390880,1,1,31,31,31,31,31,31,31,31,31,31
390881,1,1,0,0,0,0,0,0,0,0,0,0
390881,2,1,0,0,0,0,0,0,0,0,0,0
390882,1,1,0,0,0,0,0,0,0,0,0,0
390882,2,1,0,0,0,0,0,0,0,0,0,0
390883,1,1,0,0,22,0,0,0,13,0,0,0
390883,2,1,0,0,0,0,0,0,5,0,0,0
390884,1,1,0,0,0,0,0,0,30,0,0,0
390884,2,1,0,0,0,0,0,0,0,0,0,0
390885,1,1,0,0,0,0,0,0,0,0,0,0
390885,2,1,0,0,0,0,0,0,0,0,0,0
390886,0,1,0,0,0,0,0,0,0,0,0,0
390886,1,1,0,0,0,0,0,0,0,0,0,0
390887,1,1,0,0,0,0,0,0,0,0,0,0
390889,0,1,0,0,0,0,0,0,0,0,0,0
390889,1,1,0,0,0,0,0,0,0,0,0,0
390890,1,1,13,0,0,0,0,0,0,0,0,13
390890,2,1,13,0,0,0,0,0,0,0,0,12
390890,3,1,15,0,0,0,0,0,0,0,0,0
390891,3,1,16,0,6,19,0,0,0,0,0,0
390892,1,1,0,0,0,0,0,0,0,0,0,0
390892,2,1,11,0,0,0,0,0,0,0,0,0
390893,1,1,0,0,0,0,0,0,0,0,0,0
390894,1,1,0,0,0,0,0,0,0,0,0,0
390894,2,1,0,0,0,0,0,0,0,0,0,0
390895,1,1,15,15,15,15,15,15,15,15,15,15
390895,2,1,0,0,0,0,0,0,0,0,0,8
390896,0,1,0,0,0,0,0,0,0,0,0,0
390896,1,1,0,0,30,0,0,33,0,0,21,24
390897,1,1,0,0,0,0,0,3,0,0,0,0
390897,2,1,0,0,0,0,0,0,0,0,4,0
390897,3,1,0,20,0,0,19,0,0,0,0,0
390897,4,1,0,0,0,0,0,0,0,0,0,0
390897,5,1,0,0,0,5,0,0,0,0,0,0
390897,6,1,0,0,0,0,0,0,0,0,0,0
390897,7,1,0,0,0,0,0,0,0,0,0,0
390897,8,1,0,0,0,0,9,0,0,0,0,15
390897,9,1,0,0,0,0,0,0,0,0,0,0
390897,10,1,0,0,0,0,0,0,2,0,0,0
390897,11,1,0,6,0,0,11,0,0,0,0,0
390897,12,1,0,0,0,0,0,0,0,0,0,0
390897,13,1,0,0,0,0,0,0,0,0,0,0
390897,14,1,0,0,0,0,0,0,0,0,0,0
390897,15,1,0,16,0,0,0,0,0,0,0,0
390897,16,1,0,0,0,0,6,0,0,0,0,0
390897,17,1,0,0,0,0,10,0,0,0,0,0
390897,18,1,0,0,0,0,0,0,0,0,0,0
390897,19,1,0,0,0,0,0,0,0,0,0,0
390898,1,1,0,0,0,0,0,0,0,0,0,0
390898,2,1,0,0,9,0,7,24,0,41,14,0
390899,1,1,0,0,0,0,0,0,0,0,0,0
390899,2,1,0,0,0,0,16,0,0,0,0,0
390900,0,1,0,0,0,0,0,0,0,0,0,0
390900,1,1,0,0,0,0,0,17,33,0,31,0
390901,1,1,0,0,0,0,0,0,0,0,0,0
390901,2,1,0,0,0,0,0,0,0,0,0,0
390902,1,1,0,0,0,0,0,7,0,0,0,0
390902,2,1,0,13,11,0,0,0,0,0,0,0
390903,1,1,0,0,0,0,0,0,0,0,0,0
390904,1,1,0,0,0,0,0,0,0,0,0,0
390905,0,1,0,0,0,0,0,0,0,0,0,0
390905,1,1,0,10,0,19,0,0,0,0,0,8
390906,0,1,0,0,17,0,0,26,0,0,31,8
390906,2,1,18,18,18,18,18,18,18,18,18,18
390907,1,1,0,0,0,0,0,0,0,0,0,0
390907,2,1,0,0,28,8,0,0,0,0,8,0
390908,1,1,16,16,16,16,16,16,16,16,16,16
390909,1,1,0,0,0,0,0,0,0,0,0,0
390909,2,1,0,0,0,0,0,0,9,0,0,40
390909,3,1,23,23,23,23,23,23,23,23,23,23
390910,0,1,0,0,0,0,0,13,0,15,0,0
390910,1,1,0,0,18,0,0,0,13,0,0,0
390911,1,1,0,0,0,0,0,0,0,0,0,0
390911,2,1,0,0,0,0,0,0,0,13,0,0
390912,1,1,0,0,0,0,21,0,0,10,0,0
390912,2,1,0,0,0,9,0,0,15,13,0,0
390913,1,1,14,14,14,14,14,14,14,14,14,14
390915,1,1,19,19,19,19,19,19,19,19,19,19
390916,0,1,0,0,0,0,0,0,0,0,0,0
390916,1,1,2,0,0,0,0,0,11,0,0,0
390918,0,1,0,0,0,0,0,0,0,35,0,37
390918,1,1,21,21,21,21,21,21,21,21,21,21
390919,1,1,5,0,0,15,0,0,0,0,0,0
390920,1,1,0,0,0,4,0,0,0,0,0,0
390920,2,1,0,0,0,0,0,6,0,0,0,0
390920,3,1,0,0,0,0,0,0,0,0,0,0
390920,4,1,0,0,0,0,0,0,0,0,0,0
390920,5,1,0,0,15,0,21,27,0,0,0,0
390921,1,1,0,0,0,0,0,0,0,0,0,0
390921,2,1,10,0,0,0,0,0,0,0,0,0
390923,1,1,0,0,0,0,0,0,0,0,0,0
390924,1,1,14,14,14,14,14,14,14,14,14,14
390924,2,1,0,0,0,0,0,0,0,0,0,0
390925,1,1,6,6,6,6,6,6,6,6,6,6
390925,2,1,0,21,0,13,0,2,0,32,0,0
390926,1,1,29,29,29,29,29,29,29,29,29,29
390926,2,1,4,0,6,0,0,7,0,0,19,0
390927,1,1,0,0,0,0,0,0,0,0,0,0
390927,2,1,0,0,0,0,0,0,0,0,0,0
390928,0,1,33,33,33,33,33,33,33,33,33,33
390928,1,1,0,0,22,0,0,15,18,0,0,0
390928,2,1,0,0,0,0,34,0,0,0,13,0
390929,1,1,0,0,0,0,0,0,0,0,0,0
390930,1,1,0,0,0,0,0,0,0,0,0,0
390931,1,1,22,22,22,22,22,22,22,22,22,22
390932,1,1,1,1,1,1,1,1,1,1,1,1
390933,1,1,2,2,2,2,2,2,2,2,2,2
390934,1,1,16,16,16,16,16,16,16,16,16,16
390935,1,1,0,0,0,0,0,4,0,0,9,0
390935,2,1,0,0,0,0,0,0,17,0,0,0
390935,3,1,0,0,0,0,10,0,0,0,0,0
390935,4,1,0,16,4,0,0,0,0,0,0,0
390935,5,1,0,0,0,0,0,0,0,0,0,0
390935,6,1,0,0,0,0,0,0,0,0,0,0
390935,7,1,0,0,0,0,0,11,0,0,0,0
390935,8,1,0,0,0,0,0,0,0,0,0,0
390935,9,1,0,0,3,0,0,0,0,0,0,0
390935,10,1,0,0,0,0,0,0,0,0,0,0
390935,11,1,0,23,0,0,0,20,0,0,0,17
390935,12,1,0,0,0,0,0,0,0,0,0,0
390935,13,1,0,0,0,0,0,0,0,0,13,0
390935,14,1,0,0,0,0,0,0,7,0,0,0
390935,15,1,0,0,0,0,0,0,0,0,0,0
390935,16,1,0,0,16,0,0,0,0,0,0,0
390936,1,1,0,0,0,0,0,0,0,0,0,0
390936,2,1,0,0,20,0,0,0,0,0,0,0
390937,1,1,0,0,0,0,0,0,0,0,0,0
390937,2,1,0,0,0,0,0,0,0,0,0,0
390938,1,1,10,10,10,10,10,10,10,10,10,10
390940,1,1,0,0,0,0,0,0,0,0,0,0
390941,1,1,0,0,0,0,0,0,0,0,0,0
390942,1,1,0,0,0,0,0,0,0,0,0,0
390942,2,1,0,0,0,0,0,0,0,0,0,0
390943,1,1,0,0,0,0,0,0,9,0,0,0
390943,2,1,19,19,19,19,19,19,19,19,19,19
390944,0,1,17,17,17,17,17,17,17,17,17,17
390944,1,1,0,0,0,0,0,0,0,0,0,0
390945,1,1,0,0,0,0,0,0,0,0,0,0
390945,2,1,0,0,19,0,0,0,0,19,0,0
390946,0,1,0,0,17,0,0,10,13,0,0,0
390946,1,1,0,0,0,0,0,0,0,0,0,0
390947,1,1,0,0,32,0,0,0,27,0,0,0
390948,1,1,0,0,0,0,0,32,0,0,0,15
390948,2,1,0,0,0,15,0,0,0,0,0,12
390949,1,1,15,15,15,15,15,15,15,15,15,15
390950,1,5,6,30,0,0,0,11,0,0,0,12
390951,0,1,0,0,0,0,0,0,0,0,0,0
390951,1,1,16,0,0,0,0,0,19,0,0,0
390952,1,1,0,0,0,0,0,0,0,0,0,0
390952,2,1,1,1,1,1,1,1,1,1,1,1
390953,1,1,0,0,0,0,0,0,0,0,0,0
390954,0,1,0,0,0,0,0,0,0,0,0,0
390954,1,1,0,0,0,0,0,0,0,11,15,0
390955,1,1,0,0,0,0,0,0,0,0,0,0
390955,2,1,0,0,0,8,0,0,0,0,0,0
390955,3,1,0,28,2,0,18,0,0,46,19,73
390956,1,1,0,0,0,0,0,0,0,0,0,0
390957,1,1,0,0,0,0,0,0,0,0,0,0
390957,2,1,13,0,0,31,0,0,16,0,0,13
390958,1,1,0,0,0,0,0,0,0,0,0,0
390959,1,1,0,0,23,2,10,6,0,0,10,0
390959,2,1,0,0,0,0,0,0,0,0,0,0
390960,1,1,0,0,0,0,0,0,0,0,0,0
390961,1,1,0,0,0,0,0,0,0,0,0,0
390961,2,1,0,0,0,0,0,0,0,0,0,0
390962,1,1,0,0,0,0,0,0,0,0,0,0
390962,2,1,0,0,0,0,0,0,0,0,0,0
390963,1,1,1,1,1,1,1,1,1,1,1,1
390963,2,1,0,0,0,0,0,0,0,0,0,0
390964,1,1,0,0,0,0,0,0,0,0,0,0
390965,1,1,0,0,0,0,0,0,0,0,0,0
390965,2,1,0,0,0,0,0,0,0,0,0,0
390966,0,1,0,0,0,0,0,0,0,0,0,0
390966,1,1,0,0,0,0,0,0,0,0,0,15
390967,1,1,15,15,15,15,15,15,15,15,15,15
390968,1,1,19,19,19,19,19,19,19,19,19,19
390969,1,1,0,0,0,0,0,0,0,0,0,0
390970,2,1,0,0,0,0,0,0,0,0,0,0
390971,1,1,0,0,0,0,0,0,0,0,0,0
390971,2,1,0,19,0,0,0,15,0,27,15,0
390971,3,1,0,0,0,0,0,0,0,0,0,5
390972,1,1,0,0,0,0,0,0,0,0,0,0
390972,2,1,0,0,0,0,0,0,0,0,0,0
390973,1,1,9,9,9,9,9,9,9,9,9,9
390973,2,1,0,0,26,0,0,24,0,0,0,0
390973,3,1,0,14,0,0,0,0,0,0,8,0
390974,1,1,0,0,0,10,0,0,0,35,0,18
390975,1,1,0,0,18,0,0,0,0,0,0,0
390975,2,1,0,0,0,0,0,0,0,0,0,0
390976,1,1,10,10,10,10,10,10,10,10,10,10
390977,1,1,30,0,30,18,0,0,0,0,9,0
390977,2,1,0,0,0,0,0,13,16,0,0,11
390978,1,1,0,0,0,0,0,0,0,0,0,0
390979,1,1,14,14,14,14,14,14,14,14,14,14
390980,1,1,0,22,0,0,0,0,22,0,0,0
390980,2,1,0,0,0,0,0,19,0,0,0,0
390981,1,1,0,0,0,0,0,0,0,0,0,0
390982,1,1,0,20,0,0,12,13,19,12,0,0
390982,2,1,0,0,0,0,0,0,0,0,0,0
390983,0,1,1,1,1,1,1,1,1,1,1,1
390983,0,2,0,0,0,0,0,0,0,0,0,0
390983,1,1,0,0,0,0,0,0,15,0,0,0
390983,2,1,0,0,0,0,0,0,0,0,0,16
390984,1,1,0,0,0,0,0,0,0,0,0,0
390984,2,1,0,0,0,0,0,0,0,0,0,0
390985,1,1,0,0,0,0,0,0,0,0,0,0
390985,2,1,0,0,0,0,0,0,0,0,0,0
390986,1,1,24,24,24,24,24,24,24,24,24,24
390988,1,1,14,14,14,14,14,14,14,14,14,14
390989,0,1,29,29,29,29,29,29,29,29,29,29
390989,1,1,0,0,0,38,0,0,9,24,16,0
390990,1,1,0,0,0,15,0,10,0,0,0,0
390990,2,1,4,11,0,16,0,0,10,0,20,0
390990,3,1,0,18,21,23,17,25,15,0,0,0
390991,1,1,0,0,0,0,0,0,0,0,0,0
390992,1,1,0,0,0,0,0,0,0,0,0,0
390992,2,1,0,0,0,0,0,0,0,0,0,0
390993,1,1,0,0,0,0,0,0,0,0,0,0
390994,1,1,0,0,0,0,9,0,0,0,0,4
390994,2,1,0,3,12,0,14,0,0,0,18,0
390994,3,1,17,17,17,17,17,17,17,17,17,17
390995,1,1,0,0,0,0,0,0,0,0,0,0
390995,2,1,0,0,0,0,13,0,0,4,0,5
390996,1,1,0,0,0,0,0,0,0,0,0,0
390996,2,1,0,0,0,0,0,0,0,0,0,0
390997,1,1,0,0,0,0,0,0,0,0,0,0
390997,2,1,0,0,0,0,0,0,0,0,0,0
390998,1,1,0,0,0,0,0,0,0,0,0,0
390998,2,1,0,19,0,10,0,0,17,20,0,30
390999,0,1,17,17,17,17,17,17,17,17,17,17
390999,1,1,0,0,0,0,0,0,0,0,0,0
391000,1,1,0,0,0,0,0,0,0,0,17,0
391000,2,1,0,0,0,0,0,0,0,0,0,0
391001,1,1,0,0,0,0,0,0,0,0,0,0
391001,2,1,0,0,0,0,0,0,0,0,0,0
391001,3,1,0,0,0,0,0,0,0,0,0,15
391002,0,1,0,3,0,0,0,0,0,0,0,13
391002,2,1,0,16,0,15,16,0,0,0,0,0
391003,1,1,0,0,0,0,0,0,0,0,0,0
391003,2,1,0,0,0,0,0,0,9,0,0,0
391003,3,1,0,0,0,0,0,0,0,0,0,0
391004,1,1,8,0,0,0,22,0,0,0,0,16
391005,1,1,21,18,12,17,16,8,13,30,0,9
391006,1,1,12,12,12,12,12,12,12,12,12,12
391006,2,1,0,0,0,0,0,20,0,0,0,0
391007,1,1,10,10,10,10,10,10,10,10,10,10
391008,1,1,0,47,0,6,0,10,0,0,0,0
391009,0,1,17,17,17,17,17,17,17,17,17,17
391009,1,1,0,0,0,0,0,0,0,17,0,12
391010,1,1,0,0,0,31,0,0,0,0,0,0
391010,2,1,0,0,0,0,0,0,0,0,0,0
391011,1,1,0,0,0,0,19,0,0,0,0,0
391011,2,1,0,0,0,0,0,0,0,0,0,0
391012,0,1,21,21,21,21,21,21,21,21,21,21
391012,1,1,0,19,0,0,0,0,18,0,12,0
391013,1,1,24,24,24,24,24,24,24,24,24,24
391014,1,1,0,0,0,0,0,0,0,0,0,0
391014,2,1,6,27,12,17,16,5,0,0,10,0
391015,1,1,0,0,0,0,34,0,0,0,0,0
391015,2,1,0,0,0,0,0,0,0,0,0,0
391016,1,1,0,0,0,0,0,0,0,0,0,0
391017,1,1,0,0,0,0,0,23,14,0,0,17
391017,2,1,0,0,0,0,0,0,0,0,0,0
391017,3,1,0,0,0,0,35,0,0,0,0,0
391017,4,1,0,0,0,0,0,0,0,0,0,0
391019,1,1,0,0,0,0,0,0,0,21,0,0
391019,2,1,10,0,30,7,18,7,9,0,16,0
391020,1,1,25,0,0,0,0,0,26,0,18,0
391020,2,1,0,16,9,0,0,0,0,0,0,0
391021,1,1,26,26,26,26,26,26,26,26,26,26
391022,1,1,20,20,20,20,20,20,20,20,20,20
391023,1,1,0,0,0,0,0,0,0,0,0,0
391024,1,1,0,11,0,0,16,0,0,0,14,0
391024,2,1,0,0,15,0,0,0,0,7,0,0
391025,1,1,0,6,0,0,0,34,14,0,21,0
391026,1,1,13,13,13,13,13,13,13,13,13,13
391026,2,1,0,0,0,0,26,0,0,25,17,0
391027,1,1,38,38,38,38,38,38,38,38,38,38
391028,1,1,22,22,22,22,22,22,22,22,22,22
391029,1,1,13,13,13,13,13,13,13,13,13,13
391030,0,1,18,18,18,18,18,18,18,18,18,18
391030,1,1,0,0,0,0,0,0,0,0,0,0
391031,1,1,16,22,6,22,16,20,15,34,13,9
391032,1,1,0,0,0,12,0,0,0,0,0,0
391032,2,1,0,0,0,0,0,0,0,0,0,0
391032,3,1,0,0,0,0,3,0,0,0,0,0
391033,1,1,0,0,0,12,0,0,0,17,0,20
391034,1,1,0,0,0,0,0,0,0,0,0,0
391034,2,1,0,0,0,0,0,0,0,0,0,0
391034,3,1,15,12,0,0,0,0,0,17,0,0
391034,4,1,0,0,0,0,0,0,0,0,6,0
391035,1,1,0,0,0,0,0,0,0,0,0,0
391035,2,1,10,0,0,0,0,0,0,0,20,0
391036,1,1,30,30,30,30,30,30,30,30,30,30
391037,1,1,0,26,14,0,6,7,0,0,0,0
391037,2,1,20,20,20,20,20,20,20,20,20,20
391038,1,1,0,0,0,0,7,0,0,0,11,0
391038,2,1,0,0,0,0,0,0,0,0,0,0
391038,3,1,0,0,0,0,0,26,0,0,15,14
391039,1,1,9,0,0,20,0,13,0,12,0,10
391039,2,1,21,21,21,21,21,21,21,21,21,21
391040,1,1,0,0,0,0,0,0,0,0,0,0
391041,1,1,0,0,0,0,0,0,0,0,25,0
391041,2,1,0,0,0,0,0,0,3,21,0,0
391042,1,1,25,25,25,25,25,25,25,25,25,25
391043,1,1,22,22,22,22,22,22,22,22,22,22
391044,1,1,12,12,12,12,12,12,12,12,12,12
391045,1,1,0,19,35,0,26,0,16,0,20,6
391046,1,1,16,16,16,16,16,16,16,16,16,16
391047,1,1,17,18,0,0,0,0,0,15,0,2
391048,1,1,27,27,27,27,27,27,27,27,27,27
391049,1,1,0,0,0,0,0,0,0,0,0,0
391049,2,1,0,0,0,0,0,3,0,0,0,0
391049,3,1,0,0,23,0,0,0,0,0,0,0
391050,1,1,15,15,15,15,15,15,15,15,15,15
391050,2,1,0,0,0,0,0,0,19,3,19,0
391050,3,1,4,0,0,4,15,6,0,14,11,0
391051,1,1,9,9,9,9,9,9,9,9,9,9
391051,2,1,35,0,0,0,8,0,16,0,39,0
391052,1,1,0,0,9,6,0,0,0,15,24,0
391053,1,1,1,1,1,1,1,1,1,1,1,1
391053,2,1,0,0,0,0,0,0,0,0,0,0
391054,0,1,0,0,0,0,8,0,7,0,0,0
391054,1,1,0,46,21,0,0,0,0,0,0,11
391055,0,1,14,26,12,24,25,21,30,22,26,19