ST_CASE,VEH_NO,PER_NO,P1,P2,P3,P4,P5,P6,P7,P8,P9,P10
400584,2,1,10,10,10,10,10,10,10,10,10,10
400584,3,1,0,0,0,0,0,0,0,0,0,0
400585,1,1,0,0,0,0,0,0,0,0,0,0
400585,2,1,0,0,0,0,0,0,0,0,0,0
400586,1,1,0,0,0,11,0,0,0,0,10,0
400586,2,1,0,0,18,0,0,0,0,0,18,0
400587,1,1,29,29,29,29,29,29,29,29,29,29
400588,1,1,0,0,0,0,0,0,0,0,0,0
400588,2,1,0,0,0,0,0,0,0,0,0,0
400589,1,1,0,0,24,0,7,0,0,0,0,0
400590,1,1,18,18,18,18,18,18,18,18,18,18
400591,0,1,0,30,0,9,0,0,4,8,0,0
400591,1,1,0,0,0,0,0,0,0,0,0,0
400592,0,1,19,0,0,10,0,0,24,13,0,0
400592,1,1,0,0,0,0,0,0,0,0,0,0
410001,1,1,24,24,24,24,24,24,24,24,24,24
410002,1,1,0,0,0,0,0,0,0,0,0,0
410003,1,1,0,16,13,24,0,21,8,11,21,3
410003,2,1,0,0,0,0,0,0,0,0,0,0
410004,1,1,0,0,0,0,0,0,0,0,0,0
410005,0,1,0,0,0,0,0,0,0,0,0,0
410005,1,1,0,0,0,0,0,0,0,0,0,0
410006,1,1,0,0,0,0,0,0,0,0,0,0
410006,2,1,0,0,0,0,0,0,0,0,0,0
410007,1,1,10,0,5,0,0,0,0,0,0,0
410007,2,1,0,0,0,0,0,0,0,14,0,0
410008,1,1,17,17,17,17,17,17,17,17,17,17
410009,1,1,0,0,0,0,0,0,0,0,0,0
410009,2,1,0,0,0,0,0,0,0,0,0,0
410010,1,1,0,0,0,0,0,0,0,0,0,0
410011,1,1,0,0,0,0,0,0,0,0,0,0
410011,2,1,0,0,0,0,0,0,0,0,0,0
410012,1,1,0,0,0,0,0,0,0,0,0,0
410013,1,1,0,0,0,0,0,0,0,0,0,0
410013,2,1,0,0,0,0,0,0,0,0,0,0
410013,3,1,0,0,0,0,29,0,0,0,0,0
410014,1,1,0,12,0,0,8,14,10,0,8,0
410015,1,1,0,0,0,0,0,0,0,0,0,0
410016,1,1,0,0,0,0,0,0,0,0,0,0
410017,0,1,12,12,12,12,12,12,12,12,12,12
410017,1,1,0,0,0,0,0,0,0,0,0,0
410018,1,1,14,8,0,20,13,20,20,8,0,17
410019,0,1,7,7,7,7,7,7,7,7,7,7
410019,1,1,0,0,0,0,0,0,0,0,0,0
410020,0,1,23,23,23,23,23,23,23,23,23,23
410020,1,1,24,0,0,13,11,0,0,0,13,11
410021,1,1,19,19,19,19,19,19,19,19,19,19
410021,2,1,0,0,0,0,0,0,0,0,0,0
410022,0,1,0,0,0,0,0,0,0,0,0,0
410022,1,1,0,0,0,0,0,0,0,0,0,0
410023,1,1,0,0,0,0,0,0,0,0,0,0
410023,2,1,7,0,0,0,0,0,0,0,0,0
410024,1,1,0,0,0,0,0,0,0,0,0,0
410025,1,1,18,18,18,18,18,18,18,18,18,18
410025,2,1,0,0,0,0,0,0,0,0,0,0
410025,3,1,0,0,0,0,0,0,0,0,0,0
410025,4,1,0,0,0,0,0,0,0,0,0,0
410026,1,1,31,31,31,31,31,31,31,31,31,31
410027,1,1,30,30,30,30,30,30,30,30,30,30
410028,1,1,0,0,0,0,0,0,0,0,0,0
410028,2,1,0,0,0,0,0,0,0,0,0,0
410028,3,1,0,0,0,0,0,0,0,0,0,0
410028,4,1,0,0,0,0,0,0,0,7,0,0
410029,1,1,0,0,0,0,0,0,0,0,0,0
410029,2,1,0,0,0,0,0,0,0,0,0,0
410029,3,1,0,0,0,19,0,0,0,0,0,0
410030,1,1,21,21,21,21,21,21,21,21,21,21
410031,0,1,0,0,0,0,0,0,0,0,0,0
410031,1,1,0,0,0,0,0,0,0,0,0,0
410032,1,1,14,14,14,14,14,14,14,14,14,14
410033,1,1,0,0,0,0,8,0,0,0,29,0
410034,1,1,0,0,0,0,0,0,0,0,0,0
410034,2,1,0,0,0,0,0,0,0,0,0,0
410035,0,1,19,19,19,19,19,19,19,19,19,19
410035,1,1,0,0,22,0,0,0,0,0,0,0
410036,1,1,19,19,19,19,19,19,19,19,19,19
410037,1,1,0,0,0,0,0,0,0,0,0,0
410038,1,1,18,18,18,18,18,18,18,18,18,18
410039,1,1,18,18,18,18,18,18,18,18,18,18
410040,1,1,4,4,4,4,4,4,4,4,4,4
410041,1,1,0,0,0,0,0,0,0,0,0,0
410041,2,1,0,0,0,0,0,0,0,0,0,0
410042,1,1,0,0,0,10,0,0,28,0,17,5
410043,1,1,0,0,0,0,0,0,0,0,0,0
410044,0,1,19,19,19,19,19,19,19,19,19,19
410044,1,1,0,0,0,0,0,0,0,0,0,0
410045,1,1,0,0,0,0,0,0,0,0,0,0
410045,2,1,0,0,21,0,0,0,0,16,0,16
410045,3,1,0,0,0,0,0,0,0,0,0,0
410046,1,1,0,0,0,0,0,0,0,0,0,0
410047,1,1,19,19,19,19,19,19,19,19,19,19
410047,2,1,0,0,0,0,0,0,0,0,0,0
410048,0,1,30,30,30,30,30,30,30,30,30,30
410048,1,1,0,0,0,0,0,0,0,0,0,0
410049,1,1,22,22,22,22,22,22,22,22,22,22
410050,1,1,0,0,0,0,0,0,0,0,0,0
410050,2,1,0,0,0,0,0,0,0,0,0,0
410051,0,1,0,0,0,0,0,0,0,0,0,0
410051,1,1,0,0,0,0,0,0,0,0,13,0
410052,0,1,0,0,0,0,0,0,0,0,0,0
410052,1,1,0,0,0,0,15,0,13,0,0,0
410053,1,1,0,0,0,0,0,25,0,0,27,0
410054,1,1,0,0,0,0,0,0,0,0,0,0
410054,2,1,0,0,0,0,0,0,0,0,0,0
410055,1,1,0,0,0,0,0,0,0,0,7,21
410055,2,1,0,0,0,0,0,0,0,0,0,0
410056,1,1,0,0,11,0,9,0,0,0,0,0
410056,2,1,0,0,0,0,0,0,0,0,0,0
410057,1,1,2,2,2,2,2,2,2,2,2,2
410058,0,1,0,0,0,0,0,0,0,0,0,0
410058,1,1,0,0,0,0,0,0,0,0,0,0
410059,0,1,0,0,0,0,0,0,0,0,0,0
410059,1,1,0,0,0,0,0,0,0,0,0,0
410060,1,1,0,0,0,0,0,0,0,0,0,0
410060,2,1,0,0,0,0,0,0,0,0,0,6
410061,0,1,0,0,0,0,0,0,0,0,0,0
410061,1,1,0,0,0,0,0,0,0,0,0,0
410062,1,1,0,16,0,0,0,0,0,0,24,0
410063,1,1,23,23,23,23,23,23,23,23,23,23
410064,0,1,0,0,0,0,0,0,0,0,0,0
410064,1,1,0,0,0,0,0,0,0,0,0,0
410065,1,1,18,18,18,18,18,18,18,18,18,18
410066,0,1,6,6,6,6,6,6,6,6,6,6
410066,1,1,0,0,0,0,0,0,0,0,0,0
410067,1,1,0,0,0,0,0,0,0,0,0,0
410067,2,1,0,0,0,0,0,0,0,0,0,0
410068,1,1,0,0,0,0,0,0,0,0,0,0
410068,2,1,0,0,0,0,0,0,0,0,0,0
410069,1,1,0,0,0,0,0,0,0,0,0,0
410070,0,1,0,0,0,0,0,0,0,0,0,0
410070,1,1,0,0,0,0,0,0,0,0,0,0
410071,1,1,0,0,27,12,0,21,17,12,0,0
410072,1,1,21,21,21,21,21,21,21,21,21,21
410072,2,1,0,0,0,0,0,0,0,0,0,0
410073,1,1,0,0,0,0,0,0,0,0,0,0
410073,2,1,0,0,0,0,0,0,0,0,0,0
410073,3,1,0,0,0,0,0,0,0,0,0,0
410074,1,1,23,23,23,23,23,23,23,23,23,23
410075,1,1,0,0,0,0,0,0,0,0,0,0
410076,1,1,23,23,23,23,23,23,23,23,23,23
410076,2,1,4,4,4,4,4,4,4,4,4,4
410077,1,1,0,0,0,0,0,0,0,0,0,0
410078,0,1,0,0,0,0,0,0,0,0,0,0
410078,1,1,0,0,0,0,0,0,0,0,0,0
410079,1,1,0,0,0,0,0,0,0,0,0,0
410079,2,1,0,0,0,0,0,0,0,0,0,0
410080,1,1,11,11,11,11,11,11,11,11,11,11
410081,1,1,0,0,0,0,0,0,0,0,0,0
410082,1,1,0,0,0,0,0,0,0,0,0,0
410082,2,1,0,0,0,0,0,0,0,0,20,0
410082,3,1,0,0,0,0,0,0,0,0,0,0
410083,1,1,0,0,0,0,0,0,0,0,0,0
410084,1,1,0,0,0,0,0,0,0,0,0,0
410085,1,1,0,0,0,0,0,0,0,0,0,0
410086,1,1,0,0,0,0,0,0,0,0,0,0
410087,1,1,0,0,0,0,0,0,0,0,0,0
410088,1,1,0,0,0,0,0,0,0,0,0,0
410088,2,1,0,9,0,13,0,0,0,0,0,0
410089,1,1,0,9,0,0,0,0,0,13,0,0
410089,2,1,0,0,0,0,0,0,0,0,0,0
410090,1,1,20,20,20,20,20,20,20,20,20,20
410090,2,1,0,0,0,0,0,0,0,0,0,0
410091,1,1,0,0,0,0,28,0,0,0,0,0
410092,1,1,5,5,5,5,5,5,5,5,5,5
410093,1,1,0,0,0,0,0,0,0,0,0,0
410093,2,1,0,0,0,0,0,0,0,0,0,0
410094,0,1,0,0,0,0,0,0,0,0,0,0
410094,1,1,0,0,36,0,0,0,0,0,0,0
410095,0,1,0,19,0,0,0,0,0,10,0,0
410095,1,1,0,0,0,0,0,0,0,0,9,0
410096,0,1,0,0,0,0,0,0,0,0,0,0
410096,1,1,0,0,18,0,0,0,0,0,0,0
410097,1,1,17,17,17,17,17,17,17,17,17,17
410098,1,1,0,0,0,0,0,0,0,0,0,0
410098,2,1,0,0,0,0,0,0,0,0,0,0
410099,1,1,0,0,0,0,0,0,0,0,0,0
410100,1,1,0,0,0,0,0,0,0,0,0,0
410100,2,1,0,0,0,0,0,0,0,0,0,47
410101,1,1,0,0,0,0,0,0,0,0,0,0
410102,0,1,0,0,0,22,0,0,20,16,24,0
410102,0,2,0,12,0,0,0,0,0,0,12,0
410102,1,1,0,0,0,0,9,0,0,0,0,0
410103,1,1,0,0,0,0,0,0,0,0,0,0
410104,1,1,0,0,0,0,0,0,0,0,0,0
410104,2,1,0,0,0,0,0,18,0,0,5,0
410105,1,1,0,0,0,0,0,0,0,0,0,0
410106,1,1,0,0,0,0,0,0,0,0,0,0
410106,2,1,0,0,0,0,9,17,0,0,0,0
410107,1,1,0,0,0,0,0,0,0,0,0,0
410108,1,1,0,0,0,0,0,0,0,0,0,0
410108,2,1,0,0,0,0,0,0,0,0,0,0
410109,1,1,4,4,4,4,4,4,4,4,4,4
410110,0,1,0,0,0,0,0,0,0,0,0,0
410110,1,1,0,0,0,0,0,0,0,0,0,4
410111,1,1,0,25,30,0,0,24,0,0,18,0
410111,2,1,0,0,9,0,0,0,0,0,0,7
410111,3,1,0,27,0,0,0,0,0,0,0,0
410112,1,1,0,0,0,0,0,0,0,0,0,0
410113,1,1,0,0,0,0,0,0,0,0,0,0
410113,2,1,0,0,21,0,0,0,0,0,0,0
410113,3,1,0,0,0,0,0,0,17,0,0,0
410114,0,1,22,22,22,22,22,22,22,22,22,22
410114,1,1,0,0,0,0,0,0,0,0,0,0
410115,1,1,10,10,10,10,10,10,10,10,10,10
410115,2,1,0,0,0,0,0,0,0,0,0,0
410116,1,1,0,0,0,0,0,0,2,0,0,0
410117,1,1,7,7,7,7,7,7,7,7,7,7
410117,2,1,0,29,15,0,21,12,52,16,0,0
410118,0,1,16,16,16,16,16,16,16,16,16,16
410118,1,1,8,0,0,0,18,15,0,0,15,31
410119,0,1,0,0,0,0,0,0,0,0,0,0
410119,1,1,20,0,0,0,0,0,0,0,0,0
410120,1,1,4,4,4,4,4,4,4,4,4,4
410120,2,1,0,0,0,0,0,0,0,0,0,0
410121,1,1,13,13,13,13,13,13,13,13,13,13
410122,1,1,6,6,6,6,6,6,6,6,6,6
410122,2,1,0,0,0,0,0,0,0,4,0,13
410123,1,1,7,7,7,7,7,7,7,7,7,7
410123,2,1,0,0,0,0,0,0,28,0,4,0
410124,1,1,10,10,10,10,10,10,10,10,10,10
410125,1,1,0,0,0,0,0,0,0,0,0,0
410125,2,1,0,19,0,0,0,0,0,12,0,9
410126,0,1,9,9,9,9,9,9,9,9,9,9
410126,1,1,0,0,0,0,0,0,23,5,0,0
410127,0,1,0,0,0,0,0,0,0,0,0,0
410127,1,1,0,0,0,0,0,0,0,0,0,0
410128,1,1,22,4,36,28,17,17,9,16,8,20
410129,1,1,13,13,13,13,13,13,13,13,13,13
410130,1,1,12,12,12,12,12,12,12,12,12,12
410131,1,1,0,0,0,0,0,0,0,0,0,0
410131,2,1,0,0,0,0,0,0,0,0,0,0
410132,1,1,0,0,0,0,0,0,0,0,0,0
410132,2,1,0,9,0,0,0,17,8,0,0,6
410134,0,1,0,0,0,0,0,0,0,0,0,0
410134,0,2,0,11,0,24,0,0,0,0,0,0
410134,1,1,0,0,0,20,0,0,0,0,9,0
410136,1,1,40,40,40,40,40,40,40,40,40,40
410136,2,1,0,0,0,30,0,0,10,0,0,18
410137,1,1,0,0,14,13,0,0,14,12,30,11
410138,1,1,18,18,18,18,18,18,18,18,18,18
410139,1,1,28,28,28,28,28,28,28,28,28,28
410139,2,1,0,0,0,0,18,12,0,0,16,0
410140,1,1,0,0,0,0,0,0,0,0,0,0
410141,0,1,0,0,0,0,0,0,0,0,0,0
410141,1,1,0,18,0,0,0,0,0,0,0,0
410142,1,1,0,0,0,0,15,0,0,0,2,0
410142,2,1,0,0,0,0,0,0,0,0,0,0
410143,1,1,15,15,15,15,15,15,15,15,15,15
410144,1,1,0,8,0,0,15,13,0,0,0,0
410144,2,1,0,0,0,0,0,0,0,0,0,0
410145,1,1,0,0,0,0,0,0,0,0,0,0
410145,2,1,0,0,0,0,0,0,0,0,0,0
410146,1,1,0,0,0,0,0,0,0,0,0,0
410146,2,1,0,0,0,0,0,0,0,0,0,0
410147,1,1,13,13,13,13,13,13,13,13,13,13
410148,0,1,16,16,16,16,16,16,16,16,16,16
410148,1,1,0,28,11,23,0,0,0,17,9,30
410149,1,1,0,0,0,0,0,0,0,0,0,0
410149,2,1,24,0,0,0,0,0,32,0,0,0
410150,0,1,0,0,0,0,0,0,0,0,0,0
410150,1,1,14,15,0,26,0,25,0,7,6,20
410151,1,1,0,0,0,0,0,0,0,0,0,0
410152,1,1,0,0,0,0,0,0,0,0,0,0
410153,1,1,10,0,0,0,0,0,0,0,0,0
410153,2,1,0,0,0,0,0,0,0,0,0,0
410154,1,1,17,17,17,17,17,17,17,17,17,17
410155,0,1,0,0,0,0,0,0,0,0,0,0
410155,1,1,7,0,11,0,0,0,0,0,26,0
410156,0,1,0,0,0,0,0,0,0,0,0,0
410156,1,1,10,10,10,10,10,10,10,10,10,10
410157,1,1,18,18,18,18,18,18,18,18,18,18
410158,1,1,31,31,31,31,31,31,31,31,31,31
410158,2,1,21,0,0,0,0,0,0,0,18,10
410159,1,1,29,29,29,29,29,29,29,29,29,29
410160,0,1,0,0,0,0,0,0,0,0,0,0
410160,1,1,0,0,0,0,0,0,0,8,0,20
410161,1,1,0,0,0,0,0,0,0,0,0,0
410161,2,1,0,0,0,0,0,0,0,0,0,0
410162,1,1,0,0,0,0,0,0,0,0,0,0
410162,2,1,0,0,0,0,0,0,0,0,0,0
410163,1,1,0,0,0,0,0,0,0,0,0,0
410164,1,1,0,0,14,0,0,0,0,10,0,10
410164,2,1,0,0,0,0,0,0,0,0,0,0
410165,1,1,0,0,0,0,0,0,0,0,0,0
410165,2,1,0,0,0,0,0,0,0,0,0,0
410165,3,1,0,0,0,0,15,37,0,0,0,0
410165,4,1,0,0,0,0,0,0,0,0,0,0
410166,1,1,0,0,0,0,0,0,0,0,0,0
410166,2,1,0,0,0,0,0,0,0,0,0,0
410166,3,1,0,0,0,0,0,0,0,0,0,0
410167,1,1,0,0,0,0,0,0,0,0,0,0
410167,2,1,6,6,6,6,6,6,6,6,6,6
410168,1,1,0,0,0,0,0,0,14,0,0,0
410168,2,1,0,0,0,0,0,0,0,0,0,0
410169,1,1,24,0,0,0,0,0,0,3,0,0
410169,2,1,0,0,5,0,28,0,0,0,0,0
410170,1,1,30,30,30,30,30,30,30,30,30,30
410171,1,1,21,21,21,21,21,21,21,21,21,21
410172,0,1,0,0,0,0,0,0,0,0,0,0
410172,1,1,0,0,0,0,0,0,0,0,0,0
410172,2,1,0,0,0,0,0,0,0,0,0,0
410172,3,1,0,0,0,0,0,36,8,0,0,0
410173,1,1,9,9,9,9,9,9,9,9,9,9
410174,0,1,0,0,0,0,0,0,0,0,0,0
410174,1,1,0,0,0,0,0,0,0,0,0,0
410175,1,1,0,0,0,0,0,0,0,0,0,0
410175,2,1,0,0,0,0,0,0,0,0,0,0
410176,1,1,26,26,26,26,26,26,26,26,26,26
410177,1,1,9,9,9,9,9,9,9,9,9,9
410178,1,1,11,11,11,11,11,11,11,11,11,11
410179,1,1,0,0,0,0,0,0,0,0,0,0
410179,2,1,3,3,3,3,3,3,3,3,3,3
410180,1,1,20,20,20,20,20,20,20,20,20,20
410180,2,1,0,0,0,0,0,0,0,0,0,0
410181,1,1,0,0,0,0,0,0,0,0,0,0
410181,2,1,0,10,0,0,0,0,13,0,0,0
410182,1,1,0,0,0,0,0,0,0,0,0,0
410183,0,1,0,0,0,0,0,0,0,0,0,0
410183,1,1,35,0,0,0,0,0,0,0,0,0
410184,1,1,15,15,15,15,15,15,15,15,15,15
410185,1,1,0,0,0,0,0,0,0,0,0,0
410186,1,1,0,0,0,0,0,0,0,0,0,0
410187,1,1,0,0,0,0,0,0,0,0,0,0
410188,1,1,24,24,24,24,24,24,24,24,24,24
410188,2,1,0,0,0,0,0,0,0,0,0,0
410188,3,1,0,0,0,12,0,14,0,0,14,0
410189,1,1,0,0,0,0,0,0,12,0,0,0
410189,2,1,0,0,16,0,0,0,0,0,0,8
410191,1,1,2,2,2,2,2,2,2,2,2,2
410191,2,1,0,0,0,0,0,0,0,0,0,0
410192,1,1,24,24,24,24,24,24,24,24,24,24
410193,1,1,0,0,0,0,13,0,0,9,0,0
410193,2,1,0,0,0,0,0,0,0,0,0,0
410194,0,1,0,0,0,0,0,0,0,0,0,0
410194,1,1,0,0,0,0,0,0,0,0,0,0
410195,1,1,15,15,15,15,15,15,15,15,15,15
410196,0,1,0,0,0,0,0,0,0,0,0,0
410196,1,1,0,0,14,0,0,0,0,0,0,0
410197,1,1,0,0,0,0,0,0,0,0,0,0
410198,1,1,20,20,20,20,20,20,20,20,20,20
410199,1,1,0,0,0,0,0,0,0,0,0,0
410200,1,1,13,13,13,13,13,13,13,13,13,13
410200,2,1,0,0,0,0,0,0,0,0,0,0
410201,1,1,0,0,0,0,0,0,0,0,0,0
410201,2,1,0,0,17,0,0,14,0,0,0,0
410202,1,1,0,0,0,0,0,0,0,0,0,0
410202,2,1,0,0,0,0,0,0,0,0,0,0
410202,3,1,0,0,0,0,0,0,0,0,0,0
410202,4,1,0,0,0,0,0,12,0,0,0,0
410202,5,1,0,0,2,0,0,0,0,0,0,0
410203,1,1,1,1,1,1,1,1,1,1,1,1
410203,2,1,0,0,15,0,0,0,20,10,0,0
410204,1,1,0,0,0,0,0,0,0,0,0,0
410204,2,1,0,0,0,0,20,0,0,0,0,18
410205,1,1,24,24,24,24,24,24,24,24,24,24
410205,2,1,0,0,0,0,0,0,0,0,0,0
410206,1,1,19,0,14,8,14,0,0,0,6,0
410206,2,1,0,0,11,5,0,0,0,0,0,0
410207,1,1,0,0,0,0,0,0,0,0,0,0
410208,1,1,0,0,0,0,0,0,0,0,0,0
410209,1,1,0,0,0,0,0,0,0,0,0,0
410209,2,1,0,0,0,0,0,0,0,0,0,0
410210,1,1,0,0,0,0,0,0,0,0,0,0
410211,1,1,0,0,0,0,0,0,0,0,0,0
410211,2,1,0,0,0,0,0,0,0,0,0,0
410212,1,1,0,25,9,0,0,34,22,0,24,0
410213,1,1,0,0,0,0,0,0,0,0,0,0
410214,1,1,0,0,0,0,0,0,0,0,0,0
410214,2,1,0,0,20,0,0,0,12,18,0,0
410215,1,1,7,7,7,7,7,7,7,7,7,7
410216,1,1,11,11,11,11,11,11,11,11,11,11
410217,1,1,0,0,0,0,0,0,0,0,0,0
410217,2,1,0,10,0,0,0,0,0,0,14,0
410218,1,1,30,0,0,0,0,0,0,0,0,0
410220,1,1,0,0,14,0,15,0,21,0,17,13
410220,2,1,0,0,0,0,0,0,0,15,0,12
410221,1,1,0,15,8,4,14,23,21,46,32,8
410222,1,1,22,22,22,22,22,22,22,22,22,22
410223,1,1,0,0,0,0,0,0,0,0,0,0
410224,1,1,9,9,9,9,9,9,9,9,9,9
410225,1,1,1,1,1,1,1,1,1,1,1,1
410226,1,1,22,22,22,22,22,22,22,22,22,22
410226,2,1,0,0,0,0,0,0,0,14,0,0
410227,1,1,0,0,0,0,0,0,0,0,0,0
410227,2,1,0,0,0,0,0,0,0,0,0,0
410228,1,1,0,0,0,0,0,0,0,0,0,0
410228,2,1,12,0,0,0,0,0,0,0,0,0
410229,1,1,0,0,0,0,0,0,0,0,0,0
410230,1,1,0,10,15,0,21,15,29,20,6,16
410231,1,1,21,21,21,21,21,21,21,21,21,21
410232,1,1,0,0,0,0,0,0,0,0,0,0
410232,2,1,0,0,0,0,0,0,0,0,0,0
410232,3,1,0,0,0,0,0,0,0,0,0,0
410233,1,1,0,0,0,0,0,0,0,0,0,0
410233,2,1,0,0,0,0,0,16,0,0,0,14
410233,3,1,0,0,0,0,6,0,0,17,0,0
410234,1,1,20,20,20,20,20,20,20,20,20,20
410234,2,1,0,0,0,0,0,30,0,0,0,0
410235,1,1,18,18,18,18,18,18,18,18,18,18
410235,2,1,0,0,0,0,0,0,0,0,0,0
410236,1,1,0,0,0,0,0,0,0,0,0,0
410237,1,1,11,11,11,11,11,11,11,11,11,11
410237,2,1,0,0,0,0,0,0,0,0,0,0
410238,1,1,0,0,0,0,0,0,0,0,0,0
410239,1,1,5,5,5,5,5,5,5,5,5,5
410239,2,1,0,0,0,0,0,0,0,0,0,0
410240,0,1,0,0,0,0,0,0,0,0,0,0
410240,1,1,0,0,0,0,0,0,30,11,0,0
410241,1,1,0,0,0,0,0,0,0,0,0,0
410241,2,1,0,0,0,0,0,0,0,0,0,0
410242,1,1,27,27,27,27,27,27,27,27,27,27
410242,2,1,0,0,0,0,0,0,0,0,0,0
410243,1,1,0,0,0,0,0,0,0,0,0,0
410243,2,1,0,0,0,0,0,0,0,0,0,0
410244,1,1,19,19,19,19,19,19,19,19,19,19
410245,1,1,10,10,10,10,10,10,10,10,10,10
410246,1,1,0,0,0,0,0,0,0,0,0,0
410246,2,1,0,0,0,0,0,0,0,0,0,0
410247,1,1,0,0,0,18,0,0,0,0,0,0
410247,2,1,0,0,0,0,0,0,0,0,0,0
410247,3,1,0,0,0,0,0,0,0,0,0,0
410248,1,1,2,2,2,2,2,2,2,2,2,2
410248,2,1,0,0,0,0,0,0,0,0,0,0
410249,1,1,0,0,0,0,0,0,0,0,0,0
410249,2,1,0,0,0,0,0,0,0,0,0,0
410250,1,1,24,24,24,24,24,24,24,24,24,24
410251,1,1,11,11,11,11,11,11,11,11,11,11
410252,1,1,0,0,0,0,0,0,0,0,0,0
410252,2,1,0,0,0,0,0,0,0,0,0,0
410253,0,1,28,28,28,28,28,28,28,28,28,28
410253,1,1,0,0,0,0,0,0,0,0,0,0
410254,1,1,0,0,0,0,0,0,0,0,0,0
410255,0,1,0,0,0,0,0,0,0,0,0,0
410255,1,1,0,0,0,0,0,0,0,0,0,0
410256,1,1,0,0,0,0,0,0,0,0,0,0
410256,2,1,0,0,0,0,0,9,0,0,0,0
410257,1,1,40,40,40,40,40,40,40,40,40,40
410258,0,1,0,0,0,0,0,0,0,0,0,0
410258,1,1,0,0,0,0,0,0,0,0,0,0
410259,1,1,3,3,3,3,3,3,3,3,3,3
410259,2,1,0,0,0,0,11,0,0,0,0,0
410260,1,1,0,0,0,7,0,21,0,0,0,11
410260,2,1,0,0,0,0,0,0,0,0,0,0
410261,1,1,25,25,25,25,25,25,25,25,25,25
410261,2,1,23,23,23,23,23,23,23,23,23,23
410262,1,1,15,15,15,15,15,15,15,15,15,15
410263,1,1,0,23,0,0,0,0,0,0,0,0
410263,2,1,0,0,0,0,0,0,0,0,0,0
410264,1,1,0,0,0,0,0,0,0,0,0,0
410264,2,1,0,0,0,0,0,0,0,0,0,0
410265,1,1,0,0,0,0,0,0,0,0,0,0
410265,2,1,0,0,0,0,0,0,0,0,0,0
410266,1,1,5,5,5,5,5,5,5,5,5,5
410267,1,1,0,0,0,0,0,0,0,0,0,0
410267,2,1,0,0,0,13,0,0,0,0,26,0
410268,1,1,0,0,0,0,0,0,0,0,0,0
410269,1,1,3,3,3,3,3,3,3,3,3,3
410270,0,1,0,0,0,0,0,0,0,0,0,0
410270,1,1,3,3,3,3,3,3,3,3,3,3
410271,0,1,0,0,0,9,0,18,0,0,0,0
410271,1,1,20,0,0,3,0,0,6,7,0,0
410272,0,1,0,0,0,20,0,0,27,10,0,0
410272,0,2,0,0,0,0,0,23,19,13,22,0
410272,1,1,0,12,0,0,0,0,7,0,0,0
410273,1,1,19,19,19,19,19,19,19,19,19,19
410274,1,1,0,0,0,0,0,0,0,0,0,0
410275,1,1,0,0,0,0,0,0,0,0,0,0
410275,2,1,0,0,0,0,0,0,9,15,0,16
410276,1,1,0,0,0,0,0,0,0,0,0,0
410276,2,1,13,0,0,0,0,0,0,0,0,0
410277,1,1,0,0,0,0,0,0,0,0,0,0
410278,1,1,0,0,0,0,0,0,0,0,0,0
410278,2,1,0,0,0,0,0,0,0,0,0,0
410279,1,1,24,24,24,24,24,24,24,24,24,24
410280,0,1,0,0,0,0,0,0,0,0,0,0
410280,1,1,0,0,0,0,11,0,0,0,0,0
410281,1,1,11,11,11,11,11,11,11,11,11,11
410282,1,1,21,21,21,21,21,21,21,21,21,21
410283,0,1,0,0,0,0,0,0,0,0,0,0
410283,1,1,4,4,4,4,4,4,4,4,4,4
410284,0,1,0,0,14,36,0,48,33,0,40,0
410284,1,1,0,0,0,0,0,0,17,0,0,0
410285,0,1,0,0,20,0,0,0,0,4,28,0
410285,1,1,0,0,0,0,0,0,0,0,27,0
410286,1,1,0,0,0,0,0,0,0,0,0,0
410287,0,1,0,0,0,0,33,0,10,0,0,21
410287,1,1,0,0,8,10,0,0,0,0,0,21
410288,1,1,0,0,0,0,0,0,0,0,0,0
410289,1,1,28,19,6,11,23,16,14,5,8,10
410289,2,1,0,18,0,5,0,13,32,0,0,13
410289,3,1,8,0,0,0,26,0,33,13,0,0
410291,1,1,0,0,0,0,23,0,0,0,0,0
410292,1,1,22,22,22,22,22,22,22,22,22,22
410293,1,1,0,0,0,0,0,0,0,0,0,0
410293,2,1,0,0,19,0,0,0,0,0,0,0
410294,1,1,0,0,0,0,0,0,0,0,0,0
410295,1,1,0,0,0,0,0,0,0,0,0,0
410295,2,1,0,18,15,0,0,0,0,0,0,20
410296,0,1,0,0,0,0,0,0,0,0,0,0
410297,1,1,23,0,15,0,0,0,0,0,16,35
410298,1,1,19,19,19,19,19,19,19,19,19,19
410300,1,1,16,16,16,16,16,16,16,16,16,16
410301,1,1,0,0,0,0,0,0,0,0,0,0
410301,2,1,0,0,0,0,0,0,0,0,0,0
410301,3,1,0,0,0,0,0,0,0,0,0,0
410302,1,1,0,0,0,0,0,0,0,0,0,0