ST_CASE,VEH_NO,PER_NO,P1,P2,P3,P4,P5,P6,P7,P8,P9,P10
410303,0,1,0,0,0,0,0,0,0,0,0,0
410303,1,1,0,0,0,0,0,0,0,0,0,0
410303,2,1,0,0,0,0,0,0,0,0,0,0
410304,1,1,24,24,24,24,24,24,24,24,24,24
410305,0,1,18,0,0,9,0,0,0,0,8,0
410305,1,1,32,9,20,0,0,16,0,0,31,0
410306,1,1,10,10,10,10,10,10,10,10,10,10
410308,1,1,0,0,0,0,0,0,0,0,0,0
410308,2,1,0,0,0,0,0,0,0,0,0,0
410309,1,1,0,0,0,0,0,0,0,0,0,0
410309,2,1,0,0,0,0,0,0,0,0,0,0
410310,1,1,16,16,16,16,16,16,16,16,16,16
410311,1,1,29,29,29,29,29,29,29,29,29,29
410312,1,1,9,25,0,0,8,0,0,9,0,0
410312,2,1,0,0,0,0,0,0,0,0,0,0
410313,0,1,0,0,0,0,0,0,2,5,0,0
410313,1,1,0,0,14,0,8,0,13,11,0,9
410314,0,1,27,27,27,27,27,27,27,27,27,27
410314,1,1,10,0,13,6,9,0,0,21,0,35
410315,1,1,0,0,0,0,0,0,0,0,0,0
410316,1,1,4,4,4,4,4,4,4,4,4,4
410317,0,1,10,10,10,10,10,10,10,10,10,10
410317,1,1,0,0,0,0,0,0,0,0,0,0
410318,1,1,20,20,20,20,20,20,20,20,20,20
410319,0,1,0,0,0,0,0,0,0,0,0,0
410319,1,1,0,0,0,0,0,0,0,0,0,0
410320,1,1,2,2,2,2,2,2,2,2,2,2
410321,1,1,18,18,11,12,10,0,37,13,13,0
410322,1,1,0,0,0,0,0,0,0,0,0,13
410323,0,1,29,0,0,20,26,0,0,9,25,0
410323,1,1,0,16,16,0,16,0,0,0,0,0
410323,2,1,0,0,0,0,0,0,0,0,0,0
410323,3,1,0,0,0,0,0,0,0,0,0,0
410325,1,1,17,17,17,17,17,17,17,17,17,17
410326,0,1,0,0,0,0,0,0,0,0,0,0
410326,1,1,0,0,15,0,11,16,0,0,0,0
410327,0,1,13,34,32,19,27,13,27,22,20,27
410327,1,1,0,0,20,0,0,0,17,0,23,0
410328,1,1,0,18,0,15,0,0,0,0,0,0
410328,2,1,0,0,0,0,12,0,0,0,0,0
410328,3,1,0,0,0,0,10,0,0,0,0,0
410329,1,1,0,0,21,0,0,0,0,7,0,0
410329,2,1,2,0,0,0,0,0,0,0,0,0
410329,3,1,0,0,0,0,0,0,0,0,0,0
410330,1,1,3,3,3,3,3,3,3,3,3,3
410331,0,1,23,23,23,23,23,23,23,23,23,23
410331,1,1,0,0,15,0,0,0,0,14,0,9
410331,2,1,0,17,0,0,0,0,29,11,0,0
410332,1,1,0,0,0,0,0,0,0,0,0,2
410332,2,1,0,0,0,0,0,0,0,0,0,0
410333,1,1,15,15,15,15,15,15,15,15,15,15
410333,2,1,0,0,0,0,0,0,0,0,0,0
410334,0,1,21,17,0,13,0,3,0,2,14,21
410334,1,1,22,0,0,23,0,0,0,0,0,23
410335,1,1,10,10,10,10,10,10,10,10,10,10
410335,2,1,20,20,20,20,20,20,20,20,20,20
410336,1,1,0,0,0,0,27,0,0,0,0,0
410336,2,1,0,0,0,0,0,0,0,0,0,0
410337,1,1,0,0,0,0,0,0,0,0,0,0
410338,1,1,0,0,0,0,0,0,0,0,0,0
410339,1,1,40,40,40,40,40,40,40,40,40,40
410340,1,1,0,0,0,0,0,0,0,0,0,0
410342,1,1,0,0,0,0,0,0,0,0,0,0
410342,2,1,0,12,11,0,0,0,0,0,0,0
410343,1,1,0,0,0,4,0,0,0,0,0,0
410344,1,1,22,22,22,22,22,22,22,22,22,22
410345,1,1,12,12,12,12,12,12,12,12,12,12
410345,2,1,0,0,0,0,6,0,0,0,8,0
410346,1,1,9,9,9,9,9,9,9,9,9,9
410347,1,1,26,26,26,26,26,26,26,26,26,26
410347,2,1,0,0,0,0,0,0,0,0,0,0
410348,0,1,0,0,0,0,0,0,0,0,0,0
410348,0,2,0,0,0,0,39,0,0,0,0,0
410348,1,1,0,0,0,0,0,0,0,0,0,19
410349,1,1,0,0,0,0,0,0,0,0,0,0
410350,1,1,16,19,20,16,17,17,25,0,0,23
410351,1,1,0,0,0,0,0,0,0,0,0,0
410351,2,1,10,10,10,10,10,10,10,10,10,10
410352,1,1,0,0,0,0,0,0,0,0,0,0
410352,2,1,0,0,0,0,0,0,0,0,0,0
410353,0,1,0,0,0,11,35,0,0,0,0,0
410353,1,1,0,0,0,0,0,0,0,0,0,3
410354,1,1,10,10,10,10,10,10,10,10,10,10
410356,1,1,0,40,0,0,0,0,17,0,0,0
410357,1,1,0,14,0,0,0,0,0,0,0,6
410358,1,1,2,2,2,2,2,2,2,2,2,2
410359,1,1,0,0,0,0,0,0,0,0,0,10
410360,1,1,0,26,0,8,0,0,0,23,0,0
410360,2,1,0,0,0,19,15,17,0,8,4,0
410361,1,1,9,22,6,34,25,13,30,17,18,13
410362,1,1,0,0,16,0,0,19,0,0,21,0
410363,0,1,0,0,0,0,0,21,0,0,18,25
410363,1,1,0,8,0,0,0,0,4,0,0,0
410364,1,1,19,19,19,19,19,19,19,19,19,19
410365,1,1,0,0,0,0,0,0,0,0,9,17
410365,2,1,0,0,0,0,0,0,0,0,0,0
410366,1,1,0,0,0,0,0,0,0,0,16,0
410366,2,1,0,15,0,0,0,29,0,0,0,0
410367,1,1,1,1,1,1,1,1,1,1,1,1
410368,1,1,0,0,0,0,0,0,0,0,0,0
410369,1,1,0,0,0,0,0,0,0,0,0,0
410369,2,1,0,0,0,0,0,0,0,0,0,0
410370,1,1,0,0,0,0,0,0,0,0,0,0
410371,0,1,0,0,0,37,0,0,0,0,0,0
410371,1,1,0,0,0,0,0,0,0,0,0,0
410372,0,1,0,0,17,22,0,8,25,0,0,19
410372,1,1,16,0,20,0,0,0,0,6,22,0
410373,1,1,6,6,6,6,6,6,6,6,6,6
410373,2,1,16,16,16,16,16,16,16,16,16,16
410373,3,1,0,0,0,0,0,0,0,0,0,0
410373,4,1,0,0,0,0,0,0,0,0,0,0
410374,0,1,0,0,0,0,0,0,0,0,0,0
410374,1,1,0,0,10,0,24,12,0,0,28,13
410375,1,1,21,21,21,21,21,21,21,21,21,21
410376,1,1,0,0,15,0,0,0,0,0,0,0
410376,2,1,0,0,0,0,0,0,0,0,0,0
410377,1,1,14,14,14,14,14,14,14,14,14,14
410378,0,1,0,0,0,0,0,0,0,0,0,0
410378,1,1,17,0,0,0,0,0,0,0,21,0
410379,0,1,0,0,0,0,0,0,0,0,0,0
410379,1,1,0,0,0,0,0,0,31,22,0,0
410380,1,1,0,0,0,0,0,0,0,44,0,0
410380,2,1,0,0,0,0,0,0,0,0,0,0
410381,1,1,0,0,0,0,0,0,0,0,0,0
410385,0,1,17,17,17,17,17,17,17,17,17,17
410385,1,1,0,0,0,0,0,0,0,0,0,0
410386,0,1,19,14,15,29,16,0,10,0,45,18
410386,1,1,0,0,0,0,0,0,0,0,0,0
410388,0,1,11,11,11,11,11,11,11,11,11,11
410388,1,1,0,0,0,0,0,0,0,0,0,0
410389,1,1,0,0,0,0,0,0,0,0,0,0
410389,2,1,0,0,0,0,0,0,0,0,0,0
410390,0,1,23,0,0,10,0,0,41,40,14,8
410390,1,1,0,0,0,0,0,0,0,0,0,0
410391,1,1,40,40,40,40,40,40,40,40,40,40
410392,1,1,31,31,31,31,31,31,31,31,31,31
410394,1,1,27,27,27,27,27,27,27,27,27,27
410394,2,1,0,0,0,0,0,0,0,0,0,0
410395,0,1,0,0,0,0,0,0,0,0,0,0
410395,1,1,0,0,0,0,0,0,0,21,0,0
410396,1,1,20,20,20,20,20,20,20,20,20,20
410397,0,1,0,0,0,0,0,0,0,0,0,0
410397,1,1,11,11,11,11,11,11,11,11,11,11
410398,1,1,0,0,0,0,0,0,0,0,0,0
410399,1,1,0,0,0,0,0,0,0,0,0,0
410399,2,1,0,0,0,0,0,0,0,0,0,0
410400,1,1,14,14,14,14,14,14,14,14,14,14
410401,1,1,3,3,3,3,3,3,3,3,3,3
410401,2,1,0,0,0,0,0,0,0,0,0,0
410402,1,1,3,3,3,3,3,3,3,3,3,3
410402,2,1,0,15,0,0,0,0,0,0,0,0
410403,1,1,21,21,21,21,21,21,21,21,21,21
410403,2,1,0,0,0,0,0,0,0,0,0,0
410404,0,1,0,0,0,0,0,0,0,0,0,0
410404,1,1,0,0,0,0,0,0,0,0,0,0
410405,1,1,0,0,28,21,0,2,21,31,0,0
410405,2,1,0,0,0,0,0,0,0,0,0,0
410406,0,1,0,0,0,0,0,0,0,0,0,0
410406,1,1,0,22,0,0,17,0,0,0,0,0
410407,1,1,31,31,31,31,31,31,31,31,31,31
410407,2,1,8,0,0,7,0,22,0,16,0,0
410408,1,1,22,22,22,22,22,22,22,22,22,22
410408,2,1,0,13,13,0,0,0,0,13,0,0
410409,1,1,0,0,0,0,0,0,0,0,0,0
410409,2,1,5,5,5,5,5,5,5,5,5,5
410410,1,1,0,0,0,0,0,0,0,0,0,0
410411,1,1,0,0,0,0,0,0,0,0,0,0
410412,1,1,17,17,17,17,17,17,17,17,17,17
410413,0,1,0,11,0,0,0,0,0,0,0,0
410413,1,1,0,0,0,33,0,0,0,0,0,0
410414,1,1,0,11,8,0,9,0,0,0,0,0
410414,2,1,0,0,0,0,0,0,0,0,0,0
410415,1,1,39,5,0,14,0,0,0,0,25,0
410416,1,1,0,0,0,0,0,0,11,0,6,0
410416,2,1,0,0,0,0,0,0,0,0,19,0
410417,1,1,33,0,12,0,0,18,5,26,22,9
410418,1,1,18,0,41,15,0,0,0,16,13,10
410419,0,1,0,0,0,21,25,3,14,0,0,17
410419,1,1,18,0,18,0,0,0,16,0,0,16
410419,2,1,0,16,0,0,0,0,25,0,27,0
410420,0,1,0,0,0,0,0,0,0,0,0,0
410420,1,1,0,0,0,0,0,0,0,0,0,0
410421,0,1,0,42,0,0,38,0,0,0,0,0
410421,0,2,0,0,0,0,0,0,8,0,0,0
410421,1,1,0,26,0,0,0,0,0,0,0,13
410422,0,1,28,28,28,28,28,28,28,28,28,28
410422,1,1,0,0,0,0,0,0,0,0,0,0
410423,1,1,13,19,18,17,15,15,16,19,18,15
410424,1,1,20,20,20,20,20,20,20,20,20,20
410425,0,1,34,0,0,0,0,0,0,0,0,0
410425,1,1,0,0,0,0,0,0,0,0,0,0
410426,1,1,0,0,0,0,0,0,0,0,0,0
410426,2,1,0,0,0,0,0,0,0,0,0,0
410427,0,1,0,0,0,0,0,0,0,0,0,0
410427,1,1,0,0,0,0,12,0,0,4,0,0
410428,0,1,0,0,0,0,9,0,10,0,0,0
410428,1,1,0,0,0,0,0,0,0,0,0,0
410429,1,1,29,10,0,0,17,0,13,17,28,19
410430,1,1,0,0,0,0,0,0,0,0,0,0
410431,1,1,0,0,0,0,0,0,0,0,0,0
410431,2,1,0,0,0,0,0,0,0,0,0,0
410432,1,1,0,0,0,0,0,0,0,0,0,0
410432,2,1,0,0,0,0,0,0,0,0,0,0
410432,3,1,0,0,0,0,0,0,0,0,0,0
410433,1,1,0,0,0,0,0,0,0,0,0,0
410433,2,1,0,0,0,0,0,0,0,0,0,0
410434,1,1,0,0,0,0,0,0,0,0,0,0
410434,2,1,0,0,0,0,0,0,0,0,0,0
410435,1,1,0,0,0,0,0,0,0,0,0,0
410435,2,1,0,0,0,0,0,0,0,0,0,0
410436,1,1,0,0,0,0,0,0,0,0,0,0
410436,2,1,0,0,0,0,0,0,0,0,0,0
410436,3,1,0,0,0,0,0,0,0,0,0,0
410437,0,1,0,0,0,0,0,0,0,0,0,0
410437,1,1,0,0,0,0,0,0,0,0,0,0
410438,0,1,0,0,0,0,0,0,0,0,0,0
410438,1,1,0,30,0,8,0,0,0,27,42,0
410439,1,1,40,40,40,40,40,40,40,40,40,40
410440,0,1,0,0,0,6,0,0,14,0,0,0
410440,1,1,0,0,0,0,0,0,0,0,0,0
410441,1,1,26,26,26,26,26,26,26,26,26,26
410442,1,1,0,0,0,0,0,0,0,0,0,0
410442,2,1,0,0,0,0,0,0,0,0,0,0
410443,1,1,0,0,28,0,0,9,0,18,0,0
410444,1,1,0,0,0,0,0,0,0,0,0,0
410446,1,1,0,26,0,0,22,0,36,14,8,11
410448,1,1,0,0,0,0,0,11,0,2,0,0
410448,2,1,0,0,0,0,0,0,0,0,0,0
410449,0,1,0,0,15,27,0,0,0,0,0,21
410449,1,1,0,0,0,0,0,19,0,0,0,19
410450,0,1,0,0,0,0,0,0,0,0,29,0
410450,1,1,0,0,0,23,0,0,0,0,18,0
410451,1,1,0,0,0,0,0,0,0,0,0,0
410451,2,1,0,0,0,0,0,0,0,0,0,0
410452,1,1,13,13,13,13,13,13,13,13,13,13
410452,2,1,15,0,0,0,0,0,0,0,0,0
410453,1,1,0,0,0,0,0,0,0,0,0,0
410453,2,1,0,0,0,0,0,0,0,0,0,0
410454,1,1,17,17,17,17,17,17,17,17,17,17
410455,1,1,0,29,0,0,14,0,0,0,0,19
410455,2,1,0,0,0,7,0,0,5,0,0,0
410456,1,1,0,0,0,0,0,0,0,0,0,0
410457,1,1,13,13,13,13,13,13,13,13,13,13
410457,2,1,0,0,0,0,0,0,0,0,0,0
410458,0,1,37,37,37,37,37,37,37,37,37,37
410458,1,1,0,0,11,0,0,8,26,15,0,0
410460,1,1,16,16,16,16,16,16,16,16,16,16
410460,2,1,0,0,0,0,0,0,0,0,0,0
410461,1,1,0,0,0,0,0,0,0,0,0,0
410462,1,1,3,3,3,3,3,3,3,3,3,3
410462,2,1,0,0,0,0,0,0,0,0,14,0
410463,0,1,0,0,0,0,0,0,0,0,0,0
410463,1,1,0,4,21,14,14,0,0,12,4,0
410464,1,1,0,0,0,0,0,0,0,0,0,0
410465,1,1,0,15,0,0,0,0,19,0,0,0
410465,2,1,0,0,0,0,0,0,0,0,0,19
410466,1,1,0,0,0,0,0,0,0,0,0,0
410467,1,1,0,0,0,0,0,0,0,0,0,0
410468,1,1,0,0,0,0,0,0,0,0,0,3
410468,2,1,5,0,0,0,0,8,0,0,9,0
410469,1,1,0,0,12,0,0,0,11,0,0,0
410469,2,1,1,1,1,1,1,1,1,1,1,1
410470,1,1,2,2,2,2,2,2,2,2,2,2
410471,1,1,37,29,0,0,0,0,0,0,0,0
410472,1,1,6,0,0,0,44,29,15,0,0,0
410473,0,1,0,0,21,0,24,0,26,0,35,0
410473,1,1,14,0,0,0,11,0,0,0,0,21
420001,1,1,0,0,0,0,0,0,0,0,0,0
420002,1,1,22,22,22,22,22,22,22,22,22,22
420003,1,1,34,24,0,15,16,23,18,17,24,0
420003,2,1,0,0,0,0,23,0,0,0,0,0
420004,1,1,0,0,0,0,0,0,0,0,0,0
420005,0,1,0,0,0,0,0,0,37,0,0,0
420005,1,1,0,0,0,0,0,0,0,0,0,0
420006,0,1,0,0,0,0,0,0,0,0,0,0
420006,1,1,0,0,0,0,0,0,0,0,0,0
420007,0,1,16,16,16,16,16,16,16,16,16,16
420007,1,1,30,0,0,0,36,0,0,0,0,0
420008,1,1,0,0,0,0,0,21,0,0,0,0
420008,2,1,0,0,0,0,0,0,0,0,0,8
420009,0,1,0,0,0,0,0,0,0,0,0,0
420009,0,2,0,0,0,0,0,0,0,0,0,0
420009,0,3,0,0,0,0,0,0,0,0,0,0
420009,1,1,0,0,0,0,0,0,0,0,0,0
420010,0,1,0,0,0,0,0,0,0,0,0,0
420010,1,1,0,0,0,0,0,0,0,0,0,0
420011,1,1,0,0,0,0,0,0,0,0,0,0
420011,2,1,0,0,0,0,0,0,0,0,0,0
420012,1,1,12,12,12,12,12,12,12,12,12,12
420012,2,1,0,0,0,0,0,0,0,0,0,0
420013,1,1,0,0,0,0,0,0,0,0,0,0
420013,2,1,0,0,0,0,0,0,0,0,0,0
420014,1,1,0,0,0,12,19,29,10,0,17,21
420014,2,1,0,0,0,0,0,0,0,0,0,0
420015,1,1,0,0,0,5,0,0,0,0,0,0
420015,2,1,0,17,0,0,0,0,0,0,0,0
420016,1,1,0,0,0,0,0,0,0,0,0,0
420017,1,1,0,0,0,0,0,0,0,0,0,0
420017,2,1,0,0,0,0,0,0,0,0,0,0
420018,1,1,0,0,0,0,0,0,0,0,0,0
420019,1,1,0,0,0,0,0,0,0,0,0,0
420019,2,1,0,0,17,22,0,0,0,0,0,0
420019,3,1,0,0,0,0,0,0,0,0,0,0
420020,1,1,2,2,2,2,2,2,2,2,2,2
420020,2,1,0,0,0,0,0,0,0,0,0,0
420020,3,1,0,0,0,0,0,0,0,0,0,0
420021,1,1,0,0,0,0,0,0,0,0,0,0
420021,2,1,0,0,0,0,0,0,0,0,0,0
420022,1,1,0,0,0,0,0,0,0,0,0,0
420022,2,1,0,0,0,0,0,0,0,0,0,0
420023,1,1,0,0,0,0,0,0,0,0,0,0
420023,2,1,0,0,0,0,0,0,0,0,0,0
420024,1,1,0,0,0,0,0,0,0,0,0,0
420025,1,1,16,16,16,16,16,16,16,16,16,16
420026,1,1,0,0,0,0,0,0,0,0,0,0
420026,2,1,0,0,0,0,0,0,0,0,0,0
420027,1,1,0,22,8,9,7,12,9,6,15,14
420027,2,1,0,0,0,0,0,0,0,0,0,0
420028,0,1,0,0,0,0,0,0,0,0,0,0
420028,1,1,0,14,0,0,0,0,0,0,0,0
420029,1,1,0,0,0,0,0,0,0,0,0,0
420029,2,1,0,0,0,0,0,0,0,0,0,0
420030,1,1,0,0,0,0,0,0,0,0,0,0
420030,2,1,0,0,0,0,0,0,0,0,0,0
420031,1,1,0,0,0,0,0,0,0,0,0,0
420032,1,1,24,14,0,13,7,14,6,22,0,18
420033,1,1,0,0,0,0,0,0,0,0,0,0
420034,1,1,15,15,15,15,15,15,15,15,15,15
420035,1,1,25,16,14,9,11,26,11,11,16,4
420036,1,1,0,0,0,0,0,0,0,0,0,0
420037,1,1,7,7,7,7,7,7,7,7,7,7
420038,1,1,0,0,0,0,0,0,0,0,0,0
420038,2,1,0,0,0,0,0,0,0,0,0,0
420038,4,1,0,0,0,0,0,0,13,0,0,0
420039,0,1,0,0,0,0,23,0,0,0,0,0
420039,1,1,0,5,10,0,0,0,0,0,0,0
420040,1,1,0,0,0,0,0,0,0,8,0,0
420040,2,1,0,0,0,0,0,0,0,0,0,0
420041,1,1,0,0,0,0,0,0,0,0,0,0
420041,2,1,0,0,0,0,0,0,0,0,0,0
420042,1,1,0,0,0,0,0,0,0,0,0,0
420043,1,1,0,0,0,0,0,0,0,0,0,0
420044,1,1,0,0,0,0,0,0,0,0,0,0
420044,2,1,0,0,0,0,0,0,0,0,0,0
420045,0,1,0,0,25,0,0,0,0,8,0,0
420045,0,2,0,0,0,0,0,0,0,0,0,0
420045,0,3,0,0,0,0,0,0,0,0,0,0
420045,1,1,0,0,0,0,0,0,0,0,0,0
420045,2,1,0,0,0,0,0,0,0,0,0,0
420046,1,1,0,0,0,0,0,0,0,0,0,0
420047,1,1,0,0,0,0,0,0,0,0,0,0
420047,2,1,0,0,0,0,0,0,0,0,0,0
420047,3,1,0,0,0,0,0,0,0,0,0,0
420048,1,1,12,12,12,12,12,12,12,12,12,12
420048,2,1,0,0,0,0,0,0,0,4,0,0
420049,1,1,22,22,22,22,22,22,22,22,22,22
420050,1,1,34,34,34,34,34,34,34,34,34,34
420050,3,1,0,0,0,6,0,0,0,0,0,25
420051,1,3,0,0,0,0,0,0,0,0,0,0
420052,1,1,22,22,22,22,22,22,22,22,22,22
420053,1,1,3,3,3,3,3,3,3,3,3,3
420053,2,1,0,0,0,0,0,0,0,34,0,0
420054,1,1,13,0,12,0,0,0,0,0,0,0
420054,2,1,0,0,0,0,0,0,0,0,0,0
420055,0,1,0,0,0,0,0,0,0,0,0,0
420055,1,1,0,0,0,0,0,0,0,0,0,0
420056,1,1,0,0,0,0,0,0,0,0,0,0
420057,1,1,0,0,0,0,0,0,0,0,0,0
420057,2,1,0,0,0,11,0,0,0,0,0,0
420057,3,1,0,0,0,0,0,0,0,0,0,0
420057,4,1,0,0,0,0,0,0,0,0,0,0
420058,0,1,0,0,0,0,0,0,0,0,0,0
420058,1,1,0,0,0,0,0,0,0,0,0,0
420059,0,1,0,0,0,0,0,19,0,15,0,0
420059,1,1,0,14,0,0,0,0,0,0,0,0
420060,1,1,25,25,25,25,25,25,25,25,25,25
420061,1,1,0,0,0,0,0,0,0,0,0,0
420061,2,1,0,0,0,0,0,0,0,0,0,0
420062,1,1,22,22,22,22,22,22,22,22,22,22
420063,0,1,0,16,0,0,19,0,0,12,0,0
420063,1,1,0,0,0,0,0,0,0,0,0,0
420064,0,1,8,0,0,0,0,0,48,17,0,4
420064,1,1,0,0,0,0,0,0,0,0,0,0
420065,1,1,0,0,0,0,0,0,0,0,0,0
420065,2,1,0,0,0,0,0,0,0,0,0,0
420066,1,1,0,0,0,0,16,0,0,0,0,0
420066,2,1,0,0,0,0,0,0,0,0,0,0
420067,1,1,0,0,0,0,0,0,0,0,0,0
420067,2,1,0,0,0,0,0,0,0,0,0,0
420068,0,1,0,0,0,0,0,0,0,0,0,0
420068,1,1,0,0,0,0,0,0,0,0,0,0
420069,1,1,0,0,0,0,0,0,0,0,0,0
420069,2,1,0,0,0,0,0,0,0,0,0,0
420070,1,1,0,0,0,0,0,0,0,13,5,0
420070,2,1,0,0,0,0,0,0,0,0,0,0
420071,1,1,0,0,0,0,0,0,0,0,0,0
420072,1,1,0,0,0,0,0,0,0,0,0,0
420073,1,1,0,0,0,0,0,0,0,0,0,0
420074,1,1,15,15,15,15,15,15,15,15,15,15
420075,0,1,7,7,7,7,7,7,7,7,7,7
420075,1,1,0,0,0,0,0,0,0,0,0,0
420076,1,1,15,15,15,15,15,15,15,15,15,15
420077,1,1,32,0,0,0,17,0,0,0,0,0
420077,2,1,0,0,10,0,0,0,0,19,0,0
420077,3,1,0,0,6,0,0,0,0,0,0,0
420077,4,1,0,0,0,10,0,0,26,0,0,0
420077,5,1,0,0,0,0,0,0,0,3,11,0
420078,0,1,18,15,29,19,38,6,19,14,15,25
420078,1,1,0,0,0,0,0,0,0,0,0,0
420079,1,1,0,0,0,0,0,0,0,0,0,0
420080,0,1,3,3,3,3,3,3,3,3,3,3
420080,1,1,0,0,0,0,0,0,0,0,0,0
420081,0,1,9,9,9,9,9,9,9,9,9,9
420081,1,1,12,0,8,0,0,0,21,0,0,0
420082,1,1,0,0,0,0,0,0,0,0,0,0
420083,1,1,0,0,0,24,0,0,0,0,0,0
420084,1,1,26,26,26,26,26,26,26,26,26,26
420085,1,1,18,18,18,18,18,18,18,18,18,18
420085,2,1,0,0,0,0,0,0,0,0,0,0
420086,1,1,15,15,15,15,15,15,15,15,15,15
420087,1,1,22,22,22,22,22,22,22,22,22,22
420088,1,1,0,0,0,0,0,0,0,0,0,0
420089,0,1,0,0,0,0,0,0,0,0,0,0
420089,1,1,0,0,0,0,0,0,0,0,0,0
420089,2,1,0,0,0,0,0,7,0,0,0,0
420090,1,1,0,0,0,0,0,0,0,0,0,0
420091,1,1,19,19,19,19,19,19,19,19,19,19
420091,2,1,0,0,0,0,0,0,0,0,0,0
420092,1,1,18,18,18,18,18,18,18,18,18,18
420093,0,1,0,0,0,0,0,0,0,0,0,0
420093,1,1,0,0,0,0,0,0,0,0,0,0
420093,2,1,0,0,0,0,0,0,0,0,0,0
420094,1,1,19,27,13,11,31,11,0,8,0,0
420094,2,1,0,0,0,0,0,0,0,0,0,0
420095,1,1,6,6,6,6,6,6,6,6,6,6
420095,2,1,0,0,0,0,0,0,0,0,0,0
420096,1,1,0,0,0,0,0,0,0,0,0,0
420097,1,1,16,16,16,16,16,16,16,16,16,16
420098,1,1,17,16,18,0,6,0,6,7,17,4
420098,2,1,0,0,0,0,0,0,0,0,0,10
420099,1,1,0,0,0,0,0,0,0,0,0,0
420099,2,1,0,0,0,0,0,0,0,0,0,0
420100,1,1,0,0,0,0,0,0,0,0,0,0
420100,2,1,0,16,0,0,0,0,0,0,0,0
420101,1,1,9,0,0,30,22,16,15,27,12,14
420102,1,1,28,28,28,28,28,28,28,28,28,28
420103,1,1,0,0,0,0,0,0,0,0,0,0
420104,1,1,0,0,0,0,0,0,0,0,0,0
420104,2,1,0,0,14,0,0,0,0,0,0,0
420104,3,1,0,0,0,0,0,0,0,0,0,0
420105,0,1,0,0,0,0,0,0,0,0,0,0
420105,1,1,0,0,0,0,0,0,0,0,0,0
420106,1,1,0,0,0,0,0,0,0,0,0,0
420106,2,1,0,0,0,0,0,0,0,0,0,28
420107,1,1,0,0,0,0,0,0,0,0,0,0
420108,1,1,17,17,17,17,17,17,17,17,17,17
420109,1,1,9,9,9,9,9,9,9,9,9,9
420110,1,1,23,23,23,23,23,23,23,23,23,23
420111,1,1,21,21,21,21,21,21,21,21,21,21
420112,0,1,0,0,0,0,0,0,12,18,0,0
420112,1,1,0,0,0,5,0,16,7,0,3,0
420113,0,1,0,0,0,0,0,0,0,0,0,0
420113,1,1,0,0,0,34,0,0,0,0,0,0
420114,0,1,36,21,14,18,25,31,11,16,23,23
420114,1,1,0,0,0,0,0,0,34,0,0,0
420115,0,1,12,12,12,12,12,12,12,12,12,12
420115,1,1,0,0,0,0,0,0,18,0,0,0
420116,1,1,15,15,15,15,15,15,15,15,15,15
420117,1,1,0,0,0,0,0,0,0,0,0,0
420117,2,1,0,0,0,12,0,0,0,0,0,0
420118,0,1,0,0,0,0,0,0,0,0,0,0
420118,1,1,0,16,0,0,0,0,0,0,12,0
420119,1,1,0,0,0,0,0,0,0,0,0,0
420119,2,1,0,0,0,0,0,0,0,0,0,0
420120,1,1,20,23,14,6,30,32,31,3,22,13
420121,0,1,29,29,29,29,29,29,29,29,29,29
420121,1,1,33,14,35,8,11,4,8,22,11,9
420122,0,1,23,23,23,23,23,23,23,23,23,23
420122,1,1,0,0,14,0,0,0,0,0,0,0
420122,2,1,0,0,0,0,0,20,0,0,0,0
420123,1,1,0,0,6,0,17,0,15,0,3,0
420123,2,1,3,8,14,11,24,3,28,14,15,20
420124,2,1,0,0,0,0,0,0,0,0,0,0
420125,1,1,0,0,0,0,0,0,0,0,0,0
420126,1,1,15,15,15,15,15,15,15,15,15,15
420127,1,1,0,0,0,0,0,0,0,0,0,0
420127,2,1,0,0,13,0,0,0,0,0,0,0
420128,1,1,0,0,0,0,0,18,0,0,0,0
420128,2,1,0,0,0,0,0,0,0,0,0,0
420129,1,1,0,0,0,0,0,0,39,0,0,0
420129,2,1,0,0,0,0,0,0,0,0,0,0
420130,1,1,0,18,0,0,0,0,18,12,0,0
420131,1,1,19,19,19,19,19,19,19,19,19,19
420132,1,1,0,0,0,0,0,0,0,0,0,0
420132,2,1,0,0,0,0,0,0,0,0,0,0
420132,3,1,0,0,0,0,0,0,0,0,0,0
420133,1,1,0,0,0,0,0,0,0,0,0,0
420133,2,1,0,0,0,0,0,0,0,20,0,0
420133,3,1,0,0,0,0,0,0,0,0,0,0
420134,0,1,0,0,0,0,0,0,0,0,0,0
420134,0,2,0,0,0,0,0,0,0,0,0,0
420134,1,1,0,0,0,0,0,0,0,0,0,6
420135,0,1,0,0,5,0,0,6,0,10,0,0
420135,1,1,0,0,0,0,0,0,0,0,0,0