ST_CASE,VEH_NO,PER_NO,P1,P2,P3,P4,P5,P6,P7,P8,P9,P10
420435,1,1,4,3,13,0,0,9,21,7,2,7
420436,1,1,17,17,17,17,17,17,17,17,17,17
420437,1,1,0,0,0,0,0,0,0,0,0,0
420437,2,1,0,8,0,0,0,0,0,0,0,0
420438,1,1,0,0,0,0,0,0,0,0,0,0
420439,1,1,0,0,17,6,4,0,11,0,34,0
420440,1,1,0,0,0,0,0,0,0,8,0,0
420441,1,1,33,0,0,25,0,10,23,8,0,14
420442,1,1,25,25,25,25,25,25,25,25,25,25
420443,1,1,9,9,9,9,9,9,9,9,9,9
420443,2,1,0,0,0,0,0,0,0,0,0,0
420443,3,2,0,0,0,0,0,0,0,0,0,0
420444,0,1,0,0,0,0,0,0,0,0,0,0
420444,1,1,0,0,0,12,0,0,0,0,0,0
420445,1,1,0,0,0,0,0,0,0,0,0,0
420445,2,1,0,0,0,0,0,0,0,0,0,0
420446,1,1,0,0,0,0,0,0,0,0,0,0
420446,2,1,0,0,0,0,0,0,0,0,0,0
420447,1,1,0,0,20,0,0,0,10,0,0,0
420447,2,1,0,0,0,0,0,0,0,0,0,0
420448,1,1,0,0,0,0,0,0,0,0,0,0
420449,1,1,15,15,15,15,15,15,15,15,15,15
420449,2,1,0,0,0,27,14,0,0,0,0,0
420450,1,1,0,0,0,0,0,0,0,0,0,0
420450,2,1,0,0,0,0,0,0,0,0,0,0
420451,1,1,0,0,0,0,0,0,0,0,0,0
420451,2,1,0,0,0,0,0,0,0,0,0,0
420452,1,1,0,0,0,0,0,0,0,0,0,0
420452,2,1,0,0,0,0,0,0,0,15,0,0
420453,1,1,0,0,0,22,0,0,0,28,0,0
420454,1,1,0,0,0,0,0,0,0,0,0,0
420454,2,1,0,0,0,0,0,0,0,0,0,0
420455,1,1,0,0,0,0,0,0,0,0,0,0
420455,2,1,0,0,0,0,0,0,0,0,0,0
420456,1,1,0,0,0,0,0,0,0,0,0,0
420457,1,1,0,0,0,0,0,0,0,0,0,0
420457,2,1,0,0,0,0,24,0,0,0,0,0
420458,1,1,0,17,0,0,0,13,0,0,16,0
420458,2,1,0,0,15,0,13,0,0,10,0,0
420459,1,1,0,0,0,0,0,0,9,0,0,0
420459,2,1,0,37,0,0,0,0,0,0,0,0
420460,1,1,2,2,2,2,2,2,2,2,2,2
420460,2,1,0,0,0,0,0,0,0,0,0,0
420460,3,1,0,0,0,0,0,0,0,0,0,0
420460,4,1,0,0,0,0,0,5,0,13,0,15
420460,5,1,0,0,0,20,0,0,0,0,0,0
420461,1,1,0,0,0,0,0,0,0,0,0,0
420462,1,1,14,0,9,4,0,0,0,0,0,0
420462,2,1,0,0,0,0,0,0,0,0,0,0
420463,1,1,0,0,16,0,0,0,19,0,0,0
420464,0,1,28,0,0,0,0,0,0,0,9,0
420464,0,2,0,0,0,0,0,0,0,0,31,0
420464,1,1,0,0,0,0,0,0,0,0,0,0
420465,1,1,0,0,0,0,0,0,0,0,24,0
420465,2,1,3,4,0,0,0,0,0,0,0,5
420466,1,1,0,0,0,0,0,0,0,0,0,0
420466,2,1,0,0,0,0,0,0,0,0,0,0
420467,1,1,19,19,19,19,19,19,19,19,19,19
420468,0,1,0,0,0,0,0,0,0,0,0,0
420468,1,1,18,0,0,0,0,0,0,0,30,0
420469,1,1,26,26,26,26,26,26,26,26,26,26
420470,0,1,0,0,0,0,0,0,0,0,0,0
420470,1,1,0,0,0,0,0,0,0,0,0,0
420471,1,1,0,0,0,0,0,0,0,0,0,0
420471,2,1,0,0,0,0,0,0,0,0,0,0
420472,0,1,0,17,0,0,25,21,10,0,26,22
420472,1,1,0,0,0,0,0,19,0,0,0,0
420473,1,1,13,13,13,13,13,13,13,13,13,13
420473,2,1,0,0,0,0,0,0,0,0,0,0
420474,0,1,0,0,0,0,0,0,0,0,0,0
420474,1,1,0,0,0,0,0,0,0,0,0,0
420475,1,1,0,0,0,0,0,27,17,29,11,0
420476,0,1,0,0,0,0,0,0,0,0,0,0
420476,1,1,0,0,0,0,0,0,0,0,0,27
420477,1,1,20,20,20,20,20,20,20,20,20,20
420477,2,1,0,0,0,0,0,0,0,0,0,0
420478,0,1,8,0,0,16,0,0,0,0,0,43
420478,1,1,0,0,0,0,0,0,11,0,0,0
420479,1,1,26,17,5,13,21,16,10,19,20,26
420480,0,1,0,0,0,0,0,0,0,0,0,13
420480,1,1,0,0,0,0,0,0,0,0,0,0
420481,1,1,29,29,29,29,29,29,29,29,29,29
420482,1,1,33,33,33,33,33,33,33,33,33,33
420483,1,1,3,0,0,4,0,4,0,0,25,0
420483,2,1,0,0,0,0,0,0,0,0,0,0
420484,1,1,0,0,0,0,0,0,0,0,0,0
420485,1,1,0,0,0,0,0,0,0,0,0,0
420486,1,1,0,0,3,0,0,0,0,0,0,0
420486,2,1,0,0,0,0,11,0,0,0,0,0
420487,1,1,0,0,0,0,0,0,0,0,0,0
420488,1,1,1,1,1,1,1,1,1,1,1,1
420488,2,1,13,11,29,21,23,0,12,20,10,23
420489,1,1,0,0,0,0,0,0,0,0,0,0
420489,2,1,18,0,0,0,0,0,0,0,0,0
420490,1,1,13,13,13,13,13,13,13,13,13,13
420490,2,1,0,0,0,0,0,0,0,0,0,0
420491,1,1,0,0,0,0,0,0,0,0,0,0
420492,1,1,0,0,0,0,0,0,0,0,0,0
420492,2,1,0,0,0,0,0,0,0,0,0,0
420493,1,1,0,0,0,0,0,0,0,0,0,0
420493,2,1,0,0,0,0,0,0,0,0,0,0
420493,3,1,0,0,0,0,0,0,0,0,0,0
420494,1,1,0,0,0,0,0,0,0,0,0,0
420494,2,1,0,0,0,0,0,0,0,2,0,0
420495,1,1,0,0,0,0,0,0,0,0,0,9
420495,2,1,0,0,0,0,0,0,0,11,0,0
420495,3,1,0,0,0,13,0,0,0,0,0,0
420496,1,1,0,19,0,24,11,0,17,17,0,22
420496,2,1,0,0,0,0,0,0,0,0,0,0
420497,1,1,0,0,0,0,0,0,0,0,0,0
420498,1,1,0,0,0,0,0,0,0,0,0,0
420499,0,1,7,0,18,0,0,0,12,0,0,0
420499,1,1,0,0,0,0,0,0,22,0,0,3
420500,1,1,14,26,21,32,17,18,23,32,25,22
420501,1,1,0,0,0,0,0,0,0,0,0,0
420501,2,1,0,0,0,0,0,0,0,0,0,0
420502,1,1,0,0,0,0,0,0,0,0,0,0
420503,1,1,0,0,0,0,0,0,0,0,0,0
420503,2,1,0,0,0,0,0,0,0,0,0,0
420504,0,1,13,13,13,13,13,13,13,13,13,13
420504,1,1,0,0,9,14,14,0,0,0,0,0
420505,0,1,0,0,0,0,0,0,0,0,0,0
420505,1,1,0,0,0,0,0,0,0,14,0,0
420506,1,1,0,0,0,0,0,0,0,0,0,0
420506,2,1,0,0,0,0,0,0,0,0,0,0
420507,0,1,14,0,0,0,0,0,0,0,0,0
420507,1,1,0,8,0,0,0,0,0,0,0,0
420508,0,1,0,0,0,0,0,0,0,0,0,0
420508,1,1,0,0,0,0,0,0,0,0,0,0
420509,0,1,0,0,0,0,0,0,0,0,0,0
420509,1,1,0,0,0,0,0,0,0,0,0,0
420510,1,1,0,20,0,0,0,17,0,0,28,0
420511,1,1,0,0,0,17,0,0,0,0,0,0
420511,2,1,0,0,0,0,0,0,0,0,0,0
420511,3,1,0,11,0,0,0,0,0,0,0,0
420511,4,1,22,0,0,0,0,0,0,0,0,0
420511,5,1,0,0,0,0,0,0,0,0,0,0
420512,1,1,0,0,0,0,0,0,0,15,0,0
420512,2,1,0,0,0,0,0,0,0,0,0,0
420512,3,1,0,0,0,0,0,0,0,0,0,0
420512,4,1,0,0,0,0,0,0,0,0,0,0
420513,1,1,0,0,0,0,0,0,0,0,0,0
420513,2,1,0,0,0,0,0,0,0,0,0,0
420513,3,1,0,0,0,0,0,0,0,0,0,0
420514,1,1,22,22,22,22,22,22,22,22,22,22
420515,1,1,0,0,0,0,0,0,0,0,0,0
420515,2,1,0,0,0,0,0,0,0,0,0,0
420516,0,1,10,10,10,10,10,10,10,10,10,10
420516,1,1,20,20,20,20,20,20,20,20,20,20
420517,1,1,0,0,0,0,0,0,0,0,0,0
420517,2,1,13,0,11,0,0,0,0,0,0,0
420517,3,1,0,0,0,0,0,0,0,4,0,0
420518,1,1,21,0,0,0,0,0,0,0,0,0
420518,2,1,0,0,0,0,0,0,0,0,0,0
420519,1,1,0,0,0,0,0,0,0,0,0,0
420519,2,1,0,0,0,0,0,0,0,0,0,0
420520,1,1,24,24,24,24,24,24,24,24,24,24
420521,1,1,21,21,21,21,21,21,21,21,21,21
420522,1,1,0,0,0,0,0,0,0,0,0,0
420523,1,1,7,0,17,0,20,0,23,0,19,0
420524,1,1,0,0,0,0,0,0,0,0,0,0
420524,2,1,0,0,0,0,0,0,0,0,0,0
420525,1,1,0,0,0,0,0,0,0,0,0,0
420526,1,1,23,11,13,14,13,18,14,20,18,19
420527,1,1,29,29,29,29,29,29,29,29,29,29
420528,1,1,12,12,12,12,12,12,12,12,12,12
420529,1,1,0,0,0,0,0,0,0,0,0,0
420529,2,1,0,0,0,0,0,0,0,0,0,0
420530,1,1,0,0,0,0,0,0,0,0,0,0
420531,1,1,15,15,15,15,15,15,15,15,15,15
420532,1,1,28,28,28,28,28,28,28,28,28,28
420533,1,1,0,0,0,0,0,0,0,0,0,0
420534,1,1,25,25,25,25,25,25,25,25,25,25
420535,1,1,0,0,0,0,0,0,0,0,0,0
420536,0,1,21,0,0,0,8,0,0,0,32,31
420536,1,1,0,0,0,0,0,0,0,0,0,0
420538,1,1,0,18,0,20,0,0,0,0,0,0
420538,2,1,0,0,0,0,0,0,0,0,0,0
420539,0,1,0,0,0,0,0,0,0,0,0,0
420539,1,1,0,0,0,0,0,0,0,0,0,0
420540,1,1,0,0,0,0,0,0,0,0,0,0
420540,2,1,0,0,0,0,0,0,0,0,0,0
420541,1,1,0,0,0,0,0,0,0,0,0,0
420542,1,1,0,0,0,0,0,0,11,0,0,0
420542,2,1,0,0,0,0,0,0,0,19,0,0
420543,1,1,12,18,18,0,13,19,41,28,13,28
420544,1,1,0,0,0,0,0,0,0,0,0,0
420544,2,1,0,0,0,0,0,0,0,0,0,0
420544,3,1,0,0,0,0,0,0,0,0,0,0
420545,1,1,0,0,0,0,0,0,0,0,0,13
420545,2,1,0,0,0,0,0,0,0,0,0,0
420546,1,1,0,0,0,0,0,0,0,0,0,0
420546,2,1,0,0,0,0,0,0,0,0,0,0
420546,3,1,0,0,0,0,0,0,0,0,0,0
420547,1,1,0,0,0,0,0,0,0,0,0,0
420547,2,1,1,1,1,1,1,1,1,1,1,1
420548,1,1,21,21,21,21,21,21,21,21,21,21
420549,1,1,0,19,20,25,27,12,31,0,11,29
420549,2,1,0,0,10,15,0,0,0,0,17,0
420550,1,1,3,3,3,3,3,3,3,3,3,3
420551,0,1,0,0,0,20,10,0,0,0,0,0
420551,2,1,0,0,0,0,0,0,0,0,0,0
420552,1,1,24,20,16,12,11,12,8,17,16,34
420553,0,1,0,0,0,0,0,0,0,13,0,0
420553,0,2,11,13,0,19,0,0,0,0,0,0
420553,1,1,19,19,19,19,19,19,19,19,19,19
420554,1,1,0,11,0,0,0,0,0,0,0,0
420555,1,1,0,0,0,0,0,0,0,14,0,0
420555,2,1,0,0,0,0,0,0,0,0,0,0
420556,0,1,0,0,0,0,0,0,0,0,0,0
420556,1,1,0,0,0,0,0,0,0,0,0,0
420557,1,1,0,0,0,0,0,0,0,0,0,0
420557,2,1,0,0,0,14,0,0,0,0,0,0
420558,1,1,0,0,0,0,0,0,0,0,0,0
420559,1,1,0,0,0,0,0,0,0,0,0,0
420559,2,1,0,0,0,0,0,0,0,0,0,0
420560,0,1,0,0,0,0,0,0,0,0,0,0
420560,1,1,3,3,3,3,3,3,3,3,3,3
420561,1,1,0,0,0,0,0,0,0,0,0,0
420561,2,1,0,0,0,0,0,0,0,0,0,0
420562,1,1,0,0,0,0,0,0,0,0,23,21
420563,1,1,0,0,0,0,0,0,0,0,0,0
420564,0,1,0,0,0,0,0,0,0,0,0,0
420564,1,1,0,0,0,0,0,0,0,0,0,0
420565,1,1,2,2,2,2,2,2,2,2,2,2
420566,1,1,0,0,0,0,0,0,0,0,0,0
420566,2,1,0,0,0,0,0,0,0,8,0,0
420566,3,1,0,0,0,0,0,0,8,0,0,0
420567,1,1,0,0,0,0,0,0,0,0,0,0
420567,2,1,0,0,0,0,0,0,0,0,0,0
420568,1,1,0,0,27,0,0,0,0,0,0,0
420568,2,1,3,0,0,1,0,0,0,0,13,0
420568,3,1,0,13,26,0,0,0,0,0,0,0
420569,1,1,16,14,12,25,15,20,24,15,15,5
420570,1,1,17,17,17,17,17,17,17,17,17,17
420570,2,1,0,0,0,0,0,0,0,0,0,0
420571,1,1,0,0,0,0,0,0,0,0,0,0
420571,2,1,0,0,11,0,0,0,0,0,0,0
420572,1,1,0,0,0,0,0,0,0,0,0,0
420572,2,1,0,0,0,0,0,0,0,0,0,12
420573,0,1,0,0,0,0,0,0,0,0,0,24
420573,1,1,0,0,0,0,0,0,0,0,0,0
420574,1,1,9,0,0,0,0,0,0,0,0,0
420575,1,1,0,0,0,14,10,0,0,0,22,4
420576,1,1,0,0,0,0,0,0,25,0,0,0
420576,2,1,0,0,0,0,0,0,0,0,0,0
420577,1,1,0,0,0,0,0,0,27,0,0,0
420577,2,1,0,0,0,0,0,0,0,0,0,0
420578,1,1,19,19,19,19,19,19,19,19,19,19
420578,2,1,3,0,0,0,0,0,0,0,0,0
420579,1,1,29,5,8,9,16,18,30,11,22,9
420580,1,1,25,12,0,0,0,0,0,0,0,5
420580,2,1,0,0,0,0,0,0,0,0,0,0
420581,1,1,0,0,0,0,0,0,0,0,0,0
420581,2,1,0,0,0,0,0,0,0,0,0,0
420582,1,1,0,0,0,0,30,0,0,0,16,0
420583,0,1,0,0,0,0,39,0,0,33,0,0
420583,1,1,0,0,0,0,0,0,0,0,0,0
420584,1,1,0,0,0,0,0,0,0,0,0,0
420584,2,1,0,0,0,0,0,0,0,0,0,0
420585,1,1,15,16,0,0,0,0,0,0,0,0
420586,1,1,2,2,2,2,2,2,2,2,2,2
420586,2,1,0,0,12,0,0,0,0,17,0,0
420587,1,1,9,9,9,9,9,9,9,9,9,9
420587,2,1,0,0,0,0,0,0,0,0,0,0
420588,1,1,0,16,0,17,22,42,8,12,0,19
420588,2,1,0,0,0,0,0,0,0,0,0,0
420589,1,1,0,0,7,24,14,0,0,0,4,0
420590,1,1,0,0,0,0,0,0,0,0,0,0
420590,2,1,0,0,0,19,0,0,0,0,0,0
420591,1,1,15,15,15,15,15,15,15,15,15,15
420591,2,1,0,0,0,0,0,0,0,0,12,0
420592,1,1,0,0,0,0,0,0,0,0,0,0
420592,2,1,0,0,0,0,0,18,0,0,0,0
420593,1,1,12,0,0,10,0,0,0,0,0,31
420594,0,1,0,0,0,0,17,0,0,0,0,0
420594,1,1,0,0,0,0,0,0,0,0,0,0
420595,1,1,16,16,16,16,16,16,16,16,16,16
420596,1,1,10,10,10,10,10,10,10,10,10,10
420597,1,1,0,0,0,0,0,0,0,0,0,0
420598,1,1,0,0,0,0,0,0,0,0,0,0
420598,2,1,0,0,0,0,0,0,0,0,0,0
420598,3,1,0,0,0,0,0,0,0,0,0,0
420598,4,1,0,0,0,0,0,0,0,0,0,0
420598,5,1,0,0,0,0,0,0,0,0,0,0
420599,1,1,0,0,0,0,0,0,0,0,0,0
420599,2,1,0,0,0,0,0,0,0,0,0,0
420600,1,1,19,0,6,0,30,14,0,0,0,0
420600,2,1,0,0,0,0,0,0,0,0,0,0
420601,0,1,0,0,0,0,0,0,0,0,0,0
420601,1,1,0,0,0,0,24,0,0,0,0,0
420602,1,1,0,0,0,0,0,0,0,0,0,0
420602,2,1,0,0,0,0,0,0,0,0,0,0
420602,3,1,0,0,0,0,0,0,0,0,0,0
420603,1,1,0,0,0,0,0,0,0,0,0,0
420604,1,1,0,0,0,0,0,0,0,0,0,0
420604,2,1,0,0,6,0,0,0,0,0,0,0
420604,3,1,0,0,0,0,0,0,0,0,0,0
420605,1,1,0,0,0,0,0,0,0,0,0,0
420605,2,1,0,0,0,0,0,0,0,0,0,0
420606,1,1,0,0,0,0,0,0,0,0,0,0
420606,2,1,0,0,0,0,0,0,0,0,0,0
420607,1,1,0,0,0,0,0,0,0,0,0,0
420607,2,1,0,0,0,0,0,0,0,0,0,0
420608,1,1,22,22,22,22,22,22,22,22,22,22
420609,1,1,9,9,9,9,9,9,9,9,9,9
420610,1,1,18,18,18,18,18,18,18,18,18,18
420611,1,1,17,17,17,17,17,17,17,17,17,17
420612,1,1,0,0,0,0,0,0,0,0,0,0
420613,1,1,0,0,0,11,0,0,0,0,0,0
420614,1,1,14,31,0,17,0,0,0,24,0,31
420615,1,1,0,0,0,0,0,0,0,0,0,0
420615,2,1,0,15,0,0,0,0,0,0,0,0
420615,3,1,0,0,0,0,0,0,16,0,0,0
420616,0,1,8,9,13,17,13,17,9,16,26,37
420616,1,1,0,0,0,0,0,0,0,0,0,0
420617,1,1,17,9,5,14,16,7,10,7,25,16
420617,2,1,0,0,0,0,0,0,0,0,0,11
420618,1,1,0,0,0,0,0,0,0,0,0,0
420618,2,1,0,0,0,0,0,0,0,0,0,0
420618,3,1,0,0,0,0,0,0,0,0,0,0
420619,1,1,0,0,0,0,0,0,0,0,0,0
420619,2,1,0,0,0,0,0,0,0,0,0,0
420619,3,1,4,0,29,0,0,9,0,0,8,20
420619,4,1,0,0,0,0,0,0,0,0,0,0
420620,1,1,0,0,0,0,0,0,0,0,0,0
420620,2,1,0,0,0,0,0,0,0,0,0,0
420621,1,1,0,0,0,0,0,0,0,0,0,0
420621,2,2,0,0,0,0,0,0,0,0,0,0
420621,3,1,0,0,0,0,0,0,0,0,0,0
420622,1,1,10,10,10,10,10,10,10,10,10,10
420622,2,1,11,20,39,0,23,18,0,0,8,19
420622,3,1,0,0,10,0,13,0,7,8,0,0
420623,1,1,0,0,0,0,0,0,0,0,0,0
420623,2,1,0,0,0,0,0,0,0,0,0,0
420624,1,1,0,0,0,0,0,0,0,0,0,0
420624,2,1,0,0,0,0,0,0,0,0,0,0
420625,0,1,0,0,0,0,0,0,0,14,0,0
420625,1,1,0,0,20,0,0,0,0,0,16,0
420625,2,1,0,0,0,0,0,0,0,0,0,22
420625,3,1,0,0,0,0,0,0,0,0,0,0
420626,1,1,0,0,0,0,0,0,0,0,0,0
420626,2,1,0,0,0,0,0,0,0,0,0,0
420627,1,1,0,0,0,0,0,0,13,0,0,0
420627,2,1,0,0,0,0,0,0,0,0,0,0
420627,3,1,0,0,0,0,0,0,0,0,0,0
420627,4,1,0,0,0,0,0,0,0,0,0,0
420627,5,1,0,0,0,0,0,0,0,0,0,0
420628,1,1,13,0,0,0,0,0,0,0,0,0
420629,1,1,0,0,0,0,0,0,0,0,0,0
420629,2,1,0,0,0,0,0,0,0,0,0,0
420629,3,1,0,0,0,0,0,0,0,0,0,0
420629,4,1,0,0,0,0,0,0,0,0,0,0
420630,1,1,0,0,0,0,0,0,0,0,0,0
420630,2,1,0,0,0,0,0,0,0,0,0,0
420631,0,1,0,0,0,0,0,0,0,0,0,0
420631,1,1,0,0,0,0,0,0,0,0,0,0
420632,0,1,23,23,23,23,23,23,23,23,23,23
420632,1,1,0,0,0,0,0,0,0,0,0,0
420633,1,1,0,0,0,0,0,0,0,0,0,0
420633,2,1,0,0,0,0,0,0,0,0,0,0
420633,3,1,0,0,0,0,0,0,0,0,0,0
420634,1,1,0,0,0,0,0,0,0,0,0,0
420634,2,1,0,0,0,0,0,0,0,0,0,0
420635,1,1,0,31,0,0,0,0,0,0,0,0
420636,1,1,0,0,0,0,0,0,0,0,0,0
420636,2,1,0,0,0,0,0,0,0,0,0,0
420637,0,1,35,35,35,35,35,35,35,35,35,35
420637,1,1,0,0,0,0,0,0,0,0,0,0
420638,1,1,0,0,0,0,0,0,0,0,0,0
420638,2,1,0,0,0,0,0,0,0,0,0,0
420640,1,1,0,0,0,0,0,0,0,0,0,0
420640,2,1,0,0,0,0,0,0,0,0,0,0
420641,1,1,0,0,0,0,0,0,0,0,0,0
420641,2,1,0,0,0,0,0,0,0,0,0,0
420642,1,1,15,15,15,15,15,15,15,15,15,15
420643,1,1,5,5,5,5,5,5,5,5,5,5
420644,1,1,23,23,23,23,23,23,23,23,23,23
420644,2,1,0,0,0,0,0,0,0,0,0,0
420645,1,1,17,17,17,17,17,17,17,17,17,17
420646,1,1,0,0,0,0,0,0,0,14,0,12
420647,1,1,0,0,0,0,37,0,0,0,0,0
420647,2,1,0,0,0,0,0,0,0,0,0,0
420648,1,1,12,12,12,12,12,12,12,12,12,12
420648,2,1,0,0,0,8,0,2,10,21,0,0
420649,0,1,0,0,0,0,0,0,0,0,0,0
420649,1,1,7,0,0,0,0,0,0,0,0,0
420650,1,1,13,5,10,18,17,0,11,12,16,6
420650,2,1,0,0,0,0,0,0,0,0,0,3
420651,1,1,21,21,21,21,21,21,21,21,21,21
420651,2,1,0,0,0,0,0,0,0,9,0,0
420652,1,1,0,0,0,0,0,0,0,0,0,0
420652,2,1,0,0,0,0,0,0,0,0,0,0
420653,1,1,0,0,0,0,0,0,0,0,0,0
420653,2,1,0,0,0,0,0,0,0,0,0,0
420654,1,1,0,0,0,0,0,0,0,0,0,0
420654,2,8,0,0,0,0,0,0,0,0,0,0
420655,1,1,30,30,30,30,30,30,30,30,30,30
420655,2,1,0,0,0,0,0,0,0,0,0,0
420656,1,1,17,0,14,25,26,12,0,18,15,24
420657,1,1,0,0,0,0,0,0,0,0,0,0
420658,1,1,0,0,0,0,0,0,0,0,0,0
420658,2,1,0,0,0,0,0,0,0,0,0,0
420658,3,1,0,0,0,0,0,0,0,0,0,0
420659,1,1,0,0,0,0,0,0,0,0,0,0
420660,1,1,0,0,0,0,0,0,0,0,0,0
420661,1,1,18,18,18,18,18,18,18,18,18,18
420661,2,1,0,0,0,0,0,0,0,0,0,0
420661,3,1,0,0,0,0,0,0,0,0,0,0
420662,1,1,0,0,0,0,0,0,0,0,0,0
420663,1,1,17,17,17,17,17,17,17,17,17,17
420664,1,1,21,21,21,21,21,21,21,21,21,21
420664,2,1,0,0,0,0,0,0,10,0,0,0
420665,1,1,26,26,26,26,26,26,26,26,26,26
420666,1,1,0,0,0,0,0,0,0,0,0,0
420666,2,1,0,0,0,0,0,0,0,0,0,0
420667,1,1,0,0,0,0,0,0,0,0,0,0
420668,1,1,0,0,11,0,0,0,0,0,0,0
420668,2,1,0,0,12,0,0,0,0,0,0,0
420669,0,1,3,3,3,3,3,3,3,3,3,3
420669,0,2,26,25,0,0,9,0,0,9,0,0
420669,1,1,0,0,0,4,0,0,0,0,0,0
420670,0,1,0,0,0,0,0,0,0,0,0,0
420670,1,1,0,0,29,0,23,11,0,0,0,30
420671,0,1,0,0,0,0,0,27,0,0,0,0
420671,1,1,14,14,14,14,14,14,14,14,14,14
420672,1,1,32,0,0,0,0,0,0,0,0,10
420673,1,1,0,0,0,0,0,0,0,0,0,0
420673,2,1,0,0,0,0,0,0,0,0,0,0
420674,1,1,1,1,1,1,1,1,1,1,1,1
420675,1,1,10,10,10,10,10,10,10,10,10,10
420675,2,1,0,0,0,0,0,0,0,0,0,0
420676,1,1,0,0,0,0,0,0,0,0,0,0
420677,1,1,17,12,22,0,23,2,10,8,0,9
420678,1,1,22,7,24,12,34,35,19,24,10,5
420679,1,1,17,9,16,40,18,19,19,27,19,6
420680,1,1,0,17,0,0,0,0,0,0,0,0
420681,1,1,0,0,0,0,0,0,0,0,0,0
420682,1,1,0,0,0,0,0,0,0,0,0,0
420683,1,1,0,0,0,0,0,0,0,0,0,0
420683,2,1,0,0,0,0,0,0,0,0,0,0
420684,1,1,0,0,0,0,0,0,0,0,0,0
420685,1,1,0,0,0,0,0,0,0,0,0,0
420686,1,1,15,15,15,15,15,15,15,15,15,15
420687,1,1,9,9,9,9,9,9,9,9,9,9
420688,0,1,0,0,0,0,0,0,0,0,0,0
420688,1,1,0,0,0,0,0,0,0,0,0,0
420689,0,1,8,8,8,8,8,8,8,8,8,8
420689,1,1,13,0,5,0,0,0,0,0,0,0
420690,0,1,0,0,0,0,0,0,0,0,0,0
420690,1,1,0,0,0,0,0,0,0,0,0,0
420691,0,1,36,36,36,36,36,36,36,36,36,36
420691,1,1,0,0,0,0,0,0,0,0,0,0
420692,0,1,0,0,0,0,0,0,0,0,0,0
420692,1,1,0,0,14,0,0,0,0,0,0,0
420693,0,1,0,0,0,0,0,0,0,0,15,0
420693,1,1,0,0,26,0,0,0,0,0,0,0
420694,1,1,0,0,0,0,0,0,0,0,0,0
420694,2,1,0,0,0,0,0,0,0,0,0,0
420695,1,1,0,0,0,0,0,0,0,0,0,0
420695,2,1,0,0,0,14,0,0,0,0,0,0
420696,0,1,0,0,0,0,0,0,0,0,0,0
420696,1,1,0,0,0,0,0,0,16,0,20,0
420696,2,1,0,0,14,0,0,0,0,14,0,0
420696,3,1,0,0,0,0,9,0,0,0,0,0
420697,1,1,0,0,0,0,0,0,0,0,0,0
420697,2,1,0,0,0,0,0,0,0,0,0,0
420697,3,1,0,0,0,0,0,0,0,0,0,0
420698,0,1,0,0,0,0,0,0,0,0,0,0
420698,1,1,0,0,0,21,0,0,0,0,27,0
420699,1,1,0,0,0,0,0,0,0,0,0,24
420699,2,1,0,20,0,0,16,0,0,0,0,0
420699,3,1,0,0,0,0,0,0,0,0,0,0
420700,1,1,0,0,0,0,0,0,0,0,0,0
420701,1,1,0,0,0,0,0,0,0,0,0,0
420701,2,1,0,0,0,0,0,0,0,0,0,0
420702,1,1,0,0,0,0,0,0,0,0,0,0
420702,2,1,0,0,0,0,0,0,0,0,0,0
420702,3,1,0,0,0,0,0,0,0,0,0,0
420703,1,1,0,0,0,0,0,0,0,0,0,0
420703,2,1,0,0,0,0,0,0,0,0,0,0
420703,3,1,25,0,0,0,0,0,0,0,0,0
420704,1,1,0,0,0,0,0,0,0,0,0,0
420704,2,1,0,20,0,0,0,0,0,20,0,0
420705,1,1,0,0,0,0,31,0,0,0,0,0
420705,2,1,0,0,0,0,0,0,0,0,0,0
420706,1,1,6,6,6,6,6,6,6,6,6,6
420706,2,1,0,0,0,0,0,0,0,0,0,0
420706,3,1,0,0,0,0,15,0,0,0,0,0
420707,1,1,0,0,0,0,0,0,0,0,0,0
420707,2,1,0,0,0,0,0,0,0,0,0,0
420708,1,1,0,0,0,0,0,0,0,0,0,0
420708,2,1,0,0,0,0,0,0,0,0,0,0
420709,1,1,0,0,0,0,0,0,0,0,0,0
420709,2,1,0,0,0,0,0,0,36,0,0,0
420710,1,1,0,0,0,0,0,0,0,0,0,0
420710,2,1,0,0,0,0,0,0,0,0,0,0
420711,1,1,0,0,0,0,0,16,0,0,18,0
420712,1,1,26,26,26,26,26,26,26,26,26,26
420712,2,1,0,0,0,0,0,0,0,0,0,0
420713,0,1,0,0,0,0,0,0,0,0,0,0
420713,1,1,0,0,0,0,0,0,0,0,0,0
420714,0,1,0,0,0,0,0,0,0,0,0,0
420714,1,1,0,0,0,0,0,0,0,7,0,0
420715,1,1,0,13,0,0,0,0,0,0,0,14
420716,1,1,12,12,12,12,12,12,12,12,12,12
420717,0,1,21,21,21,21,21,21,21,21,21,21
420717,1,1,24,0,0,16,0,0,0,0,0,0
420718,1,1,0,0,0,0,0,0,0,0,0,0
420718,2,1,0,0,0,0,0,0,0,0,0,0
420719,1,1,0,0,0,0,0,0,0,0,0,0
420720,1,1,0,3,0,0,0,0,0,0,0,5
420720,2,1,0,0,0,0,0,0,0,0,0,0