ST_CASE,VEH_NO,PER_NO,P1,P2,P3,P4,P5,P6,P7,P8,P9,P10
420721,1,1,0,0,0,0,0,0,0,0,0,0
420722,1,1,12,17,28,16,9,28,8,4,8,20
420723,0,1,0,0,0,0,0,0,0,0,0,0
420723,1,1,0,0,0,0,0,0,0,0,0,0
420724,1,1,0,0,0,0,0,0,0,0,0,0
420725,1,1,13,13,13,13,13,13,13,13,13,13
420726,1,1,0,0,0,0,0,0,0,0,0,0
420727,1,1,0,0,0,0,0,0,0,0,0,0
420728,1,1,0,0,15,20,20,0,0,19,10,0
420729,1,1,0,0,0,0,0,0,0,0,0,0
420729,2,1,0,0,0,0,0,0,0,0,0,0
420730,0,1,17,17,17,17,17,17,17,17,17,17
420730,1,1,0,0,0,0,0,0,0,0,0,0
420731,1,1,0,0,0,0,0,0,0,0,0,0
420731,2,1,0,0,0,0,0,0,0,0,0,0
420732,0,1,0,0,18,0,20,0,0,0,0,0
420732,1,1,0,0,0,0,0,0,0,13,0,0
420733,1,1,25,0,0,17,26,0,36,18,0,12
420734,1,1,0,0,0,0,0,0,0,18,0,0
420734,2,1,0,0,0,0,0,0,0,0,0,0
420735,0,1,0,0,0,0,0,0,0,0,0,0
420735,1,1,0,0,0,0,0,0,0,0,0,0
420735,2,1,0,0,0,0,0,0,22,0,0,27
420736,0,1,8,8,8,8,8,8,8,8,8,8
420736,1,1,0,0,0,0,0,0,0,0,0,0
420737,1,1,0,0,0,0,0,0,0,4,0,20
420737,2,1,0,0,0,0,0,0,0,0,0,0
420737,3,1,0,0,0,0,0,0,0,0,0,12
420737,4,1,0,0,0,0,0,0,0,0,0,0
420738,1,1,0,0,0,0,0,0,0,0,0,0
420739,1,1,0,0,0,0,0,0,0,0,0,0
420739,2,1,0,0,0,0,0,0,0,0,0,0
420740,1,1,0,0,0,0,0,0,0,0,0,0
420740,2,1,0,0,0,0,0,0,0,0,0,0
420741,1,1,0,0,0,0,0,0,0,0,0,0
420741,2,1,0,0,0,0,0,0,9,0,0,0
420742,0,1,12,0,12,0,6,22,6,21,7,28
420742,1,1,0,0,0,0,0,0,0,0,0,0
420742,2,1,0,0,0,0,0,0,0,0,0,0
420743,0,1,0,16,0,0,5,0,0,0,42,0
420743,1,1,0,0,0,0,0,0,0,0,0,0
420744,1,1,0,0,0,0,0,0,0,0,0,0
420745,0,1,0,0,0,39,0,23,0,0,0,0
420745,1,1,0,0,0,7,0,0,12,0,0,0
420746,1,1,20,20,20,20,20,20,20,20,20,20
420747,1,1,0,0,0,0,0,0,0,0,0,0
420748,1,1,0,0,0,0,0,0,0,0,0,0
420748,2,1,0,0,0,0,0,0,0,0,0,0
420749,0,1,0,0,0,0,0,0,0,0,29,0
420749,1,1,0,0,0,0,0,0,0,0,0,0
420750,1,1,0,0,0,0,0,0,0,0,0,0
420750,2,1,0,0,0,0,0,0,0,0,0,0
420751,1,1,0,0,0,0,0,0,0,0,0,0
420751,2,1,0,0,0,0,0,0,0,0,0,0
420752,1,1,0,0,0,0,0,0,0,0,0,0
420752,2,1,0,0,0,0,0,0,0,0,0,0
420753,0,1,0,0,0,0,0,0,0,0,0,0
420753,1,1,0,0,0,0,18,23,0,0,0,0
420754,1,1,16,16,16,16,16,16,16,16,16,16
420755,1,1,0,0,0,0,0,0,0,0,0,0
420756,1,1,20,20,20,20,20,20,20,20,20,20
420757,1,1,0,0,0,0,0,0,0,0,0,0
420758,1,1,18,18,18,18,18,18,18,18,18,18
420758,2,1,0,0,0,0,0,0,0,0,0,0
420759,1,1,12,12,12,12,12,12,12,12,12,12
420760,1,1,15,15,15,15,15,15,15,15,15,15
420761,0,1,0,0,0,0,0,0,0,0,0,0
420761,1,1,0,0,23,0,14,0,0,0,26,0
420762,1,1,0,0,0,0,0,0,0,0,0,0
420762,2,1,22,26,24,23,11,25,30,0,29,21
420763,1,1,0,0,20,11,0,0,14,0,0,27
420763,2,1,18,20,0,0,0,0,35,0,14,17
420764,1,1,0,0,0,0,0,0,0,0,0,0
420765,1,1,0,0,0,0,0,0,0,0,0,0
420766,1,1,0,0,0,0,0,0,0,0,0,0
420767,1,1,0,0,0,0,0,0,0,0,0,0
420768,1,1,0,0,0,0,0,0,0,0,0,0
420768,2,1,0,0,0,0,0,0,0,0,0,0
420769,1,1,0,0,0,0,0,0,0,0,0,0
420770,1,1,0,0,0,0,0,0,0,0,0,0
420770,2,1,0,0,0,0,0,0,0,0,0,0
420771,1,1,0,0,5,0,0,0,0,0,0,0
420771,2,1,0,0,0,0,0,0,0,0,0,0
420772,1,1,0,0,0,0,0,0,0,0,0,9
420772,2,1,0,0,0,0,0,0,0,0,0,0
420773,1,1,0,0,0,0,0,0,0,0,0,0
420773,2,1,0,0,0,0,0,0,0,0,0,0
420774,0,1,4,4,4,4,4,4,4,4,4,4
420774,1,1,0,0,0,0,0,0,0,0,0,0
420775,1,1,17,13,19,0,14,18,0,0,6,0
420776,1,1,19,19,19,19,19,19,19,19,19,19
420777,1,1,0,0,0,0,0,0,0,0,0,0
420777,2,1,0,0,0,0,0,0,0,0,0,0
420778,1,1,6,0,0,0,24,0,0,0,0,0
420779,1,1,0,23,0,0,0,0,0,0,0,0
420779,2,1,0,0,0,0,0,0,0,0,0,0
420780,1,1,28,28,28,28,28,28,28,28,28,28
420781,0,1,0,0,0,0,0,0,0,0,0,0
420781,1,1,0,0,0,0,0,0,0,0,0,0
420782,1,1,0,0,0,0,0,0,0,0,0,0
420782,2,1,0,0,0,0,0,0,0,0,0,0
420783,1,1,0,0,0,10,0,0,20,19,0,0
420784,0,1,0,0,0,0,0,0,0,0,0,0
420784,1,1,2,2,2,2,2,2,2,2,2,2
420785,1,1,0,0,0,0,0,0,15,0,0,0
420785,2,1,0,0,0,0,0,0,0,0,0,0
420785,3,1,0,0,0,0,0,0,0,0,0,0
420786,1,1,0,0,0,0,0,0,0,0,0,0
420786,2,1,0,0,0,24,0,0,0,0,0,0
420787,1,1,0,0,0,0,0,0,0,0,0,0
420787,2,1,0,0,0,0,6,0,0,12,0,0
420788,1,1,0,0,8,0,22,0,10,14,25,0
420789,1,1,0,0,0,0,0,0,0,0,0,0
420789,2,1,0,0,0,0,0,14,0,0,0,0
420790,1,1,0,10,17,18,7,0,15,12,0,16
420791,1,1,0,0,0,0,0,0,0,0,0,0
420792,1,1,33,33,33,33,33,33,33,33,33,33
420793,1,1,18,18,18,18,18,18,18,18,18,18
420793,2,1,0,0,0,0,0,0,0,0,0,0
420794,1,1,0,0,0,0,0,0,0,0,0,0
420794,2,1,0,0,0,0,0,0,0,0,0,0
420795,1,1,17,17,17,17,17,17,17,17,17,17
420796,1,1,0,0,0,0,0,0,0,0,0,0
420796,2,1,0,0,0,0,0,0,0,0,0,0
420797,1,1,0,0,0,0,0,0,0,0,0,0
420798,1,1,0,0,0,0,0,0,0,0,0,0
420798,2,1,0,0,0,0,0,0,0,0,0,0
420799,0,1,0,0,0,0,0,0,0,0,0,0
420799,1,1,0,0,0,0,4,6,0,0,0,0
420800,1,1,0,0,0,0,0,0,0,0,0,0
420800,2,1,0,0,0,0,0,0,0,0,0,0
420801,1,1,0,0,0,0,0,0,0,0,0,0
420802,1,1,16,16,16,16,16,16,16,16,16,16
420802,2,1,6,0,16,0,0,0,0,0,0,0
420803,1,1,23,15,12,8,8,17,13,10,11,30
420804,1,1,31,31,31,31,31,31,31,31,31,31
420804,2,1,0,0,0,0,0,0,0,0,0,0
420805,1,1,0,0,0,0,0,0,0,0,0,0
420805,2,1,0,0,0,0,0,0,0,0,0,0
420805,3,1,0,0,0,0,0,0,0,0,0,0
420805,4,1,0,0,0,0,0,0,0,0,0,0
420805,5,1,0,0,0,0,0,0,0,0,0,0
420806,1,1,31,0,13,20,0,6,0,13,11,6
420806,2,1,0,2,0,0,0,0,13,0,0,0
420807,1,1,0,0,0,0,0,0,0,0,0,0
420807,2,1,13,13,13,13,13,13,13,13,13,13
420808,1,1,0,0,0,0,0,0,0,0,0,0
420809,1,1,0,0,0,0,0,0,0,0,0,0
420809,2,2,0,0,0,0,0,0,0,0,0,0
420810,1,1,0,0,0,0,0,0,0,0,0,0
420810,2,1,0,0,0,0,0,0,0,0,0,0
420811,1,1,6,6,6,6,6,6,6,6,6,6
420811,2,1,0,10,0,9,0,0,7,8,23,19
420812,1,1,25,26,13,3,24,15,19,10,19,6
420813,1,1,0,27,0,21,0,0,0,0,0,0
420813,2,1,0,0,0,0,0,0,0,0,0,0
420814,1,1,18,18,18,18,18,18,18,18,18,18
420815,1,1,0,0,0,0,0,0,0,0,0,0
420816,1,1,0,0,12,0,0,0,0,0,0,0
420817,0,1,0,0,0,0,0,0,0,0,0,0
420817,1,1,0,0,0,0,0,0,0,0,0,0
420818,1,1,0,0,0,0,0,0,0,0,0,0
420818,2,1,0,0,0,0,0,32,0,0,0,0
420819,1,1,0,0,0,0,0,6,0,0,0,0
420820,1,1,0,0,0,0,0,0,0,0,0,0
420821,1,1,0,0,0,0,0,0,0,0,0,0
420822,1,1,0,0,0,0,0,0,0,0,0,0
420823,1,1,0,0,0,0,0,0,0,0,0,0
420823,2,1,0,0,0,0,0,0,0,0,0,0
420824,1,1,11,0,18,37,0,0,19,14,24,25
420825,1,1,0,17,15,16,11,16,7,0,5,6
420825,2,1,10,0,0,0,0,0,0,0,0,0
420826,1,1,15,15,15,15,15,15,15,15,15,15
420827,1,1,0,0,0,0,0,0,0,0,0,0
420827,2,1,0,0,0,0,0,0,0,0,0,0
420828,1,1,0,0,0,0,0,0,0,0,0,0
420828,2,1,0,0,0,0,0,0,0,0,0,0
420828,3,1,0,0,0,0,0,0,0,0,0,0
420829,1,1,0,0,0,0,0,0,0,0,0,0
420829,2,1,0,0,0,0,0,0,0,0,0,0
420830,1,1,0,0,0,0,0,0,0,0,0,0
420830,2,1,0,0,0,0,0,0,0,0,0,0
420831,0,1,0,0,0,0,0,0,0,0,0,0
420831,1,1,25,25,25,25,25,25,25,25,25,25
420831,2,1,0,0,0,0,0,0,0,0,0,0
420832,1,1,0,0,0,12,0,0,0,0,0,27
420833,1,1,5,16,13,19,7,10,29,0,5,5
420833,2,1,0,0,0,0,0,0,0,0,0,0
420834,0,1,0,0,0,0,0,0,0,0,0,0
420834,1,1,0,0,0,0,0,0,0,0,0,0
420835,1,1,0,0,0,0,0,0,0,0,0,0
420835,2,1,0,0,0,0,0,0,0,0,0,0
420836,1,1,17,17,17,17,17,17,17,17,17,17
420836,2,1,0,0,0,0,0,0,0,0,0,0
420836,3,1,0,0,0,0,0,0,0,0,0,0
420837,1,1,0,19,0,0,0,0,0,0,0,0
420837,2,1,4,4,4,4,4,4,4,4,4,4
420838,1,1,0,0,0,0,0,0,0,0,0,0
420838,2,1,0,0,0,0,0,0,0,0,0,0
420839,1,1,0,0,0,0,0,0,0,0,0,0
420839,2,1,0,0,0,0,0,0,0,0,0,0
420839,3,1,0,0,0,0,0,0,0,0,0,0
420840,1,1,0,0,0,0,0,0,0,0,0,0
420840,2,1,0,0,0,0,0,0,0,0,0,24
420841,1,1,0,0,0,0,0,0,0,0,0,0
420841,2,1,0,0,0,0,0,0,0,0,0,0
420841,3,1,0,0,0,0,0,14,0,0,20,0
420842,1,1,0,0,0,0,0,0,0,0,0,0
420842,2,1,0,0,0,0,0,0,0,0,0,0
420842,3,1,0,0,0,0,0,0,0,0,0,0
420843,1,1,0,0,0,0,0,0,0,0,0,0
420843,2,1,0,0,0,0,0,0,0,0,0,0
420844,0,1,0,0,0,0,0,0,0,0,0,0
420844,1,1,0,0,0,0,0,0,0,0,0,0
420845,0,1,0,0,0,0,0,0,0,0,0,0
420845,1,1,0,0,0,0,0,0,0,0,0,0
420845,2,1,0,0,0,0,0,0,0,0,0,0
420845,3,1,0,0,0,0,0,0,0,0,0,0
420846,1,1,0,0,0,0,0,0,0,0,0,0
420846,2,1,0,0,0,0,0,0,0,0,0,0
420847,1,1,0,0,0,3,0,0,32,0,0,0
420847,2,1,0,0,0,0,0,0,0,0,0,0
420848,1,1,10,14,9,13,8,14,16,8,13,22
420848,2,1,5,4,0,0,30,0,10,9,0,10
420848,3,1,21,0,17,21,18,17,0,0,8,0
420848,4,1,0,0,0,0,0,0,0,0,0,0
420849,1,3,0,0,0,0,0,0,0,0,0,8
420850,1,1,0,0,0,0,0,9,0,0,0,0
420850,2,1,0,0,0,0,0,0,0,0,0,0
420851,1,1,0,0,0,0,0,0,0,0,0,0
420851,2,1,0,0,0,0,0,0,0,0,0,0
420851,3,1,0,0,0,0,0,0,0,35,0,0
420852,1,1,10,0,0,0,0,0,0,0,0,0
420852,2,1,0,0,0,0,0,0,0,0,0,0
420853,1,1,6,6,6,6,6,6,6,6,6,6
420853,2,1,0,0,0,0,0,0,0,0,0,0
420854,1,1,0,27,3,8,6,24,11,15,14,15
420854,2,1,0,0,0,0,0,0,0,0,0,0
420854,3,1,0,0,0,0,7,0,0,0,0,24
420855,1,1,0,9,10,10,13,3,19,17,14,23
420855,2,1,0,0,0,0,0,17,0,0,0,0
420856,1,1,0,0,0,0,0,0,0,0,0,0
420857,1,1,0,0,6,0,0,0,0,0,15,5
420858,1,1,25,25,25,25,25,25,25,25,25,25
420859,1,1,0,0,0,0,0,0,0,0,0,0
420859,2,1,0,0,0,0,0,0,0,0,0,0
420860,1,1,15,15,15,15,15,15,15,15,15,15
420861,1,1,0,0,0,0,0,0,26,0,0,0
420861,2,1,0,0,0,0,0,0,0,0,0,0
420862,1,1,0,0,0,0,0,0,0,0,0,0
420862,2,1,0,0,0,0,0,0,0,0,0,0
420862,3,1,0,0,0,0,0,0,0,0,0,0
420863,1,1,0,0,7,0,0,0,0,5,14,12
420863,2,1,0,0,0,0,0,12,0,0,0,0
420864,1,1,0,0,0,0,0,0,0,0,0,0
420865,1,1,0,0,0,0,0,0,0,17,0,11
420865,2,1,0,2,0,0,0,0,0,18,0,0
420866,1,1,0,0,0,0,0,0,0,0,0,0
420866,2,1,0,0,0,0,0,0,0,0,0,0
420866,3,1,0,0,0,0,10,9,0,0,0,0
420867,1,1,3,10,6,13,0,0,13,24,12,0
420867,2,1,8,27,18,16,21,36,10,3,0,0
420868,1,1,0,0,0,0,0,0,0,0,0,0
420868,2,1,0,0,0,0,0,0,0,0,0,0
420868,3,1,0,0,0,0,0,0,0,0,0,9
420869,1,1,0,0,0,0,0,0,0,0,0,0
420869,2,1,0,0,0,0,0,0,0,0,0,0
420870,1,1,0,0,0,22,0,23,0,0,0,23
420871,1,1,0,0,0,0,0,0,0,0,0,0
420871,2,1,0,0,0,0,6,0,0,0,0,0
420871,3,1,0,0,0,0,0,0,0,0,0,0
420872,1,1,0,0,16,16,0,0,0,20,0,0
420872,2,1,0,20,0,0,0,0,0,0,0,0
420873,1,1,0,0,0,0,0,0,20,0,0,0
420873,2,1,0,0,0,0,0,0,0,0,0,0
420873,3,1,0,0,0,0,0,0,0,0,0,0
420874,1,1,26,19,31,18,21,16,33,24,14,17
420874,2,1,0,0,0,0,0,3,0,0,0,0
420875,1,1,7,0,0,0,0,0,0,0,0,0
420875,2,1,0,0,0,0,0,0,0,0,0,0
420875,3,1,13,10,18,4,0,9,40,0,16,29
420876,1,1,0,0,0,0,0,0,0,0,0,0
420876,2,1,0,0,0,0,0,0,0,0,0,0
420877,1,1,2,2,2,2,2,2,2,2,2,2
420877,2,1,0,0,20,0,0,11,0,18,0,10
420877,3,1,19,9,12,4,15,14,14,0,10,14
420878,0,1,8,0,0,0,0,0,24,0,0,0
420878,1,1,0,0,0,0,1,0,16,7,0,0
420878,2,1,6,28,0,0,12,0,0,0,0,0
420879,1,1,0,0,0,0,0,0,0,0,0,0
420879,2,1,0,0,0,0,0,0,0,0,0,0
420880,1,1,0,0,0,0,0,0,0,0,0,0
420880,2,1,0,0,0,0,0,0,0,0,0,0
420881,0,1,3,3,3,3,3,3,3,3,3,3
420881,2,1,0,0,0,0,0,0,0,0,0,0
420882,1,1,0,0,0,0,0,0,0,0,14,0
420882,2,1,0,0,0,0,0,0,0,0,0,0
420883,0,1,0,0,0,0,0,0,0,0,0,0
420883,1,1,0,0,0,0,0,0,0,0,0,0
420883,2,1,0,0,0,0,0,0,0,0,0,0
420884,1,1,0,0,0,0,0,0,0,13,0,0
420885,1,1,0,0,0,0,0,0,0,0,7,0
420885,2,1,0,0,0,0,0,29,0,0,0,0
420886,1,1,7,21,22,32,19,21,31,8,13,11
420886,2,1,0,0,0,0,13,0,0,0,0,0
420887,1,1,4,16,0,0,20,17,0,24,23,27
420887,2,1,0,0,14,11,0,0,0,0,0,0
420888,1,1,0,0,0,0,0,0,0,0,0,0
420888,2,1,0,0,0,0,0,0,0,0,0,0
420889,1,1,0,0,0,0,0,0,0,0,0,0
420889,2,1,0,0,0,0,3,0,0,20,0,0
420890,1,1,0,0,0,0,0,0,0,0,0,0
420890,2,1,0,0,0,0,0,0,0,0,0,0
420891,1,1,0,0,0,0,0,0,0,28,0,14
420891,2,1,0,0,0,0,0,0,0,0,0,0
420892,1,1,8,8,8,8,8,8,8,8,8,8
420892,2,2,0,0,0,0,15,8,0,0,0,12
420893,1,1,0,0,0,0,0,0,0,0,0,0
420893,2,1,0,0,0,0,0,0,0,10,0,0
420894,1,1,0,0,22,0,0,0,0,0,0,0
420894,2,1,0,0,0,0,0,0,0,0,0,0
420895,1,1,0,0,10,0,18,0,0,0,4,0
420895,2,1,0,0,0,0,0,0,0,0,0,0
420896,1,1,0,0,0,0,0,0,0,0,0,0
420896,2,1,12,0,0,0,0,0,0,0,0,0
420897,1,1,0,0,0,0,0,0,0,0,0,0
420897,2,1,0,0,0,0,0,0,0,0,0,0
420898,1,1,0,0,0,0,14,0,0,0,0,0
420898,2,1,0,0,0,0,0,0,0,0,0,0
420899,1,1,20,20,20,20,20,20,20,20,20,20
420900,1,1,16,17,5,19,14,22,23,13,12,13
420901,1,1,19,19,19,19,19,19,19,19,19,19
420902,0,1,0,0,0,0,0,0,0,0,0,0
420902,1,1,0,0,0,0,0,0,0,0,0,0
420903,0,1,0,0,0,0,0,0,0,0,0,0
420903,1,1,0,0,0,0,0,0,0,0,0,0
420904,0,1,0,26,17,0,11,20,0,12,6,0
420904,1,1,0,0,0,0,0,0,0,0,0,0
420905,1,1,0,16,0,0,0,0,0,0,0,29
420906,0,1,0,11,2,0,0,0,0,0,0,0
420906,1,1,0,0,0,0,0,0,0,0,21,0
420907,1,1,0,0,0,0,0,0,0,15,0,0
420908,0,1,0,0,0,0,0,0,0,0,0,0
420908,1,1,15,4,11,16,11,29,18,27,26,12
420909,0,1,0,5,0,0,29,22,0,0,15,0
420909,1,1,0,0,0,0,0,0,0,0,0,0
420910,0,1,0,0,0,0,0,0,0,0,0,27
420910,1,1,0,0,0,0,0,0,0,0,0,0
420911,0,1,0,0,0,0,0,16,0,0,0,0
420911,1,1,0,0,0,0,0,0,0,0,0,0
420912,1,1,18,18,18,18,18,18,18,18,18,18
420913,1,1,0,0,0,0,0,0,0,0,0,0
420914,1,1,8,6,23,4,25,0,23,0,0,23
420915,1,1,0,0,0,0,0,0,0,0,0,0
420916,1,1,0,0,0,34,0,0,9,0,0,0
420917,1,1,0,0,0,0,0,0,0,0,0,0
420918,1,1,0,0,0,0,0,0,0,0,0,0
420919,0,1,0,0,0,0,0,0,0,0,0,0
420919,1,1,10,10,10,10,10,10,10,10,10,10
420920,0,1,0,0,0,0,0,0,0,17,0,0
420920,1,1,0,0,0,0,0,0,0,0,0,0
420921,1,1,0,0,0,0,0,0,0,0,0,0
420922,0,1,0,0,0,0,0,0,16,0,0,0
420922,1,1,0,0,0,0,0,0,0,0,0,0
420923,0,1,0,0,0,6,6,0,13,0,0,42
420923,1,1,0,0,0,0,0,0,0,0,0,0
420924,1,1,0,0,0,0,0,0,0,0,0,0
420925,0,1,6,0,0,3,0,19,30,0,0,0
420925,1,1,32,0,0,10,0,0,0,0,0,0
420926,1,1,8,0,0,0,36,0,0,15,0,0
420927,1,1,22,22,22,22,22,22,22,22,22,22
420928,0,1,33,18,27,23,36,13,8,16,26,22
420928,1,1,0,0,0,0,0,0,0,0,0,0
420929,1,1,11,11,11,11,11,11,11,11,11,11
420930,1,1,0,0,0,0,0,0,0,0,0,0
420931,1,1,0,18,0,0,0,0,0,0,0,0
420932,1,1,0,0,0,0,0,0,0,0,0,0
420933,0,1,0,0,0,0,0,0,0,0,0,0
420933,1,1,0,0,0,0,0,0,0,0,0,0
420934,1,1,25,25,25,25,25,25,25,25,25,25
420935,0,1,0,0,9,0,0,24,23,29,0,10
420935,1,1,0,0,0,24,0,0,0,0,0,0
420936,0,1,0,0,0,0,0,0,0,0,0,0
420936,1,1,0,0,0,0,0,23,0,0,18,0
420937,1,1,0,0,0,0,0,0,0,0,0,0
420937,2,1,0,0,0,0,0,0,0,0,0,0
420937,3,1,0,22,0,0,21,0,0,0,0,0
420937,4,1,0,0,0,0,0,0,0,0,0,0
420937,5,1,0,0,0,0,0,0,0,0,0,0
420938,1,1,1,1,1,1,1,1,1,1,1,1
420938,2,1,0,0,0,0,0,0,0,0,0,0
420939,0,1,0,0,0,0,0,21,27,22,0,0
420939,1,1,0,0,0,0,0,0,0,0,0,0
420940,0,1,0,35,0,0,0,0,0,0,25,0
420940,1,1,0,0,0,0,0,0,0,0,0,0
420941,0,1,0,0,0,0,0,0,0,0,0,0
420941,1,1,0,0,0,0,0,0,0,0,0,0
420942,0,1,0,0,0,0,0,0,0,0,0,0
420942,1,1,0,0,0,0,0,0,0,0,0,20
420943,0,1,0,0,0,28,0,0,0,0,0,0
420943,1,1,0,0,0,0,0,0,0,5,0,0
420944,0,1,0,0,0,0,0,0,0,0,0,0
420944,1,1,0,0,0,0,0,0,0,0,0,0
420945,0,1,0,0,0,0,0,0,0,0,0,0
420945,1,1,11,11,11,11,11,11,11,11,11,11
420946,0,1,0,0,0,8,0,0,18,14,0,35
420946,1,1,0,0,13,0,0,0,0,0,0,0
420947,0,1,0,0,0,0,0,0,0,0,0,0
420947,1,1,0,0,0,0,0,0,0,0,0,0
420948,1,1,25,25,25,25,25,25,25,25,25,25
420949,1,1,0,0,0,0,0,0,0,0,0,0
420950,1,1,0,0,0,0,0,0,0,0,0,0
420951,1,1,0,0,0,0,0,0,0,0,0,0
420952,1,1,0,0,17,0,0,0,0,0,0,0
420953,1,1,14,14,14,14,14,14,14,14,14,14
420954,1,1,17,15,0,11,17,8,0,23,11,19
420954,2,1,0,0,0,0,0,0,0,0,0,0
420955,0,1,0,0,0,0,0,0,0,0,0,0
420955,1,1,0,0,0,0,0,0,0,0,0,0
420956,0,1,31,31,31,31,31,31,31,31,31,31
420956,1,1,0,0,0,0,0,0,5,41,0,16
420957,0,1,0,0,0,0,0,0,0,0,21,0
420957,0,2,0,0,0,0,0,0,0,0,0,0
420957,0,3,0,15,0,6,27,0,0,28,0,0
420957,1,1,0,0,0,0,8,0,0,0,0,0
420958,1,1,0,20,4,24,0,12,11,7,0,0
420959,1,1,0,0,0,0,0,0,0,0,0,0
420960,1,1,12,12,11,16,10,13,15,16,13,0
420961,1,1,0,0,0,36,0,0,0,0,0,0
420962,1,1,0,0,0,0,0,0,0,0,0,0
420963,1,1,0,0,0,0,0,0,0,0,0,0
420964,1,1,0,0,0,0,0,0,0,0,0,0
420965,1,1,0,0,0,0,0,0,0,0,0,0
420966,1,1,11,11,11,11,11,11,11,11,11,11
420967,1,1,0,0,0,0,0,0,0,0,0,0
420968,1,1,4,4,4,4,4,4,4,4,4,4
420969,1,1,0,0,0,0,0,0,0,0,0,0
420970,1,1,14,0,0,0,0,0,0,0,3,0
420971,1,1,0,0,0,0,0,0,0,0,0,0
420972,1,1,0,0,13,29,0,0,11,19,0,0
420973,1,1,0,0,0,0,0,0,0,0,0,0
420974,1,1,20,20,20,20,20,20,20,20,20,20
420975,1,1,0,0,0,0,9,0,0,0,0,0
420976,1,1,21,21,21,21,21,21,21,21,21,21
420977,1,1,23,7,14,0,0,0,0,0,0,30
420978,1,1,20,24,23,0,6,3,0,32,21,0
420979,1,1,13,16,32,0,0,35,19,18,14,0
420980,1,1,16,16,16,16,16,16,16,16,16,16
420981,1,1,18,18,18,18,18,18,18,18,18,18
420981,2,1,0,0,0,0,0,0,0,0,0,0
420981,3,1,0,0,0,0,0,0,0,0,0,0
420982,1,1,0,0,0,0,0,0,0,0,0,0
420983,0,1,0,0,0,0,0,0,0,0,0,0
420983,1,1,0,0,0,0,0,0,0,0,0,0
420984,0,1,0,0,9,0,0,0,16,0,0,0
420984,1,1,0,0,4,0,0,0,0,0,0,0
420985,1,1,12,12,12,12,12,12,12,12,12,12
420986,1,1,0,0,0,0,7,0,0,0,0,0
420987,1,1,0,0,0,0,0,0,0,0,0,0
420988,0,1,0,0,0,0,0,0,0,0,0,0
420988,1,1,0,0,0,0,0,0,0,0,0,0
420989,1,1,0,0,0,0,0,0,0,0,0,0
420989,2,1,0,0,0,0,0,0,0,0,0,0
420989,3,1,0,0,0,0,0,0,0,0,0,0
420989,4,1,0,0,0,0,0,0,22,0,0,0
420989,5,1,0,0,0,0,0,0,0,0,0,0
420989,6,1,0,0,0,0,0,0,0,0,0,0
420989,7,1,0,0,0,0,0,0,0,0,0,0
420989,8,2,0,0,0,0,10,0,0,0,0,0
420989,9,1,0,0,0,0,0,0,0,0,0,0
420989,10,1,0,0,0,0,0,0,0,0,0,0
420989,11,1,0,0,0,0,0,0,0,0,0,0
420989,12,1,0,0,0,0,0,0,0,0,0,0
420989,13,1,0,0,0,0,0,0,0,0,0,0
420989,14,1,0,0,0,0,0,0,0,0,0,0
420989,15,1,0,39,0,0,0,0,0,0,0,0
420989,16,1,0,0,0,0,0,13,0,0,0,0
420989,17,1,0,0,0,0,0,0,0,0,0,0
420989,18,1,0,0,0,0,0,0,0,0,0,0
420989,19,1,0,0,0,0,0,0,0,0,0,0
420989,20,1,0,0,0,0,0,0,0,0,0,0
420989,21,1,0,0,0,0,0,0,0,0,0,0
420989,22,1,0,0,0,0,0,0,0,0,0,0
420989,23,1,0,0,0,0,0,0,0,0,0,0
420989,24,1,0,0,0,0,0,0,17,0,0,0
420989,25,1,0,0,0,0,0,0,0,0,0,0
420989,26,1,0,0,0,0,0,0,0,0,0,0
420989,27,1,0,0,0,0,0,0,0,0,0,0
420989,28,1,0,0,0,0,0,0,0,0,0,0
420989,29,1,0,0,0,0,0,0,0,0,0,0
420989,30,1,0,0,0,0,0,0,0,0,0,0
420989,31,1,27,0,0,0,0,0,0,0,0,0
420989,32,1,0,0,0,0,0,0,0,0,0,0
420989,33,1,0,0,0,0,0,0,0,0,0,0
420989,34,1,0,0,0,0,0,0,0,0,11,0
420989,35,1,0,0,0,0,0,0,0,0,0,0
420989,36,1,0,0,0,0,0,0,0,0,0,0
420989,37,1,0,0,0,0,0,0,0,0,0,0
420989,38,1,0,0,0,0,0,0,0,0,0,0
420989,39,1,0,0,0,0,0,0,0,0,0,0
420989,40,1,0,0,0,0,0,0,0,0,0,3
420989,41,1,0,0,0,0,0,0,0,0,0,0
420989,42,1,0,0,0,0,0,0,0,0,0,0
420989,43,1,0,0,0,0,0,0,0,0,0,0
420989,44,1,0,0,0,0,0,0,0,0,0,0
420989,45,1,0,0,0,0,0,0,0,0,0,0
420989,46,1,0,0,0,0,0,0,0,0,0,0
420989,47,1,0,0,0,0,0,0,0,0,0,0
420989,48,1,0,0,0,0,0,0,0,0,0,0
420989,49,1,0,0,0,0,0,0,0,0,0,0
420989,50,1,0,0,0,0,0,0,0,0,0,0
420989,51,1,0,0,0,0,0,0,0,0,0,0
420989,52,1,0,0,0,0,0,0,0,0,0,0
420989,53,1,0,0,0,0,0,0,0,0,0,0