ST_CASE,VEH_NO,PER_NO,P1,P2,P3,P4,P5,P6,P7,P8,P9,P10
420989,54,1,0,0,0,0,0,0,0,0,0,0
420989,55,1,0,0,0,0,0,0,0,0,0,0
420989,56,1,0,0,0,0,0,0,0,0,0,0
420989,57,1,0,0,15,0,0,0,0,0,0,0
420989,58,1,0,0,0,0,0,0,0,0,0,0
420989,59,1,0,0,0,0,0,0,0,0,0,0
420990,0,1,0,0,0,0,0,0,0,0,0,3
420990,0,2,0,6,0,0,18,0,0,0,0,21
420990,1,1,0,0,0,0,0,0,0,0,0,0
420991,1,1,0,0,0,0,0,0,0,0,0,0
420992,1,1,0,0,0,0,0,0,0,0,0,0
420992,2,1,0,0,0,0,0,0,0,0,0,0
440001,1,1,10,15,0,13,39,6,14,23,28,0
440001,2,1,0,0,0,0,0,0,0,0,0,0
440001,3,1,0,0,0,0,0,0,0,0,0,0
440002,1,1,0,0,0,0,0,0,0,0,0,0
440002,2,1,0,0,0,0,0,0,0,0,0,0
440003,1,1,25,25,25,25,25,25,25,25,25,25
440004,1,1,0,0,0,0,0,0,0,0,0,0
440005,1,1,0,0,0,0,0,0,0,0,0,0
440006,1,1,0,0,0,0,0,0,0,0,0,0
440007,1,1,0,0,0,0,0,0,0,0,0,0
440007,2,1,0,0,0,0,0,0,0,0,7,0
440008,0,1,0,0,0,0,0,0,0,0,0,0
440008,1,1,0,0,0,0,0,0,0,0,0,0
440009,1,1,0,0,0,0,0,0,0,0,0,0
440009,2,1,0,0,0,0,0,0,0,0,0,0
440009,3,1,0,0,0,0,0,0,0,0,0,0
440009,4,1,0,0,0,0,0,0,0,0,0,0
440010,1,1,18,18,18,18,18,18,18,18,18,18
440011,1,1,8,8,8,8,8,8,8,8,8,8
440012,1,1,20,20,20,20,20,20,20,20,20,20
440013,1,1,0,0,0,0,0,0,0,0,0,0
440014,1,1,0,0,0,0,0,0,0,0,0,0
440014,2,1,0,0,0,0,0,0,0,0,0,0
440015,1,1,33,33,33,33,33,33,33,33,33,33
440016,1,1,0,0,0,0,0,0,0,0,7,0
440016,2,1,16,15,23,19,5,8,0,7,7,16
440017,1,1,31,20,11,10,11,10,18,11,0,24
440018,0,1,48,48,48,48,48,48,48,48,48,48
440018,1,1,0,0,0,0,14,9,0,0,0,0
440019,1,1,0,0,0,0,0,0,0,0,0,0
440020,0,1,17,17,17,17,17,17,17,17,17,17
440020,1,1,0,0,0,0,0,0,0,0,0,0
440021,1,1,16,13,17,30,29,25,13,7,18,12
440021,2,1,22,22,22,22,22,22,22,22,22,22
440022,1,1,0,0,24,0,0,0,0,0,0,0
440022,2,1,0,0,0,0,0,0,0,0,0,0
440023,1,1,16,0,0,0,0,0,0,0,0,0
440023,2,1,12,12,12,12,12,12,12,12,12,12
440024,1,1,5,5,5,5,5,5,5,5,5,5
440024,2,1,0,0,67,0,0,0,0,0,0,0
440025,1,1,18,18,18,18,18,18,18,18,18,18
440026,1,1,0,0,0,0,0,0,0,0,0,0
440027,0,1,25,25,25,25,25,25,25,25,25,25
440027,1,1,0,0,0,0,9,0,11,8,2,0
440028,1,1,0,0,0,0,0,0,0,0,0,0
440029,1,1,0,0,0,0,0,0,0,0,0,0
440029,2,1,0,0,0,0,0,0,0,0,0,0
440030,1,1,0,0,0,0,0,0,0,0,0,0
440030,2,1,19,19,19,19,19,19,19,19,19,19
440031,1,1,7,7,7,7,7,7,7,7,7,7
440032,0,1,0,0,31,13,0,19,0,0,22,29
440032,1,1,0,0,0,0,0,0,0,0,0,0
440033,1,1,16,16,16,16,16,16,16,16,16,16
440034,1,1,19,19,19,19,19,19,19,19,19,19
440035,1,1,0,0,0,0,0,0,0,0,0,0
440035,2,1,2,2,2,2,2,2,2,2,2,2
440036,1,1,0,0,0,0,18,19,11,0,0,7
440037,1,1,2,2,2,2,2,2,2,2,2,2
440038,1,1,22,22,22,22,22,22,22,22,22,22
440038,2,1,0,4,22,2,23,8,10,21,14,20
440039,1,1,28,28,28,28,28,28,28,28,28,28
440040,1,1,19,19,19,19,19,19,19,19,19,19
440041,1,1,19,19,19,19,19,19,19,19,19,19
440042,1,1,18,18,18,18,18,18,18,18,18,18
440043,1,1,0,0,0,0,0,0,0,0,0,0
440043,3,1,0,0,0,0,0,0,0,0,0,0
440044,1,1,0,0,0,0,0,0,0,0,0,0
440045,1,1,0,0,0,0,0,0,0,30,0,0
440045,2,1,0,12,0,0,0,0,0,0,0,0
440046,1,1,13,13,13,13,13,13,13,13,13,13
440047,0,1,30,0,20,0,28,0,41,0,0,0
440047,1,1,0,0,0,0,0,0,0,12,0,19
440048,1,1,11,11,11,11,11,11,11,11,11,11
440049,0,1,20,20,20,20,20,20,20,20,20,20
440049,1,1,4,15,24,19,18,0,13,0,2,11
440050,0,1,0,0,0,0,0,0,0,0,0,0
440050,1,1,0,0,9,0,0,0,0,0,0,0
440051,1,1,1,1,1,1,1,1,1,1,1,1
440051,2,1,0,0,14,0,0,0,0,0,0,0
440052,1,1,0,0,0,0,0,0,0,0,0,0
440053,1,1,0,0,0,0,0,0,0,0,0,0
440053,2,1,0,0,0,0,8,13,0,0,0,0
450001,1,1,29,29,29,29,29,29,29,29,29,29
450002,1,1,0,0,0,0,0,0,0,0,0,0
450002,2,1,16,16,16,16,16,16,16,16,16,16
450003,0,1,22,0,0,20,23,0,0,0,0,0
450003,0,2,0,0,0,0,0,0,0,0,0,0
450003,1,1,0,0,0,0,0,0,0,0,0,0
450004,1,1,0,0,0,0,0,0,0,0,0,0
450005,1,1,22,22,22,22,22,22,22,22,22,22
450006,1,1,0,0,0,0,0,0,0,0,0,0
450007,1,1,23,23,23,23,23,23,23,23,23,23
450008,1,1,22,22,22,22,22,22,22,22,22,22
450009,1,1,13,6,11,0,12,7,10,14,19,12
450009,2,1,0,0,0,0,0,0,0,0,0,0
450010,1,1,0,0,0,0,0,0,0,0,0,0
450010,2,1,7,0,0,0,0,0,0,0,0,0
450011,1,1,0,0,0,0,0,0,0,0,0,0
450011,2,1,0,24,0,0,0,0,0,0,0,0
450012,1,1,3,3,3,3,3,3,3,3,3,3
450013,1,1,0,0,0,0,0,0,0,0,0,0
450014,1,1,24,0,0,0,0,0,0,0,0,0
450015,0,1,4,4,4,4,4,4,4,4,4,4
450015,1,1,0,0,0,0,0,0,19,0,20,0
450016,1,1,0,0,0,0,0,0,0,0,0,19
450016,2,1,0,0,0,0,0,0,0,0,0,0
450017,1,1,0,0,0,0,0,0,0,0,0,0
450017,2,1,0,0,0,0,0,0,0,0,0,0
450018,0,1,0,0,0,0,0,0,0,0,0,0
450018,1,1,0,0,0,0,0,0,13,0,0,0
450019,1,1,0,0,0,15,0,0,0,0,0,0
450019,2,1,0,0,0,0,0,0,0,0,0,0
450019,3,1,0,0,0,0,0,0,0,0,0,0
450020,1,1,0,24,0,0,0,0,0,0,0,16
450020,2,1,0,0,0,0,0,0,0,0,0,0
450020,3,1,0,0,0,0,0,0,0,0,0,0
450020,4,1,0,0,0,0,0,0,0,0,0,0
450020,5,1,0,0,0,6,0,8,0,0,0,0
450021,1,1,0,0,0,0,0,0,0,0,0,0
450021,2,1,0,0,0,0,0,0,0,0,0,0
450022,1,1,0,0,0,0,0,0,0,0,0,0
450023,1,1,5,5,5,5,5,5,5,5,5,5
450024,1,1,0,0,0,0,0,0,0,0,0,0
450025,0,1,0,0,0,0,0,0,0,0,0,0
450025,0,2,0,17,0,0,15,0,0,0,0,0
450025,1,1,23,23,23,23,23,23,23,23,23,23
450026,2,1,0,0,0,0,0,0,0,0,0,0
450027,0,1,0,0,0,0,0,0,0,0,0,0
450027,1,1,0,0,0,0,0,0,0,0,0,0
450028,1,1,0,0,0,0,0,0,0,0,0,0
450028,2,1,0,0,0,0,0,0,0,0,0,0
450028,3,1,0,0,0,0,0,0,0,0,0,0
450029,1,1,0,0,0,0,0,0,0,0,0,0
450029,2,1,0,0,0,0,0,0,0,0,0,0
450030,0,1,0,0,0,0,0,0,0,0,0,0
450030,1,1,0,0,0,0,0,0,0,0,0,0
450031,1,1,0,0,0,0,0,0,0,0,0,0
450031,2,1,0,0,0,0,0,0,0,0,0,0
450032,1,1,0,0,0,0,0,0,0,0,0,0
450033,0,1,11,11,11,11,11,11,11,11,11,11
450033,1,1,0,0,0,0,0,0,0,0,0,0
450034,0,1,0,0,0,0,0,0,0,0,0,0
450034,1,1,0,0,0,0,0,0,0,0,0,0
450035,0,1,0,0,24,0,0,0,0,0,15,0
450035,1,1,0,0,0,0,0,0,0,0,0,0
450036,1,1,0,0,0,6,0,0,7,0,0,13
450037,1,1,0,0,0,0,0,0,0,0,0,0
450038,1,1,0,0,0,0,0,0,0,0,0,0
450038,2,1,0,0,0,0,0,0,0,0,0,0
450039,1,1,24,24,24,24,24,24,24,24,24,24
450040,1,1,0,0,0,0,0,0,0,0,0,0
450040,2,1,0,0,0,0,0,0,0,0,0,0
450041,1,1,0,0,0,0,0,0,0,0,0,0
450041,2,1,0,0,0,0,0,0,0,0,0,0
450042,0,1,38,38,38,38,38,38,38,38,38,38
450042,1,1,0,0,0,0,0,0,0,0,0,0
450043,1,1,0,0,0,0,13,0,4,0,9,0
450043,2,1,5,5,5,5,5,5,5,5,5,5
450044,0,1,24,24,24,24,24,24,24,24,24,24
450044,1,1,0,0,0,0,0,0,0,0,0,0
450045,1,1,0,0,0,0,0,0,0,0,0,0
450045,2,1,15,15,15,15,15,15,15,15,15,15
450046,1,1,21,21,21,21,21,21,21,21,21,21
450047,1,1,0,0,0,0,0,0,0,0,0,0
450048,1,1,0,0,0,0,0,0,0,0,0,0
450048,2,1,0,0,0,0,0,0,0,0,0,0
450049,1,1,12,12,12,12,12,12,12,12,12,12
450050,1,1,4,0,0,0,16,0,14,29,0,0
450051,1,1,16,12,14,12,11,11,11,13,12,17
450051,2,1,1,1,1,1,1,1,1,1,1,1
450052,1,1,0,0,0,0,0,0,0,0,0,0
450052,2,1,0,0,0,0,0,0,0,18,0,0
450053,1,1,0,0,0,0,0,0,0,0,0,0
450053,2,1,0,0,0,0,0,0,0,0,0,0
450054,1,1,21,21,21,21,21,21,21,21,21,21
450055,1,1,8,8,8,8,8,8,8,8,8,8
450056,1,1,16,16,16,16,16,16,16,16,16,16
450057,1,1,17,17,17,17,17,17,17,17,17,17
450058,0,1,0,0,0,0,0,0,0,0,0,0
450058,1,1,0,0,0,0,0,0,0,0,0,0
450059,0,1,17,17,17,17,17,17,17,17,17,17
450059,1,1,0,0,0,0,0,0,0,0,0,0
450060,1,1,0,0,0,0,0,0,0,0,0,0
450060,2,1,0,0,0,0,0,0,0,0,0,0
450060,3,1,0,0,0,0,0,0,0,0,0,0
450060,4,1,0,0,0,0,0,0,0,0,0,0
450060,5,1,0,0,0,0,0,0,0,0,0,0
450061,1,1,0,0,0,0,0,0,0,0,0,0
450061,2,1,0,0,0,0,0,0,0,0,0,22
450062,1,1,0,0,0,0,0,0,0,0,0,0
450062,2,1,0,0,0,0,0,0,0,0,14,0
450063,1,1,0,0,0,0,0,0,0,0,0,0
450064,1,1,0,0,0,0,0,0,0,0,0,0
450064,2,1,0,0,0,0,0,0,0,0,0,0
450065,1,1,0,0,0,0,0,0,0,0,0,0
450066,0,1,11,0,0,0,0,0,0,0,0,0
450066,1,1,0,0,0,0,0,0,0,0,0,15
450067,1,1,17,17,17,17,17,17,17,17,17,17
450068,1,1,12,12,12,12,12,12,12,12,12,12
450069,1,1,0,0,21,0,0,11,0,0,0,0
450070,1,1,0,0,0,0,0,0,0,0,0,0
450071,1,1,0,0,0,0,0,0,0,0,0,0
450071,2,1,0,0,0,0,0,0,0,0,0,0
450072,1,1,0,0,0,0,0,0,0,0,0,0
450072,2,1,0,0,0,0,0,0,0,0,0,0
450072,3,1,0,0,0,0,0,0,0,0,0,0
450073,1,1,0,0,0,0,0,0,0,0,0,0
450073,2,1,0,0,0,0,0,0,0,0,0,0
450074,0,1,36,0,0,12,0,24,0,0,0,0
450074,1,1,0,0,0,0,0,0,0,0,0,0
450075,1,1,0,0,0,0,0,0,0,0,0,0
450075,2,1,0,0,0,0,0,0,0,0,0,0
450075,3,1,0,0,0,0,0,0,0,0,0,0
450076,1,1,0,0,0,0,0,0,0,0,0,0
450077,0,1,31,31,31,31,31,31,31,31,31,31
450077,1,1,0,0,0,0,0,0,0,0,10,0
450078,0,1,15,15,15,15,15,15,15,15,15,15
450078,1,1,0,0,0,0,0,0,0,0,0,0
450079,1,1,0,0,0,0,0,0,0,0,0,0
450080,1,1,16,16,16,16,16,16,16,16,16,16
450081,1,1,0,0,0,0,0,0,0,0,0,0
450082,1,1,0,0,0,0,0,0,0,0,0,0
450083,1,1,0,0,0,0,0,0,0,0,0,0
450083,2,1,0,0,0,0,0,0,0,0,0,0
450084,1,1,0,0,0,0,0,0,0,0,0,0
450084,2,1,0,0,0,15,0,0,0,0,0,0
450085,1,1,11,11,11,11,11,11,11,11,11,11
450086,0,1,1,1,1,1,1,1,1,1,1,1
450086,1,1,0,19,0,0,0,0,0,0,17,0
450087,1,1,22,22,22,22,22,22,22,22,22,22
450088,1,1,0,0,0,0,0,0,0,0,0,0
450088,2,1,0,0,0,0,0,0,0,0,0,0
450089,1,1,0,0,0,0,0,0,0,0,0,0
450089,2,1,0,0,0,0,0,0,0,0,0,0
450090,1,1,0,0,0,0,0,0,0,0,0,0
450090,2,1,0,0,0,0,0,0,0,0,0,0
450090,3,1,0,0,0,0,0,0,0,0,0,0
450091,1,1,0,0,0,0,0,0,0,0,0,0
450091,2,1,0,0,0,0,0,0,0,0,0,0
450093,1,1,0,0,0,0,0,0,0,0,0,0
450093,2,1,0,0,0,0,0,0,0,0,0,0
450094,0,1,0,0,0,0,0,0,0,0,0,0
450094,1,1,0,0,0,0,9,0,0,0,0,0
450095,1,1,8,8,8,8,8,8,8,8,8,8
450095,2,1,3,35,0,0,0,0,0,0,0,0
450096,1,1,0,0,0,0,0,0,0,0,0,0
450097,0,1,0,0,0,0,0,0,0,0,0,0
450097,1,1,0,0,0,0,0,0,0,0,0,15
450098,0,1,6,6,6,6,6,6,6,6,6,6
450098,1,1,0,0,0,0,0,0,0,32,0,0
450099,1,1,0,0,0,0,0,0,0,0,0,0
450099,2,1,0,0,0,0,0,0,0,0,0,0
450100,0,1,37,37,37,37,37,37,37,37,37,37
450100,1,1,0,0,0,0,0,0,0,0,0,0
450101,1,1,14,0,0,0,0,0,0,0,0,0
450102,1,1,23,23,23,23,23,23,23,23,23,23
450103,1,1,0,0,0,0,0,0,0,0,0,0
450103,2,1,0,0,0,0,0,13,0,0,0,0
450103,3,1,0,0,0,0,0,0,0,0,0,0
450104,0,1,36,36,36,36,36,36,36,36,36,36
450104,1,1,0,0,0,0,0,0,0,0,0,0
450105,1,1,26,26,26,26,26,26,26,26,26,26
450106,1,1,0,0,0,0,0,0,0,0,0,0
450107,1,1,0,0,0,0,0,0,0,0,0,0
450107,2,1,0,0,0,0,0,0,0,0,0,0
450108,1,1,18,18,18,18,18,18,18,18,18,18
450109,1,1,17,17,17,17,17,17,17,17,17,17
450110,1,1,19,19,19,19,19,19,19,19,19,19
450111,0,1,0,0,0,0,0,0,0,0,0,0
450111,1,1,14,27,21,30,24,25,18,29,20,25
450112,1,1,18,18,18,18,18,18,18,18,18,18
450113,0,1,3,3,3,3,3,3,3,3,3,3
450113,1,1,0,0,0,0,0,0,17,0,0,0
450114,0,1,23,23,23,23,23,23,23,23,23,23
450114,1,1,26,26,26,26,26,26,26,26,26,26
450115,1,1,24,24,24,24,24,24,24,24,24,24
450116,0,1,0,0,0,0,0,0,0,0,0,0
450116,1,1,0,0,0,0,0,0,0,0,0,0
450117,1,1,0,0,0,0,0,0,0,0,0,0
450117,2,1,7,7,7,7,7,7,7,7,7,7
450118,1,1,0,0,0,0,0,0,0,0,0,0
450118,2,1,36,36,36,36,36,36,36,36,36,36
450119,1,1,0,0,0,0,0,0,0,0,0,0
450119,2,1,0,0,0,0,0,0,0,0,0,0
450119,3,1,0,0,0,0,0,0,0,0,0,0
450119,4,1,0,0,0,18,0,0,0,0,0,0
450120,1,1,0,0,0,0,0,0,0,0,0,0
450121,1,1,0,0,0,0,0,0,0,0,0,0
450121,2,1,0,0,0,0,0,0,0,0,0,0
450122,1,1,0,0,0,0,0,0,0,0,0,0
450122,2,1,0,0,0,0,0,0,0,0,0,0
450123,1,1,0,0,0,0,0,0,0,0,0,0
450123,2,1,0,0,0,0,0,0,0,0,0,0
450124,1,1,0,0,0,0,0,20,0,0,0,0
450124,2,1,0,0,0,0,0,0,0,0,0,0
450124,3,1,0,0,0,0,0,0,0,0,0,0
450125,1,1,27,0,0,0,0,0,0,0,0,0
450125,2,1,0,0,0,0,0,0,0,0,0,0
450126,1,1,19,19,19,19,19,19,19,19,19,19
450127,1,1,21,21,21,21,21,21,21,21,21,21
450128,0,1,0,0,0,0,0,0,0,0,0,0
450128,1,1,0,0,0,0,0,0,0,0,0,13
450129,0,1,26,26,26,26,26,26,26,26,26,26
450129,1,1,0,0,0,0,0,11,0,0,0,0
450130,0,1,1,1,1,1,1,1,1,1,1,1
450130,1,1,0,0,0,0,0,19,0,0,0,0
450131,0,1,0,0,0,0,0,0,0,0,0,0
450131,1,1,0,0,13,0,0,0,0,0,0,0
450132,1,1,0,0,0,0,0,0,0,0,0,0
450133,1,1,0,0,0,0,0,0,0,0,0,0
450133,2,1,0,0,0,0,0,0,0,0,0,0
450134,1,1,0,0,0,0,0,0,0,0,0,0
450134,2,1,0,0,0,0,0,0,0,0,0,0
450135,0,1,0,0,0,0,0,0,0,0,0,0
450135,1,1,0,0,0,0,0,0,0,0,0,0
450136,1,1,0,0,0,0,0,0,0,0,0,0
450136,2,1,0,0,0,0,0,19,0,0,0,0
450137,1,1,0,0,0,0,0,0,0,0,0,0
450139,0,1,15,15,15,15,15,15,15,15,15,15
450139,0,2,0,0,0,0,0,0,22,0,0,0
450139,1,1,0,0,0,0,0,0,0,0,0,0
450139,2,1,0,0,0,0,0,0,0,0,15,0
450140,0,1,1,1,1,1,1,1,1,1,1,1
450140,1,1,34,34,34,34,34,34,34,34,34,34
450141,1,1,0,0,0,0,0,0,15,0,0,0
450142,0,1,17,17,17,17,17,17,17,17,17,17
450142,1,1,0,0,0,0,0,0,0,0,0,0
450143,1,1,0,0,0,0,0,0,0,0,0,0
450143,2,1,0,0,0,0,0,0,0,0,0,0
450144,1,1,0,0,0,0,0,0,0,0,0,0
450145,0,1,22,22,22,22,22,22,22,22,22,22
450145,1,1,0,0,0,0,0,0,0,0,0,0
450146,1,1,0,0,0,0,0,0,0,0,0,0
450147,1,1,28,28,28,28,28,28,28,28,28,28
450148,0,1,0,0,0,0,0,0,0,0,0,0
450148,1,1,0,0,0,0,0,0,0,0,0,0
450149,1,1,7,7,7,7,7,7,7,7,7,7
450150,1,1,0,0,0,0,0,0,0,0,0,0
450150,2,1,0,0,0,0,0,0,0,0,0,0
450151,1,1,0,0,0,0,0,0,0,0,0,0
450151,2,1,0,0,0,0,0,0,0,0,0,0
450152,0,1,27,27,27,27,27,27,27,27,27,27
450152,1,1,0,0,0,0,0,0,12,0,0,0
450153,1,1,0,0,0,0,0,0,0,0,0,0
450154,1,1,0,0,0,0,0,0,0,0,0,0
450155,1,1,0,0,0,0,0,0,0,0,38,0
450156,1,1,21,0,0,0,4,0,0,0,0,13
450157,1,1,0,17,0,0,0,0,0,0,0,0
450158,1,1,0,0,0,0,0,0,0,0,0,0
450159,1,1,15,15,15,15,15,15,15,15,15,15
450160,0,1,0,0,0,16,0,0,0,0,16,0
450160,1,1,0,0,0,0,0,0,0,0,0,0
450161,1,1,21,21,21,21,21,21,21,21,21,21
450161,2,1,0,0,0,8,0,0,0,44,0,0
450162,1,1,0,0,0,0,0,0,0,0,0,0
450162,2,1,0,0,0,0,0,0,0,0,0,0
450162,3,1,0,0,0,0,0,0,0,0,0,0
450163,1,1,0,0,0,0,0,0,0,0,0,0
450164,1,1,11,11,11,11,11,11,11,11,11,11
450165,1,1,0,0,6,0,0,9,0,0,0,19
450166,1,1,0,0,15,0,0,0,0,0,0,0
450167,0,1,0,0,0,0,0,0,0,0,0,0
450167,1,1,0,0,0,0,0,0,0,0,0,0
450168,1,1,30,30,30,30,30,30,30,30,30,30
450169,1,1,8,8,8,8,8,8,8,8,8,8
450169,2,1,0,0,0,0,6,0,26,0,0,0
450169,3,1,0,0,0,0,0,0,0,0,0,0
450170,1,1,0,0,0,0,0,0,0,0,0,0
450171,1,1,0,0,0,0,0,0,0,0,0,0
450171,2,1,0,0,0,0,0,0,0,0,0,0
450172,2,1,0,0,0,0,0,0,0,0,0,0
450173,1,1,0,0,0,0,0,0,0,0,0,0
450173,2,1,0,0,0,0,0,0,0,0,0,0
450174,1,1,0,0,0,0,0,0,0,0,0,0
450175,0,1,0,0,0,0,0,0,0,0,0,0
450175,1,1,16,0,0,0,0,0,0,0,0,0
450176,0,1,25,25,25,25,25,25,25,25,25,25
450176,1,1,0,0,0,0,0,0,0,0,0,0
450177,1,1,0,0,0,0,0,0,0,0,0,0
450178,1,1,0,0,0,0,0,0,0,0,0,0
450178,2,1,0,0,0,0,0,0,0,0,0,0
450179,1,1,0,0,0,0,0,0,0,0,0,0
450179,2,1,0,0,0,0,0,0,0,0,0,0
450180,0,1,0,0,0,0,0,0,0,0,0,0
450180,1,1,10,17,19,16,3,10,4,20,31,9
450181,0,1,0,0,0,0,0,0,0,0,0,0
450181,1,1,0,0,0,0,0,0,0,0,0,0
450181,2,1,0,20,0,0,0,0,0,0,0,0
450182,1,1,0,0,0,0,0,0,0,0,0,0
450182,2,1,0,0,0,0,0,0,0,0,0,0
450183,1,1,0,0,0,0,0,0,0,0,0,0
450184,1,1,0,0,0,0,0,0,0,0,0,0
450184,2,1,0,0,0,0,0,0,0,0,0,0
450184,3,1,0,0,0,0,0,0,0,0,0,0
450185,1,1,18,18,18,18,18,18,18,18,18,18
450186,1,1,15,15,15,15,15,15,15,15,15,15
450187,1,1,0,0,0,0,0,0,0,0,0,0
450188,0,1,7,7,7,7,7,7,7,7,7,7
450188,1,1,0,0,0,0,0,0,0,0,0,0
450189,1,1,0,0,0,0,15,0,0,0,0,0
450189,2,1,0,0,0,0,0,0,0,0,0,0
450189,3,1,19,19,19,19,19,19,19,19,19,19
450190,1,1,0,0,0,0,0,0,0,0,0,0
450191,1,1,0,0,0,0,0,0,0,0,0,0
450191,2,1,0,0,0,0,0,0,0,0,0,0
450192,0,1,0,0,0,0,0,0,0,0,0,0
450192,1,1,0,0,0,0,0,0,0,0,0,0
450193,1,1,1,1,1,1,1,1,1,1,1,1
450194,1,1,0,0,0,0,0,0,0,0,0,0
450194,2,1,0,0,0,0,0,0,0,0,0,0
450194,3,1,0,0,0,0,0,0,0,0,0,0
450194,4,1,15,15,15,15,15,15,15,15,15,15
450195,1,1,0,0,0,0,0,0,0,0,0,0
450195,2,1,0,0,0,0,0,0,0,0,0,0
450196,1,1,0,0,0,0,0,0,0,0,0,0
450196,2,1,0,0,0,0,0,0,0,0,0,0
450197,1,1,11,0,0,0,0,0,0,9,0,0
450197,2,1,18,18,18,18,18,18,18,18,18,18
450198,0,1,0,0,0,0,0,0,0,0,0,0
450198,1,1,17,0,0,0,0,0,0,0,0,0
450199,1,1,0,0,35,0,0,0,0,0,16,0
450200,1,1,0,0,0,0,0,0,15,0,0,0
450200,2,1,0,0,0,0,0,0,0,0,0,0
450200,3,1,0,0,0,0,0,0,0,0,0,0
450201,1,1,0,0,0,0,0,0,0,0,0,0
450201,2,1,13,13,13,13,13,13,13,13,13,13
450202,1,1,15,15,15,15,15,15,15,15,15,15
450203,1,1,0,0,0,0,0,0,0,0,0,0
450203,2,1,0,0,0,0,0,0,0,0,0,0
450204,1,1,0,0,0,0,0,0,0,0,0,0
450204,2,1,15,24,12,16,10,9,6,13,28,23
450205,0,1,13,13,13,13,13,13,13,13,13,13
450205,1,1,0,0,0,0,0,8,40,0,0,0
450205,2,1,0,0,0,0,0,0,0,0,0,21
450206,1,1,23,23,23,23,23,23,23,23,23,23
450207,1,1,0,0,0,0,0,0,0,0,0,0
450207,2,1,0,0,0,0,0,0,0,0,0,0
450207,3,1,0,0,0,0,0,23,0,0,0,0
450208,1,1,18,18,18,18,18,18,18,18,18,18
450209,0,1,14,14,14,14,14,14,14,14,14,14
450209,1,1,0,0,0,0,0,0,0,0,0,0
450210,1,1,0,0,0,0,0,0,0,0,0,0
450211,1,1,0,0,0,0,0,0,0,0,0,0
450211,2,1,0,0,0,0,0,0,0,0,0,0
450211,3,1,0,0,0,0,0,0,0,0,0,0
450212,0,1,0,0,0,0,0,0,0,0,0,0
450212,1,1,0,0,0,0,0,0,0,0,0,0
450214,1,1,0,0,0,0,0,0,0,0,0,0
450214,2,1,35,35,35,35,35,35,35,35,35,35
450215,1,1,19,19,19,19,19,19,19,19,19,19
450216,1,1,0,0,0,0,0,0,0,0,4,0
450216,2,1,0,0,0,0,0,0,0,0,0,0
450217,1,1,0,0,0,0,0,0,0,0,0,0
450217,2,1,0,0,0,0,0,0,0,0,0,0
450218,1,1,20,20,20,20,20,20,20,20,20,20
450219,1,1,13,13,13,13,13,13,13,13,13,13
450220,1,1,0,0,0,0,0,0,0,0,0,0
450220,2,1,17,17,17,17,17,17,17,17,17,17
450221,1,1,0,0,12,0,0,0,0,0,0,0
450221,2,1,0,0,0,0,0,0,0,0,0,0
450222,1,1,0,21,0,0,0,0,0,0,0,0
450223,1,1,0,0,0,0,0,0,0,0,0,0
450223,2,1,0,0,0,0,0,0,0,0,0,0
450224,0,1,2,2,2,2,2,2,2,2,2,2
450224,1,1,0,0,0,0,0,0,0,0,0,0
450225,1,1,0,0,0,0,0,0,0,0,0,0
450225,2,1,0,0,0,0,0,0,0,0,0,0
450226,1,1,0,0,0,0,0,0,0,0,0,0
450226,2,1,5,5,5,5,5,5,5,5,5,5
450227,1,1,0,0,0,0,0,0,0,0,0,0
450227,2,1,0,0,0,0,0,0,0,0,0,0
450228,1,1,0,23,7,12,8,19,23,19,9,8
450229,1,1,15,0,0,0,0,0,0,18,0,13
450230,1,1,0,0,0,0,0,0,0,0,0,0
450230,2,1,0,0,0,0,0,0,0,0,0,0
450231,1,1,0,0,0,0,0,0,0,0,0,0
450231,2,1,0,0,0,0,0,0,17,0,0,0
450232,1,1,0,0,0,0,0,0,0,0,0,0
450233,0,1,27,27,27,27,27,27,27,27,27,27
450233,1,1,0,0,23,0,0,0,0,0,0,0
450234,1,1,0,0,0,0,0,0,0,0,0,0
450235,1,1,0,0,0,0,0,0,0,0,0,0
450235,2,1,0,0,0,0,0,0,0,0,0,0
450236,1,1,0,11,0,0,0,0,0,0,0,0
450236,2,1,0,0,0,0,0,0,0,0,0,0
450237,1,1,0,0,0,0,0,0,0,0,0,0
450237,2,1,0,0,0,0,0,0,0,0,0,0
450238,1,1,0,0,0,0,0,0,0,0,0,0
450238,2,1,0,0,0,0,0,0,0,0,0,0
450239,1,1,0,0,0,0,0,0,17,0,0,0
450239,2,1,0,0,0,0,0,0,0,0,0,0
450239,3,1,0,0,0,0,0,0,0,0,0,0
450240,0,1,29,29,29,29,29,29,29,29,29,29
450240,1,1,0,0,0,0,0,0,0,0,0,0