ST_CASE,VEH_NO,PER_NO,P1,P2,P3,P4,P5,P6,P7,P8,P9,P10
450241,1,1,23,23,23,23,23,23,23,23,23,23
450242,1,1,0,0,0,0,7,0,0,0,0,0
450243,1,1,0,0,0,0,0,0,6,0,0,0
450243,2,1,0,0,0,0,0,0,0,0,0,0
450243,3,1,0,0,0,0,0,0,0,0,0,0
450244,1,1,25,0,3,0,17,0,16,19,0,0
450245,1,1,21,21,21,21,21,21,21,21,21,21
450245,2,1,0,0,0,0,0,0,0,0,0,0
450246,1,1,0,0,0,0,0,0,0,0,0,0
450246,2,1,0,0,0,0,0,0,0,0,5,0
450247,1,1,0,0,0,0,0,0,9,0,0,0
450247,2,1,0,0,0,0,0,0,0,0,0,0
450248,1,1,0,0,0,0,0,0,0,0,0,0
450248,2,1,7,7,7,7,7,7,7,7,7,7
450249,1,1,0,0,0,0,0,0,0,0,0,0
450250,1,1,0,0,0,0,0,0,0,0,0,0
450250,2,1,0,0,0,0,0,0,0,0,0,0
450251,1,1,0,0,0,0,0,0,0,0,0,0
450252,0,1,0,0,0,0,0,0,26,15,0,19
450252,0,2,0,0,0,0,0,0,0,0,0,0
450252,1,1,0,0,0,0,0,0,0,0,0,0
450253,1,1,18,18,18,18,18,18,18,18,18,18
450254,1,1,0,0,0,0,0,0,0,0,0,0
450255,1,1,0,0,0,0,0,0,0,0,0,0
450255,2,1,0,0,0,0,0,0,0,0,0,0
450256,0,1,39,39,39,39,39,39,39,39,39,39
450256,1,1,0,0,0,0,17,0,16,0,0,0
450257,0,1,0,0,0,0,0,0,0,0,0,0
450257,1,1,10,0,0,0,0,0,0,0,0,16
450258,1,1,29,9,28,49,15,8,15,7,2,6
450258,2,1,0,0,0,0,0,0,0,0,5,0
450259,1,1,0,0,0,0,0,19,0,0,0,0
450260,1,1,0,0,0,0,0,0,0,0,0,0
450260,2,1,0,0,0,0,0,0,0,0,0,0
450261,0,1,0,0,0,0,0,0,0,0,0,0
450261,1,1,0,0,0,0,0,18,0,0,17,0
450262,0,1,11,19,0,0,0,0,0,0,0,0
450262,2,1,0,0,0,0,0,0,0,0,0,0
450263,1,1,18,18,18,18,18,18,18,18,18,18
450265,1,1,29,29,29,29,29,29,29,29,29,29
450266,1,1,0,0,0,0,0,0,0,0,0,0
450266,2,1,22,22,22,22,22,22,22,22,22,22
450267,0,1,0,0,0,0,0,0,0,0,0,0
450267,1,1,0,0,0,0,53,0,0,0,13,0
450268,0,1,4,4,4,4,4,4,4,4,4,4
450268,1,1,0,0,0,0,0,0,0,0,0,0
450269,1,1,0,0,0,0,0,0,0,0,0,0
450269,2,1,0,0,0,0,0,0,0,0,0,0
450270,1,1,16,16,16,16,16,16,16,16,16,16
450271,1,1,0,0,0,0,3,0,0,0,0,0
450271,2,1,0,0,0,0,0,0,0,0,0,0
450272,0,1,0,0,0,0,0,0,0,0,0,0
450272,1,1,0,0,0,0,0,27,0,0,4,0
450273,0,1,0,0,0,0,0,0,0,0,0,0
450273,1,1,0,0,0,0,0,0,0,0,0,0
450274,1,1,0,0,0,0,0,0,0,0,0,0
450274,2,1,0,0,0,0,0,0,0,0,0,0
450275,0,1,0,0,0,0,0,0,0,0,0,0
450275,1,1,0,0,0,0,30,15,0,0,0,0
450276,1,1,13,13,13,13,13,13,13,13,13,13
450276,2,1,0,0,0,0,0,0,0,0,0,0
450277,1,1,13,13,13,13,13,13,13,13,13,13
450278,1,1,0,0,0,0,0,0,0,0,0,0
450278,2,1,0,0,0,0,0,0,0,0,0,0
450279,1,1,6,6,6,6,6,6,6,6,6,6
450280,1,1,0,0,0,0,0,0,0,0,0,0
450281,1,1,0,0,0,0,0,0,0,0,0,0
450282,0,1,0,0,0,0,0,0,0,0,0,0
450282,1,1,0,0,0,19,0,0,0,11,0,18
450283,1,1,39,26,16,16,35,7,20,23,10,7
450284,1,1,0,0,0,0,0,0,0,0,0,0
450284,2,1,12,12,12,12,12,12,12,12,12,12
450285,1,1,12,12,12,12,12,12,12,12,12,12
450285,2,1,0,0,0,0,0,9,0,7,0,0
450286,1,1,12,12,12,12,12,12,12,12,12,12
450287,1,1,7,7,7,7,7,7,7,7,7,7
450288,1,1,0,0,0,0,0,0,0,0,0,0
450289,1,1,0,0,0,0,0,0,0,0,0,0
450290,1,1,16,16,16,16,16,16,16,16,16,16
450291,1,1,0,0,0,0,0,0,0,0,11,0
450291,2,1,0,0,0,0,0,0,0,0,0,0
450292,1,1,0,0,0,36,0,0,0,0,0,0
450293,1,1,0,0,0,0,0,0,0,0,0,0
450293,2,1,0,0,0,0,0,0,0,0,0,0
450294,1,1,12,0,0,0,0,0,20,11,0,0
450295,1,1,0,0,0,0,0,0,0,0,0,0
450296,0,1,0,0,0,0,0,0,0,0,0,0
450296,0,2,0,0,0,0,0,0,0,0,0,0
450296,1,1,24,7,0,6,21,0,0,12,24,18
450297,0,1,0,0,0,0,0,0,0,0,0,0
450297,1,1,0,0,0,0,0,0,0,0,0,0
450298,0,1,0,0,0,0,0,0,0,0,0,0
450298,2,1,0,0,0,0,0,0,0,0,0,0
450299,2,1,0,0,0,0,0,0,0,0,0,0
450300,1,1,0,0,0,0,0,17,0,0,0,12
450300,2,1,11,11,11,11,11,11,11,11,11,11
450301,1,1,0,0,0,0,0,0,0,0,0,0
450301,2,1,0,0,0,0,0,0,0,0,0,0
450302,1,1,0,0,0,0,0,0,0,0,0,0
450302,2,1,0,0,0,0,0,0,0,0,0,0
450303,1,1,0,0,0,0,0,0,0,0,28,0
450304,0,1,0,0,0,0,0,0,0,0,0,0
450304,1,1,0,0,0,0,7,10,0,0,23,0
450305,1,1,0,0,0,0,0,0,0,0,0,0
450306,0,1,0,0,0,0,0,0,0,0,0,0
450306,1,1,0,0,0,0,0,0,0,0,0,0
450306,2,1,16,0,0,0,0,33,0,0,7,6
450307,0,1,0,0,0,0,7,22,0,0,0,0
450307,1,1,0,0,0,0,0,0,10,0,0,0
450308,1,1,0,0,0,23,0,0,0,0,0,0
450308,2,1,0,0,0,0,0,0,0,0,0,0
450308,3,1,0,0,0,0,4,0,0,0,0,0
450309,1,1,0,0,0,0,0,0,0,0,10,0
450310,1,1,0,11,0,0,0,0,0,0,0,0
450310,2,1,18,0,0,0,0,0,0,0,0,0
450310,3,1,0,0,0,0,0,0,0,0,0,0
450311,1,1,0,0,0,0,0,0,0,0,0,0
450312,1,1,13,13,13,13,13,13,13,13,13,13
450313,1,1,0,0,0,0,0,0,0,0,0,0
450314,1,1,5,5,5,5,5,5,5,5,5,5
450315,1,1,21,21,21,21,21,21,21,21,21,21
450316,1,1,0,0,6,0,0,0,0,0,0,0
450317,1,1,31,31,31,31,31,31,31,31,31,31
450318,0,1,0,0,0,0,0,0,0,0,0,0
450318,1,1,0,0,0,0,0,0,0,0,0,0
450319,1,1,12,12,12,12,12,12,12,12,12,12
450320,1,1,0,0,0,0,0,0,0,0,0,0
450320,2,1,0,0,0,0,0,0,0,0,0,0
450320,3,1,0,0,0,0,0,0,0,0,0,0
450321,1,1,31,31,31,31,31,31,31,31,31,31
450321,2,1,13,0,0,0,0,0,0,0,0,0
450322,1,1,0,0,0,0,11,24,0,31,0,0
450323,0,1,17,17,17,17,17,17,17,17,17,17
450323,1,1,0,0,0,15,19,0,0,0,0,0
450324,0,1,0,0,0,0,0,0,0,0,0,0
450324,1,1,0,0,16,14,0,14,7,0,14,0
450325,1,1,17,17,17,17,17,17,17,17,17,17
450325,2,1,20,20,20,20,20,20,20,20,20,20
450326,0,1,31,31,31,31,31,31,31,31,31,31
450326,1,1,13,13,13,13,13,13,13,13,13,13
450327,1,1,13,13,13,13,13,13,13,13,13,13
450327,2,1,0,0,0,0,0,0,0,0,0,0
450328,1,1,0,0,0,0,0,0,0,0,0,0
450329,1,1,0,0,0,0,0,0,0,0,0,0
450330,0,1,0,0,0,0,0,0,0,0,0,0
450330,1,1,0,0,0,0,0,0,0,0,0,0
450331,0,1,20,0,22,0,0,0,0,0,0,0
450331,2,1,26,0,0,0,0,0,0,0,0,0
450332,1,1,0,0,0,0,0,0,0,0,0,0
450333,0,1,0,0,0,0,0,0,0,0,0,0
450333,1,1,0,0,0,0,18,0,0,0,0,0
450334,1,1,8,8,8,8,8,8,8,8,8,8
450335,1,1,0,0,0,0,0,0,0,0,0,0
450335,2,1,0,0,0,0,0,0,0,0,0,0
450336,1,1,0,0,0,0,0,0,0,0,0,0
450336,2,1,0,0,0,0,0,0,0,19,0,0
450337,1,1,0,0,0,0,0,0,0,0,0,0
450338,1,1,0,0,0,0,0,0,0,0,0,0
450338,2,1,0,0,0,0,0,0,0,0,0,0
450339,1,1,20,20,20,20,20,20,20,20,20,20
450340,1,1,0,0,0,0,0,0,0,0,0,0
450340,2,1,0,0,0,0,0,0,0,0,0,0
450341,1,1,16,16,16,16,16,16,16,16,16,16
450342,1,1,0,0,0,0,0,0,0,0,0,0
450342,2,1,0,0,0,0,0,0,0,0,0,0
450342,3,1,0,0,0,0,0,0,0,0,0,0
450343,1,1,0,0,0,0,0,0,13,0,10,8
450343,2,1,0,0,0,0,0,0,0,0,0,0
450343,3,1,0,0,0,0,0,0,0,0,12,0
450344,1,1,0,0,0,0,4,0,0,21,0,0
450344,2,1,17,17,17,17,17,17,17,17,17,17
450345,1,1,0,0,0,0,0,0,0,0,0,0
450345,2,1,7,7,7,7,7,7,7,7,7,7
450346,1,1,0,0,0,0,0,0,0,0,0,0
450346,2,1,14,14,14,14,14,14,14,14,14,14
450346,3,1,0,0,0,0,20,0,0,0,0,0
450347,0,1,32,32,32,32,32,32,32,32,32,32
450347,1,1,0,0,0,0,0,0,0,0,0,0
450348,1,1,9,9,9,9,9,9,9,9,9,9
450348,2,1,0,0,0,0,0,0,12,0,0,0
450349,1,1,0,0,0,0,0,35,0,16,0,0
450349,2,1,10,0,0,0,0,0,0,0,0,0
450349,3,1,24,9,18,15,20,11,22,12,17,10
450350,1,1,0,23,0,0,0,0,24,0,22,0
450351,1,1,0,0,0,0,0,0,0,0,0,0
450351,2,1,0,0,0,0,0,0,0,0,0,0
450352,1,1,0,0,0,0,0,0,0,0,0,0
450353,1,1,16,16,16,16,16,16,16,16,16,16
450353,2,1,16,16,16,16,16,16,16,16,16,16
450354,1,1,0,0,0,0,0,0,0,0,0,0
450354,2,1,0,0,0,0,0,0,0,0,0,0
450354,3,1,0,0,0,0,0,0,0,0,0,0
450355,1,1,16,5,12,20,0,10,21,6,19,6
450356,1,1,0,0,0,0,0,0,18,0,13,0
450356,2,1,0,0,0,0,0,7,18,0,7,0
450357,0,1,0,17,0,0,0,0,0,20,0,5
450357,1,1,0,0,0,0,0,0,0,18,0,0
450358,1,1,0,0,0,0,0,0,0,0,0,0
450359,1,1,0,0,0,0,0,0,0,0,0,0
450359,2,1,0,0,0,0,0,0,0,0,0,0
450360,0,1,24,24,24,24,24,24,24,24,24,24
450360,1,1,0,13,0,0,0,0,0,0,0,0
450361,0,1,6,6,6,6,6,6,6,6,6,6
450361,1,1,19,0,0,0,0,0,0,15,0,0
450362,0,1,6,6,6,6,6,6,6,6,6,6
450362,1,1,15,13,22,19,14,19,0,12,12,15
450363,1,1,2,2,2,2,2,2,2,2,2,2
450363,2,1,0,0,18,0,0,0,0,0,0,0
450364,1,1,0,0,0,0,0,0,0,0,0,0
450364,2,1,0,0,0,0,0,0,0,0,0,0
450365,1,1,0,0,0,0,0,0,24,0,0,0
450365,2,1,0,0,0,0,0,0,0,0,0,0
450366,1,1,0,0,16,0,0,0,0,0,0,0
450366,2,1,31,26,25,10,22,11,0,13,20,30
450367,1,1,0,0,0,0,0,0,0,21,0,0
450368,1,1,0,26,0,0,0,14,0,0,26,0
450368,2,1,31,31,31,31,31,31,31,31,31,31
450369,1,1,18,18,18,18,18,18,18,18,18,18
450369,2,1,21,21,21,21,21,21,21,21,21,21
450370,1,1,0,0,0,0,0,0,0,0,0,0
450371,1,1,19,19,19,19,19,19,19,19,19,19
450372,1,1,0,0,0,0,0,0,0,0,0,0
450373,1,1,0,0,0,0,0,0,0,0,0,0
450373,2,1,0,0,18,0,0,0,0,0,0,0
450374,1,1,0,0,0,0,0,0,0,0,0,0
450374,2,1,0,11,0,0,0,0,0,0,0,0
450375,1,1,3,3,3,3,3,3,3,3,3,3
450376,1,1,0,0,0,0,0,0,0,0,0,0
450376,2,1,0,0,0,0,0,0,0,0,0,0
450377,1,1,0,0,0,0,8,0,0,0,0,0
450378,1,1,0,0,0,0,0,0,0,0,0,0
450378,2,1,0,0,0,0,0,0,0,0,0,0
450379,1,1,25,25,25,25,25,25,25,25,25,25
450380,1,1,0,0,0,0,0,17,0,0,0,0
450381,1,1,0,0,0,0,0,0,0,0,0,0
450381,2,1,0,0,0,0,0,0,0,0,0,0
450381,3,1,0,0,0,0,0,0,0,0,0,0
450381,4,1,0,0,0,0,0,0,0,0,0,0
450382,0,1,0,0,0,0,0,0,0,0,0,0
450382,1,1,0,0,0,0,0,0,0,0,0,0
450383,0,1,0,0,0,0,0,0,0,0,0,0
450383,1,1,0,0,0,0,0,0,0,0,0,0
450384,1,1,0,0,0,0,0,0,0,0,0,0
450384,2,1,0,0,0,0,0,0,0,0,0,0
450385,1,1,0,0,0,0,0,0,0,0,0,0
450385,2,1,0,0,0,0,0,0,0,0,0,0
450386,1,1,37,24,16,22,17,3,19,10,29,18
450387,1,1,0,0,0,0,0,0,0,0,0,0
450387,2,1,0,0,0,0,0,0,0,0,0,0
450388,1,1,0,0,0,0,0,0,0,0,0,0
450389,0,1,0,0,0,0,0,0,0,0,0,0
450389,1,1,0,0,0,9,0,0,0,0,0,11
450390,1,1,26,0,0,0,0,0,0,0,16,18
450391,0,1,21,21,21,21,21,21,21,21,21,21
450391,1,1,0,0,0,17,0,0,0,0,0,0
450392,1,1,0,0,0,0,0,0,0,0,0,0
450392,2,1,0,0,0,0,0,0,0,0,0,0
450393,1,1,18,18,18,18,18,18,18,18,18,18
450394,0,1,0,0,0,0,0,0,0,0,0,0
450394,1,1,8,0,11,0,0,0,0,0,24,0
450395,0,1,27,27,27,27,27,27,27,27,27,27
450395,1,1,0,0,0,0,0,0,0,0,0,0
450396,1,1,0,0,0,0,0,0,0,0,0,0
450396,2,1,0,0,0,0,0,0,0,0,0,0
450397,1,1,0,0,0,0,0,0,0,0,0,0
450398,1,1,0,0,0,0,0,0,0,0,0,0
450398,2,1,0,0,0,0,0,0,0,0,0,0
450399,1,1,0,0,0,0,0,0,0,0,0,4
450399,2,1,0,0,20,0,0,0,0,0,0,0
450399,3,1,0,0,0,0,0,0,0,0,0,0
450400,0,1,0,0,0,0,0,0,0,0,0,0
450400,1,1,0,0,0,0,0,0,0,0,0,0
450401,1,1,0,0,0,0,34,0,0,0,0,0
450402,1,1,0,0,0,0,0,0,0,0,0,0
450402,2,1,10,10,10,10,10,10,10,10,10,10
450403,1,1,0,0,0,0,0,0,0,0,0,0
450403,2,1,0,0,0,0,0,0,0,0,0,0
450404,0,1,25,25,25,25,25,25,25,25,25,25
450404,1,1,0,0,0,0,0,0,0,0,0,0
450404,2,1,19,0,0,0,0,0,0,0,0,0
450405,1,1,0,0,21,0,0,0,0,0,0,0
450406,1,1,0,0,0,0,0,0,0,0,0,0
450406,2,1,0,0,0,0,0,0,0,0,0,0
450407,1,1,0,0,0,0,0,0,0,0,0,0
450407,2,1,0,0,0,0,0,0,0,0,0,0
450408,0,1,1,1,1,1,1,1,1,1,1,1
450408,1,1,0,0,0,0,0,0,0,0,0,0
450408,2,1,0,0,0,0,0,0,0,0,5,0
450409,1,1,12,12,12,12,12,12,12,12,12,12
450410,1,1,0,0,0,0,0,0,0,0,0,0
450411,0,1,14,14,14,14,14,14,14,14,14,14
450411,1,1,0,0,0,0,0,0,0,0,0,0
450412,1,1,0,12,0,0,0,0,14,0,9,0
450413,0,1,0,0,0,22,0,0,0,0,0,0
450413,1,1,0,0,0,0,0,0,0,0,0,0
450414,0,1,0,0,0,0,0,0,0,0,0,0
450414,1,1,0,0,0,0,0,0,0,0,0,0
450415,1,1,5,5,5,5,5,5,5,5,5,5
450416,1,1,20,20,20,20,20,20,20,20,20,20
450417,0,1,30,30,30,30,30,30,30,30,30,30
450417,1,1,0,0,18,0,0,0,0,0,0,0
450418,1,1,0,8,0,11,10,0,0,0,0,0
450419,1,1,0,0,0,0,0,0,0,0,0,0
450419,2,1,0,0,0,0,0,0,0,0,0,0
450419,3,1,0,0,0,0,0,0,0,0,0,0
450419,4,1,0,0,0,0,0,0,0,0,0,0
450420,1,1,0,0,0,0,0,0,0,0,0,8
450420,2,1,0,0,0,0,0,0,0,0,0,0
450421,1,1,0,0,0,0,0,0,0,0,0,0
450421,2,1,12,0,0,0,0,0,0,0,0,0
450422,1,1,0,0,0,0,0,0,0,0,0,0
450422,2,1,0,0,0,0,0,0,0,0,0,0
450423,1,1,0,0,0,0,0,0,0,0,0,0
450423,2,1,0,0,0,0,0,0,0,0,0,0
450424,0,1,0,0,0,0,0,0,0,0,0,0
450424,1,1,0,0,0,0,0,0,0,0,0,0
450425,1,1,0,0,0,0,0,0,15,0,0,0
450425,2,1,10,10,10,10,10,10,10,10,10,10
450426,1,1,24,24,24,24,24,24,24,24,24,24
450426,2,1,0,0,16,0,0,0,0,0,0,0
450427,1,1,0,0,0,0,0,0,0,0,0,0
450427,2,1,0,0,0,0,0,0,0,0,11,19
450428,1,1,0,0,0,0,0,0,0,0,0,0
450429,1,1,0,0,0,0,0,0,0,0,0,0
450429,2,1,0,0,0,0,0,0,0,0,0,0
450430,1,1,0,0,0,0,0,0,0,0,0,0
450430,2,1,0,0,0,0,0,0,0,0,0,0
450431,1,1,9,9,9,9,9,9,9,9,9,9
450432,0,1,43,0,0,0,0,15,0,0,0,0
450432,1,1,23,23,23,23,23,23,23,23,23,23
450433,1,1,0,0,0,0,0,0,0,0,0,0
450434,0,1,0,0,0,0,0,0,0,0,0,0
450434,1,1,0,0,0,0,0,0,0,0,0,0
450435,1,1,0,0,0,0,0,0,0,0,0,0
450436,1,1,0,0,0,0,0,0,0,0,0,0
450437,1,1,0,0,0,0,0,0,0,0,0,0
450439,1,1,8,8,8,8,8,8,8,8,8,8
450440,1,1,0,0,0,0,0,0,0,0,0,0
450440,2,1,0,0,0,0,0,0,0,0,0,8
450441,1,1,0,0,27,0,0,0,0,13,24,2
450442,0,1,0,0,0,0,0,0,0,0,0,0
450442,1,1,0,0,0,0,0,0,0,0,0,4
450443,1,1,19,19,19,19,19,19,19,19,19,19
450443,2,1,0,0,0,0,13,0,0,0,0,28
450444,1,1,0,0,0,0,0,0,0,0,0,0
450445,1,1,10,10,10,10,10,10,10,10,10,10
450446,1,1,0,0,0,0,0,35,0,0,0,5
450446,2,1,0,0,15,0,0,0,0,0,0,0
450447,1,1,0,0,0,0,0,0,0,0,0,0
450447,2,1,0,0,0,0,0,0,0,0,0,0
450448,1,1,0,0,0,0,0,0,0,0,0,0
450448,2,1,0,0,0,0,0,0,0,0,0,0
450449,1,1,8,7,26,15,18,18,14,11,19,14
450450,1,1,0,0,17,0,0,0,12,6,0,0
450451,0,1,24,24,24,24,24,24,24,24,24,24
450451,1,1,0,0,19,0,9,0,14,0,0,0
450452,1,1,0,0,0,0,0,0,0,0,0,0
450452,2,1,0,0,0,0,0,0,0,0,0,0
450453,1,1,0,0,0,0,0,0,0,0,0,0
450453,2,1,0,0,0,0,0,0,0,0,0,0
450454,1,1,23,23,23,23,23,23,23,23,23,23
450455,1,1,12,12,12,12,12,12,12,12,12,12
450456,1,1,0,0,0,0,0,0,0,0,0,0
450456,2,1,0,0,0,0,0,0,0,0,0,0
450457,1,1,0,0,0,0,0,0,0,0,0,0
450457,2,1,0,0,0,0,0,0,0,0,0,0
450458,1,1,24,24,24,24,24,24,24,24,24,24
450459,1,1,13,13,13,13,13,13,13,13,13,13
450460,1,1,2,2,2,2,2,2,2,2,2,2
450461,1,1,37,37,37,37,37,37,37,37,37,37
450461,2,1,0,0,0,0,0,0,0,0,0,0
450462,1,1,0,0,0,0,0,0,6,0,2,0
450463,1,1,0,0,0,0,0,0,0,0,0,0
450463,2,1,0,0,0,0,0,0,0,0,0,0
450464,1,1,0,0,0,0,0,0,0,0,0,0
450464,2,1,2,2,2,2,2,2,2,2,2,2
450465,1,1,0,0,0,0,0,0,0,0,0,0
450465,2,1,0,0,0,0,0,22,0,0,14,0
450466,0,1,0,0,0,43,0,0,0,0,0,0
450466,1,1,0,0,0,0,0,0,0,0,0,0
450467,1,1,16,16,16,16,16,16,16,16,16,16
450468,1,1,6,0,0,0,0,0,0,17,0,0
450468,2,1,0,0,0,0,0,0,0,0,0,0
450469,1,1,0,0,0,0,0,0,0,0,0,0
450469,2,1,0,0,0,0,0,0,0,0,0,0
450470,1,1,19,19,19,19,19,19,19,19,19,19
450471,0,1,28,28,28,28,28,28,28,28,28,28
450471,1,1,13,14,0,0,0,0,0,7,0,0
450472,1,1,0,0,0,0,0,0,0,0,0,0
450472,2,1,0,0,0,0,0,0,0,0,23,0
450473,1,1,12,19,25,10,13,9,20,13,16,8
450474,1,1,22,22,22,22,22,22,22,22,22,22
450475,1,1,0,0,0,0,0,0,0,0,0,0
450475,2,1,0,0,0,0,0,0,8,0,0,0
450476,1,1,0,0,0,0,0,0,0,0,0,0
450476,2,1,0,0,0,0,0,0,0,0,0,0
450477,1,1,0,0,0,0,0,0,0,0,0,0
450477,2,1,0,0,0,0,0,0,0,0,0,0
450478,1,1,0,0,0,0,0,0,0,15,0,14
450478,2,1,0,0,0,0,0,0,0,0,0,0
450479,1,1,0,0,0,0,0,0,0,0,0,0
450479,2,1,0,0,0,0,0,0,0,0,0,0
450480,0,1,35,35,35,35,35,35,35,35,35,35
450480,1,1,0,0,0,0,22,0,0,0,0,0
450481,1,1,14,0,25,0,0,0,0,0,0,15
450481,2,1,19,19,19,19,19,19,19,19,19,19
450482,1,1,14,14,14,14,14,14,14,14,14,14
450483,1,1,11,11,11,11,11,11,11,11,11,11
450484,1,1,0,0,0,0,0,0,0,0,0,0
450485,1,1,0,0,0,0,0,0,0,0,0,0
450486,1,1,8,8,8,8,8,8,8,8,8,8
450486,2,1,0,0,0,0,0,0,0,0,0,0
450486,3,1,0,0,0,0,0,0,0,0,0,0
450487,1,1,0,0,0,0,0,0,0,0,0,0
450487,2,1,0,0,0,0,0,0,0,0,0,0
450488,1,1,0,0,19,0,0,0,3,0,0,0
450489,0,1,0,0,0,0,0,0,0,0,0,0
450489,0,2,0,0,0,0,0,0,0,0,0,0
450489,1,1,0,0,0,0,0,0,0,0,0,0
450489,2,1,0,0,0,0,0,0,0,0,0,0
450489,3,1,0,0,0,0,20,0,0,0,0,0
450490,1,1,0,0,0,0,0,0,0,0,0,0
450490,2,1,19,19,19,19,19,19,19,19,19,19
450491,1,1,33,16,0,0,26,0,0,15,7,0
450492,1,1,0,0,0,0,0,0,0,0,0,0
450493,1,1,0,0,0,0,0,0,0,0,0,0
450494,1,1,19,0,0,0,18,15,0,0,0,0
450494,2,1,0,0,0,0,0,0,0,0,0,0
450494,3,1,20,20,20,20,20,20,20,20,20,20
450495,1,1,0,0,0,0,0,0,0,0,0,0
450496,1,1,0,0,0,0,0,0,0,0,0,0
450497,1,1,0,0,0,0,0,0,0,0,0,0
450498,1,1,21,0,0,0,0,0,0,0,0,0
450499,1,1,4,4,4,4,4,4,4,4,4,4
450500,1,1,1,1,1,1,1,1,1,1,1,1
450501,1,1,0,0,0,9,0,0,0,0,0,0
450501,2,1,0,0,0,0,0,29,3,0,0,0
450501,3,1,11,0,0,0,0,0,0,0,0,0
450502,0,1,0,0,0,0,0,0,0,0,0,0
450502,1,1,0,0,0,0,0,0,0,0,0,0
450503,1,1,0,0,0,0,0,0,0,0,0,0
450503,2,1,32,32,32,32,32,32,32,32,32,32
450504,1,1,0,0,0,0,0,0,0,0,0,21
450504,2,1,0,0,0,0,0,0,0,0,0,0
450505,0,1,32,32,32,32,32,32,32,32,32,32
450505,1,1,0,0,0,0,18,0,0,0,0,0
450506,1,1,0,0,0,0,0,0,0,0,0,0
450507,1,1,0,0,0,0,0,0,0,0,0,20
450507,2,1,3,3,3,3,3,3,3,3,3,3
450508,1,1,0,0,0,0,0,0,0,0,0,0
450508,2,1,0,0,0,0,0,0,0,0,0,0
450509,1,1,0,0,4,0,0,0,0,0,0,0
450509,2,1,10,10,10,10,10,10,10,10,10,10
450510,1,1,0,0,0,0,0,0,0,0,0,0
450511,0,1,10,10,10,10,10,10,10,10,10,10
450511,1,1,0,0,0,0,0,0,0,0,15,0
450511,2,1,0,0,0,13,0,0,0,0,0,0
450511,3,1,0,0,0,0,0,0,0,0,0,0
450511,4,1,0,0,0,0,0,0,0,0,0,0
450512,1,1,13,13,13,13,13,13,13,13,13,13
450512,2,1,0,0,0,0,0,0,0,0,0,0
450513,1,1,0,0,0,0,0,0,0,0,0,0
450513,2,1,0,0,0,0,0,0,0,0,0,0
450514,1,1,0,0,0,0,0,0,0,0,0,0
450514,2,1,0,0,0,0,0,0,0,0,0,0
450514,3,1,0,0,0,0,0,0,0,0,0,0
450514,4,1,0,0,0,0,0,0,0,0,0,0
450515,1,1,0,0,0,0,0,0,19,0,0,0
450515,2,1,14,14,14,14,14,14,14,14,14,14
450516,0,1,31,31,31,31,31,31,31,31,31,31
450516,1,1,0,0,0,0,0,0,0,0,0,0
450517,0,1,0,0,0,41,0,0,0,22,0,30
450517,1,1,0,0,0,0,0,0,0,0,0,0
450518,1,1,0,0,0,0,0,0,0,0,0,0
450518,2,1,0,7,0,0,0,0,0,0,0,0
450518,3,1,0,0,0,0,0,0,0,0,0,0
450518,4,1,3,6,0,0,0,0,0,0,0,0
450518,5,1,15,15,15,15,15,15,15,15,15,15
450519,1,1,0,0,0,0,0,0,0,0,0,0
450519,2,1,0,0,0,0,0,0,0,0,0,0
450520,1,1,0,0,0,0,0,0,0,0,0,0
450520,2,1,0,0,0,0,0,0,0,0,0,0
450521,1,1,16,0,0,0,30,0,0,0,0,22
450522,1,1,17,17,17,17,17,17,17,17,17,17
450523,1,1,0,0,0,0,0,0,0,0,0,0
450524,1,1,0,0,0,0,0,0,0,0,0,0
450525,1,1,0,0,0,0,0,0,0,0,0,0
450525,2,1,0,9,22,0,0,0,0,0,0,0
450526,1,1,0,0,0,0,0,0,0,0,0,0
450526,2,1,0,0,0,0,0,0,0,0,0,0
450527,0,1,10,10,10,10,10,10,10,10,10,10
450527,1,1,0,0,0,0,0,0,0,13,0,0
450528,1,1,0,20,0,0,0,0,0,0,0,0
450529,1,1,0,0,0,0,0,0,0,0,0,0
450529,2,1,0,0,0,0,0,0,0,0,0,0
450529,3,1,0,0,0,0,0,0,0,0,0,0
450530,1,1,0,0,0,0,0,0,0,0,0,0
450530,2,1,0,0,0,0,0,0,0,0,0,0
450531,1,1,14,14,14,14,14,14,14,14,14,14
450532,1,1,0,0,0,0,0,0,0,0,0,0
450533,1,1,0,0,0,0,0,0,0,0,0,0
450534,1,1,0,0,0,0,0,0,0,0,0,0
450535,1,1,9,0,0,0,30,18,0,0,0,0
450535,2,1,0,0,0,0,0,0,0,0,0,0
450536,1,1,3,3,3,3,3,3,3,3,3,3
450537,1,1,0,0,0,0,0,0,0,0,0,0
450537,2,1,0,0,0,0,0,0,0,0,0,0