ST_CASE,VEH_NO,PER_NO,P1,P2,P3,P4,P5,P6,P7,P8,P9,P10
450835,2,1,0,0,0,0,0,0,0,0,0,0
450836,1,1,0,0,0,0,0,0,0,0,0,0
450837,0,1,39,0,0,0,7,0,0,0,26,0
450837,0,2,0,0,0,25,0,8,0,0,0,0
450837,1,1,0,5,3,0,0,0,0,0,0,0
450837,2,1,0,0,0,0,0,0,0,0,0,0
450838,1,1,27,27,27,27,27,27,27,27,27,27
450839,1,1,0,0,0,0,0,0,0,0,0,0
450839,2,1,0,0,0,0,0,0,0,0,0,0
450840,1,1,0,0,0,0,0,0,0,0,0,0
450840,2,1,0,0,0,0,0,0,0,0,0,0
450841,1,1,0,0,0,0,0,0,0,0,0,0
450841,2,1,0,0,11,0,0,0,0,0,6,0
450842,0,1,15,15,15,15,15,15,15,15,15,15
450842,1,1,0,0,0,0,19,0,0,0,0,0
450843,1,1,20,20,20,20,20,20,20,20,20,20
450844,1,1,0,0,0,0,0,0,0,0,0,0
450845,1,1,0,0,0,0,0,0,0,12,0,0
450845,2,1,0,0,0,0,0,0,0,0,0,0
450846,0,1,0,0,0,0,0,0,0,0,0,0
450846,1,1,0,0,0,0,0,5,0,0,0,0
450847,1,1,12,12,12,12,12,12,12,12,12,12
450848,1,1,7,7,7,7,7,7,7,7,7,7
450848,2,1,0,0,0,0,0,0,0,0,0,0
450848,3,1,0,0,0,0,0,0,0,0,0,0
450849,1,1,12,12,12,12,12,12,12,12,12,12
450850,1,1,19,19,19,19,19,19,19,19,19,19
450851,1,1,27,27,27,27,27,27,27,27,27,27
450852,1,1,0,0,0,0,0,0,0,0,0,0
450853,1,1,30,30,30,30,30,30,30,30,30,30
450854,1,1,0,0,0,0,0,0,23,0,0,0
450854,2,1,0,0,0,0,18,0,0,0,0,0
450855,1,1,0,0,0,0,0,0,0,0,0,0
450855,2,1,0,0,0,0,0,0,0,0,0,0
450856,1,1,0,0,0,0,0,0,0,0,0,0
450856,2,1,0,0,0,0,0,0,0,0,0,0
450857,1,1,0,0,0,0,10,0,0,0,0,0
450857,2,1,0,0,0,0,0,0,0,0,0,0
450858,1,1,23,31,8,8,24,35,11,27,38,22
450859,1,1,38,38,38,38,38,38,38,38,38,38
450860,1,1,0,0,0,0,0,0,0,0,0,0
450861,1,1,8,0,0,11,14,0,0,0,0,0
450862,1,1,0,22,0,0,0,0,0,0,8,0
450863,1,1,0,0,0,0,0,0,0,0,0,0
450863,2,1,0,0,0,0,0,0,0,0,0,0
450864,1,1,15,15,15,15,15,15,15,15,15,15
450864,2,1,0,0,0,0,0,0,0,0,0,0
450865,0,1,0,21,0,0,0,0,0,0,0,0
450865,0,2,0,0,0,0,0,0,0,0,0,0
450865,1,1,0,0,0,0,0,0,0,0,0,0
450865,2,1,0,0,0,0,0,0,0,0,0,13
450866,1,1,0,0,0,0,0,0,0,0,0,0
450866,2,1,0,0,0,0,18,0,0,0,0,0
450867,1,1,0,0,0,0,0,0,0,0,0,0
450867,2,1,0,0,0,0,0,0,0,0,0,0
450868,1,1,0,0,0,2,0,0,0,0,0,0
450868,2,1,0,0,0,0,0,0,0,0,0,0
450868,3,1,0,0,0,0,0,0,0,0,0,0
450869,0,1,24,24,24,24,24,24,24,24,24,24
450869,1,1,0,0,0,0,0,0,0,0,0,0
450870,1,1,0,0,0,0,0,0,0,0,0,0
450871,1,1,22,0,0,0,0,0,0,0,0,0
450872,0,1,0,0,0,0,0,0,0,0,0,0
450872,1,1,0,0,0,0,0,0,0,0,0,0
450873,0,1,29,29,29,29,29,29,29,29,29,29
450873,1,1,0,0,0,0,0,0,0,0,0,0
450874,1,1,0,7,0,0,0,0,21,0,15,0
450875,1,1,0,0,0,0,0,0,0,0,0,0
450876,1,1,0,0,0,0,0,0,0,0,0,0
450876,2,1,0,0,0,0,0,0,20,0,0,0
450877,1,1,0,0,0,0,0,0,0,0,0,0
450877,2,1,0,0,0,9,0,0,0,0,0,0
450878,1,1,0,0,0,0,0,0,0,0,0,0
450879,1,1,0,0,0,0,0,0,0,0,0,0
450879,2,1,16,16,16,16,16,16,16,16,16,16
450880,1,1,0,0,0,0,0,0,0,0,18,0
450881,1,1,0,0,0,0,0,0,0,0,0,0
450882,1,1,0,0,0,0,0,0,0,0,0,0
450883,1,1,0,0,0,0,0,0,0,0,0,0
450884,0,1,19,19,19,19,19,19,19,19,19,19
450884,1,1,0,0,10,0,0,0,0,0,0,0
450885,1,1,0,0,0,0,9,19,0,25,0,0
450886,0,1,31,31,31,31,31,31,31,31,31,31
450886,1,1,0,0,0,0,0,0,0,0,0,0
450887,1,1,26,26,26,26,26,26,26,26,26,26
450888,1,1,0,0,0,0,0,0,0,0,0,0
450889,1,1,0,0,0,0,0,0,0,0,0,0
450889,2,1,0,0,0,0,0,0,0,0,0,0
450890,1,1,0,0,0,0,0,0,0,0,0,0
450891,1,1,0,0,0,0,0,0,0,0,0,0
450891,2,1,0,0,0,0,0,0,0,0,0,0
450891,3,1,0,0,0,0,0,0,0,0,0,0
450892,1,1,0,0,0,0,0,0,0,0,0,0
450893,1,1,0,0,0,0,0,0,0,0,0,0
450894,0,1,0,0,0,0,0,0,0,0,0,0
450894,1,1,0,0,0,0,0,26,0,0,0,0
450894,2,1,0,0,0,0,0,0,0,0,0,0
450895,4,1,0,0,0,0,0,0,0,0,0,0
450896,1,1,0,0,0,0,0,0,0,0,0,0
450897,1,1,10,10,10,10,10,10,10,10,10,10
450897,2,1,0,0,0,0,0,0,0,0,0,0
450898,0,1,5,18,26,0,0,0,0,0,0,0
450898,1,1,0,0,0,0,0,0,0,0,0,9
450899,0,1,0,0,0,0,0,0,0,0,0,0
450899,1,1,0,0,0,0,0,0,0,0,0,0
450900,0,1,0,0,0,0,0,0,0,0,0,0
450900,1,1,0,0,0,23,0,16,0,0,0,0
450901,1,1,0,0,0,0,0,0,0,0,0,0
450902,1,1,15,15,15,15,15,15,15,15,15,15
450903,0,1,0,0,0,0,0,0,0,0,0,0
450903,1,1,0,0,0,0,0,0,0,9,0,12
450904,1,1,0,0,0,0,0,0,0,0,0,0
450904,2,1,0,0,0,0,0,0,0,0,0,0
450905,1,1,0,0,0,0,0,0,0,0,0,0
450905,2,1,0,0,0,0,0,0,0,0,0,0
450906,1,1,22,22,22,22,22,22,22,22,22,22
450907,0,1,0,0,0,0,0,0,0,0,0,0
450907,1,1,0,0,0,0,0,0,0,0,0,0
450908,1,1,12,0,0,0,0,0,0,0,0,0
450908,2,1,0,0,0,0,0,0,0,0,0,0
450909,1,1,0,0,0,0,0,28,0,18,0,0
450910,1,1,0,0,0,0,0,0,0,0,0,0
450911,0,1,27,27,27,27,27,27,27,27,27,27
450911,1,1,0,0,0,0,0,0,0,8,0,0
450912,0,1,0,0,0,0,0,0,0,0,0,0
450912,1,1,0,0,0,0,0,0,0,0,0,0
450913,1,1,21,18,12,17,17,13,27,32,21,14
450914,1,1,0,0,12,0,13,0,0,0,0,0
450915,0,1,0,0,0,0,0,0,0,0,0,0
450915,1,1,0,0,0,0,0,0,0,0,25,7
450916,1,1,0,0,0,0,0,0,0,0,0,0
450917,1,1,0,0,0,0,0,0,0,0,0,0
450918,1,1,0,0,0,5,0,0,0,0,9,0
450918,2,1,0,0,0,0,0,0,0,0,0,7
450919,1,1,21,21,21,21,21,21,21,21,21,21
450920,1,1,0,0,0,0,0,0,0,0,0,0
450920,2,1,0,0,0,11,0,0,0,0,0,0
450921,1,1,0,0,0,0,0,0,0,0,0,0
450921,2,1,0,0,0,0,0,0,0,0,0,0
450922,1,1,0,0,0,0,0,0,0,0,0,0
450922,2,1,0,0,0,0,0,0,0,0,0,0
450923,1,1,5,5,5,5,5,5,5,5,5,5
450924,1,1,39,39,39,39,39,39,39,39,39,39
450924,2,1,0,0,0,0,0,0,0,0,0,0
450925,1,1,16,18,11,17,10,26,33,31,16,26
450926,1,1,11,11,11,11,11,11,11,11,11,11
450927,1,1,0,0,0,0,0,0,0,0,0,0
450927,2,1,0,0,0,0,0,0,0,0,0,0
450928,1,1,0,0,0,0,16,0,0,0,0,0
450929,0,1,30,14,8,27,30,18,28,33,6,24
450929,1,1,0,0,8,0,0,14,14,0,0,0
450930,1,1,0,0,0,0,0,0,0,0,0,0
450930,2,1,18,22,46,22,27,26,0,15,17,6
450931,1,1,0,0,0,22,0,0,0,0,0,0
450931,2,1,12,12,12,12,12,12,12,12,12,12
450931,3,1,7,11,0,0,0,11,0,0,0,0
450932,1,1,0,0,0,0,0,0,16,25,0,0
450934,0,1,0,0,0,0,0,0,0,0,0,0
450934,1,1,27,0,0,0,17,0,0,0,0,0
450935,0,1,0,0,0,0,0,0,0,0,0,0
450935,2,1,0,0,0,0,0,0,0,0,0,0
450936,1,1,0,0,0,0,17,0,0,16,0,0
450937,1,1,0,0,0,0,0,0,0,0,0,0
450937,2,1,0,0,0,0,0,0,0,0,0,0
450938,0,1,29,0,0,0,0,42,21,0,0,0
450938,1,1,0,0,0,0,0,0,6,0,0,0
460001,1,1,0,0,0,0,0,0,0,0,0,0
460001,2,1,0,0,0,0,0,0,0,0,0,0
460001,3,1,0,0,0,0,0,0,0,0,0,0
460002,1,1,8,8,8,8,8,8,8,8,8,8
460003,1,1,0,0,0,0,0,0,0,0,0,0
460003,2,1,0,0,0,0,0,0,0,0,0,0
460004,1,1,0,0,0,0,0,0,0,0,0,0
460004,2,1,0,0,0,0,0,0,0,0,0,0
460005,1,1,0,0,0,0,0,0,0,0,0,0
460005,2,1,0,0,0,0,0,0,0,0,0,0
460006,1,1,0,0,0,0,0,0,0,0,0,0
460007,1,1,0,0,0,0,0,0,0,0,0,0
460008,1,1,17,17,17,17,17,17,17,17,17,17
460008,2,1,0,0,0,0,0,0,0,0,0,0
460009,1,1,0,0,0,0,0,0,0,0,0,0
460010,0,1,0,0,0,0,0,0,0,0,0,0
460010,0,2,0,0,0,0,0,0,0,0,0,0
460010,1,1,0,0,0,0,0,0,0,0,0,0
460011,1,1,8,8,8,8,8,8,8,8,8,8
460012,1,1,22,22,22,22,22,22,22,22,22,22
460013,1,1,0,0,0,0,0,0,25,0,0,0
460013,2,1,0,0,0,0,0,0,0,0,0,0
460014,1,1,12,12,12,12,12,12,12,12,12,12
460015,1,1,0,0,0,0,0,0,0,0,0,0
460015,2,1,0,0,0,0,0,0,0,0,0,0
460016,1,1,0,0,0,0,0,0,0,0,0,0
460017,1,1,0,0,0,0,0,6,0,19,0,0
460017,2,1,0,0,0,0,0,0,0,0,0,0
460018,1,1,20,20,20,20,20,20,20,20,20,20
460019,1,1,28,28,28,28,28,28,28,28,28,28
460020,1,1,3,0,19,0,19,17,33,10,15,27
460021,1,1,0,0,0,0,0,0,0,0,0,0
460022,1,1,0,0,0,0,0,0,0,0,0,0
460022,2,1,0,0,0,0,0,0,0,0,0,0
460023,1,1,0,0,0,0,0,0,0,0,0,0
460023,2,1,0,0,0,0,0,0,0,0,0,0
460024,0,1,0,0,0,0,0,0,0,0,0,0
460024,1,1,0,0,0,0,0,0,0,0,0,0
460025,1,1,0,0,0,0,0,0,0,0,0,0
460025,2,1,0,0,0,0,0,0,0,0,0,0
460026,1,1,0,0,0,0,0,0,0,0,0,0
460027,0,1,0,0,0,0,11,0,25,0,0,29
460027,1,1,0,0,0,0,0,0,0,0,0,0
460028,1,1,4,4,4,4,4,4,4,4,4,4
460028,2,1,0,0,0,0,0,0,0,0,0,0
460029,1,1,0,0,0,0,0,0,0,0,0,0
460029,2,1,3,0,6,22,0,0,5,0,18,0
460031,1,1,0,0,0,0,0,0,0,0,0,0
460031,2,1,0,0,0,0,0,0,0,0,0,0
460032,1,1,24,24,24,24,24,24,24,24,24,24
460033,1,1,0,0,0,0,0,0,0,0,0,0
460034,1,1,0,0,0,0,0,0,0,0,0,0
460034,2,1,0,0,0,0,0,0,0,0,0,0
460035,1,1,14,14,14,14,14,14,14,14,14,14
460036,1,1,0,0,0,0,0,0,0,0,0,0
460036,2,1,0,33,0,0,0,0,0,0,0,0
460036,3,1,0,0,0,0,0,0,0,0,0,0
460036,4,1,0,0,0,0,0,0,0,0,0,0
460037,1,1,0,0,0,0,0,0,0,0,0,0
460037,2,1,0,0,0,0,0,0,0,0,0,0
460038,1,1,0,5,0,0,0,0,6,0,27,0
460038,2,1,0,0,0,0,0,0,0,0,0,0
460039,1,1,4,4,4,4,4,4,4,4,4,4
460040,1,1,0,0,0,0,0,0,0,0,0,0
460040,2,1,0,0,0,0,0,0,0,0,0,0
460041,1,1,0,0,0,0,0,0,0,0,0,0
460042,1,1,0,0,0,0,0,0,0,0,0,0
460043,1,1,30,30,30,30,30,30,30,30,30,30
460044,1,1,0,0,0,0,0,0,0,0,0,0
460044,2,1,0,0,0,0,0,0,0,0,0,0
460045,0,1,0,0,0,0,14,0,0,8,0,0
460045,1,1,16,0,0,0,0,0,0,0,0,0
460046,1,1,28,28,28,28,28,28,28,28,28,28
460047,1,1,0,0,13,0,0,0,0,0,0,0
460047,2,1,0,0,0,0,0,0,0,0,0,0
460048,1,1,0,0,0,0,0,0,0,0,0,0
460048,2,1,0,0,0,0,0,0,0,0,0,0
460048,3,1,0,0,0,0,0,0,0,0,0,0
460049,1,1,0,0,0,0,0,0,0,0,0,0
460049,2,1,0,0,0,0,0,0,0,0,0,0
460050,1,1,11,11,11,11,11,11,11,11,11,11
460051,1,1,0,28,8,0,0,0,36,0,0,12
460051,2,1,0,0,0,0,0,0,0,0,0,0
460052,1,1,0,7,0,0,12,19,12,5,0,34
460053,1,1,0,0,0,0,0,0,0,0,0,0
460053,2,1,0,0,18,0,0,0,0,10,11,0
460053,3,1,0,0,0,0,0,0,0,0,0,0
460054,1,1,0,0,0,0,0,0,0,0,0,0
460054,2,1,0,0,0,0,0,0,0,0,0,0
460055,1,1,5,5,5,5,5,5,5,5,5,5
460055,2,1,0,0,0,0,0,0,0,0,0,0
460056,1,1,14,14,14,14,14,14,14,14,14,14
460057,1,1,0,0,0,0,0,0,0,0,0,0
460058,1,1,29,29,29,29,29,29,29,29,29,29
460059,0,1,0,0,38,15,0,20,0,31,16,0
460059,1,1,0,0,0,0,0,0,0,0,0,0
460060,1,1,29,29,29,29,29,29,29,29,29,29
460061,1,1,0,0,0,0,0,0,0,0,0,0
460062,1,1,0,0,0,0,0,0,0,0,0,0
460063,1,1,19,19,19,19,19,19,19,19,19,19
460064,1,1,27,0,22,29,0,0,0,12,0,0
460065,0,1,0,0,0,0,0,0,0,0,0,0
460065,1,1,0,0,0,0,0,0,0,0,0,0
460066,1,1,0,0,0,0,0,0,0,0,0,0
460066,2,1,0,0,0,0,0,0,0,0,0,0
460067,1,1,6,0,0,0,0,7,0,0,23,15
460067,2,1,0,0,0,0,0,0,0,0,0,0
460068,1,1,23,23,23,23,23,23,23,23,23,23
460069,1,1,26,26,26,26,26,26,26,26,26,26
460070,1,1,0,0,0,0,0,0,0,0,0,0
460070,2,1,0,0,0,0,0,0,0,0,0,0
460070,3,1,0,0,0,0,0,0,0,0,0,0
460070,4,1,0,0,0,0,0,0,0,0,0,0
460071,1,1,0,0,0,0,0,0,0,0,0,0
460071,2,1,0,0,0,0,0,0,0,0,0,0
460072,0,1,0,0,0,0,0,0,0,0,0,0
460072,1,1,0,0,0,0,0,0,0,0,0,0
460073,1,1,0,0,0,0,0,0,0,0,0,0
460073,2,1,0,0,0,0,0,0,0,0,0,0
460074,1,1,27,27,27,27,27,27,27,27,27,27
460075,1,1,10,10,10,10,10,10,10,10,10,10
460075,2,1,0,0,0,0,0,0,0,0,0,0
460076,1,1,0,0,0,0,0,0,0,0,0,0
460077,1,1,0,0,0,28,0,0,0,0,0,0
460077,2,1,0,0,0,0,0,0,0,0,0,0
460078,1,1,20,20,20,20,20,20,20,20,20,20
460079,1,1,0,0,0,0,0,0,0,0,0,0
460080,1,1,0,0,0,12,0,0,11,0,27,18
460081,1,1,0,0,0,0,0,0,0,0,0,0
460081,2,1,0,0,0,0,0,0,0,0,0,0
460082,1,1,0,0,0,0,0,0,0,0,0,0
460082,2,1,0,0,0,0,0,0,0,0,0,0
460083,1,1,0,0,0,0,0,0,0,0,0,0
460084,1,1,25,25,25,25,25,25,25,25,25,25
460085,0,1,0,0,0,21,0,0,0,20,0,0
460085,1,1,13,13,13,13,13,13,13,13,13,13
460086,1,1,0,0,0,0,0,0,0,0,0,0
460087,0,1,0,27,0,0,0,0,0,0,27,0
460087,1,1,0,0,0,0,0,0,0,0,0,0
460088,1,1,0,0,0,0,0,0,0,0,0,0
460088,2,1,0,0,0,0,0,0,0,0,0,0
460089,1,1,0,0,0,0,0,0,0,0,0,0
470001,1,1,0,0,0,0,0,0,0,0,0,0
470001,2,1,0,0,0,0,0,0,0,0,0,0
470003,1,1,0,0,0,0,0,0,0,0,0,0
470004,1,1,0,0,0,0,0,0,0,0,0,0
470004,2,1,0,0,0,0,0,0,0,0,0,0
470005,1,1,0,0,0,0,0,0,0,0,0,0
470005,2,1,0,0,0,0,0,0,0,0,0,0
470006,1,1,0,9,25,21,25,0,16,13,0,13
470006,2,1,0,0,0,0,0,0,0,0,0,0
470007,0,1,0,0,0,0,0,0,0,0,0,0
470007,1,1,0,0,0,0,0,0,0,0,0,0
470008,1,1,0,0,0,0,0,0,0,0,0,0
470008,2,1,0,0,0,0,0,0,0,0,0,0
470009,1,1,0,0,0,0,0,0,43,0,0,0
470010,1,1,25,25,25,25,25,25,25,25,25,25
470010,2,1,0,0,0,0,0,0,0,0,0,0
470010,3,1,0,0,0,0,0,0,0,0,0,0
470010,4,1,0,0,0,0,0,0,0,0,0,0
470011,1,1,0,0,0,0,13,0,0,0,0,0
470012,0,1,0,0,0,0,0,0,0,0,0,0
470012,1,1,0,0,0,0,0,0,0,0,0,0
470014,1,1,0,0,0,0,0,0,0,0,19,15
470014,2,1,33,0,14,0,0,0,0,0,0,0
470015,1,1,0,0,0,0,0,0,0,0,0,0
470015,2,1,0,0,0,0,0,0,0,0,0,0
470016,1,1,0,0,0,0,0,0,0,0,0,0
470017,0,1,0,0,0,0,29,0,0,5,0,0
470017,1,1,0,0,0,0,0,0,0,0,0,0
470018,1,1,30,30,30,30,30,30,30,30,30,30
470019,1,1,0,0,0,0,0,0,0,0,0,0
470020,1,1,0,0,0,0,0,0,0,0,0,0
470020,2,1,0,0,0,0,0,0,0,0,0,0
470021,0,1,20,20,20,20,20,20,20,20,20,20
470021,1,1,0,0,0,0,0,0,0,0,0,0
470022,1,1,37,32,31,17,16,15,6,32,12,17
470023,1,1,0,0,0,0,0,0,0,0,0,0
470023,2,1,0,0,0,0,0,0,0,0,0,0
470024,1,1,0,0,0,0,0,0,0,0,0,0
470025,1,1,17,17,17,17,17,17,17,17,17,17
470026,1,1,0,0,0,0,0,0,7,0,0,0
470026,2,1,0,0,0,0,0,0,0,0,19,0
470027,1,1,0,0,0,0,0,0,0,0,0,0
470028,1,1,29,0,0,32,14,15,13,18,8,21
470029,0,1,0,0,0,0,0,0,0,0,0,0
470029,1,1,0,0,0,0,0,0,0,0,0,0
470030,1,1,0,0,0,0,0,0,0,0,0,0
470030,2,1,0,0,0,0,0,0,0,0,0,0
470031,0,1,19,0,31,0,0,0,0,0,0,0
470031,1,1,0,0,0,0,0,0,0,0,0,0
470032,1,1,0,0,0,0,0,0,0,0,0,0
470032,2,1,0,0,0,0,0,0,0,0,0,0
470033,0,1,0,23,14,16,0,0,20,0,0,0
470033,1,1,0,0,0,0,0,0,0,0,0,17
470033,2,1,0,0,16,0,0,0,0,0,0,0
470033,3,1,0,0,0,0,0,0,0,0,0,0
470034,1,1,23,23,23,23,23,23,23,23,23,23
470035,1,1,0,0,0,0,0,0,0,0,0,0
470036,1,1,10,0,19,0,26,0,25,0,0,11
470037,1,1,20,20,20,20,20,20,20,20,20,20
470038,1,1,0,8,0,0,7,0,0,0,0,0
470039,0,1,0,0,0,0,0,0,0,0,0,0
470039,1,1,0,0,0,0,0,0,0,0,0,0
470040,1,1,0,0,0,0,0,0,0,0,0,0
470040,2,1,0,0,0,0,0,0,0,0,0,0
470041,1,1,15,15,15,15,15,15,15,15,15,15
470042,0,1,0,0,0,0,21,0,0,0,0,0
470042,1,1,0,0,0,0,0,0,0,0,0,0
470043,1,1,0,0,0,0,0,0,0,0,0,0
470043,2,1,0,0,0,0,0,0,0,0,0,0
470043,3,1,0,0,0,0,0,0,0,3,0,0
470044,1,1,17,17,17,17,17,17,17,17,17,17
470045,1,1,0,0,0,0,0,0,0,0,0,0
470045,2,1,0,0,0,0,0,0,0,0,0,0
470046,1,1,0,0,0,0,0,0,0,0,0,0
470046,2,1,0,0,0,0,0,0,0,0,0,22
470047,1,1,0,12,14,27,0,0,0,0,0,0
470048,1,1,20,20,20,20,20,20,20,20,20,20
470049,1,1,0,0,0,0,0,0,0,0,0,0
470049,2,1,20,20,20,20,20,20,20,20,20,20
470050,1,1,0,0,0,0,0,0,0,0,0,0
470051,1,1,0,0,0,0,0,0,0,0,0,0
470051,2,1,0,0,0,0,0,0,0,0,0,0
470052,1,1,15,15,15,15,15,15,15,15,15,15
470053,1,1,9,9,9,9,9,9,9,9,9,9
470054,1,1,0,0,0,0,0,0,0,0,0,0
470054,2,1,0,0,0,0,0,0,0,0,0,0
470055,1,1,0,0,0,0,0,0,0,0,0,0
470057,1,1,0,0,0,0,0,0,0,0,0,0
470057,2,1,0,0,0,0,0,0,0,0,0,0
470058,1,1,0,0,0,0,0,0,0,0,0,0
470059,0,1,0,0,0,0,0,0,0,0,0,0
470059,1,1,7,0,0,7,0,0,0,0,0,0
470060,0,1,0,0,0,0,0,0,0,0,0,0
470060,1,1,0,0,0,0,0,0,0,0,0,0
470061,1,1,0,0,0,0,0,0,0,0,0,0
470061,2,1,0,0,0,0,0,9,4,0,0,0
470062,1,1,0,0,0,0,0,0,0,0,0,0
470062,2,1,0,0,0,0,0,0,0,0,0,0
470063,1,1,0,0,0,0,0,0,0,0,0,0
470064,1,1,0,0,0,0,0,0,0,0,0,0
470065,1,1,0,0,0,0,0,0,0,0,0,0
470065,2,1,0,0,0,0,0,0,0,0,0,0
470066,0,1,19,0,10,0,0,0,0,0,0,0
470066,1,1,0,0,0,0,19,0,0,0,0,0
470067,1,1,0,0,0,0,0,0,0,0,33,23
470068,1,1,0,0,0,0,0,0,0,0,0,0
470068,2,1,0,0,0,0,0,0,0,0,0,0
470069,0,1,28,0,0,0,10,38,10,0,20,10
470069,1,1,25,0,0,0,0,0,0,0,0,0
470070,1,1,0,0,0,0,0,0,0,0,13,0
470070,2,1,4,0,0,0,0,0,0,0,26,0
470070,3,1,0,0,0,0,0,0,0,0,0,0
470070,4,1,0,0,0,0,0,0,0,0,0,0
470070,5,1,0,0,0,0,0,0,0,0,0,0
470071,1,1,13,13,13,13,13,13,13,13,13,13
470071,2,1,0,0,0,0,0,0,0,0,0,0
470072,1,1,0,0,0,0,0,0,0,0,0,0
470072,2,1,0,0,0,0,0,0,0,0,0,0
470072,3,1,0,0,0,0,0,0,0,0,0,0
470072,4,1,0,0,0,0,0,0,0,0,0,0
470073,1,1,0,26,20,12,0,0,35,0,0,0
470074,1,1,0,0,0,0,0,0,0,0,0,0
470075,1,1,1,1,1,1,1,1,1,1,1,1
470076,1,1,0,0,0,0,0,0,0,0,0,0
470076,2,1,0,0,0,0,0,0,0,0,0,0
470077,1,1,0,0,0,0,0,0,0,0,0,0
470077,2,1,0,0,0,0,0,0,0,0,0,0
470077,3,1,0,0,0,0,0,0,0,0,0,0
470078,0,1,0,0,0,0,0,0,0,0,0,0
470078,0,2,23,0,0,0,0,0,0,0,0,0
470078,0,3,0,0,0,0,0,0,0,0,0,0
470078,1,1,0,0,0,0,0,0,0,0,0,0
470079,0,1,0,0,0,0,0,0,0,0,0,0
470079,1,1,0,0,0,0,0,0,0,6,0,0
470080,1,1,0,0,0,0,0,0,0,0,0,0
470080,2,1,0,0,0,0,0,0,0,0,0,0
470080,3,1,0,0,0,0,0,0,0,0,0,0
470083,1,1,0,0,0,0,0,0,0,0,0,0
470083,2,1,17,0,0,0,0,0,0,10,0,12
470084,0,1,0,0,0,0,22,0,0,30,4,0
470084,1,1,0,0,0,15,0,7,0,9,8,0
470085,1,1,0,0,0,0,0,0,0,29,0,0
470085,2,1,7,0,33,0,0,0,0,0,0,0
470086,1,1,23,23,23,23,23,23,23,23,23,23
470087,1,1,18,18,18,18,18,18,18,18,18,18
470087,2,1,0,0,0,0,0,0,0,0,0,0
470088,1,1,0,0,0,0,0,0,0,0,0,0
470088,2,1,0,0,0,0,0,0,0,0,0,0
470089,1,1,0,0,0,0,0,0,0,0,0,0
470089,2,1,0,0,0,0,0,0,0,0,0,0
470091,1,1,15,7,17,0,0,0,5,0,0,0
470092,0,1,0,0,0,0,0,0,0,0,0,0
470092,2,1,0,0,0,0,0,0,0,0,0,0
470093,1,1,10,10,10,10,10,10,10,10,10,10
470094,1,1,27,27,27,27,27,27,27,27,27,27
470095,1,1,0,0,0,0,0,0,0,0,0,0
470096,0,1,18,18,18,18,18,18,18,18,18,18
470096,1,1,0,0,0,0,0,0,0,0,0,0
470097,1,1,0,0,0,0,0,0,0,0,0,0
470098,1,1,0,0,0,0,0,0,0,0,0,0
470099,1,1,0,0,0,0,0,8,0,0,0,0
470100,1,1,0,0,0,0,0,0,0,0,0,0
470101,1,1,0,0,0,0,0,0,0,0,0,0
470101,2,1,0,0,0,0,0,0,0,0,0,0
470101,3,1,0,0,0,0,0,0,0,0,0,0
470102,1,1,0,0,24,0,21,0,0,0,0,0
470103,1,1,18,18,18,18,18,18,18,18,18,18
470104,1,1,0,0,0,0,0,0,0,0,0,0
470105,1,1,1,1,1,1,1,1,1,1,1,1
470106,1,1,27,27,27,27,27,27,27,27,27,27
470107,1,1,0,0,0,0,0,0,0,0,0,0
470107,2,1,0,0,0,3,0,0,0,0,0,0
470108,1,1,0,0,6,0,2,26,0,0,15,30
470109,1,1,0,0,0,0,0,0,0,0,0,0
470110,1,1,0,0,0,0,0,0,0,0,0,0
470110,2,1,0,0,0,0,0,0,0,0,0,0
470111,1,1,0,0,0,0,0,0,0,0,0,0
470112,1,1,27,33,0,4,0,19,0,17,21,17
470113,1,1,0,0,0,0,0,0,0,0,0,7
470114,1,1,29,0,20,10,13,0,12,0,0,19
470116,0,1,0,0,0,0,0,0,4,0,0,0
470116,1,1,0,0,0,0,0,0,0,0,0,0
470117,1,1,13,13,13,13,13,13,13,13,13,13
470118,1,1,0,0,0,0,0,0,0,0,0,0
470118,2,1,0,0,0,0,0,0,0,0,0,0
470119,1,1,22,0,0,15,0,0,0,27,0,0
470119,2,1,0,0,0,0,0,0,0,0,0,0
470120,1,1,0,0,0,0,25,0,0,0,0,0
470121,1,1,0,0,0,0,0,0,24,0,0,0
470122,1,1,15,15,15,15,15,15,15,15,15,15
470123,1,1,0,0,0,0,0,0,0,0,0,0
470124,0,1,21,21,21,21,21,21,21,21,21,21
470124,1,1,0,0,0,0,0,12,0,0,0,0
470125,1,1,0,0,0,12,0,0,0,0,0,0
470126,1,1,0,0,0,0,0,0,0,0,0,0
470126,2,1,0,0,0,0,0,0,0,0,0,0
470127,1,1,0,0,0,0,0,0,0,0,0,0
470128,0,1,31,31,31,31,31,31,31,31,31,31
470128,1,1,0,0,0,0,0,0,0,0,0,0
470129,1,1,0,0,0,0,0,0,0,0,0,0
470129,2,1,0,0,0,0,0,0,0,0,0,0
470130,1,1,0,0,0,0,0,0,0,0,0,0
470130,2,1,0,0,0,0,0,0,0,0,0,0