ST_CASE,VEH_NO,PER_NO,P1,P2,P3,P4,P5,P6,P7,P8,P9,P10
470445,0,1,11,11,11,11,11,11,11,11,11,11
470445,1,1,0,0,4,11,0,0,14,0,0,3
470446,1,1,0,0,0,0,0,0,0,0,0,0
470447,1,1,0,0,0,0,0,0,0,0,0,0
470447,2,1,0,0,0,0,0,0,10,0,0,0
470448,1,1,0,0,0,0,0,0,0,0,0,0
470448,2,1,0,0,0,0,0,0,0,0,0,0
470449,1,1,0,0,0,0,0,0,0,0,0,0
470450,1,1,0,0,0,0,0,0,0,0,0,0
470450,2,1,0,0,0,0,0,0,0,0,0,0
470451,1,1,0,0,0,0,0,6,0,0,0,0
470451,2,1,0,0,0,0,0,0,0,0,0,0
470452,1,1,0,0,0,0,0,0,0,0,0,0
470452,2,1,0,0,0,0,0,0,0,0,0,0
470452,3,1,0,0,0,0,0,0,0,0,0,0
470453,1,1,36,16,0,0,10,0,0,12,0,0
470454,1,1,0,0,0,17,0,0,9,0,0,0
470454,2,1,7,0,0,0,0,0,0,0,0,0
470454,3,1,0,0,0,0,0,0,0,0,14,0
470455,1,1,0,0,0,0,0,0,0,0,0,0
470456,1,1,0,0,0,0,0,0,0,0,0,0
470456,2,1,0,0,0,0,0,0,0,0,0,0
470458,1,1,0,0,0,0,0,0,0,0,0,0
470459,1,1,0,0,0,0,0,0,0,0,0,0
470460,1,1,26,5,0,0,0,20,0,7,0,0
470461,1,1,0,0,0,0,0,0,0,0,0,0
470461,2,1,0,0,0,0,0,0,0,0,0,0
470462,1,1,0,0,0,0,0,0,0,0,0,0
470462,2,1,0,0,0,0,0,0,0,0,0,0
470463,1,1,3,3,3,3,3,3,3,3,3,3
470463,2,1,0,0,0,0,0,0,0,0,0,0
470464,1,1,24,24,24,24,24,24,24,24,24,24
470465,1,1,10,10,10,10,10,10,10,10,10,10
470465,2,1,0,0,0,0,0,0,0,0,0,0
470466,1,1,0,0,0,0,13,0,0,0,0,3
470467,0,1,14,14,14,14,14,14,14,14,14,14
470467,1,1,33,0,0,0,0,0,0,0,0,0
470468,1,1,4,4,4,4,4,4,4,4,4,4
470468,2,1,0,0,0,0,0,0,0,0,0,0
470469,1,1,0,0,0,0,0,0,0,0,0,0
470469,2,1,23,0,0,0,0,0,0,0,0,0
470470,1,1,0,0,0,0,17,0,0,0,0,0
470470,2,1,0,0,0,0,0,0,0,0,0,0
470470,3,1,0,0,0,0,0,0,0,0,0,0
470471,1,1,0,0,0,0,0,0,0,0,0,0
470471,2,1,0,0,0,0,0,0,0,0,0,0
470473,1,1,0,0,0,5,0,0,0,0,0,0
470473,2,1,0,0,0,0,0,0,0,0,0,0
470474,1,1,0,0,0,0,0,0,0,0,0,0
470474,2,1,0,0,0,0,0,0,0,0,0,0
470475,1,1,0,0,0,0,0,0,0,0,0,0
470475,2,1,0,0,0,0,0,0,0,0,0,0
470476,0,1,15,15,15,15,15,15,15,15,15,15
470476,1,1,3,3,3,3,3,3,3,3,3,3
470477,1,1,3,0,9,33,0,6,0,29,0,0
470478,1,1,6,6,6,6,6,6,6,6,6,6
470479,1,1,0,0,0,0,0,0,0,0,0,0
470479,2,1,0,0,0,0,0,0,0,0,0,0
470480,0,1,11,11,11,11,11,11,11,11,11,11
470480,1,1,16,35,10,24,28,11,9,13,12,0
470481,1,1,0,0,0,0,0,0,0,0,0,0
470481,2,1,0,0,0,0,0,0,0,0,0,0
470481,3,1,0,0,0,0,0,0,0,0,0,0
470482,1,1,0,0,0,0,0,0,0,0,0,16
470482,2,1,0,0,0,0,0,0,0,0,0,0
470483,1,1,0,0,0,0,0,0,0,0,0,0
470483,2,1,0,0,0,0,0,0,0,0,0,0
470484,1,1,0,35,0,0,0,0,0,0,0,0
470484,2,1,0,0,0,0,0,0,0,0,0,0
470485,1,1,0,0,0,0,0,0,0,0,0,0
470486,1,1,18,19,12,0,0,0,7,20,0,7
470487,1,1,0,0,0,0,0,0,0,0,0,0
470487,2,1,0,0,0,0,0,0,0,0,0,0
470488,1,1,0,0,0,0,0,0,0,0,0,0
470488,2,1,0,0,0,0,0,0,0,0,0,0
470489,1,1,28,28,28,28,28,28,28,28,28,28
470490,1,1,0,0,0,0,0,0,0,0,0,0
470491,1,1,0,0,0,0,0,0,0,0,0,0
470491,2,1,0,0,0,0,0,0,0,0,0,0
470492,0,1,0,0,0,0,0,0,0,0,0,0
470492,1,1,0,0,0,0,0,0,0,0,0,0
470493,0,1,0,0,0,0,0,0,0,0,0,0
470493,1,1,0,0,0,0,0,0,0,0,14,0
470494,1,1,0,0,0,0,0,9,0,0,0,0
470494,2,1,13,0,0,0,0,0,0,0,0,0
470495,1,1,0,0,0,0,0,0,0,0,0,0
470495,2,1,0,0,0,0,0,0,0,0,0,0
470496,1,1,23,23,23,23,23,23,23,23,23,23
470497,1,1,0,0,0,0,0,0,0,0,0,0
470497,2,1,0,0,0,0,0,0,0,0,0,0
470498,1,1,0,0,0,0,0,0,0,24,0,0
470499,1,1,0,0,0,0,0,0,0,0,0,0
470500,1,1,0,0,0,0,0,0,0,0,0,0
470501,0,1,0,0,0,0,0,29,0,48,0,0
470501,1,1,0,0,0,0,0,0,0,0,0,0
470502,1,1,0,0,0,0,0,0,21,0,0,0
470502,2,1,0,0,0,0,0,0,0,0,0,0
470503,1,1,0,0,0,0,0,0,0,0,0,6
470503,2,1,0,0,0,0,0,16,0,0,8,0
470504,1,1,0,0,0,0,0,17,0,16,0,0
470505,1,1,16,16,16,16,16,16,16,16,16,16
470506,1,1,16,13,21,15,15,21,1,4,0,18
470507,1,1,0,0,0,15,0,0,0,0,0,0
470507,2,1,0,0,18,0,0,0,0,0,0,0
470508,1,1,0,0,0,0,0,0,0,0,0,0
470508,2,1,19,19,19,19,19,19,19,19,19,19
470509,0,1,41,41,41,41,41,41,41,41,41,41
470509,1,1,0,0,0,0,0,0,0,0,0,0
470510,1,1,0,0,0,0,0,0,0,0,0,0
470511,1,1,30,15,9,28,26,12,21,22,15,26
470512,0,1,10,0,0,0,34,17,0,0,22,6
470512,1,1,0,0,0,0,16,0,0,0,0,0
470513,1,1,19,19,19,19,19,19,19,19,19,19
470514,1,1,27,27,27,27,27,27,27,27,27,27
470515,0,1,0,7,36,0,0,0,0,0,0,8
470515,2,1,2,2,2,2,2,2,2,2,2,2
470516,1,1,0,12,0,0,0,0,26,11,42,26
470517,1,1,32,0,0,0,0,11,0,0,0,0
470517,2,1,0,0,0,0,0,0,0,0,0,0
470518,1,1,13,13,13,13,13,13,13,13,13,13
470519,1,1,0,0,0,0,0,0,0,0,0,0
470519,2,1,0,0,0,0,0,0,0,0,0,0
470520,1,1,0,0,15,0,0,0,0,0,0,0
470521,1,1,0,0,0,0,0,0,0,17,0,0
470522,1,1,28,28,28,28,28,28,28,28,28,28
470523,1,1,0,0,0,0,0,0,0,0,0,0
470523,2,1,0,0,0,0,0,0,0,0,0,0
470524,1,1,11,11,11,11,11,11,11,11,11,11
470525,1,1,0,0,0,0,0,0,18,0,0,0
470525,2,1,0,0,21,0,0,0,0,0,0,0
470525,3,1,0,0,0,0,0,0,0,0,0,0
470526,0,1,13,13,13,13,13,13,13,13,13,13
470526,1,1,0,0,0,0,0,0,0,0,0,0
470527,1,1,0,0,0,0,0,0,0,0,0,0
470527,2,1,0,0,0,0,0,0,0,0,0,0
470528,1,1,0,0,0,0,0,0,0,0,0,0
470528,2,1,0,0,0,0,0,0,0,0,0,0
470529,0,1,6,4,14,16,15,11,4,11,10,15
470529,1,1,0,0,15,0,0,0,15,12,0,0
470530,0,1,0,20,0,0,0,0,10,32,0,0
470530,1,1,0,0,0,0,0,0,0,0,0,0
470531,1,1,0,0,0,0,0,0,0,0,0,0
470531,2,1,0,0,0,23,0,0,0,0,0,0
470532,1,1,0,0,0,0,0,0,0,0,0,0
470532,2,1,0,0,0,0,0,0,0,0,0,0
470533,1,1,0,0,0,0,0,0,0,0,0,0
470533,2,1,0,0,0,0,0,0,0,0,0,0
470534,1,1,0,0,0,0,0,0,0,0,0,0
470534,2,1,0,0,0,0,0,0,0,0,0,0
470534,3,1,0,0,0,0,0,0,0,0,0,0
470534,4,1,0,0,0,0,0,0,0,0,0,0
470534,5,1,0,0,0,0,0,0,0,0,0,0
470534,6,1,0,0,0,0,0,0,0,0,0,0
470535,1,1,0,17,0,0,0,0,0,0,0,0
470536,1,1,0,0,0,0,0,0,0,0,0,0
470536,2,1,11,0,0,17,0,0,15,0,13,0
470537,1,1,0,0,0,0,0,0,0,0,0,0
470537,2,1,0,0,0,0,0,0,0,0,0,0
470538,1,1,0,0,0,0,0,0,0,0,0,0
470539,1,1,0,0,0,0,0,0,0,0,0,0
470540,1,1,0,0,0,0,0,0,0,0,0,62
470541,1,1,0,0,0,0,0,0,0,0,17,0
470541,2,1,0,0,0,0,0,0,0,0,25,0
470542,1,1,39,0,0,0,9,0,9,5,10,0
470543,1,1,10,10,10,10,10,10,10,10,10,10
470545,1,1,9,23,4,5,26,19,1,16,20,0
470545,2,1,0,0,0,0,0,0,0,0,0,0
470546,1,1,0,0,0,0,0,0,0,0,0,0
470547,1,1,0,0,0,0,0,0,11,0,0,0
470547,2,1,0,0,0,0,0,0,0,0,0,0
470548,1,1,9,9,9,9,9,9,9,9,9,9
470549,1,1,4,4,4,4,4,4,4,4,4,4
470551,1,1,0,0,0,0,0,0,0,26,0,30
470552,1,1,10,0,0,0,0,23,0,0,0,0
470553,1,1,12,0,0,11,8,6,3,0,0,0
470554,0,1,0,0,0,0,0,0,0,0,0,0
470554,1,1,0,0,0,0,0,0,0,0,0,0
470555,1,1,6,6,6,6,6,6,6,6,6,6
470556,1,1,0,0,0,0,0,0,0,0,0,0
470557,1,1,18,16,20,9,12,24,15,22,11,46
470558,1,1,17,17,17,17,17,17,17,17,17,17
470559,1,1,6,6,6,6,6,6,6,6,6,6
470560,1,1,0,0,0,0,0,0,0,0,0,0
470560,2,1,0,0,0,0,0,0,0,0,0,0
470562,1,1,15,15,15,15,15,15,15,15,15,15
470563,1,1,8,0,0,0,0,0,14,0,0,11
470563,2,1,0,0,0,0,5,0,0,0,5,0
470564,1,1,0,0,14,0,0,0,0,0,0,0
470564,2,1,0,23,0,0,0,0,0,0,0,0
470565,0,1,0,0,0,0,0,0,0,0,0,0
470565,2,1,0,0,0,0,0,0,0,0,0,0
470566,1,1,24,24,24,24,24,24,24,24,24,24
470566,2,1,0,0,0,0,19,0,0,0,0,0
470566,3,1,0,0,0,0,0,0,0,0,0,0
470567,1,1,23,23,23,23,23,23,23,23,23,23
470567,2,1,0,28,0,0,0,0,0,14,0,0
470567,3,1,0,0,0,0,0,0,0,0,0,0
470569,1,1,0,0,0,0,0,24,0,0,0,0
470570,1,1,0,0,0,0,0,0,0,0,0,0
470570,2,1,0,0,0,0,0,0,0,0,0,0
470571,1,1,0,0,0,0,0,17,0,0,0,17
470571,2,1,16,16,16,16,16,16,16,16,16,16
470572,1,1,0,0,0,0,0,0,0,0,0,0
470572,2,1,0,0,0,0,0,3,0,0,0,0
470573,1,1,0,23,0,0,0,0,0,0,0,0
470573,2,1,0,0,0,6,0,0,0,0,0,0
470574,1,1,0,0,0,0,0,0,0,0,0,0
470575,1,1,24,14,0,0,0,0,0,0,0,0
470576,1,1,17,17,17,17,17,17,17,17,17,17
470577,1,1,14,14,14,14,14,14,14,14,14,14
470578,1,1,0,0,0,0,0,0,0,0,0,0
470578,2,1,0,0,0,0,0,0,0,0,0,0
470579,1,1,0,0,4,0,0,0,0,0,0,0
470579,2,1,0,0,0,0,0,0,0,0,0,0
470579,3,1,0,0,0,17,0,0,0,0,0,0
470580,1,1,0,0,0,0,0,0,0,0,0,0
470580,2,1,0,0,0,0,0,0,0,0,0,0
470581,1,1,0,0,0,0,0,0,0,0,0,0
470581,2,1,0,0,0,19,0,0,0,0,0,0
470581,3,1,0,0,2,0,0,0,13,0,0,0
470582,0,1,0,7,17,0,0,0,18,0,11,0
470582,1,1,0,0,0,20,0,0,19,0,0,0
470583,1,1,0,0,0,0,0,0,0,0,0,0
470584,1,1,0,0,0,0,0,0,0,0,0,0
470584,2,1,0,0,0,0,0,0,0,0,0,0
470585,1,1,0,0,0,0,0,0,0,0,0,0
470586,0,1,21,21,21,21,21,21,21,21,21,21
470586,1,1,0,0,0,0,0,0,0,0,0,0
470587,1,1,0,0,0,0,0,0,0,0,0,0
470588,1,1,0,0,0,0,0,0,0,3,0,0
470588,2,1,0,0,13,6,0,0,0,0,0,0
470588,3,1,18,18,18,18,18,18,18,18,18,18
470589,1,1,0,0,0,0,0,0,0,0,0,0
470590,1,1,0,0,0,0,17,0,0,0,0,0
470591,1,1,0,0,0,0,0,0,0,25,0,0
470592,1,1,0,0,0,17,0,0,0,0,0,0
470592,2,1,0,0,0,0,0,15,0,0,0,0
470592,3,1,0,0,0,0,0,0,16,0,0,0
470593,1,1,0,0,0,0,0,0,0,0,21,0
470593,2,1,0,0,0,0,0,0,14,0,0,0
470595,1,1,0,0,10,0,0,0,0,0,0,0
470595,2,1,0,0,0,0,7,0,0,0,0,0
470595,3,1,0,7,0,0,0,0,0,0,0,0
470596,1,1,0,0,0,0,0,0,0,0,0,0
470596,2,1,0,0,0,0,0,0,0,0,0,0
470597,0,1,0,0,0,23,0,15,6,11,0,6
470597,1,1,0,15,26,0,0,0,0,16,0,8
470598,0,1,0,0,0,0,29,0,23,0,0,0
470598,1,1,0,0,0,0,0,0,0,0,0,0
470599,1,1,0,0,0,0,8,0,25,0,25,13
470600,1,1,14,14,14,14,14,14,14,14,14,14
470600,2,1,0,0,0,0,0,0,0,0,0,0
470601,0,1,0,0,0,0,0,0,0,0,0,0
470601,1,1,0,0,0,0,0,0,0,0,0,0
470602,1,1,0,0,0,0,0,0,0,0,0,0
470603,1,1,25,18,35,21,11,18,17,0,23,19
470604,1,1,0,0,0,0,0,0,0,0,0,0
470604,2,1,0,0,0,0,0,0,0,0,0,0
470605,1,1,0,0,0,0,0,0,0,0,0,0
470606,1,1,0,0,0,0,0,0,0,0,0,0
470606,2,1,0,0,0,0,0,0,0,0,0,0
470607,0,1,0,37,0,0,13,0,0,0,0,15
470607,1,1,0,0,0,0,10,0,0,0,0,15
470608,1,1,0,0,0,0,0,0,0,0,0,0
470608,2,1,0,0,0,0,0,0,0,0,0,0
470609,1,1,1,1,1,1,1,1,1,1,1,1
470609,2,1,7,7,7,7,7,7,7,7,7,7
470610,0,1,0,0,8,21,0,9,15,0,0,0
470610,1,1,0,0,19,0,0,20,0,9,0,0
470610,2,1,0,13,0,0,25,0,0,0,15,0
470610,3,1,0,0,0,0,0,14,0,0,0,9
470611,1,1,35,35,35,35,35,35,35,35,35,35
470612,1,1,0,0,0,0,0,0,0,0,0,0
470612,2,1,0,0,0,0,0,0,0,0,0,0
470613,1,1,0,0,0,0,0,0,0,0,0,0
470613,2,1,0,0,0,0,0,0,0,0,0,0
470614,1,1,22,22,22,22,22,22,22,22,22,22
470614,2,1,9,0,0,0,0,0,0,0,0,0
470614,3,1,0,0,0,0,0,0,0,0,0,0
470614,4,1,21,0,0,0,0,0,0,0,0,0
470614,5,1,0,0,0,0,0,0,0,0,0,0
470615,1,1,8,8,8,8,8,8,8,8,8,8
470615,2,1,0,0,0,0,0,0,0,0,0,0
470616,1,1,0,0,0,0,0,0,0,0,0,0
470616,2,1,0,0,0,0,0,0,0,0,0,0
470617,0,1,19,19,19,19,19,19,19,19,19,19
470617,1,1,0,0,0,0,0,0,0,0,0,0
470618,1,1,0,0,0,0,0,0,0,0,0,0
470619,1,1,0,0,0,0,0,0,0,0,0,0
470619,2,1,0,0,0,0,0,0,0,0,0,0
470620,1,1,0,0,0,0,0,0,0,0,0,0
470620,2,1,0,0,0,0,0,0,0,0,0,0
470620,3,1,0,0,0,0,0,0,0,0,0,0
470620,4,1,0,0,0,0,0,0,0,0,0,0
470621,1,1,17,17,17,17,17,17,17,17,17,17
470622,0,1,0,0,0,0,0,0,0,0,0,0
470622,1,1,0,12,0,0,0,0,0,16,0,0
470623,1,1,0,0,0,0,0,0,0,0,0,0
470623,2,1,0,0,0,0,0,0,0,0,0,0
470624,1,1,11,0,0,0,0,0,0,0,0,0
470624,2,1,0,0,0,0,0,0,0,0,0,0
470625,1,1,13,13,13,13,13,13,13,13,13,13
470625,2,1,0,0,0,0,10,0,9,15,0,0
470626,1,1,19,19,19,19,19,19,19,19,19,19
470627,1,1,0,0,0,0,0,0,11,0,0,26
470628,1,1,0,17,0,0,0,7,0,0,0,0
470629,1,1,0,0,0,0,0,0,0,0,0,0
470630,1,1,0,0,0,0,0,17,0,23,0,0
470630,2,1,0,0,0,0,0,0,0,0,0,0
470631,1,1,0,0,0,0,0,0,0,0,0,0
470631,2,1,0,0,14,0,0,0,0,0,0,0
470632,1,1,0,0,0,0,0,0,0,0,0,0
470633,1,1,0,0,12,0,0,0,0,0,0,0
470633,2,1,0,0,0,0,0,0,0,0,0,0
470634,1,1,1,1,1,1,1,1,1,1,1,1
470635,1,1,8,8,8,8,8,8,8,8,8,8
470636,1,1,21,21,21,21,21,21,21,21,21,21
470637,1,1,0,0,8,0,0,0,0,37,0,11
470637,2,1,15,0,0,0,0,0,0,5,7,0
470638,0,1,19,19,19,19,19,19,19,19,19,19
470638,1,1,0,0,0,0,0,0,0,0,0,0
470639,1,1,0,0,0,0,0,0,0,0,0,0
470639,2,1,0,0,0,0,0,0,0,0,0,0
470640,1,1,0,0,0,0,0,0,0,0,0,0
470641,1,1,33,12,10,9,30,20,0,23,0,0
470641,2,1,0,0,0,0,0,0,0,0,0,0
470642,1,1,20,20,20,20,20,20,20,20,20,20
470643,1,1,19,19,19,19,19,19,19,19,19,19
470644,1,1,0,0,0,0,0,0,0,0,0,0
470644,2,1,0,12,0,20,0,0,0,0,3,0
470645,1,1,17,17,17,17,17,17,17,17,17,17
470646,1,1,17,17,17,17,17,17,17,17,17,17
470647,1,1,17,17,17,17,17,17,17,17,17,17
470647,2,1,0,0,21,0,0,0,0,0,0,0
470648,1,1,18,18,18,18,18,18,18,18,18,18
470649,1,1,10,0,0,0,0,0,12,0,13,0
470650,1,1,0,0,0,0,0,0,0,0,0,0
470650,2,1,0,0,0,0,0,0,0,0,0,0
470650,3,1,0,0,0,12,0,0,0,0,17,0
470650,4,1,0,0,0,0,0,0,0,0,0,0
470651,0,1,0,0,20,0,0,13,0,0,0,0
470651,1,1,24,0,0,0,0,0,0,0,0,0
470652,1,1,0,0,0,0,0,0,0,0,0,0
470652,2,1,0,0,0,0,0,0,0,0,0,0
470653,1,1,0,0,0,0,0,0,0,0,0,0
470653,2,1,0,19,0,0,0,0,0,0,0,6
470654,1,1,20,20,20,20,20,20,20,20,20,20
470655,1,1,0,0,0,0,0,0,0,0,0,0
470656,1,1,0,0,0,0,0,19,0,0,0,0
470656,2,1,0,0,0,0,0,0,0,0,0,0
470657,1,1,0,0,0,0,0,0,0,0,0,0
470657,2,1,12,12,12,12,12,12,12,12,12,12
470658,1,1,16,16,16,16,16,16,16,16,16,16
470659,1,1,0,0,28,0,0,0,0,0,0,0
470659,2,1,0,0,0,0,0,0,0,0,0,0
470660,1,1,15,5,0,0,0,0,0,24,0,11
470661,0,1,0,0,0,47,0,5,0,0,42,0
470661,1,1,0,0,0,0,0,31,0,0,0,0
470663,1,1,15,15,15,15,15,15,15,15,15,15
470664,1,1,0,0,0,0,0,0,0,0,0,0
470665,1,1,0,0,0,0,0,0,0,0,0,0
470665,2,1,0,0,0,0,0,0,0,0,0,0
470666,1,1,6,6,6,6,6,6,6,6,6,6
470666,2,1,0,0,0,0,0,0,0,0,17,0
470667,1,1,0,0,0,0,0,0,0,0,0,0
470667,2,1,0,0,0,0,0,0,0,0,0,0
470668,1,1,0,0,0,0,0,0,0,0,0,0
470668,2,1,0,0,0,0,0,0,0,0,0,0
470669,1,1,0,0,0,0,0,30,0,13,0,0
470669,2,1,20,20,20,20,20,20,20,20,20,20
470670,1,1,23,23,23,23,23,23,23,23,23,23
470670,2,1,0,0,0,0,0,0,0,0,0,0
470671,1,1,0,0,0,0,6,0,28,12,0,0
470671,2,1,0,0,0,0,0,0,0,0,23,0
470672,1,1,10,10,10,10,10,10,10,10,10,10
470672,2,1,0,0,0,0,0,0,0,0,0,0
470673,1,1,0,0,0,0,0,0,0,0,29,0
470673,2,1,0,0,0,0,0,0,0,0,0,0
470673,3,1,0,0,0,0,0,0,0,0,0,0
470674,1,1,0,0,0,0,0,0,0,0,0,0
470674,2,1,0,0,0,0,0,0,0,0,0,0
470675,1,1,0,0,0,0,0,0,0,17,0,0
470676,1,1,0,0,0,0,0,0,0,0,0,0
470676,2,1,0,0,0,0,0,0,0,0,0,0
470677,1,1,14,14,14,14,14,14,14,14,14,14
470679,1,1,22,22,22,22,22,22,22,22,22,22
470680,0,1,0,0,0,0,0,0,0,0,0,0
470680,1,1,0,0,0,0,0,0,0,0,0,0
470681,0,1,0,0,0,0,0,0,0,0,0,0
470681,1,1,0,0,0,0,0,0,0,14,0,9
470682,0,1,0,0,0,0,0,0,0,0,0,0
470682,1,1,0,0,0,0,0,0,0,0,0,0
470683,1,1,0,0,0,0,0,0,0,0,0,0
470683,2,1,0,0,0,0,0,0,0,0,0,0
470684,1,1,21,21,21,21,21,21,21,21,21,21
470685,1,1,0,0,0,0,0,0,0,0,0,0
470685,2,1,0,0,0,7,28,0,0,0,0,0
470686,1,1,0,0,0,0,0,0,0,0,0,0
470686,2,1,0,0,0,11,0,0,0,0,0,0
470686,3,1,0,17,0,0,0,0,0,0,0,0
470687,0,1,0,0,0,0,0,0,0,0,0,0
470687,1,1,0,0,0,0,0,0,0,0,0,0
470688,1,1,0,0,0,0,0,0,0,0,0,23
470688,2,1,0,0,0,0,0,0,0,0,0,0
470689,0,1,0,0,0,0,0,0,0,0,0,0
470689,1,1,0,0,0,0,0,0,0,0,0,0
470690,1,1,0,0,0,0,0,0,0,0,0,0
470690,2,1,0,0,0,0,0,0,0,0,0,0
470691,1,1,17,17,17,17,17,17,17,17,17,17
470692,1,1,0,0,0,0,0,0,0,0,0,0
470692,2,1,0,0,0,0,0,0,0,0,0,0
470693,1,1,0,0,0,0,0,0,0,0,0,0
470693,2,1,0,0,0,0,0,0,0,0,0,0
470694,1,1,0,0,0,0,0,0,0,0,0,0
470694,2,1,0,0,0,0,0,0,0,0,0,0
470695,1,1,0,0,0,0,0,0,0,0,0,0
470695,2,1,0,0,0,0,0,0,0,0,0,0
470695,3,1,0,0,0,0,0,0,0,0,0,0
470696,1,1,5,32,17,23,25,11,14,17,20,0
470696,2,1,9,0,13,0,0,0,0,0,0,0
470696,3,1,0,0,0,0,26,0,0,0,0,12
470697,1,1,0,0,0,0,0,0,0,0,0,0
470698,1,1,0,0,0,0,0,0,0,0,0,0
470699,1,1,0,24,0,0,0,0,15,0,14,0
470700,1,1,0,0,0,0,0,0,0,0,0,0
470701,0,1,0,0,0,0,0,0,0,0,0,0
470701,1,1,0,0,0,0,0,0,0,0,0,0
470702,0,1,0,0,0,0,0,0,0,0,0,0
470702,0,2,0,0,0,0,0,15,0,0,0,0
470702,1,1,0,0,0,0,0,0,0,0,0,0
470703,1,1,0,0,0,0,0,0,0,0,0,0
470703,2,1,0,0,0,0,0,0,0,0,0,0
470704,1,1,0,0,0,0,0,0,0,0,0,0
470704,2,1,0,0,0,0,0,0,0,0,0,0
470705,1,1,0,0,0,0,0,0,0,0,0,0
470706,1,1,0,0,0,0,0,0,0,0,0,0
470707,1,1,0,0,0,0,0,0,0,0,0,0
470707,2,1,0,0,0,0,0,0,0,0,0,0
470708,1,1,0,0,0,0,0,0,0,0,0,0
470709,1,1,19,19,19,19,19,19,19,19,19,19
470709,2,1,0,0,0,0,0,0,0,0,0,0
470710,1,1,0,0,0,0,0,0,0,0,23,0
470710,2,1,10,0,0,0,0,0,5,0,0,0
470711,1,1,0,0,0,0,0,0,0,0,0,0
470711,2,1,12,0,0,0,0,0,0,0,0,0
470712,1,1,0,0,15,0,0,0,0,0,0,0
470713,1,1,0,0,0,0,0,23,0,0,0,0
470714,1,1,9,29,22,0,0,18,15,27,0,28
470715,1,1,0,19,0,12,0,12,0,0,0,0
470715,2,1,15,4,0,6,0,0,0,0,17,17
470715,3,1,0,0,0,0,0,0,0,0,0,0
470716,1,1,26,26,26,26,26,26,26,26,26,26
470716,2,1,0,0,0,0,0,0,0,0,0,0
470717,1,1,0,0,0,0,0,0,0,0,0,0
470718,1,1,0,0,0,0,0,0,0,0,0,0
470718,2,1,0,0,0,0,0,0,0,0,0,0
470719,1,1,0,0,0,0,0,0,0,0,0,0
470719,2,1,0,0,0,0,0,0,0,0,0,0
470719,3,1,0,0,0,0,0,0,0,0,0,0
470720,1,1,0,0,0,0,0,0,0,0,0,0
470720,2,1,0,0,0,0,0,0,0,0,0,0
470721,1,1,0,0,0,0,0,0,0,0,0,0
470722,1,1,0,0,0,0,0,0,0,0,0,0
470722,2,1,0,0,0,0,0,0,0,0,0,0
470723,1,1,0,0,0,0,0,0,0,0,0,0
470723,2,1,0,0,7,0,15,0,0,0,0,11
470724,1,1,22,22,22,22,22,22,22,22,22,22
470725,1,1,23,23,23,23,23,23,23,23,23,23
470726,1,1,0,0,0,0,0,0,0,0,0,0
470726,2,1,17,0,0,0,0,22,16,10,0,0
470727,1,1,19,0,0,6,8,23,25,10,14,0
470728,1,1,0,0,0,0,0,0,0,0,0,0
470728,2,1,0,0,0,0,0,0,0,0,0,0
470729,1,1,0,0,0,0,0,14,3,0,19,0
470730,1,1,22,0,27,0,0,23,11,0,0,0
470732,0,1,24,24,24,24,24,24,24,24,24,24
470732,2,1,0,0,0,0,0,0,0,0,0,0
470732,3,1,0,0,0,0,0,0,0,0,0,0
470732,4,1,0,0,0,0,0,0,0,0,0,0
470733,1,1,0,0,0,0,0,0,0,0,0,0
470733,2,1,0,0,0,0,0,0,5,0,0,0
470733,3,1,0,0,0,0,0,0,0,0,0,0
470734,1,1,9,12,0,22,5,23,2,19,4,29
470735,1,1,0,21,0,0,0,0,0,0,0,20
470735,2,1,13,0,3,0,0,0,14,6,27,10
470736,1,1,0,0,0,0,0,0,0,0,0,0
470737,1,1,17,17,17,17,17,17,17,17,17,17
470737,2,1,0,0,0,0,0,0,0,0,0,0
470738,1,1,0,0,0,0,0,0,0,0,0,0
470739,1,1,0,0,0,0,0,0,0,0,0,0
470740,0,1,0,0,0,7,0,0,19,0,7,13
470740,1,1,13,13,13,13,13,13,13,13,13,13
470741,1,1,0,0,0,0,0,0,0,0,0,0
470741,2,1,0,0,0,0,0,0,0,0,0,0
470742,1,1,0,0,0,0,0,0,0,0,0,0
470742,2,1,0,0,0,0,0,0,0,0,0,0
470743,1,1,0,0,0,0,0,0,0,0,0,0
470743,2,1,0,0,0,0,0,0,0,0,0,0
470744,1,1,0,0,0,0,0,14,0,0,0,0
470744,2,1,0,0,0,0,0,0,0,0,0,0
470745,1,1,11,27,0,0,0,0,0,12,17,0
470746,1,1,0,0,0,0,0,0,0,0,0,0
470746,2,1,0,0,0,0,0,0,0,0,0,0
470747,1,1,0,0,17,0,0,0,0,17,0,0
470747,2,1,0,0,0,0,0,0,0,14,0,0
470748,1,1,16,0,0,18,0,0,0,18,0,27
470749,1,1,0,0,0,0,0,0,0,0,0,0
470750,1,1,0,0,0,0,0,0,0,0,0,0
470751,1,1,0,0,12,18,0,7,0,0,0,0
470751,2,1,0,0,0,0,0,0,0,0,0,0
470752,1,1,0,0,0,0,0,0,0,0,0,0
470752,2,1,0,0,0,0,0,0,0,0,0,0