ST_CASE,VEH_NO,PER_NO,P1,P2,P3,P4,P5,P6,P7,P8,P9,P10
470753,1,1,0,0,0,0,0,0,0,0,0,0
470753,2,1,19,11,0,0,0,0,0,0,0,0
470753,3,1,0,0,0,0,0,0,0,0,0,0
470754,1,1,0,0,0,0,0,0,0,0,0,0
470755,1,1,0,0,0,0,0,0,0,0,0,0
470756,1,1,24,24,24,24,24,24,24,24,24,24
470756,2,1,17,17,17,17,17,17,17,17,17,17
470757,1,1,0,0,0,0,0,0,0,0,0,0
470757,2,1,0,0,0,0,0,0,0,0,0,0
470758,1,1,18,18,18,18,18,18,18,18,18,18
470759,0,1,28,28,28,28,28,28,28,28,28,28
470759,1,1,0,0,0,0,0,0,0,0,0,0
470760,1,1,12,12,12,12,12,12,12,12,12,12
470761,1,1,20,12,0,0,0,0,0,0,0,0
470762,1,1,11,11,11,11,11,11,11,11,11,11
470763,0,1,6,6,6,6,6,6,6,6,6,6
470763,1,1,18,18,18,18,18,18,18,18,18,18
470764,0,1,0,0,0,0,0,0,0,0,0,0
470764,1,1,0,0,0,0,0,0,0,0,0,0
470765,1,1,0,0,0,0,0,0,0,0,0,0
470766,1,1,0,0,0,0,0,0,0,0,0,0
470766,2,1,0,13,0,0,0,0,0,0,0,0
470766,3,1,0,0,0,0,0,0,0,0,0,0
470767,1,1,0,0,0,0,0,0,0,0,0,0
470767,2,1,2,17,0,0,13,0,0,0,0,0
470767,3,1,0,0,21,0,0,0,0,0,0,0
470768,1,1,0,0,0,0,0,0,0,0,0,0
470768,2,1,0,0,0,0,0,0,0,0,0,0
470769,1,1,0,0,0,0,0,0,0,0,0,0
470770,0,1,32,32,32,32,32,32,32,32,32,32
470770,1,1,11,11,11,11,11,11,11,11,11,11
470771,1,1,0,0,0,0,0,0,0,0,0,0
470772,1,1,21,21,21,21,21,21,21,21,21,21
470773,1,1,9,9,9,9,9,9,9,9,9,9
470773,2,1,0,0,0,0,0,0,0,0,0,0
470774,1,1,0,0,0,0,0,0,0,0,0,0
470775,1,1,11,11,11,11,11,11,11,11,11,11
470775,2,1,0,0,10,0,0,0,0,0,0,0
470776,1,1,0,0,0,0,0,0,0,0,0,0
470776,2,1,0,0,0,0,0,0,0,0,0,0
470778,1,1,0,0,0,0,0,0,0,0,0,0
470779,1,1,4,4,4,4,4,4,4,4,4,4
470780,1,1,0,22,0,0,0,17,26,26,38,0
470781,1,1,17,17,17,17,17,17,17,17,17,17
470781,2,1,0,0,0,0,17,0,0,0,21,0
470782,1,1,0,0,0,0,14,0,0,0,21,0
470783,0,1,5,5,5,5,5,5,5,5,5,5
470783,1,1,0,0,0,0,0,0,0,0,0,0
470784,1,1,1,1,1,1,1,1,1,1,1,1
470785,1,1,0,0,0,0,0,0,0,0,0,0
470785,2,1,23,0,13,0,0,0,0,0,0,0
470785,3,1,0,0,0,0,0,0,0,0,0,0
470786,1,1,12,12,12,12,12,12,12,12,12,12
470787,1,1,0,0,0,0,0,0,0,0,0,0
470788,1,1,0,7,15,0,0,17,10,0,0,8
470789,0,1,0,0,16,0,0,0,0,0,0,0
470789,1,1,0,0,0,0,0,0,10,0,0,0
470789,2,1,0,0,0,0,0,0,0,0,0,0
470790,0,1,0,0,0,0,0,0,0,0,0,0
470790,1,1,0,0,0,0,0,0,0,0,0,0
470791,0,1,0,0,0,0,0,0,0,0,0,0
470791,1,1,0,0,0,0,0,0,0,0,0,0
470792,1,1,0,0,0,0,0,0,0,0,0,0
470793,1,1,0,0,0,0,0,0,0,0,0,0
470794,1,1,0,0,0,0,0,0,25,30,0,17
470795,1,1,0,0,0,0,0,0,0,0,0,0
470795,2,1,0,0,0,0,0,0,0,0,0,0
470796,1,1,30,0,0,0,0,0,0,0,0,0
470796,2,1,0,0,0,0,0,0,0,0,0,0
470797,1,1,0,0,33,0,0,0,0,0,0,0
470798,1,1,15,15,15,15,15,15,15,15,15,15
470798,2,1,17,0,19,9,27,0,0,0,12,11
470798,3,1,0,0,0,0,0,0,0,33,0,0
470799,1,1,13,15,0,0,10,24,0,0,0,0
470800,0,1,0,0,0,0,0,0,0,0,0,0
470800,1,1,0,0,0,0,0,0,0,0,0,0
470800,2,1,0,0,0,0,0,0,0,0,0,0
470801,1,1,0,0,0,0,0,0,0,0,0,0
470801,2,1,0,0,0,0,0,0,0,0,0,0
470802,1,1,0,0,0,0,0,0,0,0,0,0
470803,0,1,0,0,0,0,0,0,0,0,0,0
470803,1,1,0,0,0,0,0,0,0,0,4,4
470804,1,1,0,0,0,0,0,0,0,13,0,0
470804,2,1,0,0,0,0,0,0,0,0,0,0
470804,3,1,0,0,0,0,0,0,11,17,0,0
470805,1,1,0,0,0,0,0,0,0,0,0,0
470806,1,1,21,21,21,21,21,21,21,21,21,21
470807,1,1,0,0,0,0,0,0,0,0,0,0
470808,1,1,22,22,22,22,22,22,22,22,22,22
470809,1,1,0,0,0,0,0,0,0,0,0,0
470809,2,1,0,0,0,0,0,0,0,0,0,0
470810,1,1,22,22,22,22,22,22,22,22,22,22
470811,1,1,0,0,0,0,0,27,12,0,0,10
470812,1,1,0,0,0,0,0,0,0,0,0,0
470812,2,1,0,0,0,0,0,0,0,0,0,0
470813,1,1,0,0,0,0,0,0,0,0,0,0
470813,2,1,0,0,8,0,0,0,0,0,0,0
470814,1,1,0,0,0,0,0,0,0,0,0,21
470815,0,1,5,5,5,5,5,5,5,5,5,5
470815,1,1,0,0,0,0,0,0,0,0,0,0
470816,1,1,0,0,0,0,0,0,0,0,0,0
470816,2,1,23,0,0,0,23,0,0,0,0,0
470816,3,1,0,0,0,0,0,0,0,0,0,0
470817,0,1,0,0,0,0,0,0,0,0,0,0
470817,1,1,0,0,0,0,0,0,0,0,0,0
470818,1,1,0,0,0,0,0,0,0,0,0,0
470819,1,1,0,0,0,0,0,0,0,0,0,0
470820,0,1,14,15,0,0,0,0,29,7,14,0
470820,1,1,0,0,0,0,0,0,0,0,0,0
470820,2,1,0,0,0,0,0,0,0,21,0,16
470821,1,1,0,0,25,0,0,0,0,0,0,0
470822,0,1,0,0,0,0,0,0,30,10,16,0
470822,1,1,0,0,0,0,0,0,0,0,0,0
470823,1,1,0,0,0,0,0,5,0,0,0,6
470824,1,1,29,0,0,0,0,0,0,0,0,0
470825,1,1,0,0,0,0,0,0,0,0,0,0
470825,2,1,0,0,0,0,0,0,0,0,0,0
470826,1,1,15,15,15,15,15,15,15,15,15,15
470827,1,1,0,0,0,0,0,0,0,0,0,0
470827,2,1,0,0,0,0,0,0,0,0,0,0
470828,0,1,22,25,25,17,26,24,19,18,0,0
470828,1,1,0,0,0,0,0,18,0,0,0,0
470829,1,1,0,0,0,0,0,0,0,0,0,0
470829,2,1,0,0,0,0,0,0,0,0,0,0
470830,1,1,0,0,0,0,0,0,0,0,0,0
470831,1,1,0,0,0,0,0,0,0,0,0,0
470832,1,1,0,24,19,5,29,8,16,0,0,23
470832,2,1,0,0,0,0,0,0,0,0,0,0
470833,0,1,0,0,0,0,0,0,0,0,0,0
470833,1,1,12,0,6,0,0,0,11,7,7,0
470834,1,1,30,30,30,30,30,30,30,30,30,30
470835,1,1,16,16,16,16,16,16,16,16,16,16
470835,2,1,0,0,0,0,0,0,0,0,0,0
470836,1,1,0,0,0,0,0,0,0,0,0,0
470836,2,1,5,0,0,0,0,6,0,0,0,0
470837,1,1,0,0,0,0,0,0,0,0,0,23
470838,1,1,11,6,23,19,15,12,16,16,10,22
470838,2,1,0,0,0,0,0,0,0,0,0,0
470838,3,1,0,22,0,0,0,0,21,0,0,23
470838,4,1,0,0,14,0,0,0,0,0,0,0
470839,1,1,0,26,0,0,0,0,0,0,0,0
470839,2,1,0,0,0,30,0,0,0,0,0,0
470840,0,1,0,18,0,0,0,0,20,0,0,0
470840,1,1,0,0,0,0,0,4,0,0,0,0
470841,1,1,17,17,17,17,17,17,17,17,17,17
470841,2,1,0,0,0,0,0,0,0,0,0,0
470842,1,1,27,27,27,27,27,27,27,27,27,27
470842,2,1,0,0,0,0,0,0,0,0,0,0
470843,1,1,0,0,0,0,0,0,24,0,0,30
470843,2,1,0,0,0,0,0,0,0,0,0,0
470844,1,1,0,0,0,0,11,0,0,0,0,0
470844,2,1,0,0,0,0,0,0,0,0,8,0
470845,1,1,0,25,0,0,0,0,0,0,0,0
470845,2,1,0,0,0,0,0,0,0,0,0,0
470845,3,1,0,0,0,0,0,0,0,0,0,0
470846,1,1,0,0,0,0,0,0,0,0,0,0
470847,0,1,0,0,0,0,0,0,0,0,0,0
470847,1,1,0,0,0,0,0,0,0,0,0,0
470848,1,1,0,0,0,0,0,0,0,0,0,0
470848,2,1,0,0,0,0,0,0,0,0,0,0
470849,1,1,4,0,0,0,0,0,0,0,0,0
470850,1,1,0,0,0,0,0,0,0,0,0,0
470851,0,1,0,0,15,6,0,20,12,0,0,0
470851,1,1,0,0,19,0,0,0,0,0,0,0
470852,1,1,27,5,21,16,25,5,0,13,24,0
470853,1,1,0,0,0,0,0,0,0,0,0,0
470855,1,1,0,0,0,0,0,0,0,0,0,0
470855,2,1,0,0,0,18,0,0,0,0,0,0
470856,1,1,0,0,0,0,0,0,0,0,0,0
470857,1,1,0,0,0,0,0,0,0,0,0,0
470857,2,1,0,0,0,0,0,0,0,0,0,0
470858,1,1,0,0,0,0,0,0,0,0,0,0
470858,2,1,0,0,0,0,0,0,0,0,0,0
470859,1,1,0,0,0,0,0,0,0,0,0,0
470860,1,1,0,0,0,0,0,6,0,0,0,0
470860,2,1,0,25,0,0,0,0,0,0,0,0
470861,1,1,0,0,0,0,0,0,0,0,0,0
470862,0,1,37,37,37,37,37,37,37,37,37,37
470862,1,1,0,0,0,0,0,0,0,0,0,0
470863,1,1,0,0,0,0,0,0,0,0,0,0
470863,2,1,0,0,7,0,0,0,0,0,0,0
470865,1,1,0,0,0,0,0,0,0,0,0,0
470865,2,1,0,0,0,0,0,0,0,0,0,0
470866,1,1,19,0,0,0,0,16,0,0,0,0
470866,2,1,0,0,0,0,0,0,0,0,0,0
470867,0,1,27,27,27,27,27,27,27,27,27,27
470867,1,1,0,0,0,0,0,0,0,0,0,0
470868,1,1,0,0,0,0,0,0,0,0,0,0
470868,2,1,0,0,0,0,0,0,0,0,0,0
470868,3,1,0,0,0,0,0,0,0,0,0,0
470869,0,1,0,0,0,0,3,0,0,0,35,0
470869,1,1,0,0,0,0,0,0,0,0,0,0
470870,1,1,0,0,0,0,0,0,0,0,0,0
470871,1,1,0,0,0,0,0,0,0,0,0,0
470871,2,1,0,0,0,0,0,0,0,0,0,0
470872,1,1,29,29,29,29,29,29,29,29,29,29
470873,0,1,32,32,32,32,32,32,32,32,32,32
470873,1,1,7,0,7,0,0,0,0,0,0,5
470874,1,1,0,0,0,0,0,0,0,0,0,0
470874,2,1,0,0,0,0,0,0,0,0,0,0
470875,1,1,0,0,0,0,0,0,0,0,0,0
470876,1,1,18,0,0,0,0,0,0,18,0,0
470876,2,1,0,0,0,0,0,0,0,0,0,0
470877,1,1,0,0,0,0,0,0,0,0,0,0
470877,2,1,0,0,0,0,0,0,0,0,0,0
470877,3,1,0,0,0,0,0,0,0,0,0,0
470878,1,1,0,0,0,0,0,0,0,0,0,0
470878,2,1,0,0,0,0,0,0,0,0,0,0
470879,1,1,0,0,0,0,0,0,0,0,0,0
470879,2,1,0,0,0,0,0,0,0,0,0,0
470880,1,1,0,0,0,0,0,19,0,0,0,0
470880,2,1,0,0,0,0,0,0,0,0,0,0
470881,1,1,0,0,0,0,0,0,0,0,0,0
470881,2,1,0,0,0,0,0,0,0,0,0,0
470882,1,1,0,0,0,0,0,0,0,0,0,0
470882,2,1,0,0,0,0,0,0,0,0,0,0
470883,1,1,0,0,0,0,0,0,0,0,0,0
470883,2,1,0,0,0,0,0,0,0,0,0,0
470883,3,1,0,0,0,0,0,0,0,0,0,0
470884,1,1,12,12,12,12,12,12,12,12,12,12
470885,1,1,4,4,4,4,4,4,4,4,4,4
470886,0,1,18,40,4,27,20,10,13,13,21,13
470886,1,1,0,0,0,0,0,0,0,0,0,0
470887,1,1,0,0,0,0,0,0,0,0,0,0
470887,2,1,0,0,0,0,0,0,0,0,0,0
470888,1,1,0,0,0,0,0,0,0,0,0,0
470888,2,1,0,0,0,0,0,0,0,0,0,0
470888,3,1,0,0,0,0,0,0,0,0,0,0
470888,4,1,0,0,0,0,0,0,0,0,0,0
470890,1,1,0,0,0,0,0,0,0,0,0,0
470890,2,1,0,0,0,0,0,0,0,0,0,0
470891,0,1,0,15,0,0,0,0,0,0,0,0
470891,1,1,0,0,4,0,0,0,8,7,0,4
470892,1,1,0,0,0,0,0,0,0,0,0,0
470892,2,1,0,0,0,0,0,0,0,0,0,0
470893,1,1,0,0,0,0,0,0,0,0,0,0
470893,2,1,0,0,0,0,0,0,0,28,0,0
470893,3,1,0,0,0,0,0,0,0,0,0,0
470893,4,1,0,0,17,0,0,0,0,0,0,0
470894,1,1,0,0,0,0,0,0,0,0,0,0
470895,1,1,23,23,23,23,23,23,23,23,23,23
470896,1,1,0,0,0,0,0,0,0,0,0,0
470896,2,1,0,0,0,0,0,0,0,0,0,0
470897,1,1,0,0,3,0,0,16,0,0,0,0
470897,2,1,0,0,0,0,0,0,0,0,30,0
470898,1,1,0,0,0,0,0,0,0,0,24,0
470899,0,1,5,11,19,12,4,28,26,16,0,12
470899,1,1,0,0,0,0,0,0,0,0,0,0
470900,0,1,0,0,0,0,0,0,0,0,0,0
470900,1,1,0,0,0,0,0,0,0,0,0,0
470901,1,1,0,0,0,0,0,0,0,0,0,0
470902,1,1,0,0,0,0,0,15,0,0,0,0
470904,0,1,0,0,0,0,0,0,0,0,0,0
470904,1,1,10,13,11,19,15,0,17,8,10,18
470905,1,1,0,0,0,0,0,0,0,0,0,15
470905,2,1,0,0,0,0,0,0,0,0,0,0
470906,1,1,0,0,0,0,0,0,0,0,0,0
470906,2,1,0,0,0,0,0,0,0,0,0,0
470907,1,1,0,0,0,5,0,0,0,0,0,0
470907,2,1,0,0,0,0,0,0,0,0,0,11
470908,1,1,0,0,0,0,0,0,0,0,0,0
470909,1,1,22,22,22,22,22,22,22,22,22,22
470909,2,1,0,0,0,0,0,0,0,0,0,0
470909,3,1,0,0,0,10,0,0,0,19,0,0
470910,1,1,13,13,13,13,13,13,13,13,13,13
470910,2,1,29,0,0,0,0,0,0,0,0,0
470911,1,1,0,0,0,0,0,0,0,0,0,0
470912,1,1,0,0,0,0,0,0,0,13,0,0
470912,2,1,0,0,0,0,0,0,0,0,0,0
470913,1,1,0,8,0,22,0,0,0,0,0,0
470914,1,1,0,0,0,0,0,0,0,0,0,0
470914,2,1,0,0,0,0,0,0,0,0,0,0
470915,1,1,28,28,28,28,28,28,28,28,28,28
470916,1,1,14,14,14,14,14,14,14,14,14,14
470917,1,1,0,0,0,0,0,0,0,0,0,20
470918,1,1,0,0,36,0,0,0,13,0,7,0
470919,1,1,24,11,20,20,9,22,28,6,19,14
470920,1,1,23,23,23,23,23,23,23,23,23,23
470920,2,1,0,0,0,0,0,0,0,0,0,0
470920,3,1,0,0,0,0,0,0,0,0,0,0
470921,1,1,12,0,0,0,0,0,0,0,0,0
470921,2,1,0,0,0,0,0,0,0,7,0,0
470922,1,1,23,23,23,23,23,23,23,23,23,23
470922,2,1,0,0,0,0,0,0,0,0,0,0
470923,0,1,0,0,0,0,0,0,17,0,0,17
470923,1,1,0,9,0,0,14,0,18,0,0,0
470924,1,1,0,0,0,0,0,0,0,0,0,0
470925,1,1,0,0,0,0,0,0,0,0,0,0
470926,1,1,0,0,0,0,0,19,0,0,0,15
470926,2,1,33,12,0,0,0,0,0,16,0,8
470927,1,1,0,0,0,0,0,0,0,0,0,0
470927,2,1,0,0,0,0,0,0,0,0,0,0
470928,1,1,0,0,0,0,0,0,0,0,0,0
470928,2,1,0,0,17,0,0,0,0,0,0,0
470929,1,1,0,0,0,0,0,0,0,0,0,0
470929,2,1,0,0,0,0,0,0,5,0,0,0
470929,3,1,0,0,0,0,0,0,0,0,0,0
470929,4,1,0,0,0,0,0,0,0,0,0,0
470930,1,1,20,20,20,20,20,20,20,20,20,20
470931,1,1,0,0,0,0,0,0,0,0,0,0
470932,1,1,9,9,9,9,9,9,9,9,9,9
470933,0,1,0,17,0,0,0,19,0,0,0,21
470933,1,1,0,0,0,0,0,0,0,0,0,0
470934,0,1,12,0,8,0,0,0,0,0,0,0
470934,1,1,0,0,0,0,0,0,0,0,0,0
470935,1,1,16,16,16,16,16,16,16,16,16,16
470936,1,1,17,17,17,17,17,17,17,17,17,17
470936,2,1,0,0,0,0,0,0,0,10,0,14
470937,1,1,0,0,0,14,0,7,0,0,0,0
470938,1,1,0,0,0,0,0,0,0,0,0,0
470939,0,1,0,0,0,0,0,0,0,0,0,0
470939,1,1,0,0,0,0,0,0,0,0,0,0
470940,1,1,22,22,22,22,22,22,22,22,22,22
470942,0,1,29,29,29,29,29,29,29,29,29,29
470942,1,1,0,7,0,9,0,0,0,0,0,0
470943,1,1,0,0,0,0,0,0,0,0,0,0
470943,2,1,0,0,0,0,0,0,0,0,0,0
470944,1,1,0,0,0,0,0,0,0,0,0,0
470944,2,1,0,0,0,0,0,0,0,0,0,0
470945,1,1,0,0,0,0,0,0,0,0,0,0
470946,1,1,5,5,5,5,5,5,5,5,5,5
470947,1,1,0,0,10,31,0,0,0,19,0,0
470948,1,1,0,0,0,12,0,21,0,0,0,0
470949,1,1,0,0,0,17,0,0,0,0,0,0
470949,2,1,0,0,0,0,0,0,0,0,0,0
470950,1,1,0,0,0,0,0,0,0,0,0,0
470951,1,1,0,0,0,0,0,0,0,0,0,0
470951,2,1,0,0,0,0,0,0,0,0,0,0
470952,1,1,0,0,0,0,0,0,0,0,0,0
470953,0,1,0,0,0,0,0,0,0,0,0,0
470953,1,1,0,0,0,0,0,0,0,0,0,0
470953,2,1,0,0,0,0,0,0,0,0,0,0
470953,3,1,0,9,0,0,0,0,11,0,0,0
470953,4,1,0,0,0,0,0,0,0,0,0,0
470954,1,1,0,0,0,0,0,0,0,0,0,0
470955,1,1,0,0,0,0,0,0,0,0,0,0
470955,2,1,0,0,0,0,0,0,0,0,0,29
470956,1,1,0,16,0,15,0,11,0,14,14,22
470958,1,1,11,11,11,11,11,11,11,11,11,11
470959,0,1,0,30,0,0,6,0,17,0,0,15
470959,1,1,13,13,13,13,13,13,13,13,13,13
470960,0,1,0,58,0,0,0,0,18,0,29,11
470960,1,1,10,10,10,10,10,10,10,10,10,10
470961,0,1,16,16,16,16,16,16,16,16,16,16
470961,1,1,0,0,0,0,0,0,0,24,3,0
470962,1,1,11,11,11,11,11,11,11,11,11,11
470963,1,1,0,0,0,0,0,0,0,0,0,0
470964,1,1,5,5,5,5,5,5,5,5,5,5
470965,1,1,11,11,11,11,11,11,11,11,11,11
470967,1,1,0,0,0,0,0,0,0,0,0,0
470968,1,1,0,0,0,0,0,0,0,0,0,0
470968,2,1,0,0,0,0,0,0,0,0,0,0
470969,1,1,0,0,0,0,8,0,0,0,0,0
470969,2,1,0,0,0,0,0,0,0,0,0,0
470970,1,1,18,18,18,18,18,18,18,18,18,18
470971,0,1,0,0,0,0,0,0,0,0,0,0
470971,1,1,0,0,7,10,9,0,0,0,0,14
470972,1,1,15,22,0,0,14,0,0,24,16,0
470975,0,1,0,0,33,0,23,0,30,0,0,0
470975,1,1,0,0,0,0,0,0,0,0,0,0
470977,1,1,0,0,0,20,0,0,0,0,13,26
470978,1,1,0,0,0,0,0,0,0,0,0,0
470979,1,1,0,0,0,0,0,0,0,0,0,0
470980,1,1,0,0,0,0,0,0,0,0,0,0
470980,2,1,0,0,0,0,0,0,0,0,0,0
470980,3,1,0,0,0,0,0,0,0,0,0,0
470981,1,1,0,0,0,0,0,0,0,0,0,0
470982,1,1,0,0,0,0,35,0,0,0,0,0
470983,1,1,0,0,0,17,0,0,0,0,0,9
470984,1,1,28,0,0,17,15,25,2,27,14,16
470985,1,1,0,0,0,0,0,0,0,0,0,0
470985,2,1,0,0,0,0,0,0,0,11,0,0
470985,3,1,0,0,0,0,0,0,0,0,0,0
470986,0,1,0,25,0,13,0,0,8,0,25,0
470986,1,1,8,0,0,0,5,0,19,0,0,0
470987,1,1,0,0,0,0,0,0,0,0,0,0
470987,2,1,0,0,0,0,0,0,0,0,0,0
470988,0,1,0,0,0,0,0,0,0,0,0,0
470988,1,1,0,0,0,0,0,0,0,0,0,0
470989,1,1,4,4,4,4,4,4,4,4,4,4
470989,2,1,0,0,0,0,0,0,0,0,0,0
470990,1,1,27,27,27,27,27,27,27,27,27,27
470991,1,1,22,22,22,22,22,22,22,22,22,22
470991,2,1,22,0,0,0,0,0,0,0,0,0
470992,1,1,0,0,0,11,0,0,0,0,0,0
470993,1,1,15,15,15,15,15,15,15,15,15,15
470994,1,1,0,0,0,0,0,0,0,0,0,0
470995,0,1,0,30,0,0,12,0,0,0,0,0
470995,1,1,0,0,0,0,0,0,0,0,0,0
470996,1,1,0,0,0,0,0,0,0,0,0,0
470996,2,1,0,0,0,0,0,0,0,0,0,0
470997,1,1,0,21,0,0,0,0,0,0,8,0
470997,2,1,0,0,0,0,0,0,0,0,0,0
470998,1,1,0,20,0,0,0,0,0,0,0,0
470999,1,1,0,0,0,0,0,0,0,0,0,0
470999,2,1,0,0,0,0,0,0,0,0,0,0
471000,1,1,25,25,25,25,25,25,25,25,25,25
471000,2,1,0,0,0,0,0,0,0,0,0,0
471001,1,1,0,0,0,0,0,0,0,0,0,0
471001,2,1,0,0,0,0,0,0,0,0,0,0
471002,0,1,0,20,14,0,0,0,0,15,31,48
471002,1,1,0,0,0,0,0,0,0,0,28,0
471003,1,1,0,0,0,0,0,15,0,0,0,0
471003,2,1,0,17,0,0,0,0,0,0,0,0
471005,1,1,13,13,13,13,13,13,13,13,13,13
471005,2,1,0,0,0,0,0,0,25,0,0,0
471006,1,1,0,0,0,0,0,0,0,0,0,0
471006,2,1,0,0,0,17,0,0,0,0,0,0
471008,1,1,0,0,0,0,0,21,0,0,0,0
471008,2,1,0,0,0,0,0,0,0,0,0,0
471008,3,1,0,19,0,0,0,0,0,0,0,21
471009,1,1,0,0,0,0,0,0,0,0,0,0
471010,1,1,0,0,0,0,0,0,0,0,0,0
471010,2,1,0,0,0,0,0,0,0,0,0,0
471011,1,1,0,0,0,0,0,0,30,0,0,0
471011,2,1,0,0,0,0,0,0,0,0,0,0
471012,1,1,0,0,0,0,0,0,0,0,0,0
471012,2,1,0,0,0,0,0,0,0,0,0,9
471012,3,1,0,0,0,0,0,0,0,0,0,0
471012,4,1,0,0,0,0,0,0,0,0,0,0
471012,5,1,0,0,0,0,0,0,0,0,0,0
471013,1,1,0,0,0,0,0,0,0,0,0,0
471014,1,1,0,0,0,0,0,0,0,0,0,0
471014,2,1,0,0,0,0,0,0,0,0,0,0
471015,1,1,0,0,0,0,0,0,0,0,0,0
471015,2,1,0,0,0,0,0,0,0,0,0,0
471016,1,1,0,0,0,0,0,0,0,0,0,0
471016,2,1,0,0,0,0,0,0,0,0,0,0
471017,0,1,15,0,13,0,0,0,0,0,20,0
471017,1,1,0,0,0,0,0,0,0,0,0,0
471018,0,1,6,0,0,0,0,0,30,0,22,0
471018,1,1,0,0,0,0,0,0,0,0,3,0
471019,0,1,0,0,0,0,0,0,0,0,0,0
471019,1,1,0,0,0,0,0,0,0,0,0,7
471020,1,1,19,19,19,19,19,19,19,19,19,19
471020,2,1,0,0,0,8,0,0,0,0,0,0
471021,1,1,25,25,25,25,25,25,25,25,25,25
471021,2,1,5,0,0,0,0,0,0,0,10,0
471021,3,1,0,0,0,0,0,0,0,0,0,0
471022,1,1,0,0,0,0,0,0,0,0,0,0
471022,2,1,0,0,0,0,0,0,0,0,0,0
471023,1,1,13,13,0,0,16,0,11,0,0,0
471023,2,1,0,0,0,0,0,0,0,0,0,0
471024,0,1,0,0,0,0,0,0,0,0,0,0
471024,1,1,0,0,0,0,0,0,0,0,0,0
471025,1,1,8,8,8,8,8,8,8,8,8,8
471025,2,1,0,0,0,0,0,0,0,0,0,0
471025,3,1,0,0,0,0,0,0,0,0,0,2
471026,0,1,0,0,0,0,0,0,0,0,42,6
471026,1,1,0,0,0,0,0,0,0,0,0,0
471027,1,1,0,0,0,0,20,0,0,0,0,0
471027,2,1,0,0,0,0,0,0,0,0,0,0
471028,1,1,13,13,13,13,13,13,13,13,13,13
471029,0,1,0,0,0,0,0,0,0,0,0,0
471029,1,1,0,0,0,0,0,0,0,0,0,0
471030,1,1,0,0,0,0,17,0,19,36,0,0
471031,0,1,0,0,0,0,0,0,0,0,0,0
471031,1,1,0,0,0,0,0,0,0,0,0,0
471032,1,1,23,18,27,25,21,32,25,11,29,6
471033,1,1,0,0,0,0,0,0,0,0,0,0
471033,2,1,0,0,0,0,0,0,0,0,0,0
471034,1,1,0,0,0,0,0,0,0,0,0,0
471034,2,1,0,0,0,0,0,0,0,0,0,0
471035,1,1,0,0,0,0,0,0,0,0,0,0
471035,2,1,0,0,0,0,0,0,0,0,0,0
471036,1,1,13,13,8,0,21,9,10,24,8,16
471036,2,1,0,0,0,0,0,0,0,0,10,0
471037,1,1,0,0,0,12,0,16,22,10,5,0
471038,0,1,0,0,0,30,0,0,0,0,0,0
471038,1,1,0,0,0,0,0,0,0,0,0,0
471039,1,1,0,0,0,0,0,0,0,0,0,0
471039,2,1,0,0,0,0,0,0,0,0,0,0
471040,1,1,0,0,0,0,0,0,0,0,0,0
471041,1,1,0,25,17,0,7,0,0,0,0,0
471041,2,1,17,17,17,17,17,17,17,17,17,17
471042,1,1,0,0,0,0,0,0,0,0,0,0
471043,0,1,0,0,0,0,0,0,0,0,0,10
471043,1,1,0,0,0,0,0,0,0,0,0,0
471044,1,1,0,0,0,0,0,0,0,0,0,0
471044,2,1,0,0,0,0,0,0,0,0,0,0
471045,0,1,0,0,0,0,0,0,0,0,0,0
471045,2,1,0,0,0,0,0,0,0,0,0,0
471046,1,1,9,0,0,0,0,22,15,0,0,0
471047,1,1,0,0,0,0,0,16,0,30,0,0
471048,1,1,0,0,0,0,0,0,0,0,0,0
471048,2,1,0,0,0,0,0,0,0,0,0,0
471049,1,1,2,2,2,2,2,2,2,2,2,2
471049,2,1,0,0,0,0,0,0,0,0,0,0
471050,1,1,0,0,12,0,0,24,0,0,20,0
471051,1,1,0,0,0,0,0,0,0,0,0,0
471051,2,1,0,0,0,0,0,0,0,0,0,0
471052,1,1,0,0,0,0,0,0,0,0,0,0
471052,2,1,0,0,0,0,0,0,0,0,0,0
471053,1,1,36,16,0,0,23,0,14,0,0,6
471054,1,1,0,0,0,0,0,0,0,0,0,0
471054,2,1,0,0,6,0,0,5,0,0,0,0
471055,1,1,0,13,0,0,0,0,0,0,0,0
471056,0,1,0,0,0,0,0,0,0,0,0,0
471056,2,1,0,0,0,0,0,0,0,0,0,0
471056,3,1,0,0,12,0,0,0,0,0,0,0
471057,1,1,0,0,0,0,0,0,0,0,0,0
471057,2,1,0,0,0,0,0,0,0,0,0,0
471058,1,1,6,6,6,6,6,6,6,6,6,6
471059,0,1,0,0,0,0,0,0,0,0,0,26
471059,1,1,0,0,0,0,0,0,0,0,0,0
471060,1,1,8,8,8,8,8,8,8,8,8,8
471060,2,1,15,0,0,14,0,0,0,0,0,0
471061,1,1,0,0,0,0,0,0,0,0,0,0
471061,2,1,0,0,0,0,0,0,0,0,0,0
471062,1,1,0,0,0,0,0,0,0,0,0,0
471063,1,1,18,18,18,18,18,18,18,18,18,18
471064,1,1,33,0,0,0,0,0,0,21,0,0
471064,2,1,0,0,0,0,10,0,11,3,6,0