ST_CASE,VEH_NO,PER_NO,P1,P2,P3,P4,P5,P6,P7,P8,P9,P10
471064,3,1,0,0,0,0,0,0,18,0,0,12
471065,1,1,0,0,0,0,0,0,0,0,0,0
471066,1,1,0,0,0,0,0,0,0,0,0,0
471066,2,1,0,0,0,0,0,0,0,0,0,0
471066,3,1,0,0,0,0,0,7,0,0,0,0
471067,1,1,0,0,0,0,0,0,0,0,0,0
471067,2,1,0,0,0,0,6,0,0,0,0,0
471068,1,1,14,14,14,14,14,14,14,14,14,14
471068,2,1,0,0,0,0,0,0,0,0,0,0
471069,1,1,15,21,16,0,6,12,25,12,5,0
471069,2,1,0,0,0,38,0,0,0,0,0,0
471070,0,1,0,0,0,0,0,0,0,0,19,0
471070,1,1,0,0,0,0,0,0,0,0,0,0
471071,1,1,0,0,0,0,0,0,0,0,0,0
471071,2,1,9,0,0,0,0,0,8,0,0,0
471072,0,1,0,0,0,0,2,0,0,0,0,0
471072,1,1,0,0,0,0,0,0,0,0,0,0
471073,1,1,0,0,0,0,0,0,0,0,0,0
471074,1,1,0,0,0,0,16,0,0,0,0,0
471075,1,1,0,17,0,17,7,29,16,29,30,10
471075,2,1,0,0,0,30,0,0,0,0,0,0
471076,0,1,0,24,0,0,30,0,13,24,0,0
471076,1,1,12,12,12,12,12,12,12,12,12,12
471077,1,1,0,0,0,0,0,0,0,3,0,0
471078,1,1,0,0,0,0,0,0,0,0,0,0
471078,2,1,0,0,0,0,0,0,0,0,0,0
480001,1,1,17,17,17,17,17,17,17,17,17,17
480001,2,1,0,0,0,0,0,0,0,0,0,0
480002,1,1,0,0,0,15,11,0,0,0,0,0
480002,2,1,0,0,0,0,0,0,0,0,10,0
480003,1,1,11,11,11,11,11,11,11,11,11,11
480004,1,1,20,20,20,20,20,20,20,20,20,20
480004,2,1,8,0,5,0,7,0,8,0,12,0
480004,3,1,6,2,0,0,0,0,0,0,0,6
480005,0,1,27,27,27,27,27,27,27,27,27,27
480005,1,1,0,0,0,0,0,0,30,0,0,0
480006,0,1,13,13,13,13,13,13,13,13,13,13
480006,2,1,0,0,0,0,0,0,9,0,0,0
480007,1,1,0,0,0,0,0,0,0,0,0,0
480008,1,1,23,23,23,23,23,23,23,23,23,23
480009,1,1,0,0,0,0,0,0,0,0,0,0
480009,2,1,0,0,13,0,0,18,0,12,5,0
480010,1,1,21,21,21,21,21,21,21,21,21,21
480011,1,1,17,17,17,17,17,17,17,17,17,17
480012,1,1,19,19,19,19,19,19,19,19,19,19
480012,2,1,8,8,8,8,8,8,8,8,8,8
480013,0,1,0,0,0,0,0,0,0,0,0,0
480013,1,1,0,0,0,0,0,0,0,0,0,0
480013,2,1,0,5,0,0,0,0,0,0,0,0
480014,1,1,16,16,0,0,21,0,0,20,5,15
480015,1,1,12,12,12,12,12,12,12,12,12,12
480015,2,1,0,0,0,0,0,0,0,0,0,0
480016,1,1,11,0,9,0,0,0,0,0,0,0
480016,2,1,5,5,5,5,5,5,5,5,5,5
480017,1,1,20,20,20,20,20,20,20,20,20,20
480018,0,1,0,0,0,0,0,30,0,0,0,0
480018,1,1,0,0,2,0,0,0,14,0,0,0
480019,0,1,23,23,23,23,23,23,23,23,23,23
480019,1,1,0,0,0,0,0,0,0,0,0,0
480020,1,1,0,0,0,0,0,0,0,0,25,27
480020,2,1,0,0,0,0,0,0,0,0,0,0
480021,0,1,0,0,0,0,0,0,0,0,0,0
480021,1,1,0,0,0,0,0,0,0,0,0,0
480022,0,1,0,0,0,0,0,0,0,0,0,0
480022,1,1,0,0,0,0,0,0,0,15,0,0
480023,1,1,26,26,26,26,26,26,26,26,26,26
480023,2,1,0,21,14,0,12,8,37,0,0,17
480023,3,1,12,20,0,4,0,0,0,0,0,11
480023,4,1,10,0,0,0,23,0,0,25,12,0
480024,0,1,14,0,0,33,0,9,0,13,0,0
480024,1,1,0,0,18,6,0,18,0,0,0,0
480025,1,1,0,0,0,0,0,6,0,0,0,0
480025,2,1,0,0,4,15,0,17,29,0,11,0
480026,1,1,0,0,0,0,0,0,0,0,0,0
480027,0,1,0,23,0,29,11,0,0,0,0,0
480027,1,1,0,14,0,0,0,0,11,13,0,0
480028,1,1,0,0,8,0,0,0,0,0,0,0
480028,2,1,0,0,0,0,0,0,0,0,0,0
480029,1,1,0,0,0,0,0,0,0,0,0,0
480030,1,1,24,0,9,0,13,6,0,3,26,0
480031,1,1,20,20,20,20,20,20,20,20,20,20
480031,2,1,0,23,0,11,19,0,0,0,0,0
480032,1,1,0,0,0,0,0,0,0,0,0,0
480032,2,1,0,0,0,0,0,0,0,0,0,0
480033,0,1,0,0,0,0,0,0,0,0,0,0
480033,1,1,0,0,0,0,0,0,0,0,0,0
480034,1,1,0,0,0,20,0,0,0,0,0,0
480034,2,1,0,0,0,0,0,0,0,0,0,0
480035,1,1,6,0,0,0,0,12,5,10,0,0
480036,1,1,0,0,0,0,0,0,0,0,0,0
480036,2,1,0,0,0,0,0,13,0,0,0,0
480037,1,1,0,0,0,0,0,0,0,0,0,0
480037,2,1,13,13,13,13,13,13,13,13,13,13
480038,1,1,6,6,6,6,6,6,6,6,6,6
480038,2,1,0,0,0,0,0,0,0,0,0,0
480039,1,1,0,0,0,0,0,0,0,0,0,0
480039,2,1,0,0,0,0,0,0,0,0,0,0
480040,0,1,17,25,37,26,13,23,20,4,3,36
480040,1,1,0,0,0,0,0,0,0,0,2,0
480041,1,1,0,0,0,0,0,0,0,0,0,11
480041,2,1,0,0,4,0,0,0,0,0,0,0
480042,1,1,24,24,24,24,24,24,24,24,24,24
480043,1,1,0,0,5,0,0,0,0,0,0,0
480043,2,1,0,0,0,0,0,0,0,0,0,0
480043,3,1,0,0,7,0,20,0,0,0,0,0
480044,0,1,8,8,8,8,8,8,8,8,8,8
480044,1,1,0,19,0,0,0,32,0,0,0,0
480045,0,1,7,12,0,12,5,0,0,30,0,0
480045,1,1,19,6,13,15,10,26,23,11,20,19
480046,1,1,26,26,26,26,26,26,26,26,26,26
480047,1,1,0,0,0,0,0,0,0,0,0,0
480047,2,1,0,0,19,0,0,0,0,0,0,0
480048,1,1,0,0,0,0,0,0,0,0,0,0
480048,2,1,15,0,0,0,0,0,0,0,0,0
480049,1,1,0,0,0,0,0,0,0,0,0,0
480049,2,1,0,0,0,0,0,0,0,0,0,0
480050,0,1,0,0,0,0,0,0,0,0,0,0
480050,1,1,0,0,0,0,0,0,0,28,18,0
480051,1,1,19,19,19,19,19,19,19,19,19,19
480051,2,1,0,18,0,6,23,16,0,0,23,0
480052,0,1,0,0,0,0,0,0,0,0,0,0
480052,1,1,13,0,18,10,0,0,0,0,0,0
480053,1,1,0,0,0,0,0,0,0,0,0,0
480053,2,1,0,0,0,0,0,0,0,0,0,0
480054,0,1,0,0,0,0,0,0,0,0,0,0
480054,1,1,0,0,0,0,0,0,0,0,0,0
480055,0,1,25,25,25,25,25,25,25,25,25,25
480055,1,1,0,0,0,0,0,0,0,0,0,0
480055,2,1,0,0,0,0,0,8,0,13,0,0
480056,1,1,0,0,0,0,0,0,0,0,0,0
480057,0,1,29,29,29,29,29,29,29,29,29,29
480057,1,1,10,0,0,18,0,0,0,0,0,0
480057,2,1,0,0,14,0,0,0,4,0,6,0
480058,0,1,0,0,22,0,0,23,0,0,0,11
480058,1,1,0,17,41,25,31,0,0,0,0,0
480058,2,1,15,0,14,0,0,0,0,0,24,20
480058,3,1,0,0,0,0,0,0,14,0,0,10
480059,1,1,0,0,0,0,0,0,0,0,0,0
480059,2,1,12,0,31,17,0,0,0,0,7,0
480060,1,1,0,0,0,0,0,8,0,0,0,14
480061,1,1,17,0,0,0,0,0,9,0,0,0
480062,1,1,0,0,0,0,0,0,0,0,0,0
480062,2,1,22,0,9,2,20,0,0,0,0,0
480063,1,1,0,17,15,0,0,0,0,0,0,0
480064,1,1,25,25,25,25,25,25,25,25,25,25
480065,0,1,0,0,7,26,17,16,0,27,0,0
480065,1,1,0,10,0,30,0,17,0,0,0,0
480066,1,1,7,18,28,0,7,13,30,0,13,14
480066,2,1,0,0,0,0,0,0,0,0,0,0
480067,1,1,26,0,0,0,0,0,0,0,0,0
480068,0,1,0,0,0,0,14,0,5,0,0,0
480068,1,1,0,10,0,0,0,0,0,0,0,0
480069,1,1,0,0,0,0,0,0,0,0,23,0
480070,1,1,0,0,0,0,0,0,0,0,0,4
480070,2,1,0,7,0,0,16,0,0,0,11,0
480071,0,1,0,0,0,0,0,0,0,0,0,0
480071,0,2,0,0,27,0,19,16,0,2,44,17
480071,1,1,23,0,0,14,0,0,13,0,5,22
480072,1,1,26,26,26,26,26,26,26,26,26,26
480073,1,1,0,0,0,0,0,0,0,0,0,0
480073,2,1,0,0,0,0,0,0,0,0,0,0
480073,3,1,4,4,4,4,4,4,4,4,4,4
480074,1,1,0,0,0,0,0,0,0,0,0,0
480074,2,1,0,0,0,0,0,0,0,0,0,0
480075,1,1,0,0,0,0,0,0,0,0,0,0
480076,1,1,26,26,26,26,26,26,26,26,26,26
480077,1,1,0,18,0,18,0,0,0,0,26,19
480078,1,1,18,3,0,0,18,5,0,0,0,13
480079,1,1,0,29,15,0,37,0,0,0,0,22
480080,1,1,0,0,0,0,8,8,0,0,19,2
480080,2,1,0,9,0,0,6,0,0,14,15,27
480080,3,1,16,7,32,0,0,6,0,0,0,21
480081,0,1,6,6,6,6,6,6,6,6,6,6
480081,1,1,0,0,0,0,0,0,16,10,15,12
480082,1,1,0,0,0,0,0,0,0,0,0,0
480083,1,1,0,0,0,0,0,0,32,0,0,0
480084,1,1,0,0,0,0,31,44,0,0,18,0
480085,1,1,0,0,0,0,0,0,0,0,20,15
480085,2,1,0,0,0,2,0,0,0,0,0,0
480086,1,1,0,0,0,0,0,14,27,0,0,0
480087,1,1,0,0,0,0,0,0,0,0,0,0
480087,2,1,0,0,0,0,0,0,0,0,27,0
480088,0,1,0,0,22,0,0,0,7,31,0,24
480088,1,1,42,8,10,5,5,0,7,0,9,0
480088,2,1,0,0,0,0,0,20,0,0,0,0
480088,3,1,21,0,0,0,0,4,19,0,0,0
480089,1,1,13,13,13,13,13,13,13,13,13,13
480090,0,1,0,0,0,0,38,0,0,0,0,0
480090,1,1,0,0,0,0,0,0,0,0,0,0
480091,1,1,0,0,0,0,0,0,0,0,0,0
480091,2,1,0,0,0,0,0,0,24,0,0,0
480091,3,1,0,9,0,0,0,0,0,0,0,9
480091,4,1,17,6,0,0,0,0,0,0,0,3
480092,1,1,21,21,21,21,21,21,21,21,21,21
480093,1,1,0,0,0,0,0,0,0,0,0,0
480094,1,1,0,0,0,0,0,0,0,0,0,0
480095,1,1,0,0,0,0,0,0,0,0,15,0
480095,2,1,0,0,0,20,0,0,0,0,0,0
480095,3,1,0,0,0,0,8,0,23,0,0,0
480096,1,1,25,16,21,11,18,25,5,8,0,21
480096,2,1,0,0,0,0,0,0,0,0,0,0
480097,1,1,0,0,0,0,0,0,0,0,0,0
480097,2,1,36,12,0,0,20,0,0,28,0,4
480098,0,1,24,24,24,24,24,24,24,24,24,24
480098,1,1,8,8,8,8,8,8,8,8,8,8
480099,0,1,0,0,0,0,0,0,0,0,0,0
480099,1,1,0,0,0,25,6,9,0,0,12,0
480100,1,1,0,0,0,0,19,23,0,4,19,10
480101,1,1,3,0,0,14,0,0,0,0,12,0
480102,0,1,0,0,23,0,14,0,20,24,29,0
480102,1,1,0,0,0,0,0,25,0,0,0,0
480103,1,1,15,15,15,15,15,15,15,15,15,15
480105,1,1,0,0,0,0,0,0,0,0,0,0
480105,2,1,0,0,0,0,0,0,0,0,0,0
480106,1,1,29,29,29,29,29,29,29,29,29,29
480107,0,1,0,0,0,0,0,0,0,0,0,0
480107,1,1,0,0,0,0,0,0,0,0,16,0
480108,1,1,12,12,12,12,12,12,12,12,12,12
480108,2,1,0,0,0,2,0,3,0,0,0,0
480109,1,1,26,0,20,11,0,0,0,16,26,21
480109,2,1,0,0,0,0,0,5,0,0,0,0
480110,1,1,0,20,7,0,0,0,0,18,11,12
480111,1,1,0,0,0,0,0,0,0,0,0,0
480111,2,1,4,0,0,0,0,0,0,0,0,0
480111,3,1,0,0,0,0,0,0,0,0,15,18
480111,4,1,0,29,27,0,0,13,0,0,0,0
480112,1,1,3,3,3,3,3,3,3,3,3,3
480112,2,1,0,0,0,0,0,0,0,0,0,14
480113,1,1,0,0,0,0,0,0,0,0,0,0
480114,1,1,20,20,20,20,20,20,20,20,20,20
480115,0,1,0,0,0,0,0,0,0,0,0,0
480115,1,1,0,0,23,0,0,0,0,0,0,12
480116,1,1,3,3,3,3,3,3,3,3,3,3
480117,1,1,0,0,0,0,0,26,0,0,0,42
480118,1,1,0,0,0,0,0,0,0,0,0,0
480118,2,1,0,0,0,7,0,0,0,0,0,22
480118,3,1,0,0,0,0,0,0,0,0,0,0
480119,0,1,8,30,56,0,48,0,39,21,0,0
480119,1,1,14,0,0,0,0,0,4,9,0,0
480120,1,1,10,10,10,10,10,10,10,10,10,10
480120,2,1,12,0,0,0,0,7,0,0,0,28
480121,1,1,17,17,17,17,17,17,17,17,17,17
480122,1,1,17,0,17,0,0,41,0,0,18,0
480123,0,1,13,0,0,37,0,20,0,0,0,0
480123,1,1,18,0,0,4,0,0,23,0,21,0
480124,1,1,17,17,17,17,17,17,17,17,17,17
480125,0,1,15,12,0,10,10,36,0,18,0,0
480125,1,1,0,0,8,0,14,24,7,16,0,0
480125,2,1,0,9,0,0,0,0,0,0,0,10
480126,1,1,0,12,19,0,0,37,0,0,0,0
480127,1,1,26,0,0,0,11,0,0,4,0,0
480127,2,1,12,12,12,12,12,12,12,12,12,12
480128,1,1,0,0,0,0,0,0,0,0,0,0
480128,2,1,0,0,0,0,0,0,0,0,0,0
480129,1,1,0,0,0,0,0,0,0,0,0,0
480129,2,1,0,0,0,0,0,0,0,0,0,0
480130,1,1,14,26,25,30,17,23,19,18,7,7
480131,1,1,0,0,11,3,0,13,0,0,15,12
480131,2,1,0,0,0,0,5,0,0,23,0,11
480131,3,1,4,0,0,0,17,0,16,7,0,17
480132,1,1,1,1,1,1,1,1,1,1,1,1
480133,1,1,0,0,0,0,0,0,0,0,0,0
480133,2,1,0,0,0,0,0,0,0,0,14,6
480135,1,1,0,0,0,0,0,7,0,9,16,0
480136,0,1,0,0,0,0,0,0,0,0,0,0
480136,1,1,0,0,0,15,0,0,0,0,0,0
480137,1,1,18,18,18,18,18,18,18,18,18,18
480137,2,1,0,0,0,0,0,0,0,21,0,14
480138,1,1,9,9,9,9,9,9,9,9,9,9
480138,2,1,0,0,0,0,0,0,0,0,0,0
480139,1,1,0,0,0,0,0,0,0,10,0,0
480139,2,1,0,0,0,0,0,0,0,0,0,0
480140,1,1,0,0,0,14,12,14,8,0,0,0
480140,2,1,0,0,0,20,0,5,9,17,0,0
480141,0,1,6,6,6,6,6,6,6,6,6,6
480141,1,1,0,0,0,0,0,0,0,0,0,0
480142,1,1,17,17,17,17,17,17,17,17,17,17
480143,1,1,0,24,0,20,0,38,0,0,0,0
480143,2,1,0,0,0,0,0,0,0,0,0,0
480145,0,1,26,0,23,0,27,0,0,37,25,0
480145,1,1,25,0,9,31,0,0,20,0,12,5
480146,0,1,0,0,0,0,0,0,0,0,0,0
480146,1,1,0,0,0,0,0,7,0,0,0,0
480147,0,1,0,9,17,21,0,33,0,0,28,0
480147,1,1,0,16,0,0,0,0,26,14,0,0
480148,1,1,0,0,0,0,0,0,0,0,0,0
480148,2,1,0,0,0,0,0,0,20,0,0,0
480149,0,1,27,27,27,27,27,27,27,27,27,27
480149,1,1,0,10,0,0,14,0,11,13,0,0
480150,1,1,0,0,0,0,0,0,0,0,0,0
480151,1,1,24,24,24,24,24,24,24,24,24,24
480152,1,1,26,26,26,26,26,26,26,26,26,26
480152,2,1,0,0,0,0,0,0,0,0,0,0
480153,0,1,0,0,0,0,0,0,0,0,0,0
480153,1,1,0,0,0,0,0,0,0,0,14,0
480154,1,1,0,0,0,0,0,0,0,0,0,0
480154,2,1,0,0,0,0,0,0,0,0,0,0
480155,0,1,0,0,2,18,0,0,45,12,0,0
480155,1,1,0,8,0,0,0,0,8,25,0,0
480156,1,1,0,0,0,0,0,20,13,0,19,28
480156,2,1,0,0,0,0,0,0,0,0,0,0
480157,1,1,0,0,0,0,0,0,0,0,0,0
480157,2,1,0,0,0,0,0,0,0,0,0,0
480158,1,1,16,16,16,16,16,16,16,16,16,16
480159,0,1,0,0,0,0,0,0,0,0,0,0
480159,1,1,0,0,0,0,0,0,0,0,0,0
480160,1,1,0,0,0,0,0,0,0,0,0,11
480160,2,1,0,0,0,11,0,0,13,0,33,0
480161,0,1,0,23,22,25,5,11,0,12,9,31
480161,1,1,0,8,13,0,0,0,11,0,15,0
480162,0,1,0,0,0,0,0,0,0,0,0,0
480162,1,1,0,0,19,0,0,11,0,0,0,0
480163,1,1,18,18,18,18,18,18,18,18,18,18
480164,0,1,25,25,25,25,25,25,25,25,25,25
480164,1,1,11,0,13,22,0,7,0,21,14,0
480165,1,1,0,0,0,0,0,0,0,0,0,0
480165,2,1,17,0,0,25,0,0,14,9,14,14
480166,1,1,26,0,15,0,15,7,32,22,0,0
480166,2,1,19,0,0,12,0,0,16,0,32,0
480167,0,1,0,0,0,0,8,17,0,0,0,0
480167,1,1,0,25,0,15,0,0,0,0,0,8
480168,1,1,26,26,26,26,26,26,26,26,26,26
480169,1,1,20,20,20,20,20,20,20,20,20,20
480170,1,1,12,0,0,30,0,0,0,8,0,0
480170,2,1,0,7,0,0,0,17,0,0,0,0
480171,1,1,0,0,0,7,0,16,11,0,0,0
480171,2,1,0,0,0,9,0,0,0,0,0,0
480172,1,1,20,20,20,20,20,20,20,20,20,20
480172,2,1,0,0,0,15,0,0,0,22,0,24
480173,1,1,0,0,0,0,0,0,0,0,0,0
480173,2,1,29,19,18,40,10,6,6,11,4,5
480174,0,1,16,16,16,16,16,16,16,16,16,16
480174,1,1,0,0,0,0,0,0,0,10,0,0
480175,1,1,17,25,18,25,19,27,12,0,9,7
480176,1,1,0,0,0,0,15,0,0,0,0,0
480176,2,1,0,0,0,0,0,10,24,0,0,0
480177,1,1,0,0,0,0,0,0,0,0,0,0
480177,2,1,0,0,0,0,0,0,4,0,0,0
480178,1,1,13,13,13,13,13,13,13,13,13,13
480178,2,1,0,0,17,26,0,0,9,0,0,0
480179,1,1,0,0,0,0,0,0,0,0,0,0
480179,2,1,0,0,0,0,0,0,0,0,0,0
480180,0,1,0,0,0,0,13,0,0,0,0,0
480180,1,1,0,0,0,0,0,0,0,0,0,0
480181,1,1,0,0,0,0,0,0,0,0,0,0
480181,2,1,0,0,0,0,15,0,0,0,0,0
480181,3,1,0,0,0,15,0,0,0,26,0,0
480182,1,1,0,12,0,0,0,0,0,0,0,0
480182,2,1,0,0,0,0,0,0,0,0,0,0
480183,1,1,0,0,0,0,0,0,0,0,0,0
480183,2,1,0,0,0,0,0,0,0,0,0,0
480184,1,1,8,0,0,34,15,0,0,0,17,13
480185,1,1,0,0,0,0,12,0,0,0,0,0
480186,0,1,38,38,38,38,38,38,38,38,38,38
480186,1,1,14,17,0,0,0,0,0,0,0,0
480186,2,1,0,12,29,0,12,31,0,30,0,0
480187,1,1,0,0,0,0,0,0,0,0,0,0
480188,1,1,0,0,0,0,25,27,0,0,0,0
480188,2,1,0,0,0,0,0,17,0,25,13,0
480189,0,1,19,11,26,37,39,0,0,4,25,15
480189,1,1,0,0,0,0,0,0,0,0,0,0
480190,0,1,29,0,13,17,0,0,0,0,10,11
480190,1,1,0,0,13,16,0,0,30,0,0,0
480192,1,1,0,0,0,0,0,0,0,0,0,0
480192,2,1,0,0,0,0,0,0,0,0,0,5
480192,3,1,0,0,0,0,0,0,0,0,0,0
480193,1,1,8,8,8,8,8,8,8,8,8,8
480193,2,1,0,0,9,0,0,31,0,0,0,0
480193,3,1,40,9,0,0,0,19,0,0,0,0
480194,0,1,21,21,21,21,21,21,21,21,21,21
480194,1,1,21,0,0,0,25,0,18,17,0,0
480195,1,1,22,22,22,22,22,22,22,22,22,22
480196,1,1,0,20,0,0,0,0,0,0,6,0
480197,1,1,9,9,9,9,9,9,9,9,9,9
480197,2,1,0,0,0,0,0,0,0,0,0,0
480197,3,1,5,0,0,14,0,21,12,0,13,17
480198,0,1,0,0,0,0,0,0,0,0,0,0
480198,1,1,0,0,0,0,19,0,0,0,21,0
480199,1,1,8,8,8,8,8,8,8,8,8,8
480200,1,1,21,21,21,21,21,21,21,21,21,21
480201,1,1,24,15,22,0,0,15,0,3,0,23
480202,1,1,0,0,0,0,20,0,0,0,0,0
480202,2,1,0,9,15,0,0,0,0,0,0,0
480203,1,1,27,27,27,27,27,27,27,27,27,27
480204,1,1,0,0,0,0,5,15,0,0,0,12
480204,2,1,6,0,0,0,0,0,0,0,0,22
480205,1,1,0,0,0,0,0,0,0,0,0,0
480206,0,1,0,0,0,0,0,0,0,0,0,0
480206,1,1,0,0,0,0,0,0,0,0,0,0
480207,1,1,0,0,0,0,0,0,0,0,0,0
480207,2,1,0,0,0,0,0,0,0,0,0,0
480207,3,1,0,0,0,0,0,0,0,0,0,0
480207,4,1,0,0,0,0,0,0,0,0,0,0
480208,0,1,18,0,0,0,27,0,0,0,0,7
480208,1,1,7,0,0,0,0,0,0,15,0,0
480208,2,1,0,0,0,0,0,0,0,0,0,0
480209,1,1,0,0,0,14,23,19,25,15,0,0
480210,1,1,0,0,0,0,0,0,0,0,0,0
480211,1,1,0,0,0,0,0,0,0,0,0,0
480212,1,1,9,9,9,9,9,9,9,9,9,9
480213,1,1,6,0,22,21,0,0,18,0,2,17
480213,2,1,24,0,4,0,0,0,0,0,0,29
480214,0,1,0,0,0,0,0,0,0,4,0,20
480214,0,2,0,0,0,0,0,0,0,0,0,0
480214,1,1,0,0,0,10,0,2,21,6,0,0
480215,0,1,29,29,29,29,29,29,29,29,29,29
480215,1,1,0,0,0,0,0,0,0,0,0,10
480216,0,1,0,0,14,0,0,0,0,0,0,0
480216,1,1,0,0,0,0,0,14,0,0,0,0
480216,2,1,0,0,0,0,0,0,0,0,18,0
480217,1,1,20,20,20,20,20,20,20,20,20,20
480217,2,1,7,24,7,21,6,7,11,8,17,15
480218,1,1,0,15,0,11,0,6,4,0,0,27
480219,1,1,4,4,4,4,4,4,4,4,4,4
480219,2,1,0,6,13,0,0,13,7,7,11,8
480219,3,1,0,3,0,0,0,0,0,18,0,0
480220,1,1,0,0,0,0,0,0,12,0,0,0
480221,0,1,0,0,0,0,0,16,0,0,0,0
480221,1,1,0,0,0,0,0,0,0,0,0,16
480222,1,1,0,0,0,0,0,0,0,0,0,0
480223,1,1,0,0,0,0,0,0,0,0,0,0
480223,2,1,6,26,0,0,0,0,0,0,22,13
480223,3,1,0,0,0,0,0,0,0,0,0,8
480224,1,1,0,31,20,0,21,25,9,14,20,7
480225,0,1,0,0,0,0,0,0,0,0,0,0
480225,1,1,18,7,0,0,0,21,0,13,0,0
480226,1,1,0,0,0,0,0,0,9,0,0,0
480226,2,1,16,16,16,16,16,16,16,16,16,16
480227,1,1,0,21,25,0,15,12,27,0,0,10
480228,1,1,27,27,27,27,27,27,27,27,27,27
480228,2,1,0,0,0,0,0,0,0,0,0,0
480229,1,1,0,0,12,0,0,27,19,0,11,21
480230,0,1,0,0,0,0,0,0,0,0,0,0
480230,1,1,0,0,0,0,0,8,0,9,0,0
480231,1,1,16,16,16,16,16,16,16,16,16,16
480232,0,1,0,0,0,0,0,0,0,0,0,0
480232,1,1,14,0,4,0,8,0,0,0,0,12
480233,1,1,0,0,0,0,0,0,0,0,0,0
480233,2,1,0,0,0,0,0,0,0,0,0,0
480234,0,1,15,15,15,15,15,15,15,15,15,15
480234,1,1,0,6,0,0,0,24,0,0,0,0
480235,1,1,0,0,0,0,0,0,0,0,0,0
480235,2,1,0,0,0,0,0,0,0,0,0,0
480236,0,1,0,0,0,0,0,0,0,0,0,0
480236,1,1,10,10,10,10,10,10,10,10,10,10
480237,1,1,0,0,0,0,0,0,0,0,0,0
480237,2,1,0,0,13,0,15,0,15,20,7,36
480238,1,1,18,18,18,18,18,18,18,18,18,18
480238,2,1,4,19,0,32,9,0,0,0,12,11
480239,1,1,0,9,14,0,0,0,0,0,0,0
480239,2,1,0,0,0,0,0,0,0,0,0,0
480240,1,1,0,0,0,0,0,0,0,0,0,0
480241,1,1,14,25,17,14,7,26,6,10,14,14
480242,1,1,0,0,0,0,0,0,0,0,0,0
480243,1,1,0,0,0,0,0,0,0,0,0,0
480243,2,1,0,0,0,0,0,0,0,0,0,5
480244,1,1,27,27,27,27,27,27,27,27,27,27
480245,1,1,0,0,0,0,0,0,0,0,0,0
480246,0,1,0,0,0,0,0,0,0,0,0,0
480246,1,1,0,7,0,0,0,22,0,0,0,0
480247,1,1,28,28,28,28,28,28,28,28,28,28
480248,0,1,0,0,0,0,0,0,0,0,0,0
480248,1,1,0,0,0,0,0,0,0,0,0,0
480249,1,1,14,12,19,17,15,22,21,19,12,22
480249,2,1,0,0,0,0,0,0,0,0,0,0
480250,0,1,0,0,0,0,0,0,0,0,0,0
480250,1,1,15,16,22,16,16,0,0,11,19,13
480251,0,1,1,1,1,1,1,1,1,1,1,1
480251,1,1,0,0,18,0,0,0,0,28,13,0
480252,0,1,0,0,0,0,0,0,0,0,0,0
480252,1,1,11,11,11,11,11,11,11,11,11,11
480253,0,1,0,38,0,0,0,24,42,0,0,0
480253,1,1,0,25,0,22,14,28,0,0,9,0
480254,1,1,1,1,1,1,1,1,1,1,1,1
480255,1,1,6,6,6,6,6,6,6,6,6,6
480255,2,1,3,0,0,26,10,25,0,0,0,0
480255,3,1,0,0,2,0,0,0,0,0,0,0
480256,1,1,27,27,27,27,27,27,27,27,27,27
480257,1,1,0,0,0,0,0,0,0,0,0,0
480258,1,1,25,7,0,0,0,0,0,0,0,0
480258,2,1,0,0,0,0,0,0,0,0,0,0
480259,1,1,14,0,0,0,0,0,0,0,0,0
480259,2,1,0,0,0,16,0,0,0,0,0,0
480259,3,1,0,0,0,0,0,0,0,0,0,0
480261,1,1,0,0,0,0,0,0,0,11,0,0
480261,2,1,0,0,0,0,0,0,0,0,0,0
480262,1,1,0,0,0,2,0,0,3,0,0,0
480262,2,1,0,7,0,0,0,0,0,0,0,0
480263,1,1,8,8,8,8,8,8,8,8,8,8
480263,2,1,0,0,0,0,8,0,18,0,0,0
480264,1,1,0,0,0,0,0,0,0,0,0,0
480264,3,1,16,16,16,16,16,16,16,16,16,16
480265,1,1,0,0,0,0,0,0,0,0,0,0
480265,2,1,0,0,0,0,0,0,0,0,0,0
480266,1,1,0,0,0,18,17,0,0,0,0,0
480267,1,1,15,15,15,15,15,15,15,15,15,15
480268,1,1,10,10,10,10,10,10,10,10,10,10
480269,1,1,27,27,27,27,27,27,27,27,27,27