ST_CASE,VEH_NO,PER_NO,P1,P2,P3,P4,P5,P6,P7,P8,P9,P10
480269,2,1,0,0,0,26,0,0,0,0,0,27
480270,1,1,0,0,0,0,0,0,0,0,0,0
480270,2,1,21,21,21,21,21,21,21,21,21,21
480271,1,1,24,0,0,0,0,0,0,0,0,0
480271,2,1,0,11,0,17,34,3,23,0,0,2
480272,1,1,0,0,0,0,18,0,0,0,8,0
480272,2,1,0,0,0,0,27,0,0,0,0,0
480273,1,1,0,0,0,0,0,10,0,0,0,0
480273,2,1,22,0,0,0,0,0,0,0,0,0
480274,1,1,0,0,0,0,0,0,0,0,0,0
480274,2,1,0,0,0,0,0,0,0,0,5,0
480275,1,1,0,0,0,0,0,0,0,0,0,0
480276,0,1,0,0,0,0,0,0,0,0,0,0
480276,1,1,30,0,0,0,0,0,27,17,0,0
480276,2,1,0,0,0,0,13,0,0,0,0,0
480277,1,1,32,0,0,0,0,0,0,0,0,24
480277,2,1,0,17,0,0,0,0,0,0,7,0
480277,3,1,0,0,0,0,0,17,0,0,0,0
480278,1,1,0,0,4,0,0,0,0,0,0,0
480278,2,1,21,0,11,0,0,0,0,0,0,0
480279,1,1,0,0,0,0,0,0,0,0,0,0
480279,2,1,0,0,0,0,0,0,0,0,0,0
480280,0,1,0,0,0,0,0,0,0,0,0,0
480280,1,1,10,21,0,20,15,35,0,0,13,0
480281,1,1,0,0,0,0,0,0,0,0,0,0
480281,2,1,14,0,0,0,0,0,0,0,0,0
480282,1,1,0,24,0,0,0,0,0,0,0,0
480283,1,1,0,0,0,0,0,15,0,0,0,0
480283,2,1,0,0,0,0,0,0,0,0,0,0
480283,3,1,0,0,0,0,0,0,6,0,0,0
480284,1,1,0,10,0,0,19,25,0,0,0,0
480284,2,1,0,0,0,3,0,0,0,0,0,0
480285,1,1,0,0,34,8,19,0,0,22,0,0
480286,0,1,0,8,18,6,0,0,0,0,0,16
480286,1,1,19,0,18,0,0,0,10,0,0,30
480287,0,1,4,4,4,4,4,4,4,4,4,4
480288,1,1,22,0,0,29,15,0,22,17,15,0
480288,2,1,0,0,0,0,0,0,0,0,0,0
480289,0,1,18,18,18,18,18,18,18,18,18,18
480289,1,1,7,0,0,8,9,0,0,0,0,15
480290,0,1,0,0,0,0,0,0,0,0,0,0
480290,1,1,5,0,0,17,6,0,0,0,0,20
480291,1,1,0,0,0,0,0,0,0,0,0,0
480291,2,1,0,0,0,0,0,18,27,0,0,0
480292,0,1,47,0,0,0,0,4,10,0,0,0
480292,1,1,0,0,0,0,0,0,0,0,0,0
480293,1,1,0,0,0,0,0,0,0,0,0,0
480293,2,1,0,0,0,0,0,0,0,0,0,0
480294,1,1,18,18,18,18,18,18,18,18,18,18
480295,1,1,14,14,14,14,14,14,14,14,14,14
480296,1,1,0,0,0,0,0,0,20,0,0,0
480296,2,1,0,0,0,0,0,0,0,0,0,0
480297,1,1,5,21,0,3,4,16,12,0,9,0
480297,2,1,0,0,0,0,0,0,0,0,2,0
480299,1,1,0,17,0,0,0,0,0,0,0,0
480299,2,1,0,0,0,0,0,0,0,0,0,0
480300,0,1,26,14,30,0,0,18,0,25,0,0
480300,1,1,7,0,0,0,35,39,0,0,18,0
480301,1,1,0,0,0,0,0,0,0,0,0,0
480301,2,1,0,0,0,0,0,0,0,0,0,0
480302,1,1,0,0,0,0,0,21,0,0,0,6
480303,1,1,12,0,0,0,0,34,16,0,0,0
480304,1,1,0,0,0,0,0,0,26,0,30,10
480304,2,1,0,0,0,7,0,14,0,0,0,0
480305,0,1,0,31,0,0,6,0,0,0,0,0
480305,1,1,16,16,16,16,16,16,16,16,16,16
480307,1,1,12,15,0,8,9,25,22,6,26,17
480308,1,1,37,37,37,37,37,37,37,37,37,37
480309,1,1,0,16,0,18,8,14,16,0,0,13
480309,2,1,0,0,0,0,0,0,0,12,0,0
480310,1,1,0,21,35,12,6,0,10,15,0,2
480311,0,1,44,44,44,44,44,44,44,44,44,44
480311,1,1,7,0,0,0,0,11,0,34,0,0
480312,1,1,0,0,0,0,0,0,0,0,0,0
480313,0,1,0,0,0,32,0,0,0,0,0,0
480313,1,1,0,0,0,0,0,0,0,0,2,0
480314,0,1,0,0,0,0,0,0,0,0,0,0
480314,1,1,0,0,0,0,0,0,0,0,0,0
480315,1,1,0,0,0,0,0,0,0,0,0,0
480315,2,1,0,0,0,0,0,0,0,0,0,0
480316,1,1,23,23,23,23,23,23,23,23,23,23
480317,1,1,5,22,14,8,26,9,25,14,29,30
480318,0,1,0,0,0,0,0,0,0,0,0,0
480319,1,1,13,13,13,13,13,13,13,13,13,13
480319,2,1,0,0,0,0,0,0,17,0,0,0
480320,1,1,0,0,18,22,11,0,0,0,20,0
480322,1,1,0,0,0,0,6,0,0,0,0,24
480322,2,1,0,0,0,0,0,0,0,0,0,0
480323,0,1,14,16,6,17,28,0,19,6,11,0
480323,1,1,0,0,0,14,10,0,23,9,0,0
480324,0,1,0,0,0,23,24,0,0,0,0,0
480324,1,1,0,0,0,4,0,0,0,0,0,0
480325,1,1,0,0,20,0,0,0,0,0,26,0
480325,2,1,0,0,0,0,0,0,0,9,0,0
480326,1,1,0,0,0,0,19,0,18,0,2,0
480327,0,1,0,0,0,0,0,0,0,0,0,0
480327,1,1,0,0,0,0,0,0,11,0,0,0
480328,1,1,0,0,0,0,0,13,0,2,7,0
480328,2,1,0,0,0,0,0,0,0,0,0,0
480329,1,1,0,0,0,0,0,0,0,0,0,0
480330,0,1,0,0,0,0,0,0,0,0,0,0
480330,1,1,16,0,0,0,22,0,0,0,0,0
480331,1,1,0,0,0,0,0,0,0,0,0,0
480331,2,1,0,0,0,0,0,0,0,0,7,19
480332,1,1,12,16,15,4,22,15,35,16,16,9
480333,1,1,0,0,0,0,0,0,0,0,0,0
480333,2,1,0,0,0,0,38,0,0,0,0,28
480334,1,1,19,19,19,19,19,19,19,19,19,19
480335,1,1,16,13,5,0,13,0,0,0,0,0
480335,2,1,0,0,0,0,0,0,0,6,0,0
480335,3,1,0,24,0,0,0,0,0,9,0,0
480335,4,1,0,0,0,0,0,0,0,0,0,0
480335,5,1,0,0,0,0,0,31,0,0,0,0
480336,0,1,0,0,0,0,0,0,0,0,0,0
480336,1,1,20,20,20,20,20,20,20,20,20,20
480337,1,1,19,19,19,19,19,19,19,19,19,19
480338,1,1,0,0,0,0,0,0,0,0,0,0
480340,1,1,0,0,0,8,0,0,0,0,0,0
480340,2,1,0,0,0,0,0,0,0,0,12,13
480341,1,1,31,17,0,11,25,0,8,14,7,16
480341,2,1,17,17,17,17,17,17,17,17,17,17
480342,1,1,0,0,0,0,0,0,0,0,0,0
480342,2,1,0,0,0,0,28,27,13,0,0,10
480343,1,1,0,0,0,0,0,7,0,0,19,0
480343,2,1,0,19,10,0,0,17,0,0,0,0
480344,1,1,0,0,0,0,0,0,9,0,0,0
480344,2,1,0,0,0,0,16,0,0,0,26,0
480345,1,1,19,19,19,19,19,19,19,19,19,19
480346,1,1,0,0,0,0,0,0,0,0,0,0
480347,0,1,0,0,0,0,0,0,0,0,0,0
480347,1,1,0,0,0,0,0,0,0,0,0,0
480348,1,1,0,0,11,0,0,0,0,0,0,0
480348,2,1,0,0,0,0,0,0,0,0,0,0
480349,0,1,18,17,11,0,0,0,0,0,23,0
480349,1,1,0,0,0,0,0,15,25,17,0,0
480350,1,1,0,0,12,0,0,0,0,0,0,0
480350,2,1,0,0,0,0,0,0,15,0,0,0
480351,1,1,0,0,0,0,0,0,0,0,0,0
480351,2,1,0,0,0,0,0,0,0,0,0,12
480352,1,1,12,12,12,12,12,12,12,12,12,12
480352,2,1,19,19,19,19,19,19,19,19,19,19
480353,1,1,0,0,0,0,0,0,0,0,0,17
480353,2,1,0,0,0,0,0,0,0,0,0,0
480354,1,1,0,0,0,0,0,0,0,0,0,0
480355,1,1,22,22,22,22,22,22,22,22,22,22
480355,2,1,0,4,13,10,16,24,17,35,25,10
480356,1,1,0,0,0,0,14,0,14,0,0,31
480357,1,1,0,0,0,0,0,0,0,0,0,0
480357,2,1,0,0,0,0,0,0,0,0,0,0
480357,3,1,0,0,0,0,0,0,0,0,0,0
480358,0,1,12,0,0,0,0,7,0,0,0,19
480358,1,1,35,22,9,0,0,0,0,10,37,0
480358,2,1,0,10,0,0,2,0,7,12,0,0
480359,1,1,0,0,0,0,0,0,16,0,0,0
480359,2,1,0,0,0,0,0,0,0,0,0,0
480359,3,1,15,19,0,0,0,0,12,0,0,0
480360,1,1,17,17,17,17,17,17,17,17,17,17
480361,1,1,0,0,0,0,0,0,0,0,0,0
480362,0,1,0,0,0,0,59,0,35,0,0,22
480362,1,1,13,17,16,18,13,26,32,25,33,17
480363,1,1,12,12,12,12,12,12,12,12,12,12
480363,2,1,8,0,0,0,7,0,0,0,0,0
480364,1,1,0,0,0,0,0,0,0,0,0,0
480364,2,1,0,0,0,0,0,0,0,0,0,0
480365,1,1,0,0,0,0,0,0,5,20,7,9
480365,2,1,0,0,0,0,0,13,0,0,0,0
480366,1,1,0,0,0,0,0,0,0,0,0,0
480366,2,1,0,0,0,0,0,0,0,0,0,0
480367,1,1,0,0,0,0,0,0,0,0,0,0
480367,2,1,0,0,0,0,0,0,0,0,0,0
480368,1,1,0,0,0,0,0,0,0,0,0,0
480368,2,1,0,0,20,0,0,0,0,0,0,0
480369,1,1,0,0,0,0,0,0,0,0,0,0
480369,2,1,0,0,0,6,0,0,0,0,0,0
480370,1,1,0,0,0,0,0,0,0,0,0,0
480370,2,1,0,0,0,0,0,0,0,0,0,0
480372,1,1,20,20,20,20,20,20,20,20,20,20
480373,1,1,0,9,0,0,0,0,0,0,0,8
480373,2,1,0,0,0,0,0,0,0,0,0,0
480374,0,1,0,0,0,0,0,0,0,0,0,0
480374,1,1,0,0,0,0,23,0,0,0,0,0
480375,1,1,0,0,0,0,0,0,0,0,0,0
480375,2,1,0,0,0,0,0,0,0,0,0,0
480376,1,1,0,0,0,0,0,0,10,0,0,0
480376,2,1,0,9,0,0,0,0,0,0,0,0
480376,3,1,0,0,0,0,0,0,0,0,0,0
480377,1,1,11,11,11,11,11,11,11,11,11,11
480378,1,1,0,0,0,0,0,0,0,0,0,0
480379,1,1,15,15,15,15,15,15,15,15,15,15
480379,2,1,0,0,0,0,13,6,14,0,0,10
480380,1,1,15,0,0,0,18,0,0,20,0,0
480381,1,1,10,0,0,0,14,0,0,0,0,0
480382,0,1,15,12,19,15,18,24,33,25,21,15
480382,1,1,3,26,0,0,0,0,0,0,0,12
480383,1,1,0,14,0,0,0,31,0,9,0,0
480383,2,1,0,0,0,8,0,22,0,0,0,5
480383,3,1,0,0,19,0,0,0,0,0,0,0
480384,1,1,0,0,0,0,0,0,0,0,0,0
480384,2,1,0,18,0,24,0,0,0,0,0,0
480385,1,1,23,23,23,23,23,23,23,23,23,23
480385,2,1,15,0,0,4,14,15,0,0,15,0
480386,1,1,20,20,20,20,20,20,20,20,20,20
480387,0,1,17,0,0,23,0,14,0,19,0,0
480387,1,1,0,0,13,0,0,0,0,20,0,17
480389,1,1,0,0,0,0,0,0,0,16,0,25
480389,2,1,0,25,0,14,24,0,27,0,21,0
480390,0,1,23,30,0,30,0,16,0,28,18,0
480390,1,1,21,0,15,0,0,0,0,14,0,11
480391,1,1,23,23,23,23,23,23,23,23,23,23
480391,2,1,0,0,0,0,0,0,0,0,0,0
480392,0,1,0,0,0,0,0,0,0,0,0,0
480392,1,1,0,0,0,0,12,0,0,0,0,0
480393,1,1,0,0,0,0,0,0,0,0,0,0
480393,2,1,4,4,4,4,4,4,4,4,4,4
480394,1,1,16,16,16,16,16,16,16,16,16,16
480394,2,1,0,0,10,11,7,17,0,10,11,25
480395,1,1,0,9,0,0,10,1,8,0,12,0
480395,2,1,0,0,0,0,0,0,0,0,0,0
480395,3,1,17,12,0,0,0,0,20,13,0,0
480396,1,1,26,26,26,26,26,26,26,26,26,26
480396,2,1,12,12,12,12,12,12,12,12,12,12
480397,1,1,0,0,0,26,0,0,0,0,0,0
480397,2,1,0,0,0,0,0,14,18,0,0,0
480398,0,1,5,5,5,5,5,5,5,5,5,5
480398,1,1,0,0,0,0,0,0,0,0,0,0
480399,1,1,7,7,7,7,7,7,7,7,7,7
480400,1,1,0,31,24,32,22,18,0,12,12,15
480402,1,1,0,0,0,0,0,0,0,0,0,0
480402,2,1,0,0,0,0,0,0,0,0,0,0
480402,3,1,0,0,0,0,0,0,0,0,0,0
480402,4,1,0,0,0,0,0,0,12,0,0,0
480402,5,1,0,0,0,0,0,0,0,0,0,0
480402,6,1,0,0,0,0,30,0,0,0,0,0
480403,0,1,0,0,0,0,0,0,0,0,0,0
480403,1,1,0,0,0,0,0,0,0,0,0,0
480404,0,1,10,0,0,0,0,0,0,8,8,15
480404,1,1,0,0,0,11,0,0,0,0,0,0
480405,0,1,0,0,0,13,0,0,0,0,0,0
480405,1,1,13,0,0,0,0,0,0,0,0,14
480406,1,1,0,0,0,0,0,0,0,0,0,0
480407,0,1,0,0,0,0,0,0,14,0,0,0
480407,1,1,14,0,0,0,0,0,0,0,0,0
480408,1,1,0,0,14,31,0,32,28,22,0,18
480409,1,1,17,0,0,5,0,0,14,0,0,18
480411,0,1,10,37,10,31,0,0,0,0,0,0
480411,1,1,19,10,0,0,20,11,0,0,0,0
480411,2,1,33,4,0,0,0,0,0,7,0,0
480411,3,1,24,21,0,0,0,0,21,0,0,0
480412,1,1,3,0,0,28,0,10,0,0,29,19
480413,0,1,18,0,11,11,0,11,9,23,0,0
480413,1,1,0,15,0,0,15,13,0,5,21,0
480414,1,1,0,0,0,6,21,0,0,0,0,0
480414,2,1,0,0,0,0,0,0,0,0,0,0
480414,3,1,0,0,0,0,0,0,0,17,14,0
480414,4,1,0,0,0,0,0,0,0,0,0,0
480414,5,1,0,0,13,0,7,0,14,0,0,0
480414,6,1,0,10,18,0,36,0,17,0,0,0
480415,0,1,0,0,0,0,0,0,0,0,0,0
480415,1,1,33,0,15,0,0,0,12,0,0,0
480416,1,1,0,0,0,23,0,0,27,0,0,0
480416,2,1,0,0,0,0,0,0,0,0,9,0
480417,1,1,26,26,26,26,26,26,26,26,26,26
480418,1,1,19,19,19,19,19,19,19,19,19,19
480418,2,1,10,18,12,0,0,0,20,24,4,17
480418,3,1,0,14,11,14,25,10,16,19,23,0
480419,1,1,0,0,0,0,0,0,25,0,0,0
480419,2,1,0,7,0,0,0,0,0,0,0,0
480420,1,1,14,14,14,14,14,14,14,14,14,14
480421,1,1,16,16,16,16,16,16,16,16,16,16
480422,0,1,0,0,0,0,0,0,0,0,0,0
480422,1,1,0,0,0,0,0,0,0,0,0,0
480424,1,1,0,0,9,20,18,16,0,43,14,20
480425,0,1,21,21,21,21,21,21,21,21,21,21
480425,1,1,0,0,0,0,0,0,0,0,10,0
480426,0,1,17,21,20,15,30,15,10,8,37,20
480426,1,1,6,6,6,6,6,6,6,6,6,6
480428,1,1,12,12,12,12,12,12,12,12,12,12
480428,2,1,0,0,0,28,0,0,0,0,0,25
480429,1,1,13,6,20,0,0,31,22,47,18,14
480430,0,1,0,0,0,0,0,0,0,0,0,0
480430,1,1,0,0,0,0,0,0,7,16,9,10
480431,0,1,0,6,0,0,0,21,0,14,28,0
480431,1,1,15,0,0,0,26,0,0,0,0,0
480432,1,1,15,15,15,15,15,15,15,15,15,15
480433,1,1,18,18,18,18,18,18,18,18,18,18
480433,2,1,0,0,0,0,0,0,0,0,0,0
480433,3,1,3,0,0,0,14,0,0,10,0,21
480434,1,1,18,18,18,18,18,18,18,18,18,18
480435,0,1,2,2,2,2,2,2,2,2,2,2
480435,1,1,0,0,0,0,0,14,9,0,0,3
480436,1,1,8,0,0,0,12,7,0,3,0,10
480436,2,1,0,0,0,0,0,0,0,14,0,0
480437,1,1,8,10,0,19,13,19,0,13,23,0
480438,1,1,0,0,0,0,0,0,0,0,0,0
480438,2,1,0,0,0,0,0,0,0,0,0,0
480439,1,1,0,0,0,0,0,0,0,0,0,0
480440,0,1,0,0,22,0,0,0,3,12,0,0
480440,1,1,0,0,0,0,0,10,0,0,0,0
480441,1,1,21,20,0,12,8,10,11,0,21,0
480441,2,1,0,0,0,0,0,0,0,0,0,0
480442,0,1,12,12,12,12,12,12,12,12,12,12
480442,1,1,0,0,0,0,9,0,0,0,0,0
480444,0,1,0,0,0,0,0,0,0,0,0,26
480444,1,1,10,0,0,15,0,21,0,30,0,2
480445,1,1,0,0,45,26,8,15,0,0,24,35
480446,0,1,27,27,27,27,27,27,27,27,27,27
480446,1,1,0,0,0,0,0,0,0,0,0,0
480447,1,1,0,0,0,22,0,22,19,0,29,26
480447,2,1,8,0,0,0,0,0,0,0,6,0
480447,3,1,0,0,0,0,0,3,0,0,2,0
480448,1,1,28,15,0,0,24,8,17,10,18,4
480448,2,1,0,0,0,0,0,0,0,6,0,0
480449,1,1,0,0,0,0,0,0,0,0,0,0
480449,2,1,0,0,0,0,0,0,0,0,0,0
480450,1,1,0,0,0,0,0,0,0,0,0,5
480450,2,1,23,23,23,23,23,23,23,23,23,23
480451,1,1,0,15,0,0,21,27,0,0,0,0
480451,2,1,0,0,0,0,0,0,0,0,0,0
480452,0,1,0,0,0,0,0,0,0,0,0,0
480452,1,1,0,0,0,0,0,0,0,22,0,0
480453,1,1,0,0,0,0,0,0,0,0,0,0
480453,2,1,10,0,8,0,22,0,11,0,0,0
480454,1,1,0,0,0,0,0,0,0,0,0,0
480455,0,1,0,0,0,0,0,0,0,0,0,0
480455,1,1,19,0,0,0,0,0,0,0,0,0
480456,0,1,0,0,0,0,0,0,0,0,0,0
480456,1,1,0,19,19,4,0,7,13,0,0,0
480457,1,1,0,0,0,0,0,0,0,0,0,0
480458,0,1,0,17,11,0,25,10,28,14,28,0
480458,1,1,7,0,9,9,1,0,16,15,2,0
480459,1,1,18,22,17,10,21,7,30,19,23,18
480459,2,1,0,0,5,0,0,0,5,0,0,0
480460,1,1,0,0,0,0,0,0,0,0,0,0
480460,2,1,0,0,0,0,3,0,0,0,17,0
480461,1,1,0,0,0,0,15,0,0,0,0,0
480462,1,1,0,0,0,26,0,0,24,0,10,28
480462,2,1,0,0,0,11,0,0,23,0,0,0
480463,1,1,0,0,0,0,0,16,0,19,0,14
480464,1,1,0,0,0,0,0,0,0,0,0,0
480465,1,1,17,0,0,0,0,0,0,9,0,0
480466,1,1,15,15,0,0,0,0,0,21,0,0
480466,2,1,0,0,0,0,0,27,0,0,9,0
480468,1,1,0,0,0,0,0,0,0,0,20,10
480469,0,1,0,0,0,0,0,0,0,0,0,3
480469,1,1,0,0,0,0,0,0,0,0,0,0
480470,1,1,10,0,0,0,9,0,0,0,0,0
480471,1,1,0,18,0,0,10,11,0,12,0,0
480471,2,1,0,0,0,0,0,16,0,0,0,0
480472,1,1,0,21,0,0,0,0,12,0,21,0
480473,1,1,22,22,22,22,22,22,22,22,22,22
480474,0,1,2,2,2,2,2,2,2,2,2,2
480474,0,2,0,24,18,27,0,21,9,0,0,13
480474,1,1,16,16,16,16,16,16,16,16,16,16
480474,2,1,22,22,22,22,22,22,22,22,22,22
480475,1,1,0,0,0,0,0,0,0,0,0,0
480475,2,1,0,0,0,0,0,0,0,0,0,18
480476,1,1,0,0,20,0,0,0,0,0,0,28
480476,2,1,0,0,0,0,0,0,0,0,0,0
480478,1,1,0,0,0,0,0,0,0,0,0,0
480478,2,1,0,0,0,0,0,0,0,0,0,0
480479,0,1,0,0,0,0,0,0,0,0,0,0
480479,1,1,0,0,0,0,0,0,0,17,0,0
480480,1,1,0,0,0,0,0,0,0,0,0,0
480481,1,1,0,0,0,0,0,0,0,0,0,0
480483,1,1,20,20,20,20,20,20,20,20,20,20
480484,1,1,22,22,22,22,22,22,22,22,22,22
480485,1,1,20,20,20,20,20,20,20,20,20,20
480485,2,1,24,24,24,24,24,24,24,24,24,24
480486,1,1,0,0,0,0,0,0,12,0,0,0
480487,1,1,13,19,0,9,0,0,0,21,27,0
480488,1,1,0,0,0,0,0,0,0,0,0,0
480489,1,1,0,0,0,0,0,0,0,0,0,0
480489,2,1,0,0,14,9,20,0,0,0,0,0
480490,1,1,28,28,28,28,28,28,28,28,28,28
480491,1,1,0,0,0,0,12,0,3,0,10,9
480491,2,1,0,0,0,0,0,0,0,0,0,0
480492,1,1,21,21,21,21,21,21,21,21,21,21
480493,0,1,0,0,0,38,0,6,0,0,0,0
480493,1,1,0,0,0,0,0,0,0,0,0,0
480494,0,1,0,0,0,0,0,0,0,0,0,0
480494,1,1,0,0,0,0,0,0,0,0,0,20
480495,1,1,13,13,13,13,13,13,13,13,13,13
480495,2,1,0,0,0,0,0,0,0,0,0,0
480496,1,1,0,0,0,0,0,0,0,0,0,0
480496,2,1,0,0,0,0,0,6,0,7,0,0
480497,1,1,4,0,0,0,7,13,9,0,0,9
480497,2,1,0,23,8,0,16,0,0,0,13,16
480498,1,1,0,0,0,0,0,0,0,37,17,0
480498,2,1,0,0,0,0,0,0,0,0,0,0
480499,1,1,0,8,10,0,0,0,0,0,0,0
480499,2,1,0,12,0,41,0,0,0,0,0,0
480500,1,1,0,0,0,0,4,0,20,15,0,0
480501,1,1,21,21,21,21,21,21,21,21,21,21
480502,1,1,0,0,0,0,0,0,0,0,0,0
480502,2,1,0,0,0,0,0,16,0,0,17,0
480503,1,1,0,0,0,21,0,0,0,0,0,0
480503,2,1,8,0,0,9,0,0,0,0,0,0
480504,1,1,0,13,10,0,0,0,0,0,0,0
480505,1,1,0,12,25,30,0,9,7,0,17,25
480506,1,1,0,15,30,0,0,0,24,5,0,0
480507,0,1,23,23,23,23,23,23,23,23,23,23
480507,1,1,22,28,0,0,39,13,25,0,23,0
480508,1,1,0,0,0,0,0,0,0,0,0,0
480508,2,1,0,0,0,0,0,0,0,0,0,0
480509,1,1,12,15,10,22,12,14,13,0,14,18
480510,1,1,0,0,0,0,0,0,0,0,0,0
480511,1,1,0,0,0,8,0,11,8,0,0,13
480511,2,1,0,0,0,0,0,0,0,0,0,0
480512,1,1,0,13,0,0,0,0,11,12,0,7
480512,2,1,0,0,0,0,0,0,0,25,0,26
480513,0,1,28,28,28,28,28,28,28,28,28,28
480513,1,1,12,0,16,0,0,0,0,0,0,0
480514,1,1,0,0,0,0,0,0,0,0,0,0
480515,1,1,0,0,0,0,0,0,0,0,0,0
480515,2,1,10,0,0,0,14,0,0,0,0,0
480516,1,1,0,0,0,0,0,0,0,0,0,0
480517,1,1,23,0,0,0,0,0,0,4,0,16
480517,2,1,0,0,21,0,0,0,9,0,19,0
480518,1,1,0,0,0,0,0,17,0,0,0,0
480518,2,1,0,0,0,0,0,0,0,0,0,0
480519,1,1,30,0,20,0,0,0,20,0,11,23
480520,1,1,0,0,0,0,0,0,0,0,0,0
480520,2,1,0,0,18,0,0,0,0,0,0,0
480521,1,1,0,0,0,0,0,0,0,0,0,0
480523,0,1,0,30,0,15,0,16,10,25,15,14
480523,1,1,0,19,0,11,31,0,0,14,0,9
480524,1,1,31,31,31,31,31,31,31,31,31,31
480524,2,1,0,0,0,0,0,0,0,0,0,0
480524,3,1,0,0,0,0,0,0,0,0,0,0
480525,0,1,30,0,0,0,0,20,0,0,0,0
480525,1,1,0,0,0,12,0,10,0,8,0,0
480526,1,1,0,0,0,0,0,0,0,0,0,0
480526,2,1,0,0,0,0,0,5,0,0,0,0
480527,0,1,0,0,0,0,0,0,0,0,0,0
480527,1,1,0,0,0,0,0,0,0,0,0,0
480528,1,1,0,0,0,0,0,0,0,0,0,0
480528,2,1,0,0,11,0,15,0,0,8,0,23
480529,1,1,24,24,24,24,24,24,24,24,24,24
480529,2,1,0,0,0,0,0,4,15,0,0,0
480530,0,1,0,0,0,0,0,0,0,0,0,13
480530,1,1,11,13,0,8,12,0,0,10,0,10
480531,1,1,0,33,0,0,0,26,0,0,0,0
480531,2,1,0,0,0,0,22,0,5,0,0,0
480532,1,1,0,0,0,0,0,0,0,0,0,0
480533,1,1,25,25,25,25,25,25,25,25,25,25
480534,0,1,6,6,6,6,6,6,6,6,6,6
480534,1,1,0,11,0,0,0,24,0,5,0,0
480535,0,1,0,0,0,0,0,0,0,28,0,0
480535,1,1,0,0,0,0,0,0,0,0,0,0
480536,1,1,0,0,0,0,0,0,0,0,0,0
480536,2,1,0,0,0,0,0,0,0,0,0,0
480537,1,1,4,0,0,21,0,0,0,0,0,0
480538,1,1,0,0,0,16,19,20,0,0,19,15
480539,1,1,0,0,0,0,0,23,0,11,37,0
480539,2,1,0,0,0,0,0,0,0,0,0,0
480540,0,1,0,0,0,0,0,0,0,0,0,0
480540,1,1,0,0,0,13,0,0,0,0,0,0
480541,1,1,13,13,13,13,13,13,13,13,13,13
480542,1,1,0,0,0,0,0,0,0,0,0,0
480542,2,1,0,0,0,5,0,0,0,0,0,16
480543,1,1,0,0,11,16,0,0,0,0,0,0
480543,2,1,20,20,20,20,20,20,20,20,20,20
480544,1,1,0,0,0,0,0,0,0,0,0,0
480544,2,1,0,27,0,0,0,0,0,0,18,0
480545,1,1,0,0,0,0,0,0,0,0,0,0
480545,2,1,0,0,0,0,0,0,0,0,0,0
480546,1,1,0,0,0,0,0,0,0,0,0,0
480547,1,1,0,0,17,0,0,0,0,0,10,0
480547,2,1,0,0,0,0,0,0,0,0,0,0
480548,1,1,0,18,0,20,0,0,0,10,0,16
480549,0,1,0,0,0,0,0,0,0,0,0,0
480549,1,1,0,20,0,13,0,0,0,0,0,0
480550,1,1,0,0,0,0,0,0,0,0,0,0
480551,1,1,0,0,0,0,0,0,0,0,0,0
480552,1,1,0,0,0,0,0,0,0,0,0,0
480553,1,1,18,18,18,18,18,18,18,18,18,18
480554,1,1,21,21,21,21,21,21,21,21,21,21
480554,2,1,10,10,10,10,10,10,10,10,10,10
480556,1,1,0,14,0,0,0,0,0,0,0,27
480557,1,1,11,9,12,6,11,15,17,3,7,4
480558,0,1,0,32,30,17,0,0,0,0,31,8
480558,1,1,0,0,0,0,3,0,0,0,8,0
480559,1,1,16,16,16,16,16,16,16,16,16,16
480560,1,1,0,0,22,0,0,0,0,0,0,0
480562,1,1,17,0,0,0,0,30,0,17,0,0
480562,2,1,17,0,18,0,16,12,0,0,0,0
480563,1,1,0,0,0,0,0,0,0,0,0,0
480563,2,1,0,0,0,0,10,0,0,0,32,14
480564,0,1,0,0,0,0,0,0,0,0,0,0
480564,1,1,0,20,19,0,0,18,0,0,0,16
480565,0,1,0,0,0,0,0,0,0,0,0,0
480565,1,1,0,0,0,0,0,0,0,0,0,0
480566,0,1,0,0,0,19,0,0,0,8,0,0
480566,1,1,0,11,0,0,0,6,0,0,0,0
480566,3,1,10,0,0,17,0,0,0,0,0,0
480567,1,1,0,0,0,0,12,8,0,0,0,0
480567,2,1,0,0,0,0,0,0,0,0,0,0
480569,1,1,0,0,0,0,0,0,0,0,0,0
480569,2,1,0,0,0,0,0,0,0,10,0,0
480570,1,1,0,0,0,0,0,0,0,0,0,0