ST_CASE,VEH_NO,PER_NO,P1,P2,P3,P4,P5,P6,P7,P8,P9,P10
480571,0,1,11,11,11,11,11,11,11,11,11,11
480571,0,2,0,0,0,0,0,0,0,0,0,0
480571,0,3,17,17,17,17,17,17,17,17,17,17
480571,1,1,22,6,0,0,10,41,23,0,12,15
480572,1,1,0,0,0,0,0,0,0,0,0,0
480572,2,1,0,0,0,0,0,0,0,0,0,0
480573,1,1,0,20,0,0,0,0,0,0,0,0
480573,2,1,0,0,0,0,0,0,0,0,0,0
480573,3,1,0,0,12,0,5,0,0,15,0,16
480574,1,1,0,0,0,0,0,9,0,16,0,0
480575,0,1,0,0,0,0,0,0,0,0,0,0
480575,1,1,0,0,0,0,0,0,14,0,0,0
480576,0,1,0,0,0,0,0,0,0,0,0,0
480576,1,1,0,0,8,16,0,15,11,10,19,0
480577,1,1,0,0,0,0,0,0,0,0,0,0
480577,2,1,0,0,0,0,0,0,0,0,0,18
480578,1,1,0,0,0,0,0,0,0,0,0,0
480578,2,1,0,0,0,0,18,0,0,0,13,0
480579,1,1,0,0,0,0,0,0,16,0,0,0
480579,2,1,0,0,0,0,0,0,0,0,0,0
480580,1,1,0,0,0,0,0,0,0,0,0,0
480580,2,1,0,0,0,0,0,0,0,0,0,0
480581,1,1,24,24,24,24,24,24,24,24,24,24
480582,1,1,6,0,0,23,0,10,15,14,0,9
480582,2,1,11,0,14,0,0,21,5,0,13,24
480582,3,1,18,14,9,0,0,7,18,0,18,11
480582,4,1,0,0,11,17,17,0,0,24,0,16
480582,5,1,15,20,16,7,30,10,0,0,21,19
480582,6,1,16,0,15,15,5,0,7,0,0,0
480582,7,1,0,0,20,26,18,21,0,0,31,13
480583,1,1,0,0,0,0,0,0,0,0,0,0
480583,2,1,0,0,0,0,0,0,0,0,0,0
480583,3,1,0,20,0,19,0,0,0,0,0,0
480584,1,1,0,0,0,0,0,0,0,0,0,0
480585,1,1,0,0,33,0,0,0,0,0,0,0
480585,2,1,0,0,0,0,0,0,0,0,0,0
480585,3,1,0,18,0,0,0,0,0,10,0,8
480585,4,1,0,0,0,0,0,0,0,0,2,0
480585,5,1,0,0,25,0,0,0,15,0,19,0
480585,6,1,25,0,0,0,0,0,7,0,0,0
480585,7,1,0,0,18,0,0,0,0,0,0,0
480585,8,1,7,0,0,16,0,0,15,0,0,11
480586,0,1,0,16,0,0,0,0,0,0,0,0
480586,1,1,0,0,0,0,0,24,0,0,0,0
480587,1,1,13,14,21,32,10,17,10,14,14,7
480587,2,1,19,19,19,19,19,19,19,19,19,19
480588,1,1,22,22,22,22,22,22,22,22,22,22
480588,2,1,0,0,0,0,0,0,0,0,0,0
480589,0,1,31,0,6,42,0,6,23,28,0,31
480589,1,1,0,0,0,4,0,15,0,0,12,14
480590,1,1,0,0,0,0,0,0,0,0,0,0
480591,1,1,0,0,0,0,0,0,0,0,0,0
480592,1,1,0,40,0,0,0,7,0,0,0,0
480592,2,1,0,0,0,0,0,0,0,0,0,0
480593,1,1,0,0,0,0,0,8,0,0,0,0
480593,2,1,0,0,0,0,0,0,0,3,0,0
480594,1,1,0,0,0,0,25,0,0,0,0,0
480594,2,1,0,0,0,0,0,0,0,0,0,0
480595,1,1,0,0,0,0,0,0,0,0,0,0
480595,2,1,0,0,0,0,0,0,0,0,0,0
480596,1,1,0,0,15,0,0,0,0,0,18,0
480596,2,1,33,10,0,0,0,0,18,0,0,0
480596,3,1,0,0,0,0,0,23,0,0,0,11
480597,1,1,14,14,14,14,14,14,14,14,14,14
480598,1,1,22,0,0,0,0,0,15,0,0,0
480599,1,1,20,20,20,20,20,20,20,20,20,20
480599,2,1,0,0,0,0,0,6,0,11,0,12
480600,1,1,15,15,15,15,15,15,15,15,15,15
480601,1,1,0,0,0,0,0,0,0,0,0,0
480601,2,1,0,17,0,0,37,0,0,8,0,0
480602,1,1,23,28,0,0,30,0,23,0,0,0
480602,2,1,0,0,0,0,0,0,0,0,0,0
480602,3,1,0,9,0,0,8,0,0,0,0,0
480603,1,1,0,0,0,0,0,0,0,0,0,0
480605,0,1,0,0,0,0,0,0,0,0,0,0
480605,1,1,0,14,13,12,0,19,16,0,0,0
480606,1,1,24,24,24,24,24,24,24,24,24,24
480606,2,1,3,3,3,3,3,3,3,3,3,3
480607,0,1,0,18,0,0,0,0,3,0,0,0
480607,1,1,11,0,14,17,0,0,0,0,15,0
480608,1,1,14,31,9,21,8,31,18,21,19,2
480609,1,1,0,0,0,0,0,3,10,18,12,0
480609,2,1,0,5,0,10,0,0,0,8,12,0
480609,3,1,0,0,0,0,0,0,0,16,0,0
480610,1,1,0,26,0,0,0,5,23,0,0,0
480611,1,1,19,19,19,19,19,19,19,19,19,19
480611,2,1,20,20,20,20,20,20,20,20,20,20
480612,1,1,0,0,0,0,0,0,13,0,0,0
480612,2,1,0,0,0,0,0,0,0,0,0,0
480613,1,1,0,0,0,0,0,0,23,0,0,0
480613,2,1,0,0,0,0,0,0,0,0,19,0
480614,1,1,0,0,0,0,0,0,0,0,0,0
480614,2,1,0,0,0,0,0,0,0,19,0,16
480614,3,1,0,0,0,0,0,0,6,0,4,0
480615,1,1,0,0,0,0,0,0,0,0,0,0
480615,2,1,0,0,15,0,0,0,0,0,0,0
480616,0,1,0,0,0,18,25,30,0,15,5,0
480616,1,1,0,10,0,0,13,0,0,14,16,0
480617,1,1,12,12,12,12,12,12,12,12,12,12
480618,0,1,17,0,34,11,0,0,0,0,27,24
480618,1,1,14,0,0,0,0,0,0,27,0,0
480620,0,1,20,20,20,20,20,20,20,20,20,20
480620,1,1,0,24,10,0,0,0,0,0,0,0
480620,2,1,24,0,0,5,0,22,17,8,0,18
480621,1,1,19,19,19,19,19,19,19,19,19,19
480621,2,1,0,0,0,0,0,0,0,0,0,0
480622,1,1,0,0,0,0,0,0,0,0,0,0
480622,2,1,0,0,0,0,0,0,0,0,0,0
480623,1,1,0,0,11,0,0,0,0,0,0,24
480624,1,1,30,14,0,16,12,12,0,21,0,15
480625,1,1,0,0,0,0,0,0,0,0,0,0
480626,0,1,0,0,0,0,0,0,0,0,0,0
480626,1,1,0,0,0,19,0,0,0,20,0,0
480627,0,1,21,21,21,21,21,21,21,21,21,21
480627,1,1,0,20,0,0,0,0,0,17,0,0
480627,2,1,0,4,24,0,26,16,30,9,0,0
480628,1,1,0,0,0,28,0,6,0,37,20,17
480628,2,1,23,24,20,0,0,0,0,12,6,0
480629,1,1,0,0,0,0,0,0,0,0,0,0
480630,1,1,0,0,0,0,0,0,0,0,0,0
480630,2,1,0,4,0,6,0,17,0,0,0,0
480631,1,1,0,0,0,0,0,0,0,0,0,0
480631,2,1,20,0,0,0,0,0,0,0,0,0
480632,0,1,0,0,0,0,0,0,0,0,0,0
480632,1,1,0,0,0,0,0,0,0,0,0,0
480632,3,1,0,0,0,24,0,21,0,0,0,0
480633,0,1,22,0,0,24,0,0,0,0,0,0
480633,1,1,5,0,0,0,0,0,0,0,17,0
480634,0,1,34,34,34,34,34,34,34,34,34,34
480634,1,1,0,19,0,28,21,0,0,0,0,0
480635,1,1,0,0,0,12,9,7,10,4,18,0
480635,2,1,0,0,0,0,0,0,0,12,0,0
480636,1,1,18,18,18,18,18,18,18,18,18,18
480637,1,1,4,12,0,12,23,8,11,17,26,3
480639,1,1,26,24,0,17,0,0,11,19,0,0
480639,2,1,0,0,0,0,6,0,0,29,0,0
480640,1,1,0,0,17,0,0,6,0,0,0,0
480640,2,1,0,0,0,0,0,0,0,0,0,0
480641,1,1,0,0,0,0,0,0,0,0,0,0
480641,2,1,0,0,0,0,6,0,0,0,15,9
480641,3,1,0,20,0,0,20,12,0,0,0,0
480642,1,1,20,20,20,20,20,20,20,20,20,20
480643,1,1,20,20,20,20,20,20,20,20,20,20
480643,2,1,0,3,7,0,0,0,0,6,0,0
480644,0,1,14,22,11,0,14,0,15,25,21,0
480644,1,1,0,0,9,10,31,0,0,0,32,0
480645,0,1,11,0,19,0,46,12,15,15,0,0
480645,1,1,0,12,0,0,0,0,27,0,0,0
480646,1,1,33,33,33,33,33,33,33,33,33,33
480646,2,1,3,0,0,0,15,0,0,0,0,0
480647,1,1,0,0,0,0,0,0,0,0,0,0
480647,2,1,23,0,0,0,0,0,3,0,9,0
480648,1,1,19,19,19,19,19,19,19,19,19,19
480649,1,1,0,0,0,8,25,0,0,29,0,9
480649,2,1,0,0,0,0,0,0,0,0,0,0
480649,3,1,0,0,31,0,19,0,0,0,0,0
480649,4,1,8,0,0,13,0,0,0,0,33,0
480650,1,1,0,0,0,0,0,0,0,0,0,0
480650,2,1,0,0,0,0,0,0,0,0,0,0
480651,1,1,22,22,22,22,22,22,22,22,22,22
480651,2,1,9,0,0,0,0,0,0,5,7,0
480652,1,1,0,0,0,0,0,0,0,0,0,14
480652,2,1,0,0,0,7,6,35,0,0,0,0
480653,1,1,0,0,0,0,0,0,0,0,0,0
480653,2,1,0,0,0,0,0,0,0,0,0,0
480654,1,1,15,15,15,15,15,15,15,15,15,15
480654,2,1,0,0,13,0,24,0,0,0,0,0
480655,1,1,16,16,16,16,16,16,16,16,16,16
480656,1,1,11,0,0,0,0,0,0,0,0,0
480657,1,1,0,0,0,0,0,0,0,0,0,0
480658,0,1,0,0,32,24,0,0,0,6,0,0
480658,1,1,0,0,0,0,25,0,0,0,0,0
480660,1,1,10,10,10,10,10,10,10,10,10,10
480660,2,1,32,0,0,0,0,0,0,0,0,0
480661,1,1,0,0,24,0,0,0,13,0,18,0
480661,2,1,0,0,10,0,0,0,0,0,0,0
480662,1,1,0,0,0,0,0,0,0,0,0,0
480663,1,1,0,0,0,0,0,0,0,0,0,0
480663,2,1,0,0,18,0,0,0,0,0,7,0
480664,1,1,20,20,20,20,20,20,20,20,20,20
480665,0,1,25,25,25,25,25,25,25,25,25,25
480665,1,1,0,6,0,0,0,0,13,0,0,0
480666,1,1,19,19,19,19,19,19,19,19,19,19
480667,1,1,0,0,0,0,0,0,0,0,0,0
480668,1,1,0,0,0,9,0,0,26,0,0,0
480669,1,1,0,0,0,0,15,0,0,0,0,0
480670,1,1,9,9,9,9,9,9,9,9,9,9
480671,0,1,3,3,3,3,3,3,3,3,3,3
480671,1,1,0,0,16,0,0,28,0,0,0,0
480672,1,1,2,0,0,0,0,0,0,0,0,0
480673,0,1,0,0,0,0,0,0,0,0,0,0
480673,1,1,0,22,0,0,0,0,0,0,0,0
480674,0,1,0,0,0,0,0,0,0,0,0,0
480674,1,1,0,0,0,0,0,0,0,27,0,0
480675,1,1,12,12,12,12,12,12,12,12,12,12
480675,4,1,0,0,0,12,0,0,0,0,0,17
480676,1,1,0,0,0,0,0,0,0,0,7,0
480677,1,1,10,0,8,0,0,8,0,23,0,0
480678,1,1,13,13,13,13,13,13,13,13,13,13
480679,1,1,0,0,0,0,12,30,23,0,0,34
480680,1,1,0,6,0,12,0,0,0,0,5,0
480680,2,1,0,0,0,0,0,0,0,0,0,0
480681,1,1,0,0,0,0,0,0,0,0,20,0
480681,2,1,0,0,0,0,0,0,0,0,0,0
480681,3,1,0,0,0,0,0,0,0,25,0,0
480681,4,1,0,0,0,0,16,31,10,18,7,0
480682,1,1,0,0,13,0,14,0,0,0,0,0
480682,2,1,0,34,0,0,0,28,0,0,0,0
480683,1,1,0,0,0,0,0,0,0,0,0,0
480684,1,1,23,23,23,23,23,23,23,23,23,23
480685,1,1,0,0,0,0,0,0,0,0,0,0
480685,2,1,0,0,0,0,0,0,0,0,0,0
480686,1,1,0,20,0,0,11,26,17,0,0,0
480686,2,1,0,0,0,22,0,0,17,0,17,0
480687,1,1,17,17,17,17,17,17,17,17,17,17
480688,1,1,10,0,12,11,0,7,17,12,11,12
480689,0,1,20,20,20,20,20,20,20,20,20,20
480689,1,1,0,0,0,0,12,13,0,0,0,0
480690,1,1,3,0,0,0,0,0,0,0,0,0
480690,2,1,5,0,0,0,0,0,0,0,0,27
480690,3,1,0,20,8,0,0,0,0,0,0,0
480690,4,1,0,0,0,0,0,0,0,0,0,0
480691,1,1,3,3,3,3,3,3,3,3,3,3
480691,2,1,2,2,2,2,2,2,2,2,2,2
480692,1,1,0,12,23,30,0,0,10,18,11,0
480693,1,1,0,0,6,0,0,0,8,0,0,0
480693,2,1,0,0,0,0,0,0,0,0,0,0
480694,1,1,9,9,9,9,9,9,9,9,9,9
480695,1,1,16,16,16,16,16,16,16,16,16,16
480696,1,1,19,19,19,19,19,19,19,19,19,19
480696,2,1,0,0,0,0,0,0,0,0,0,0
480697,1,1,0,0,0,0,0,0,0,0,0,0
480697,2,1,0,0,0,0,0,0,0,15,0,0
480698,1,1,0,0,0,0,0,0,0,0,0,0
480698,2,1,16,0,0,0,0,0,0,0,0,0
480699,1,1,0,0,0,0,0,0,0,0,0,0
480699,2,1,0,0,11,0,0,0,0,17,13,0
480700,1,1,0,0,0,0,0,0,0,0,0,0
480701,1,1,13,13,13,13,13,13,13,13,13,13
480701,2,1,13,13,13,13,13,13,13,13,13,13
480702,1,1,16,16,16,16,16,16,16,16,16,16
480703,1,1,0,6,22,0,10,0,11,0,8,0
480704,1,1,7,0,9,30,0,0,19,0,0,9
480706,1,1,0,0,0,0,0,0,0,0,0,0
480706,2,1,3,17,6,0,12,0,0,0,6,10
480707,0,1,0,0,15,0,0,34,0,0,18,0
480707,1,1,42,15,0,0,23,0,28,24,0,0
480708,1,1,14,14,14,14,14,14,14,14,14,14
480708,2,1,12,0,0,6,0,0,13,0,9,0
480709,1,1,20,6,0,12,14,7,30,14,14,7
480710,1,1,33,0,0,16,2,0,0,0,0,0
480711,1,1,10,11,0,15,0,0,18,0,0,4
480712,1,1,0,0,0,31,0,0,26,0,22,0
480713,1,1,0,0,0,0,0,0,0,0,0,0
480713,2,1,18,0,0,0,0,21,0,0,0,0
480714,1,1,8,0,0,0,0,7,0,0,0,0
480714,2,1,0,0,0,0,0,0,0,0,0,0
480715,0,1,20,20,20,20,20,20,20,20,20,20
480715,1,1,0,0,34,0,0,5,9,0,7,9
480716,1,1,0,0,0,0,0,0,0,0,0,0
480716,2,1,0,0,0,0,0,0,0,0,0,0
480717,1,1,28,0,0,0,0,0,0,0,0,0
480717,2,1,0,23,17,13,0,0,25,0,0,17
480718,1,1,0,0,8,0,30,0,3,0,0,0
480719,1,1,9,9,24,0,20,13,19,0,29,0
480719,2,1,0,0,0,0,0,0,0,0,10,0
480720,1,1,0,0,0,0,0,0,0,0,0,0
480720,2,1,0,0,0,0,0,17,0,0,0,0
480721,1,1,0,0,0,0,0,0,0,0,0,0
480721,2,1,0,0,0,0,5,0,0,0,0,0
480722,1,1,20,20,20,20,20,20,20,20,20,20
480722,2,1,0,0,0,0,0,0,0,17,0,0
480723,0,1,49,0,0,0,0,0,0,9,16,15
480723,1,1,12,0,12,0,0,0,5,0,0,0
480724,1,1,0,0,30,17,16,0,0,0,0,0
480725,1,1,0,0,34,0,0,0,0,0,0,15
480726,1,1,21,21,21,21,21,21,21,21,21,21
480726,2,1,5,5,5,5,5,5,5,5,5,5
480727,1,1,0,29,0,0,0,0,28,0,11,0
480728,1,1,0,13,18,0,0,19,0,0,0,0
480728,2,1,0,0,5,0,8,10,0,0,7,0
480728,3,1,0,0,20,0,10,0,0,0,0,0
480728,4,1,0,0,12,0,0,0,15,3,0,0
480729,1,1,15,15,15,15,15,15,15,15,15,15
480730,1,1,17,17,17,17,17,17,17,17,17,17
480730,2,1,0,0,0,0,0,0,0,0,0,0
480731,1,1,10,10,10,10,10,10,10,10,10,10
480732,1,1,9,11,9,4,20,16,17,26,16,13
480733,0,1,0,0,0,0,0,0,28,22,0,0
480733,1,1,0,0,0,0,0,0,0,0,0,0
480734,1,1,5,5,5,5,5,5,5,5,5,5
480735,1,1,7,0,0,0,24,20,19,0,0,0
480736,1,1,10,10,10,10,10,10,10,10,10,10
480737,1,1,12,22,0,0,0,0,0,0,0,0
480737,2,1,0,0,0,0,0,0,0,0,0,0
480738,0,1,0,0,0,0,0,0,0,0,0,0
480738,1,1,0,11,0,0,0,0,25,30,0,20
480739,0,1,0,0,0,0,0,0,0,0,0,0
480739,0,2,9,0,30,14,0,37,0,0,0,22
480739,1,1,0,15,0,0,0,20,0,24,0,0
480740,1,1,3,7,0,8,0,0,0,0,0,0
480740,2,1,0,0,0,0,0,0,0,0,0,0
480741,1,1,0,0,0,0,0,0,0,0,0,0
480741,3,1,0,0,0,16,0,0,0,0,0,0
480742,1,1,0,0,0,0,0,0,0,0,0,0
480742,2,1,0,0,0,0,0,0,0,0,0,0
480743,1,1,0,0,0,0,0,0,0,0,0,0
480743,2,1,0,0,0,0,0,0,0,0,0,0
480744,0,1,0,0,0,0,0,0,0,0,0,0
480744,1,1,0,0,0,0,0,0,0,0,3,0
480744,2,1,0,0,0,0,0,0,0,0,0,0
480744,3,1,0,4,0,0,0,0,0,0,0,0
480744,4,1,0,6,0,0,0,0,0,0,0,0
480745,1,1,0,25,0,0,0,0,0,0,12,0
480746,0,1,0,33,12,20,0,64,0,0,0,0
480746,1,1,11,22,0,0,33,0,0,0,0,12
480747,1,1,0,0,0,0,0,0,0,0,0,0
480747,2,1,0,0,0,0,0,0,0,0,0,0
480748,1,1,0,0,0,0,0,0,0,0,0,0
480749,1,1,19,11,0,20,0,0,0,0,0,0
480750,1,1,0,0,0,0,0,0,0,0,0,17
480750,2,1,0,0,0,0,0,0,11,0,0,0
480751,1,1,22,22,22,22,22,22,22,22,22,22
480752,1,1,3,0,0,0,0,0,0,0,0,0
480752,2,1,0,0,0,0,0,0,0,0,0,0
480753,1,1,0,0,0,0,0,0,0,0,0,0
480753,2,1,0,0,0,0,0,0,0,0,0,0
480753,3,1,6,6,6,6,6,6,6,6,6,6
480753,4,1,0,0,0,0,0,0,0,0,0,0
480753,5,1,0,0,0,0,0,0,0,0,0,0
480754,0,1,0,0,0,0,0,0,0,0,0,0
480754,1,1,0,0,0,0,0,0,0,0,0,0
480755,1,1,0,0,0,0,0,0,0,0,0,0
480756,1,1,0,0,0,0,0,0,0,10,0,0
480756,2,1,0,0,0,1,0,0,0,0,0,0
480756,3,1,4,0,0,0,0,0,0,0,0,7
480756,4,1,0,0,0,0,0,0,0,0,9,0
480756,5,1,0,0,0,0,0,0,0,0,0,0
480756,6,1,0,0,0,0,0,0,0,0,0,0
480757,1,1,15,15,15,15,15,15,15,15,15,15
480758,0,1,0,44,0,0,0,0,10,0,0,32
480758,1,1,0,0,7,0,0,0,0,0,0,0
480759,1,1,5,5,5,5,5,5,5,5,5,5
480759,2,1,16,0,0,0,8,0,0,0,0,5
480760,0,1,0,0,0,0,0,0,0,0,0,0
480760,1,1,0,0,0,0,0,0,0,0,0,0
480761,1,1,0,0,0,0,0,0,0,0,0,0
480761,2,1,0,0,0,0,0,0,0,0,0,0
480762,1,1,13,13,13,13,13,13,13,13,13,13
480762,2,1,0,0,0,0,8,0,0,0,0,0
480763,1,1,0,0,17,0,0,0,0,0,0,0
480763,2,1,0,0,0,0,0,0,0,0,0,29
480764,1,1,1,1,1,1,1,1,1,1,1,1
480764,2,1,0,0,0,0,0,0,0,0,0,0
480765,0,1,0,0,0,0,0,0,0,0,0,0
480765,1,1,0,0,0,0,0,0,0,0,0,0
480766,1,1,0,0,0,0,18,0,7,0,0,0
480766,2,1,7,0,0,0,8,8,0,0,26,0
480767,1,1,13,0,0,0,0,0,0,0,0,0
480767,2,1,0,0,0,0,0,0,0,0,0,0
480768,0,1,20,0,0,0,0,0,0,0,20,29
480768,1,1,11,15,7,9,6,7,3,24,3,11
480769,0,1,0,29,0,0,0,0,0,0,0,0
480769,1,1,0,0,0,0,0,0,4,0,0,15
480770,1,1,0,0,0,0,0,0,0,0,0,0
480771,1,1,0,0,0,0,0,0,0,0,8,0
480771,2,1,0,10,0,0,0,0,4,0,0,0
480771,3,1,29,29,29,29,29,29,29,29,29,29
480772,0,1,0,0,0,0,0,0,0,0,0,0
480772,1,1,0,13,0,0,0,0,0,0,0,0
480773,0,1,21,21,21,21,21,21,21,21,21,21
480773,1,1,0,8,0,0,0,0,0,0,3,0
480774,1,1,16,29,19,14,20,0,15,0,15,46
480775,1,1,0,3,0,0,0,0,0,0,0,0
480776,1,1,2,2,2,2,2,2,2,2,2,2
480776,2,1,21,0,0,0,26,0,0,0,0,0
480777,1,1,25,25,25,25,25,25,25,25,25,25
480778,0,1,6,6,6,6,6,6,6,6,6,6
480778,1,1,0,0,0,0,0,0,0,0,0,0
480779,1,1,18,18,18,18,18,18,18,18,18,18
480779,2,1,0,9,2,13,0,0,13,25,0,0
480779,3,1,17,6,11,0,0,16,0,0,0,0
480780,1,1,0,0,0,0,0,0,0,0,0,0
480780,2,1,5,0,0,0,6,0,0,0,21,3
480781,1,1,0,0,0,0,0,0,0,0,0,0
480781,3,1,0,0,0,0,0,0,10,0,0,0
480781,4,1,0,0,0,0,0,0,0,0,0,0
480782,1,1,0,25,0,0,0,0,7,0,0,0
480783,1,1,0,0,13,0,13,0,8,0,0,0
480784,1,1,16,16,16,16,16,16,16,16,16,16
480784,2,1,0,6,0,0,0,24,0,0,0,0
480785,0,1,0,16,0,0,32,0,0,20,0,21
480785,1,1,0,0,5,0,0,13,0,0,8,0
480786,1,1,27,23,22,20,0,31,9,0,13,17
480787,0,1,0,0,0,0,0,0,0,0,0,0
480787,1,1,2,0,16,0,0,12,8,31,0,0
480788,0,1,10,10,10,10,10,10,10,10,10,10
480788,1,1,0,0,0,0,14,0,0,6,4,0
480788,2,1,0,0,0,7,0,0,0,0,0,15
480789,1,1,13,13,13,13,13,13,13,13,13,13
480789,2,1,2,2,2,2,2,2,2,2,2,2
480790,0,1,0,0,0,0,0,0,0,0,0,0
480790,1,1,0,0,0,0,23,0,0,0,0,0
480791,1,1,13,25,0,0,20,11,10,11,0,0
480792,0,1,0,0,0,0,0,0,0,0,0,0
480792,0,2,10,0,0,0,24,0,34,0,7,0
480792,0,3,0,23,4,17,0,25,21,6,0,24
480792,1,1,0,0,11,0,0,0,0,20,11,0
480792,2,1,0,0,0,15,0,0,15,15,0,23
480793,1,1,9,0,0,0,0,0,0,22,0,0
480793,2,1,0,0,14,0,0,3,0,0,0,0
480793,3,1,6,12,0,0,0,0,0,0,0,0
480794,0,1,0,0,0,0,0,0,0,0,0,0
480794,1,1,0,11,0,20,0,10,0,9,0,14
480795,1,1,0,0,0,0,0,0,0,0,0,0
480796,1,1,8,0,0,0,0,12,0,0,0,0
480796,2,1,0,0,0,0,0,0,0,0,0,0
480797,1,1,0,0,0,0,0,0,0,0,0,0
480797,2,1,0,0,0,0,0,0,0,0,0,0
480798,1,1,0,0,0,15,0,0,0,0,17,17
480798,2,1,0,0,0,0,0,0,0,0,0,0
480799,1,1,12,12,12,12,12,12,12,12,12,12
480799,2,1,0,0,0,0,0,0,0,0,0,0
480800,1,1,0,0,0,0,0,33,0,0,0,56
480801,1,1,25,25,25,25,25,25,25,25,25,25
480802,1,1,0,0,0,0,0,0,0,0,0,0
480803,1,1,0,0,0,0,0,0,0,0,0,0
480804,1,1,0,0,0,0,0,0,0,0,0,0
480804,2,1,0,0,0,0,0,0,0,0,0,0
480805,1,1,0,0,0,0,0,0,0,0,0,0
480805,2,1,0,0,0,0,0,0,0,0,0,0
480805,3,1,0,0,0,0,0,0,0,0,0,0
480806,1,1,0,0,0,0,0,0,0,0,0,0
480806,2,1,0,28,7,21,0,0,11,0,0,14
480806,3,1,0,0,0,0,0,0,0,0,0,8
480807,1,1,14,14,14,14,14,14,14,14,14,14
480807,2,1,8,17,5,10,0,28,2,11,4,0
480808,1,1,2,0,0,0,0,22,19,8,0,0
480809,1,1,25,0,0,0,18,0,20,0,0,0
480809,2,1,0,0,0,8,0,0,0,0,17,0
480810,1,1,0,0,0,0,0,0,0,0,0,0
480810,2,1,0,0,0,0,0,0,0,0,0,0
480811,1,1,0,0,0,0,0,0,0,0,0,0
480812,0,1,0,0,0,0,0,0,0,0,0,0
480812,1,1,0,0,0,0,0,0,0,0,0,0
480813,1,1,0,0,0,0,0,18,0,0,0,0
480813,2,1,0,0,0,0,0,0,0,0,0,0
480814,0,1,0,0,0,0,0,0,0,0,0,0
480814,0,2,0,14,0,28,11,0,0,0,5,17
480814,1,1,0,9,0,0,27,32,0,9,5,29
480815,1,1,0,19,0,13,0,0,21,0,0,0
480815,2,1,16,0,20,0,0,0,0,0,0,0
480816,1,1,0,0,0,0,0,8,6,0,0,0
480817,1,1,4,4,4,4,4,4,4,4,4,4
480817,2,1,0,0,0,0,0,0,0,0,0,0
480818,0,1,0,0,0,0,0,0,29,19,0,29
480818,1,1,0,25,0,18,16,0,11,23,0,0
480819,1,1,0,0,0,0,0,0,0,0,0,0
480819,2,1,0,0,0,0,10,0,20,0,0,0
480819,3,1,0,0,0,8,0,0,0,0,0,0
480820,1,1,0,0,0,0,0,0,0,0,0,0
480821,1,1,0,0,0,0,0,0,0,0,0,8
480822,1,1,11,11,11,11,11,11,11,11,11,11
480822,2,1,0,0,17,0,0,17,0,0,0,8
480822,3,1,7,0,8,0,0,22,8,0,0,0
480822,4,1,0,0,0,0,0,0,0,0,5,17
480823,1,1,2,2,2,2,2,2,2,2,2,2
480824,1,1,9,0,0,7,21,0,16,5,8,0
480825,1,1,0,0,0,0,0,0,0,0,0,0
480825,2,1,7,14,6,0,6,0,0,6,0,0
480826,1,1,0,0,0,0,0,0,0,0,0,0
480827,1,1,0,0,0,0,0,0,0,0,0,0
480827,2,1,0,0,0,0,0,9,0,0,0,0
480827,3,1,0,0,0,0,0,20,8,0,0,13
480827,4,1,0,6,8,0,0,0,0,0,0,0
480828,0,1,0,0,0,0,0,0,0,0,0,0
480828,1,1,0,0,0,0,16,27,0,0,9,0
480829,1,1,0,0,0,0,0,0,0,0,0,0
480829,2,1,0,0,0,0,0,0,0,0,0,0
480830,1,1,7,7,7,7,7,7,7,7,7,7
480831,1,1,22,22,22,22,22,22,22,22,22,22
480832,1,1,0,0,0,0,0,0,0,0,0,0
480833,1,1,0,0,5,0,0,0,0,0,0,30
480833,2,1,17,0,0,0,0,0,0,0,0,0
480833,3,1,0,0,0,0,0,0,0,0,0,0
480833,4,1,0,0,0,0,27,0,0,0,0,0
480834,1,1,0,0,0,0,0,0,0,0,0,0
480834,2,1,0,0,0,2,0,0,0,0,0,0
480834,3,1,0,0,0,0,0,0,0,0,0,0
480835,1,1,29,25,0,0,0,0,0,11,28,0
480835,2,1,0,0,0,0,0,0,0,0,0,0
480836,1,1,0,0,0,0,0,0,0,19,0,0
480837,1,1,0,0,0,0,0,0,0,0,0,0
480838,1,1,0,0,0,0,0,0,0,0,19,0
480838,2,1,0,0,0,0,20,0,0,0,0,0
480839,1,1,13,13,13,13,13,13,13,13,13,13
480839,2,1,0,0,0,0,0,0,0,0,0,0
480840,1,1,0,0,0,0,0,0,0,0,0,0
480840,2,1,0,20,0,0,0,25,0,0,0,0
480840,3,1,0,0,5,0,0,0,0,0,15,0
480841,1,1,0,0,0,11,0,0,0,0,0,0
480841,2,1,0,0,0,0,0,0,0,32,0,0