ST_CASE,VEH_NO,PER_NO,P1,P2,P3,P4,P5,P6,P7,P8,P9,P10
480842,1,1,0,0,0,0,0,0,0,0,0,0
480843,0,1,0,0,0,0,0,0,0,0,0,0
480843,1,1,0,0,0,0,0,0,0,0,0,0
480844,0,1,0,0,0,0,17,0,0,0,0,0
480844,1,1,0,10,0,0,0,0,0,7,10,0
480845,1,1,19,19,19,19,19,19,19,19,19,19
480845,2,1,10,14,0,13,0,0,18,0,0,0
480846,0,1,0,0,0,0,0,0,0,0,0,0
480846,1,1,0,0,0,10,0,0,0,13,0,0
480847,1,1,5,5,5,5,5,5,5,5,5,5
480848,1,1,4,0,16,0,21,26,25,0,0,0
480849,1,1,0,0,13,18,17,0,0,0,0,0
480850,1,1,0,0,15,0,37,0,16,19,0,10
480851,0,1,0,0,0,0,0,0,0,0,0,0
480851,1,1,0,0,0,0,0,0,0,0,0,0
480852,0,1,26,26,26,26,26,26,26,26,26,26
480852,1,1,0,0,0,0,0,0,0,0,0,0
480852,2,1,0,0,0,0,0,0,0,15,0,0
480852,3,1,0,0,0,0,0,0,0,24,0,0
480852,4,1,0,25,0,12,0,0,0,0,0,0
480852,5,1,0,0,0,0,0,0,0,9,0,0
480852,6,1,0,0,0,0,0,0,0,0,0,0
480852,7,1,0,0,0,0,0,0,0,0,0,22
480853,0,1,0,0,0,0,0,0,0,0,0,0
480853,1,1,13,29,0,0,0,0,0,0,0,0
480854,1,1,22,30,34,32,0,10,11,8,13,29
480854,2,1,0,0,0,9,0,0,0,26,0,0
480855,1,1,0,0,0,0,0,0,0,0,0,0
480855,2,1,0,0,0,0,27,0,0,0,0,0
480856,0,1,0,0,0,0,0,0,0,0,0,0
480856,1,1,0,0,0,0,0,0,0,0,5,0
480857,1,1,3,0,15,12,14,0,16,0,0,4
480858,1,1,25,0,0,0,22,0,17,0,38,14
480858,2,1,15,0,0,0,0,0,0,0,0,0
480859,0,1,0,0,0,0,0,0,0,0,0,0
480859,1,1,7,0,0,0,0,10,5,0,0,0
480860,1,1,0,0,0,0,0,0,0,0,0,0
480861,1,1,12,12,12,12,12,12,12,12,12,12
480862,1,1,0,23,0,0,0,0,0,0,0,0
480863,1,1,28,33,0,13,20,11,36,8,6,6
480864,0,1,0,0,0,0,0,0,0,0,0,0
480864,1,1,0,5,0,0,12,0,0,16,13,0
480865,1,1,0,0,10,0,0,0,0,23,22,17
480865,2,1,18,18,18,18,18,18,18,18,18,18
480866,1,1,10,10,10,10,10,10,10,10,10,10
480867,1,1,0,5,18,7,10,9,23,0,9,0
480867,2,1,0,0,0,0,0,0,7,20,0,0
480867,3,1,0,0,0,0,0,0,0,0,14,0
480868,1,1,7,7,7,7,7,7,7,7,7,7
480869,1,1,11,0,0,0,0,0,0,0,0,0
480869,2,1,0,0,23,0,0,0,0,0,0,0
480870,1,1,0,0,0,0,0,0,0,0,0,0
480870,2,1,0,0,0,0,0,0,0,0,0,0
480870,3,1,0,0,0,0,0,0,0,0,0,0
480870,4,1,0,0,0,0,0,8,0,0,0,12
480871,0,1,0,0,0,0,0,0,0,0,0,0
480871,1,1,0,0,0,0,0,0,0,0,0,0
480873,1,1,16,13,0,0,4,0,0,0,0,0
480873,2,1,9,27,0,0,0,0,0,0,0,0
480873,3,1,21,0,0,0,0,14,12,0,0,0
480873,4,1,0,11,0,0,0,15,0,0,0,0
480874,1,1,0,0,0,0,0,0,0,0,0,25
480875,1,1,0,30,0,0,0,0,0,0,0,0
480875,2,1,0,0,0,0,0,0,0,0,0,0
480876,1,1,22,0,0,14,0,0,0,11,0,0
480876,2,1,0,0,0,0,0,0,0,0,0,6
480878,1,1,0,15,0,23,0,0,0,0,0,0
480878,2,1,0,0,0,0,0,0,0,0,0,0
480879,1,1,0,0,0,0,0,0,14,0,0,25
480879,2,1,0,0,0,0,0,0,0,0,0,0
480880,0,1,0,0,0,0,0,0,0,0,0,0
480880,1,1,0,0,0,0,0,0,0,0,0,9
480881,1,1,0,0,16,0,0,7,0,0,0,0
480882,1,1,0,0,0,0,0,0,0,0,0,0
480882,2,1,0,15,0,0,0,31,8,0,0,15
480883,0,1,0,0,0,0,0,0,0,0,0,0
480883,1,1,0,0,0,0,0,0,0,0,0,0
480883,2,1,0,0,7,0,0,0,0,0,0,0
480884,1,1,12,12,12,12,12,12,12,12,12,12
480885,1,1,0,0,0,0,0,0,0,0,0,0
480886,1,1,0,0,0,0,0,0,0,0,0,0
480887,0,1,19,19,19,19,19,19,19,19,19,19
480887,1,1,0,0,0,0,0,22,17,0,0,0
480888,1,1,0,0,0,0,0,0,0,0,0,0
480889,0,1,21,21,21,21,21,21,21,21,21,21
480889,1,1,0,0,19,0,0,0,0,0,0,0
480890,1,1,22,22,22,22,22,22,22,22,22,22
480891,1,1,0,0,0,0,0,0,0,0,0,0
480891,2,1,0,0,0,0,0,0,0,0,0,0
480892,1,1,0,0,0,0,0,0,0,0,0,0
480893,1,1,4,4,4,4,4,4,4,4,4,4
480893,2,1,0,0,0,0,0,0,0,0,0,0
480894,0,1,15,30,0,0,5,0,33,0,28,0
480894,1,1,0,0,8,19,0,0,9,0,19,6
480895,1,1,0,0,0,0,0,0,0,0,0,0
480895,2,1,0,0,15,0,0,0,0,0,0,0
480896,1,1,0,11,0,6,17,26,13,0,21,24
480897,0,1,34,34,34,34,34,34,34,34,34,34
480897,1,1,0,0,0,0,21,0,0,11,0,0
480898,1,1,16,0,15,0,0,0,0,5,0,0
480899,1,1,0,10,0,20,33,14,23,0,0,0
480899,2,1,0,21,0,0,0,15,0,0,17,0
480900,1,1,0,0,0,0,0,0,0,0,0,0
480900,2,1,0,0,11,0,8,0,8,29,0,0
480901,1,1,27,27,27,27,27,27,27,27,27,27
480901,2,1,0,0,0,0,0,0,0,0,0,0
480901,3,1,27,13,8,0,0,0,0,24,19,0
480902,1,1,11,11,11,11,11,11,11,11,11,11
480902,2,1,0,0,0,0,0,0,0,0,0,0
480903,1,1,0,0,0,0,0,0,0,0,0,0
480904,0,1,0,0,0,0,0,0,0,0,0,0
480904,1,1,0,0,7,0,0,0,0,0,0,0
480905,1,1,0,0,0,0,13,19,0,0,0,19
480905,2,1,0,0,0,0,0,0,0,0,0,0
480906,1,1,0,0,0,0,0,0,0,0,0,0
480906,2,1,0,0,0,0,0,0,0,0,0,0
480907,0,1,0,0,33,0,0,0,0,0,0,0
480907,1,1,9,10,0,0,0,8,0,7,0,0
480908,1,1,0,0,0,0,0,0,0,0,0,0
480908,2,1,0,0,0,0,0,0,0,0,0,0
480908,3,1,0,0,0,0,0,0,0,0,0,0
480909,1,1,8,8,8,8,8,8,8,8,8,8
480910,1,1,6,29,0,17,0,30,10,12,0,19
480911,1,1,16,16,16,16,16,16,16,16,16,16
480912,1,1,23,23,23,23,23,23,23,23,23,23
480912,2,1,11,20,15,17,0,0,0,6,0,0
480912,3,1,0,15,0,0,23,0,0,0,27,0
480913,1,1,16,23,0,0,0,0,0,0,0,0
480913,2,1,0,0,0,0,0,0,0,18,16,0
480913,3,1,0,0,0,0,0,0,0,10,0,0
480914,1,1,0,0,0,0,0,0,0,0,0,0
480915,1,1,0,0,0,0,20,0,0,0,0,12
480915,2,1,0,0,0,0,0,0,0,0,0,0
480916,1,1,0,0,0,0,0,0,0,0,0,0
480917,1,1,0,0,0,0,0,0,0,0,0,0
480917,2,1,0,0,0,0,0,0,0,0,0,0
480918,1,1,0,0,0,0,0,0,0,0,0,0
480919,0,1,24,24,24,24,24,24,24,24,24,24
480919,1,1,0,9,0,0,11,0,10,0,0,12
480920,1,1,0,0,0,0,0,0,0,0,0,0
480920,2,1,18,18,18,18,18,18,18,18,18,18
480921,1,1,0,0,0,0,0,0,0,0,0,0
480921,2,1,0,0,11,0,0,0,0,0,0,21
480922,1,1,0,0,0,19,0,0,0,0,0,17
480922,2,1,26,0,0,0,0,0,0,0,0,16
480923,0,1,0,0,0,0,0,0,0,0,0,0
480923,1,1,0,18,12,0,14,11,20,0,0,0
480924,0,1,0,0,0,0,0,0,0,0,0,0
480924,1,1,12,0,0,31,0,0,0,0,0,0
480925,1,1,25,25,25,25,25,25,25,25,25,25
480925,2,1,0,0,0,0,0,0,0,0,0,0
480926,1,1,27,0,5,28,0,8,34,27,14,0
480927,1,1,11,7,0,0,0,0,0,0,0,0
480928,1,1,0,23,0,20,0,21,0,0,0,0
480928,2,1,3,0,0,0,13,16,0,0,0,11
480929,0,1,0,14,0,18,7,15,0,20,0,0
480930,0,1,25,38,0,0,23,14,0,23,19,0
480930,1,1,0,0,0,0,0,0,0,0,19,0
480931,1,1,18,18,18,18,18,18,18,18,18,18
480933,1,1,0,0,0,0,0,12,0,0,0,0
480934,1,1,0,0,0,0,0,0,0,0,6,0
480934,2,1,0,0,0,0,0,0,0,0,0,0
480935,1,1,11,11,11,11,11,11,11,11,11,11
480936,0,1,19,19,19,19,19,19,19,19,19,19
480936,1,1,0,0,0,0,0,0,0,0,0,0
480937,1,1,0,0,0,9,6,0,0,0,0,0
480937,2,1,0,0,0,11,0,0,0,0,0,0
480939,1,1,0,19,0,29,10,0,11,0,18,18
480940,1,1,12,12,12,12,12,12,12,12,12,12
480941,1,1,27,43,24,0,0,0,0,29,14,30
480941,2,1,6,0,0,8,0,0,0,15,7,13
480942,1,1,0,0,0,0,0,0,0,0,0,0
480942,2,1,0,0,0,17,0,0,0,0,0,0
480943,1,1,0,0,0,0,0,0,0,0,0,0
480943,2,1,0,0,0,15,0,0,0,0,5,0
480943,3,1,0,0,0,0,0,0,0,0,0,0
480944,1,1,29,29,29,29,29,29,29,29,29,29
480946,1,1,0,0,0,0,0,0,0,0,16,0
480946,2,1,0,0,0,0,0,0,0,0,0,0
480947,1,1,0,0,0,0,0,0,0,0,0,0
480947,2,1,0,0,0,0,0,0,0,0,0,0
480948,1,1,0,2,0,0,0,0,0,0,0,0
480948,2,1,0,0,0,0,0,0,0,0,0,10
480949,1,1,0,0,0,0,0,0,0,0,0,0
480950,1,1,0,0,0,0,0,0,0,0,0,0
480950,2,1,0,0,0,0,0,0,0,0,0,0
480951,1,1,0,0,0,0,0,0,0,0,16,11
480951,2,1,24,24,24,24,24,24,24,24,24,24
480952,1,1,0,6,6,5,0,9,0,0,4,23
480952,2,1,12,0,18,10,20,6,9,9,21,7
480953,1,1,0,0,5,3,0,0,0,24,0,0
480953,2,1,0,10,0,0,8,0,0,0,6,0
480953,3,1,10,0,0,0,0,0,0,0,0,9
480954,1,1,10,10,10,10,10,10,10,10,10,10
480954,2,1,0,0,0,0,0,0,0,8,0,0
480955,0,1,18,18,18,18,18,18,18,18,18,18
480955,1,1,0,0,0,0,0,0,0,0,0,0
480956,1,1,12,28,0,0,19,0,0,0,13,0
480956,2,1,8,13,0,0,13,22,0,21,17,0
480956,3,1,28,0,0,26,0,0,0,0,13,0
480957,1,1,0,0,0,0,0,0,0,0,0,4
480957,2,1,3,3,3,3,3,3,3,3,3,3
480958,1,1,0,0,0,0,0,0,0,0,0,0
480959,1,1,20,0,0,0,0,0,0,0,0,0
480959,2,1,0,0,0,0,21,0,0,0,10,0
480960,0,1,0,0,0,0,0,0,0,0,0,0
480960,1,1,0,0,0,0,0,0,0,0,0,16
480961,1,1,21,21,21,21,21,21,21,21,21,21
480962,0,1,0,0,0,0,0,0,0,0,0,0
480962,1,1,0,0,0,0,29,0,0,19,21,25
480963,0,1,0,0,0,0,0,0,0,0,0,0
480963,1,1,0,0,0,0,0,0,0,0,10,0
480964,1,1,0,0,0,27,0,0,0,0,0,0
480965,1,1,20,0,8,30,15,4,0,0,0,17
480966,1,1,0,0,0,0,0,0,0,9,0,0
480966,2,1,0,0,0,0,0,0,0,0,0,0
480968,1,1,25,25,25,25,25,25,25,25,25,25
480969,1,1,0,0,0,0,0,0,0,0,0,0
480969,2,1,0,0,0,0,0,0,0,0,0,0
480970,1,1,0,0,17,0,9,12,0,0,0,10
480971,1,1,0,0,9,0,0,0,31,17,0,13
480971,2,1,0,0,0,0,23,31,0,0,0,0
480972,1,1,0,0,0,0,0,0,0,0,0,0
480973,1,1,0,0,0,0,0,0,0,20,21,16
480973,2,1,18,12,14,0,0,0,0,9,0,0
480974,1,1,0,0,0,0,0,0,0,0,0,0
480974,2,1,0,0,0,0,0,0,0,15,0,0
480974,3,1,17,0,0,10,0,15,0,0,0,0
480975,1,1,4,4,4,4,4,4,4,4,4,4
480975,2,1,0,0,0,22,0,0,17,0,0,0
480976,1,1,0,0,0,0,0,0,0,0,0,0
480976,2,1,9,0,0,0,0,0,0,0,0,0
480976,3,1,0,0,0,0,0,0,0,0,0,0
480977,1,1,0,0,0,0,0,0,0,0,0,0
480977,2,1,0,0,0,0,0,0,0,0,0,0
480978,1,1,0,0,0,0,0,0,0,0,0,0
480978,2,1,0,0,0,0,0,0,0,0,0,0
480979,1,1,0,0,0,0,0,0,0,0,0,0
480979,2,1,0,0,15,0,0,0,5,0,0,0
480979,3,1,0,12,0,27,24,0,0,0,9,0
480980,0,1,26,0,24,12,0,0,0,0,25,0
480980,1,1,0,22,0,29,15,0,0,17,0,0
480981,1,1,0,23,19,27,35,0,0,0,17,0
480981,2,1,0,0,0,0,0,0,31,0,5,12
480982,1,1,0,0,39,13,18,10,0,19,0,8
480983,0,1,17,17,17,17,17,17,17,17,17,17
480983,1,1,0,13,0,0,0,19,0,14,0,0
480984,1,1,18,0,10,0,0,0,23,0,0,0
480984,2,1,0,0,0,0,0,0,0,0,0,0
480985,0,1,1,1,1,1,1,1,1,1,1,1
480985,1,1,0,29,0,0,0,0,0,0,6,7
480986,0,1,0,0,0,0,0,0,0,0,0,0
480986,1,1,9,0,0,0,0,0,1,22,0,0
480987,1,1,0,0,0,0,0,0,0,0,8,0
480987,2,1,0,0,0,10,0,0,20,15,0,21
480988,1,1,25,25,25,25,25,25,25,25,25,25
480989,1,1,0,0,0,0,0,0,0,0,0,0
480989,2,1,0,0,22,0,0,0,0,0,0,0
480990,1,1,0,0,22,20,22,0,20,0,30,10
480991,1,1,26,21,10,19,16,9,18,18,33,13
480992,1,1,0,0,0,0,0,0,0,0,0,0
480993,1,1,14,14,14,14,14,14,14,14,14,14
480993,2,1,0,0,0,0,0,0,0,0,0,0
480993,3,1,11,0,14,0,0,0,0,10,0,20
480993,4,1,0,0,0,0,0,0,22,0,0,4
480993,5,1,0,0,0,0,8,5,0,9,0,4
480993,6,1,0,8,0,0,0,0,0,0,0,18
480993,7,1,0,0,0,0,0,0,0,0,0,0
480995,1,1,0,0,0,0,0,0,0,0,0,0
480995,2,1,0,0,0,0,0,0,12,20,0,12
480996,1,1,10,10,10,10,10,10,10,10,10,10
480996,2,1,0,0,0,0,0,0,0,0,0,0
480997,1,1,0,0,0,0,36,12,0,0,0,0
480998,1,1,0,0,0,0,0,0,9,0,0,0
480998,2,1,0,0,0,2,4,0,0,0,0,0
480999,1,1,0,0,0,0,0,0,0,0,0,0
480999,2,1,0,0,0,0,0,0,0,0,0,0
481000,1,1,0,0,0,0,0,0,0,0,0,0
481000,2,1,0,0,0,0,0,0,0,0,0,0
481001,1,1,0,0,0,13,11,5,0,0,0,0
481002,0,1,0,0,30,0,0,0,0,0,0,0
481002,1,1,19,0,0,0,0,0,25,0,0,0
481003,1,1,0,0,0,0,0,0,0,0,0,14
481003,2,1,0,0,0,0,0,0,0,0,0,0
481004,1,1,0,0,0,0,0,0,0,0,0,0
481005,0,1,0,0,0,0,0,0,0,0,0,0
481005,1,1,0,0,5,0,0,0,0,0,13,22
481006,1,1,0,0,0,0,0,24,7,21,0,0
481006,2,1,0,0,0,0,7,0,23,0,0,0
481007,1,1,0,0,0,0,0,0,0,0,0,0
481008,1,1,16,0,0,13,16,0,0,0,0,14
481009,1,1,22,0,0,0,9,0,4,0,5,9
481009,2,1,0,4,0,0,0,0,0,0,0,0
481010,1,1,0,0,0,0,0,0,0,0,0,0
481011,1,1,9,25,0,25,24,28,15,18,0,30
481012,1,1,0,0,0,0,0,0,0,0,0,0
481012,2,1,17,17,0,0,0,0,0,0,0,0
481013,1,1,0,0,0,0,0,0,0,0,0,0
481014,1,1,16,16,16,16,16,16,16,16,16,16
481015,1,1,0,0,0,0,0,0,0,0,0,0
481015,2,1,0,0,0,0,0,0,0,0,0,0
481016,1,1,0,0,0,0,0,0,0,0,0,0
481016,2,1,0,0,0,18,17,0,0,0,0,0
481017,1,1,0,0,0,0,0,0,0,0,0,0
481018,2,1,0,0,0,0,0,0,0,0,0,0
481019,1,1,13,0,0,0,0,0,0,0,0,0
481019,2,1,0,0,0,0,0,0,18,5,0,0
481020,1,1,0,0,0,7,0,0,0,0,0,0
481021,1,1,0,0,0,0,0,0,5,0,0,26
481021,2,1,0,0,0,0,0,0,0,0,0,0
481021,3,1,0,0,0,0,0,0,8,0,0,0
481021,4,1,0,38,0,0,0,0,0,0,0,0
481022,1,1,17,17,17,17,17,17,17,17,17,17
481023,0,1,0,0,0,0,0,0,0,0,0,0
481023,1,1,0,0,0,0,0,0,0,0,0,0
481024,1,1,22,22,22,22,22,22,22,22,22,22
481024,2,1,0,30,0,0,11,0,8,0,15,7
481025,1,1,10,7,19,0,0,11,0,0,0,0
481025,2,1,4,0,0,12,0,18,0,0,2,0
481026,1,1,24,24,24,24,24,24,24,24,24,24
481027,1,1,14,8,7,16,27,3,26,45,24,7
481028,1,1,16,16,16,16,16,16,16,16,16,16
481029,1,1,18,18,18,18,18,18,18,18,18,18
481029,2,1,21,0,0,0,0,0,18,0,30,0
481030,1,1,0,0,0,0,0,0,0,0,0,0
481030,2,1,0,0,0,0,0,0,0,0,0,0
481031,1,1,0,10,0,0,6,15,0,27,25,0
481032,1,1,0,0,0,0,0,0,0,0,0,0
481032,2,1,0,0,0,0,0,0,0,11,0,0
481033,1,1,0,0,11,0,13,0,27,0,16,0
481033,2,1,0,0,0,0,0,0,0,12,31,0
481034,1,1,23,23,23,23,23,23,23,23,23,23
481034,2,1,13,18,0,0,0,0,0,0,0,0
481035,1,1,21,35,0,19,0,0,11,18,0,0
481036,1,1,0,0,0,0,0,0,0,0,0,0
481037,1,1,0,0,0,0,0,0,0,0,0,0
481037,2,1,0,0,0,0,0,0,0,0,0,0
481037,3,1,0,0,0,0,0,0,3,0,17,0
481038,1,1,0,0,0,0,0,0,0,0,0,0
481038,2,1,0,0,0,0,0,0,0,0,0,0
481039,1,1,0,0,0,0,0,0,0,0,0,0
481040,1,1,20,20,20,20,20,20,20,20,20,20
481041,1,1,0,6,0,0,0,0,0,0,0,0
481041,2,1,37,0,0,17,0,0,0,16,0,5
481042,1,1,0,0,0,0,0,0,0,0,0,0
481043,0,1,0,0,0,0,0,0,0,0,0,0
481043,1,1,0,0,0,0,0,0,0,0,0,15
481044,0,1,32,14,14,5,20,7,12,29,11,50
481044,1,1,0,0,0,0,0,0,0,0,0,0
481045,1,1,10,10,10,10,10,10,10,10,10,10
481045,2,1,0,0,0,0,0,0,0,0,0,0
481045,3,1,27,27,27,27,27,27,27,27,27,27
481046,1,1,14,14,14,14,14,14,14,14,14,14
481047,1,1,6,0,0,0,0,26,18,0,0,10
481047,2,1,0,0,0,0,0,0,0,0,0,0
481048,0,1,20,0,0,0,0,0,0,0,0,0
481048,1,1,0,13,0,14,0,18,17,16,0,0
481049,1,1,22,22,22,22,22,22,22,22,22,22
481050,0,1,12,0,18,25,0,24,0,0,0,10
481050,1,1,0,0,0,0,9,0,0,0,0,3
481051,1,1,0,20,0,25,0,0,36,0,0,0
481051,2,1,0,0,0,0,0,0,0,0,0,0
481052,1,1,0,0,0,0,22,0,0,0,0,0
481052,2,1,0,8,0,0,0,0,0,2,0,7
481052,3,1,0,0,0,0,0,0,0,0,0,29
481053,1,1,22,22,22,22,22,22,22,22,22,22
481053,2,1,0,0,0,0,13,0,0,6,0,0
481054,1,1,22,22,22,22,22,22,22,22,22,22
481054,2,1,0,0,0,0,0,4,0,0,0,0
481055,1,1,0,0,0,0,25,12,0,0,30,0
481056,1,1,8,0,0,20,0,0,0,0,0,17
481057,0,1,0,0,0,0,0,0,0,0,0,0
481057,1,1,0,0,0,0,0,0,0,0,0,13
481058,1,1,0,0,0,0,0,0,0,0,0,0
481058,2,1,0,0,0,0,0,0,0,15,0,0
481059,1,1,27,27,27,27,27,27,27,27,27,27
481060,1,1,0,0,0,0,0,0,0,0,0,0
481060,2,1,0,0,23,21,0,0,0,9,0,19
481061,1,1,0,0,21,0,0,0,15,10,11,0
481062,1,1,0,12,17,17,22,24,0,9,17,13
481063,1,1,5,0,0,0,0,0,0,0,0,0
481063,2,1,0,0,0,0,0,0,0,0,0,0
481064,1,1,0,0,17,0,0,0,0,11,0,0
481064,2,1,0,24,0,7,0,19,0,0,0,0
481065,1,1,37,0,0,0,0,0,0,0,0,0
481065,2,1,0,0,0,0,0,0,0,0,0,0
481066,0,1,0,0,0,0,0,0,0,0,0,0
481066,1,1,20,0,0,0,0,0,11,0,0,8
481067,1,1,0,0,0,0,0,0,0,0,0,0
481067,2,1,0,0,0,0,0,0,0,0,0,0
481068,1,1,11,11,11,11,11,11,11,11,11,11
481068,2,1,0,0,0,0,8,0,0,0,0,0
481069,0,1,0,0,0,0,0,0,0,0,0,0
481069,1,1,0,0,0,0,0,0,19,23,0,10
481070,0,1,0,0,0,0,0,0,0,0,0,0
481070,1,1,0,0,0,0,0,0,0,0,0,0
481071,1,1,0,0,0,0,0,0,0,0,0,0
481071,2,1,0,0,0,0,0,0,0,0,0,0
481072,1,1,0,0,0,0,0,0,0,0,0,0
481073,1,1,0,0,0,0,0,0,8,0,0,0
481073,2,1,0,0,0,0,0,0,0,0,0,0
481075,1,1,0,0,0,23,0,0,0,23,0,0
481075,2,1,0,0,0,0,0,0,0,0,0,0
481075,3,1,0,0,43,0,0,0,0,0,0,0
481076,1,1,7,0,0,0,0,0,0,0,0,9
481076,2,1,0,0,0,0,14,0,0,0,0,0
481077,1,1,0,0,0,0,0,13,0,0,0,0
481077,2,1,0,0,7,0,0,24,0,0,0,21
481078,1,1,0,16,12,0,3,13,12,0,28,27
481079,1,1,16,16,16,16,16,16,16,16,16,16
481080,1,1,13,0,0,0,0,0,0,0,24,0
481080,2,1,0,0,0,0,0,0,0,0,0,0
481081,0,1,0,0,0,15,18,0,23,0,0,0
481081,1,1,7,5,0,22,8,0,0,3,0,0
481081,2,1,0,12,0,0,0,19,0,0,28,0
481082,1,1,15,15,15,15,15,15,15,15,15,15
481083,0,1,0,0,0,0,0,0,0,0,0,0
481083,1,1,0,0,13,0,0,14,30,22,35,13
481084,1,1,16,16,16,16,16,16,16,16,16,16
481085,1,1,13,0,0,15,11,13,13,12,7,7
481086,0,1,0,0,0,0,0,0,7,0,0,0
481086,1,1,0,0,0,8,0,8,0,0,0,0
481087,1,1,0,0,0,0,0,0,28,22,0,0
481087,2,1,0,0,0,0,0,0,0,0,0,31
481088,1,1,0,0,0,0,0,0,0,0,12,16
481088,2,1,0,0,0,0,0,0,0,0,0,0
481089,1,1,10,10,10,10,10,10,10,10,10,10
481089,2,1,0,0,0,13,7,0,0,22,0,0
481089,3,1,0,7,0,10,0,0,0,0,0,0
481089,4,1,0,0,6,0,0,0,0,0,0,0
481090,0,1,0,0,0,0,0,0,0,0,0,0
481090,1,1,7,0,0,0,0,0,17,0,0,0
481091,1,1,23,23,23,23,23,23,23,23,23,23
481092,1,1,0,0,0,13,0,0,0,0,0,0
481092,2,1,0,0,0,17,0,0,0,0,0,0
481092,3,1,6,0,0,0,0,0,0,0,0,0
481093,1,1,15,15,15,15,15,15,15,15,15,15
481094,1,1,25,25,25,25,25,25,25,25,25,25
481094,2,1,0,0,0,0,0,4,5,0,0,0
481095,0,1,0,0,0,0,0,0,0,0,0,0
481095,1,1,0,0,0,0,0,14,0,0,0,0
481096,1,1,14,14,14,14,14,14,14,14,14,14
481097,1,1,14,14,20,26,18,0,18,26,22,8
481098,1,1,18,18,18,18,18,18,18,18,18,18
481099,0,1,8,8,8,8,8,8,8,8,8,8
481099,1,1,0,0,0,0,0,0,0,20,0,0
481100,1,1,10,8,22,33,0,42,0,18,23,16
481101,1,1,0,0,0,0,0,0,0,0,0,0
481102,1,1,0,0,0,0,0,0,0,0,0,0
481103,1,1,18,18,18,18,18,18,18,18,18,18
481104,1,1,1,1,1,1,1,1,1,1,1,1
481105,1,1,6,0,0,0,0,0,0,0,0,0
481105,2,1,20,20,20,20,20,20,20,20,20,20
481106,1,1,0,22,0,0,11,0,0,0,0,0
481107,1,1,0,0,0,0,0,0,0,0,0,0
481107,2,1,0,0,0,7,0,0,0,0,0,0
481108,1,1,9,9,9,9,9,9,9,9,9,9
481109,1,1,0,0,0,0,0,0,0,0,0,0
481109,2,1,0,0,0,0,0,0,0,0,0,0
481110,1,1,0,0,0,11,0,0,19,0,0,0
481111,0,1,0,0,0,0,0,0,0,0,0,0
481111,1,1,7,7,7,7,7,7,7,7,7,7
481112,0,1,0,0,0,0,0,0,0,0,0,0
481112,1,1,0,19,0,0,0,0,0,0,0,0
481113,1,1,18,0,0,20,23,0,0,0,0,0
481113,2,1,0,0,0,0,0,0,7,0,0,0
481113,3,1,0,0,0,0,0,0,0,0,0,0
481114,1,1,0,0,0,0,0,0,0,0,0,0
481114,2,1,0,0,0,0,0,0,0,13,0,0
481115,0,1,0,0,0,0,0,0,0,0,0,0
481115,1,1,0,0,0,0,0,0,0,14,10,0
481116,1,1,12,9,0,0,0,0,0,3,0,0
481116,2,1,0,16,0,0,11,0,11,12,0,0
481117,0,1,0,0,17,13,0,0,0,34,0,0
481117,1,1,14,11,0,31,0,0,0,0,25,0
481118,1,1,0,0,0,0,0,0,0,0,0,0
481118,2,1,0,0,0,0,0,0,0,0,0,0
481119,1,1,0,0,0,26,15,3,0,16,8,16
481119,2,1,12,0,0,19,8,19,0,0,0,0
481120,1,1,27,0,0,0,0,0,0,0,0,0
481120,2,1,0,0,0,0,0,17,0,0,0,0
481121,1,1,0,0,0,0,0,0,0,0,0,0
481122,0,1,0,0,11,0,29,0,0,0,19,0
481122,1,1,0,0,0,0,0,0,0,0,0,0
481123,1,1,0,34,12,0,0,0,0,0,11,0
481123,2,1,0,0,0,0,0,0,0,0,0,0
481124,1,1,0,0,19,0,14,0,0,0,0,0
481124,2,1,0,0,0,0,0,0,0,0,0,0
481125,1,1,17,17,17,17,17,17,17,17,17,17
481126,1,1,0,0,0,0,0,0,0,0,0,0
481126,2,1,0,0,0,0,0,0,0,0,0,0
481126,3,1,0,0,0,0,13,7,0,0,0,0
481126,4,1,0,0,0,10,0,15,0,0,9,0
481127,1,1,0,0,0,0,0,4,0,0,0,0
481127,2,1,0,0,0,0,0,0,0,0,0,0
481127,3,1,0,0,0,0,0,0,0,0,0,0
481128,1,1,17,17,17,17,17,17,17,17,17,17
481129,1,1,11,11,11,11,11,11,11,11,11,11
481129,2,1,9,0,7,0,0,11,14,0,23,0
481130,1,1,0,0,0,17,0,0,0,0,19,0
481130,2,1,0,0,0,0,0,0,0,0,0,0
481131,1,1,6,15,23,22,13,5,9,12,0,6
481132,0,1,0,0,0,13,0,0,0,19,0,0