ST_CASE,VEH_NO,PER_NO,P1,P2,P3,P4,P5,P6,P7,P8,P9,P10
481132,1,1,0,0,0,0,0,0,0,0,0,0
481133,1,1,23,23,23,23,23,23,23,23,23,23
481133,2,1,16,26,10,0,0,0,0,0,18,13
481133,3,1,9,0,0,17,0,0,21,0,0,5
481134,1,1,0,0,0,0,0,15,24,0,20,0
481135,1,1,0,0,0,0,0,0,0,8,14,12
481135,2,1,0,0,5,0,10,0,0,0,0,0
481136,1,1,13,13,13,13,13,13,13,13,13,13
481137,0,1,0,0,0,0,0,0,0,0,0,0
481137,1,1,0,11,0,0,0,0,0,0,14,0
481138,1,1,13,13,13,13,13,13,13,13,13,13
481138,2,1,2,2,2,2,2,2,2,2,2,2
481139,0,1,0,0,0,0,0,0,0,0,0,0
481139,1,1,0,0,0,0,0,0,0,0,0,0
481140,1,1,0,0,0,0,0,0,0,0,0,0
481140,2,1,0,0,0,0,0,0,0,8,0,0
481141,1,1,9,9,9,9,9,9,9,9,9,9
481142,1,1,0,0,0,0,0,0,0,0,0,0
481142,2,1,0,0,0,0,0,5,0,0,16,0
481143,1,1,0,0,0,0,0,0,0,0,0,0
481144,0,1,0,0,0,0,0,0,0,19,0,0
481144,1,1,0,0,0,0,0,0,0,0,7,0
481145,1,1,29,9,21,17,17,7,21,0,0,28
481146,1,1,24,0,17,36,21,0,12,13,11,15
481146,2,1,13,0,0,0,14,20,0,0,5,18
481147,1,1,0,0,0,13,9,0,0,0,0,9
481147,2,1,0,0,0,0,0,0,0,0,0,0
481147,3,1,0,0,0,13,0,10,0,0,0,9
481147,4,1,0,0,20,20,0,0,0,0,0,0
481148,1,1,16,16,16,16,16,16,16,16,16,16
481149,1,1,0,0,0,0,0,0,0,0,0,0
481150,1,1,0,0,0,35,0,0,0,0,0,0
481150,2,1,24,0,0,0,0,0,0,0,32,0
481150,3,1,0,0,0,0,0,0,0,0,13,0
481151,1,1,0,0,0,5,0,0,0,0,0,0
481152,1,1,0,0,0,0,0,0,0,0,0,0
481153,1,1,0,0,0,25,0,0,16,0,0,5
481154,1,1,0,0,14,0,0,0,0,0,0,13
481155,1,1,0,0,18,0,0,0,0,0,20,0
481155,2,1,0,0,0,0,0,0,0,0,0,0
481156,1,1,28,0,0,0,14,0,0,13,31,0
481157,1,1,0,0,0,0,0,0,0,0,0,0
481158,0,1,0,0,0,0,0,0,0,0,0,0
481158,1,1,7,7,7,7,7,7,7,7,7,7
481159,0,1,0,27,0,0,9,28,0,0,26,5
481159,1,1,18,0,0,0,0,13,17,16,0,28
481160,1,1,26,26,26,26,26,26,26,26,26,26
481160,2,1,0,0,25,0,0,0,0,0,0,0
481160,3,1,0,0,0,13,0,0,0,0,0,5
481161,1,1,0,0,0,0,0,0,0,0,0,0
481162,1,1,0,0,0,0,0,0,2,0,0,0
481162,2,1,0,0,20,0,0,0,0,22,0,0
481163,1,1,0,0,0,0,0,0,0,0,0,0
481163,2,1,10,0,0,0,0,0,0,0,0,0
481164,1,1,0,0,0,22,9,0,0,0,20,0
481164,2,1,25,0,31,0,0,0,0,0,0,0
481165,0,1,0,0,0,0,0,0,0,0,0,0
481165,1,1,0,0,0,0,0,0,0,21,0,0
481166,1,1,23,23,23,23,23,23,23,23,23,23
481167,1,1,28,28,28,28,28,28,28,28,28,28
481167,2,1,0,0,0,21,0,0,16,8,0,0
481168,1,1,7,7,7,7,7,7,7,7,7,7
481168,2,1,2,2,2,2,2,2,2,2,2,2
481169,0,1,0,0,4,6,0,4,0,0,18,16
481169,1,1,0,11,0,0,26,0,0,0,0,44
481170,1,1,0,0,0,0,0,0,0,0,0,0
481171,1,1,0,0,0,19,0,0,0,0,0,0
481171,2,1,0,0,0,0,0,0,0,0,0,0
481172,0,1,0,0,0,0,0,0,0,0,0,0
481172,1,1,0,0,0,0,0,0,0,0,0,0
481172,3,1,0,0,0,3,0,0,0,0,0,0
481173,1,1,0,0,8,0,0,0,0,10,0,9
481173,2,1,0,0,0,0,12,0,0,0,22,0
481174,1,1,5,5,5,5,5,5,5,5,5,5
481175,1,1,10,0,0,16,28,0,0,7,17,0
481175,2,1,0,0,19,0,0,0,0,12,19,0
481176,1,1,17,0,0,0,0,7,13,0,0,6
481176,2,1,0,0,0,0,0,0,0,0,0,11
481176,3,1,0,14,0,0,0,0,0,0,0,0
481177,1,1,24,24,24,24,24,24,24,24,24,24
481178,1,1,14,0,0,0,15,0,11,0,0,0
481178,2,1,0,0,9,10,0,7,12,9,0,5
481179,1,1,13,13,13,13,13,13,13,13,13,13
481179,2,1,5,11,0,0,0,0,4,0,0,0
481179,3,1,0,0,0,20,0,0,29,23,0,0
481180,1,1,13,13,13,13,13,13,13,13,13,13
481180,2,1,1,1,1,1,1,1,1,1,1,1
481181,1,1,0,22,0,0,0,0,0,0,0,0
481182,1,1,17,17,17,17,17,17,17,17,17,17
481182,2,1,0,0,18,0,0,0,0,8,0,17
481183,1,1,0,0,0,0,0,0,0,0,0,0
481183,2,1,0,15,7,0,36,0,0,0,0,0
481184,1,1,0,0,0,0,0,0,0,0,0,0
481184,2,1,0,0,0,0,0,0,0,0,0,0
481184,3,1,0,0,0,0,0,0,0,15,0,0
481186,1,1,20,20,20,20,20,20,20,20,20,20
481186,2,1,2,0,0,14,0,14,0,0,23,20
481187,1,1,0,0,0,0,0,0,0,0,0,0
481187,2,1,0,0,0,0,0,0,0,0,0,0
481188,1,1,0,11,0,0,0,0,0,0,0,0
481188,2,1,0,0,0,0,0,0,0,0,0,0
481189,1,1,29,29,29,29,29,29,29,29,29,29
481189,2,1,0,0,0,0,0,0,0,0,0,0
481190,1,1,0,0,0,0,0,0,0,0,0,0
481190,2,1,0,0,0,0,0,0,0,0,0,0
481190,3,1,0,0,0,25,0,0,20,0,0,0
481191,1,1,20,20,20,20,20,20,20,20,20,20
481191,2,1,0,0,0,0,0,0,0,0,0,0
481192,1,1,0,0,35,0,25,30,8,0,0,0
481193,0,1,0,0,0,0,0,0,0,0,0,0
481193,1,1,6,6,6,6,6,6,6,6,6,6
481194,1,1,0,0,0,0,0,0,0,0,0,0
481194,2,1,22,0,0,0,0,0,0,0,0,0
481194,3,1,16,0,16,0,19,23,0,0,0,0
481196,1,1,0,0,0,0,0,0,0,0,0,0
481196,2,1,0,0,0,0,0,0,0,0,0,0
481196,3,1,0,0,0,0,0,0,0,0,0,0
481196,4,1,0,0,5,15,0,0,18,0,0,0
481196,5,1,0,0,0,0,0,0,0,0,0,5
481196,6,1,0,0,0,0,0,0,0,0,0,0
481197,1,1,17,17,17,17,17,17,17,17,17,17
481198,0,1,0,0,0,0,0,0,0,0,0,0
481198,1,1,0,0,0,0,0,0,0,0,0,0
481199,1,1,5,0,0,11,10,0,14,20,0,0
481200,1,1,0,0,0,0,0,0,0,0,0,0
481201,1,1,11,11,46,10,15,17,1,12,25,13
481202,1,1,0,0,18,13,0,0,3,44,0,0
481202,2,1,0,19,15,19,16,0,0,0,29,14
481203,1,1,0,0,0,0,0,0,0,0,0,0
481203,2,1,0,0,0,0,0,14,22,0,0,0
481204,0,1,0,0,0,0,0,0,0,0,0,0
481204,0,2,25,0,42,0,0,0,30,24,30,0
481204,0,3,0,0,0,0,0,0,0,0,0,0
481204,0,4,0,0,0,0,0,0,0,0,0,0
481204,0,5,0,8,0,0,0,20,0,20,0,8
481204,0,6,0,0,0,0,0,0,0,0,0,0
481204,1,1,7,0,0,0,0,0,0,0,0,22
481205,1,1,34,18,11,27,10,9,15,48,21,8
481205,2,1,0,0,20,17,0,0,0,0,5,0
481206,0,1,16,0,0,27,0,12,0,0,25,0
481206,1,1,0,0,0,0,0,0,0,38,0,10
481206,2,1,0,0,0,0,20,0,16,0,0,0
481206,3,1,0,0,0,0,0,0,0,24,0,32
481207,0,1,0,25,0,0,0,0,0,16,0,0
481207,1,1,0,0,0,0,0,0,0,0,0,0
481208,1,1,0,19,0,0,0,0,15,0,0,11
481209,1,1,24,20,0,25,0,0,29,0,0,21
481209,2,1,0,21,28,0,17,4,13,0,0,0
481210,1,1,0,14,0,0,0,16,0,15,0,27
481210,2,1,0,0,0,0,0,0,0,12,0,10
481211,0,1,0,8,0,0,0,0,0,0,0,0
481211,1,1,0,0,0,0,0,0,0,0,0,0
481212,0,1,0,0,0,0,0,0,0,0,0,0
481212,1,1,0,0,20,0,0,0,0,0,0,0
481213,0,1,17,17,17,17,17,17,17,17,17,17
481213,1,1,0,0,0,28,0,0,25,0,25,0
481214,1,1,10,0,10,0,0,0,0,0,0,0
481214,2,1,12,15,0,0,0,0,37,0,14,0
481214,3,1,40,0,0,0,0,0,12,0,0,17
481215,1,1,22,0,0,0,0,0,0,0,0,0
481215,2,1,15,0,0,0,0,0,0,0,0,0
481216,0,1,0,0,0,0,0,0,13,12,0,12
481216,1,1,14,14,14,14,14,14,14,14,14,14
481217,1,1,0,0,0,0,0,0,0,0,0,0
481217,2,1,0,0,6,0,28,0,0,0,0,0
481218,1,1,0,0,0,0,0,0,0,0,21,0
481218,2,1,0,0,28,0,0,0,0,0,30,0
481219,0,1,0,0,0,0,0,0,0,0,0,0
481219,1,1,0,12,14,0,13,0,0,0,7,23
481220,0,1,0,0,0,0,0,0,0,0,0,0
481220,1,1,0,0,0,0,0,0,0,0,0,0
481221,1,1,12,12,12,12,12,12,12,12,12,12
481222,1,1,0,10,0,0,0,0,0,16,0,9
481222,2,1,0,0,0,0,0,0,0,23,0,0
481222,3,1,11,0,0,0,0,0,0,0,0,0
481223,1,1,0,0,0,0,0,0,0,0,0,0
481224,1,1,0,0,0,0,0,0,0,0,0,0
481224,2,1,0,0,0,0,0,0,0,0,0,0
481225,1,1,15,20,0,0,0,0,0,26,23,0
481226,1,1,0,0,13,18,0,0,0,0,0,15
481226,2,1,8,0,0,0,5,5,2,11,0,31
481228,1,1,0,28,0,0,0,0,18,0,0,24
481229,1,1,19,19,19,19,19,19,19,19,19,19
481229,2,1,0,22,0,27,0,20,0,0,14,15
481230,0,1,37,37,37,37,37,37,37,37,37,37
481230,1,1,0,0,0,0,0,0,0,0,0,0
481231,1,1,0,0,0,0,0,2,0,0,0,0
481231,2,1,0,0,0,0,0,0,0,0,0,7
481232,1,1,0,0,0,0,0,15,0,24,14,0
481233,1,1,10,10,10,10,10,10,10,10,10,10
481234,0,1,27,27,27,27,27,27,27,27,27,27
481234,1,1,0,0,0,18,0,0,0,0,0,17
481235,0,1,0,0,0,0,0,0,0,0,0,0
481235,1,1,0,0,0,0,8,0,5,0,0,0
481236,1,1,0,0,10,0,8,26,0,0,0,0
481236,2,1,0,0,2,0,0,0,0,0,0,0
481237,0,1,0,0,0,0,0,0,0,0,0,0
481237,0,2,0,0,0,0,0,0,0,0,0,0
481237,0,3,0,0,0,0,17,0,0,0,0,18
481237,1,1,2,2,2,2,2,2,2,2,2,2
481237,3,1,0,16,20,0,0,0,0,0,0,0
481238,1,1,20,20,20,20,20,20,20,20,20,20
481238,2,1,0,0,0,0,0,0,0,0,0,0
481239,1,1,18,39,18,0,18,0,12,0,20,0
481240,0,1,0,0,0,0,0,0,0,0,0,0
481240,1,1,0,0,16,0,0,17,10,30,0,0
481241,1,1,8,8,8,8,8,8,8,8,8,8
481241,2,1,0,0,0,0,0,0,0,0,0,0
481242,1,1,0,0,0,0,0,0,0,0,0,0
481242,2,1,0,0,0,0,0,0,0,0,0,9
481243,1,1,14,25,14,0,10,0,23,0,0,0
481244,1,1,13,13,13,13,13,13,13,13,13,13
481245,1,1,6,0,15,0,0,0,33,33,0,21
481246,1,1,3,3,3,3,3,3,3,3,3,3
481246,2,1,0,0,0,4,26,0,0,21,15,0
481247,1,1,0,15,12,12,20,9,12,16,12,0
481247,2,1,13,0,0,12,0,0,0,4,6,0
481248,1,1,16,16,16,16,16,16,16,16,16,16
481249,1,1,0,0,0,0,0,0,0,0,0,0
481249,3,1,0,0,0,0,0,0,0,0,0,0
481250,1,1,0,0,0,0,0,0,0,0,0,0
481251,1,1,0,5,15,0,0,19,4,0,0,0
481252,1,1,0,0,0,0,0,0,0,0,0,0
481253,1,1,0,0,0,0,0,0,0,0,0,0
481254,1,1,13,13,13,13,13,13,13,13,13,13
481255,1,1,0,0,14,0,0,0,0,24,0,0
481256,0,1,10,10,10,10,10,10,10,10,10,10
481256,1,1,12,0,0,0,0,0,0,0,0,12
481257,1,1,0,0,0,16,0,0,0,25,0,0
481257,2,1,0,20,0,0,0,0,0,0,0,15
481258,1,1,9,20,14,31,10,19,16,0,0,22
481259,1,1,0,0,0,0,0,0,0,0,0,0
481259,2,1,0,0,0,0,0,6,0,0,0,0
481260,1,1,0,0,0,0,0,0,0,0,0,0
481260,2,1,0,19,0,16,20,0,0,0,0,0
481261,1,1,11,11,11,11,11,11,11,11,11,11
481261,2,1,0,6,6,11,0,0,0,0,0,16
481262,1,1,23,23,23,23,23,23,23,23,23,23
481263,0,1,0,0,0,0,29,0,0,0,0,0
481263,1,1,0,30,19,0,0,0,0,15,25,28
481264,1,1,0,0,0,0,0,0,0,0,0,0
481265,0,1,0,0,0,0,0,0,0,0,0,0
481265,1,1,0,0,0,0,0,0,0,0,6,16
481266,1,1,0,0,0,0,0,0,0,0,0,0
481266,2,1,0,0,0,0,0,0,0,0,0,0
481267,0,1,0,0,5,0,0,0,10,0,16,18
481267,1,1,0,0,8,0,0,0,0,0,0,0
481268,1,1,19,14,9,10,10,28,8,14,7,8
481269,1,1,0,0,0,0,0,0,0,0,0,0
481270,1,1,0,0,35,0,30,0,0,0,0,23
481271,1,1,0,0,0,0,0,0,0,0,0,0
481271,2,1,0,0,0,0,0,29,0,0,0,0
481273,1,1,0,0,0,0,0,0,0,0,0,0
481273,2,1,0,0,0,0,0,0,0,0,0,0
481274,1,1,0,20,8,33,0,0,0,0,0,19
481274,2,1,0,0,0,0,0,0,0,0,0,0
481275,1,1,0,0,0,0,0,0,0,0,0,0
481275,2,1,0,0,12,0,0,0,0,0,0,0
481276,1,1,0,0,4,0,0,0,0,0,0,0
481276,2,1,0,0,0,0,0,0,0,0,0,0
481277,0,1,9,0,0,0,0,29,0,0,0,7
481277,1,1,0,0,23,0,0,0,0,0,20,0
481278,1,1,6,0,0,0,0,0,0,0,0,0
481278,2,1,0,0,0,0,0,0,0,0,0,0
481279,0,1,1,1,1,1,1,1,1,1,1,1
481279,1,1,0,20,16,0,0,0,0,0,0,7
481279,2,1,0,0,0,0,7,0,0,0,0,0
481279,3,1,0,0,0,0,0,10,22,0,0,0
481279,4,1,0,0,25,0,0,29,0,0,0,0
481280,0,1,6,6,6,6,6,6,6,6,6,6
481280,1,1,0,0,29,7,5,0,29,0,0,0
481281,1,1,0,22,0,0,17,0,0,0,0,0
481281,2,1,0,0,0,0,0,0,0,0,0,0
481282,1,1,16,16,16,16,16,16,16,16,16,16
481283,1,1,0,0,0,0,0,0,0,0,0,0
481283,2,1,0,0,0,0,0,0,0,0,0,0
481285,1,1,0,0,23,27,14,13,15,38,34,40
481286,1,1,25,25,25,25,25,25,25,25,25,25
481286,2,1,10,0,4,0,0,0,0,3,19,7
481287,1,1,0,0,25,0,7,0,13,0,0,0
481287,2,1,0,0,0,0,0,0,0,0,0,0
481288,1,1,17,17,17,17,17,17,17,17,17,17
481289,0,1,0,0,0,0,0,0,0,0,0,0
481289,1,1,0,7,0,0,0,0,0,0,31,0
481290,0,1,11,0,0,7,8,0,0,0,23,21
481290,1,1,0,0,0,0,0,0,0,0,0,0
481291,1,1,11,11,11,11,11,11,11,11,11,11
481292,1,1,13,13,13,13,13,13,13,13,13,13
481292,2,1,0,0,0,4,6,0,0,16,0,0
481293,1,1,0,0,0,0,0,0,0,0,0,0
481293,2,1,0,0,0,0,17,5,0,12,0,28
481294,1,1,15,11,0,0,0,21,0,0,9,0
481295,1,1,11,0,0,0,0,0,0,0,0,0
481295,2,1,0,0,0,0,0,0,0,0,0,9
481296,1,1,0,0,0,0,0,0,0,0,0,0
481297,0,1,0,0,0,0,0,0,0,0,0,0
481297,1,1,0,13,0,0,0,15,0,0,0,25
481298,1,1,0,0,0,0,24,0,0,0,0,0
481298,2,1,0,0,0,10,0,8,0,0,19,0
481299,1,1,5,5,5,5,5,5,5,5,5,5
481299,2,1,0,9,0,0,12,0,0,9,0,21
481300,0,1,14,14,14,14,14,14,14,14,14,14
481300,1,1,16,10,0,8,0,0,10,0,0,0
481300,2,1,18,0,0,0,9,17,0,0,0,0
481300,3,1,0,0,0,0,0,0,0,0,19,0
481300,4,1,17,14,0,12,0,0,0,0,18,0
481301,0,1,8,0,10,0,21,22,0,0,0,0
481301,0,2,17,26,17,0,15,1,26,0,0,0
481301,1,1,11,11,11,11,11,11,11,11,11,11
481302,1,1,17,17,17,17,17,17,17,17,17,17
481303,1,1,0,0,20,0,0,0,0,0,0,0
481303,2,1,0,2,7,0,0,0,0,0,0,0
481304,1,1,21,21,21,21,21,21,21,21,21,21
481305,1,1,23,23,23,23,23,23,23,23,23,23
481307,0,1,0,0,0,0,0,0,0,0,0,0
481307,1,1,0,0,0,14,0,0,0,0,0,0
481308,1,1,16,16,16,16,16,16,16,16,16,16
481309,0,1,0,0,0,0,0,0,0,0,0,0
481309,1,1,14,14,14,14,14,14,14,14,14,14
481310,1,1,0,0,0,0,0,0,0,0,0,0
481310,2,1,0,0,0,0,0,0,0,0,0,0
481311,1,1,0,0,24,5,0,0,7,0,0,0
481311,2,1,0,0,0,0,0,0,0,0,0,18
481312,0,1,0,0,0,0,0,0,0,0,0,0
481312,1,1,0,0,0,13,0,0,3,0,0,5
481313,0,1,0,0,0,0,0,0,0,0,0,0
481313,1,1,0,0,0,0,0,0,0,0,0,0
481314,1,1,0,12,0,17,0,30,23,14,24,29
481315,1,1,0,0,0,0,0,0,0,0,0,0
481315,2,1,0,0,0,0,0,0,0,0,0,0
481316,1,1,0,0,0,20,0,0,0,0,0,0
481316,2,1,0,0,19,0,0,0,0,0,0,0
481317,0,1,0,0,0,0,0,0,0,0,0,0
481317,1,1,0,0,0,0,0,0,0,0,0,0
481317,3,1,0,15,0,0,0,0,0,0,0,0
481319,1,1,0,0,0,0,11,0,17,0,0,0
481319,2,1,20,24,13,15,0,16,23,0,18,0
481320,0,1,6,6,6,6,6,6,6,6,6,6
481320,1,1,0,0,7,0,0,20,12,0,0,0
481321,1,1,0,0,0,0,0,0,0,0,14,0
481321,2,1,0,0,10,0,0,9,0,0,0,0
481322,0,1,16,16,16,16,16,16,16,16,16,16
481322,1,1,9,9,9,9,9,9,9,9,9,9
481323,1,1,0,0,0,0,0,0,0,0,0,0
481323,2,1,0,0,0,0,0,6,0,0,0,0
481324,1,1,0,0,0,0,0,0,0,0,0,0
481324,2,1,12,0,0,0,0,0,0,12,0,0
481325,1,1,0,0,0,0,0,0,0,0,0,0
481326,1,1,23,23,23,23,23,23,23,23,23,23
481327,1,1,0,0,0,0,0,0,0,0,0,0
481327,2,1,0,0,0,0,0,0,0,7,0,14
481328,0,1,0,0,0,0,0,0,0,0,0,0
481328,1,1,0,0,0,0,12,0,8,0,0,0
481329,0,1,0,0,0,0,0,0,0,0,0,0
481329,1,1,4,0,0,0,0,0,0,7,4,0
481330,1,1,28,0,12,0,16,0,0,0,17,0
481330,2,1,0,0,0,6,0,0,0,0,0,0
481331,1,1,0,0,0,0,0,21,0,8,0,0
481331,2,1,0,0,0,0,0,0,0,0,0,0
481332,1,1,0,0,0,16,0,0,9,0,11,34
481332,2,1,13,0,0,0,7,0,0,16,6,0
481333,0,1,10,0,7,27,2,9,0,0,0,24
481333,1,1,0,0,0,0,0,0,0,0,23,14
481333,2,1,0,0,0,0,0,0,0,0,0,0
481334,1,1,24,0,0,16,3,7,0,0,10,16
481335,0,1,0,0,0,0,0,0,0,0,0,0
481335,1,1,0,0,0,0,0,37,11,0,0,30
481336,1,1,0,0,0,0,0,0,0,0,0,0
481336,2,1,0,0,0,0,0,0,0,0,0,0
481336,3,1,0,0,0,0,0,0,0,0,0,0
481337,1,1,0,0,0,0,0,0,0,0,0,0
481338,1,1,0,0,0,0,0,0,0,0,0,0
481338,2,1,0,0,0,0,0,0,0,0,0,0
481339,1,1,0,14,19,24,12,9,33,0,0,17
481340,1,1,0,0,0,0,16,0,0,36,0,18
481341,0,1,0,0,0,0,0,0,0,0,14,0
481341,1,1,0,0,17,0,0,0,0,0,0,0
481342,1,1,0,0,0,0,0,0,0,0,0,0
481343,1,1,17,17,17,17,17,17,17,17,17,17
481344,1,1,0,0,0,0,0,0,0,0,0,0
481344,2,1,0,0,0,17,0,0,0,22,0,0
481345,1,1,15,15,15,15,15,15,15,15,15,15
481345,2,1,0,0,0,0,0,0,0,0,0,0
481346,1,1,0,0,0,0,0,0,0,0,0,0
481347,1,1,25,25,25,25,25,25,25,25,25,25
481347,2,1,0,0,0,0,18,4,0,0,0,0
481348,1,1,0,0,11,18,0,0,0,0,0,13
481348,2,1,0,0,0,0,0,0,0,0,0,5
481348,3,1,20,0,0,0,0,3,0,0,0,10
481349,1,1,0,18,21,0,0,0,0,0,0,0
481349,2,1,0,0,0,0,0,0,0,0,0,0
481350,1,1,0,0,0,0,0,0,0,0,0,0
481350,2,1,0,0,0,0,0,0,0,0,0,0
481351,1,1,9,0,0,0,0,0,0,0,0,14
481352,1,1,15,15,15,15,15,15,15,15,15,15
481353,1,1,15,36,6,14,31,0,20,9,7,7
481353,2,1,0,0,0,0,0,0,0,0,0,0
481354,1,1,0,17,5,0,0,0,0,0,0,6
481354,2,1,0,0,0,0,0,0,28,0,0,0
481355,1,1,0,0,0,0,0,0,0,0,0,0
481355,2,1,2,0,0,0,6,3,0,0,0,0
481356,1,1,0,0,0,0,0,0,0,0,0,0
481356,2,1,0,0,0,0,0,0,0,0,15,0
481356,3,1,0,0,16,0,0,0,0,0,0,0
481357,1,1,21,0,23,0,0,0,0,33,0,0
481357,2,1,0,0,0,14,5,0,27,0,3,0
481357,3,1,11,0,0,0,0,0,0,0,0,14
481358,1,1,17,17,17,17,17,17,17,17,17,17
481359,1,1,21,21,21,21,21,21,21,21,21,21
481360,1,1,9,0,0,0,0,0,0,0,0,0
481360,2,1,0,29,0,16,0,0,22,0,0,0
481361,1,1,0,0,0,0,0,0,0,22,31,0
481361,2,1,0,0,0,0,0,0,0,0,0,0
481361,3,1,0,0,0,0,0,0,0,0,0,0
481361,4,1,0,0,0,0,20,16,0,0,0,0
481362,1,1,19,6,0,0,10,0,31,0,0,0
481363,1,1,0,0,0,0,0,0,0,0,0,0
481363,2,1,0,0,0,0,0,0,0,0,0,0
481364,1,1,0,0,0,0,0,0,0,0,0,0
481364,2,1,0,0,0,0,0,0,0,0,0,0
481365,1,1,0,22,0,0,0,0,0,0,0,0
481365,2,1,0,0,0,0,0,0,0,0,0,0
481366,1,1,0,0,0,0,0,0,0,0,0,0
481366,2,1,0,0,0,0,0,0,0,0,0,0
481367,1,1,0,0,0,0,0,0,0,0,0,0
481367,2,1,0,0,0,0,0,0,0,0,0,0
481367,3,1,0,16,0,0,0,17,0,0,0,32
481368,0,1,0,0,20,0,30,0,0,0,17,24
481368,1,1,0,0,0,33,0,0,29,15,0,0
481368,2,1,16,0,0,0,0,0,8,15,0,0
481368,3,1,0,0,16,0,0,6,11,16,5,14
481369,1,1,0,0,0,0,0,0,0,0,0,0
481370,1,1,9,0,0,0,17,0,0,0,9,0
481370,2,1,0,0,8,11,14,0,0,0,0,0
481371,0,1,0,0,0,0,0,0,0,0,0,0
481371,1,1,20,0,15,17,0,8,0,0,0,0
481372,1,1,0,9,0,0,15,15,32,0,0,0
481372,2,1,0,0,10,20,12,0,0,0,15,0
481373,1,1,10,6,10,11,8,13,15,6,10,7
481374,1,1,0,0,0,0,0,0,0,0,0,0
481375,1,1,0,0,0,0,0,0,0,0,0,0
481375,2,1,0,0,0,0,0,0,0,0,0,20
481376,1,1,0,0,0,0,0,0,0,0,0,0
481376,2,1,0,0,0,0,0,0,0,0,0,0
481377,1,1,24,24,24,24,24,24,24,24,24,24
481377,2,1,0,0,0,0,16,13,0,0,0,0
481378,0,1,0,0,0,0,0,0,0,0,0,0
481378,1,1,0,0,0,23,0,22,0,0,0,0
481379,1,1,8,0,0,0,0,0,37,0,30,0
481380,1,1,0,0,0,0,0,21,0,0,16,0
481380,2,1,0,0,20,0,0,22,0,20,0,0
481381,0,1,26,37,36,20,6,33,0,32,0,28
481381,1,1,0,0,0,0,12,0,0,0,0,9
481382,0,1,19,24,0,44,0,0,28,0,0,0
481382,1,1,0,0,0,0,0,0,0,0,10,14
481383,1,1,0,0,27,0,0,15,16,0,0,12
481384,1,1,0,0,0,0,0,0,0,0,0,0
481384,2,1,0,21,0,0,7,0,0,22,0,0
481386,1,1,0,0,0,0,0,0,0,0,0,0
481386,2,1,0,0,0,6,0,0,0,0,0,0
481387,1,1,0,0,0,0,0,0,0,41,0,0
481387,2,1,6,20,0,0,26,0,6,0,12,6
481387,3,1,19,0,0,0,0,0,19,0,17,0
481388,1,1,0,0,0,0,0,0,0,0,59,13
481388,2,1,0,0,15,0,9,0,0,0,0,0
481389,1,1,12,12,12,12,12,12,12,12,12,12
481389,2,1,0,0,6,0,0,0,0,0,7,0
481390,1,1,0,0,0,0,0,0,0,0,0,0
481391,0,1,27,27,27,27,27,27,27,27,27,27
481391,1,1,0,0,0,0,0,13,16,12,0,6
481393,0,1,16,16,16,16,16,16,16,16,16,16
481393,1,1,0,0,0,6,0,20,0,0,0,0
481394,1,1,0,0,0,0,9,19,3,0,16,18
481394,2,1,12,0,6,24,0,0,23,16,0,0
481395,1,1,0,0,0,0,0,0,0,0,0,0
481395,2,1,14,0,0,0,0,0,12,0,0,0
481395,3,1,0,0,0,0,0,0,0,0,0,0
481396,1,1,0,0,0,0,0,0,0,0,0,0
481397,1,1,0,0,0,0,0,0,0,0,0,0
481397,2,1,3,0,0,0,0,0,0,0,0,0
481398,1,1,0,0,0,0,0,0,0,0,0,0
481398,2,1,0,0,9,17,0,0,0,2,0,0
481399,1,1,12,12,12,12,12,12,12,12,12,12
481400,1,1,0,0,0,0,0,0,0,0,0,0
481400,2,1,0,0,0,0,6,0,0,0,0,0
481401,1,1,0,0,0,0,0,0,0,0,0,0
481401,2,1,0,0,0,0,8,0,0,0,0,0
481402,1,1,0,0,0,15,0,0,0,0,0,6
481402,2,1,0,0,0,0,0,0,0,0,0,0
481403,1,1,0,0,0,0,0,0,18,0,0,0
481404,0,1,35,35,35,35,35,35,35,35,35,35
481404,1,1,0,0,0,0,0,0,0,0,0,0
481405,1,1,0,0,0,0,0,0,0,0,0,0
481405,2,1,0,0,0,5,0,0,0,0,0,0
481406,1,1,0,0,0,0,0,0,0,0,0,0
481407,1,1,0,0,0,0,0,22,0,0,0,0
481407,2,1,0,0,0,0,0,0,0,0,0,0
481407,3,1,19,0,0,0,0,0,0,4,0,0
481407,4,1,0,0,0,0,0,0,0,0,0,0
481407,5,1,0,23,0,0,22,0,0,0,0,0
481408,0,1,0,0,0,0,0,0,0,0,0,0
481408,1,1,0,15,21,0,23,0,0,0,9,32
481409,1,1,0,0,0,0,0,0,0,0,0,0