ST_CASE,VEH_NO,PER_NO,P1,P2,P3,P4,P5,P6,P7,P8,P9,P10
481410,1,1,0,0,0,0,0,0,0,0,0,0
481410,2,1,0,5,0,0,0,15,0,0,0,0
481410,3,1,0,0,0,0,0,0,0,0,0,0
481411,1,1,16,21,0,0,0,0,0,13,15,14
481411,2,1,0,0,0,0,0,0,0,0,0,0
481412,1,1,0,0,0,0,0,0,0,0,0,0
481412,2,1,0,0,0,0,0,0,0,0,0,0
481412,3,1,0,0,0,0,0,0,0,0,15,0
481412,4,1,0,0,0,0,0,0,0,0,0,0
481413,1,1,5,5,5,5,5,5,5,5,5,5
481413,2,1,0,0,0,0,0,0,0,0,0,6
481414,1,1,7,0,10,0,0,0,0,0,8,0
481414,2,1,0,0,0,0,0,0,0,0,0,0
481415,1,1,24,13,7,0,0,22,12,0,0,0
481415,2,1,0,0,0,0,0,0,0,0,0,0
481416,1,1,0,0,0,0,0,0,0,0,0,0
481416,2,1,0,0,0,0,0,0,0,0,4,14
481417,1,1,0,12,25,20,13,28,17,6,0,0
481418,1,1,10,10,10,10,10,10,10,10,10,10
481418,2,1,0,0,0,0,9,0,23,0,0,24
481418,3,1,4,4,4,4,4,4,4,4,4,4
481419,0,1,15,15,15,15,15,15,15,15,15,15
481419,1,1,0,0,0,0,0,0,13,0,0,0
481420,0,1,33,0,19,0,0,0,24,13,22,14
481420,0,2,0,0,0,0,0,0,0,0,0,0
481420,1,1,0,3,0,0,0,0,0,0,0,0
481421,1,1,5,5,5,5,5,5,5,5,5,5
481421,2,1,19,0,0,0,0,0,0,0,0,0
481421,3,1,0,0,0,0,0,0,0,0,0,36
481421,4,1,0,0,0,0,0,0,0,0,0,0
481421,5,1,0,0,16,15,0,0,0,11,6,4
481422,0,1,34,3,0,0,0,0,0,27,0,0
481422,1,1,0,12,0,10,30,0,16,0,0,17
481423,1,1,0,0,0,0,0,0,0,0,0,0
481424,1,1,0,0,0,15,0,0,0,0,0,0
481425,1,1,3,0,0,13,0,2,19,0,0,0
481425,2,1,0,0,0,0,0,0,0,0,0,0
481426,1,1,0,0,0,8,0,23,0,0,0,18
481426,2,1,20,8,0,0,0,0,7,0,0,0
481427,1,1,0,0,0,0,0,0,0,0,0,0
481427,2,1,0,0,0,0,0,3,14,0,0,0
481427,3,1,0,0,15,0,0,0,0,12,0,28
481428,1,1,29,29,29,29,29,29,29,29,29,29
481428,2,1,0,0,0,0,0,27,16,0,0,0
481429,1,1,1,1,1,1,1,1,1,1,1,1
481429,2,1,0,2,0,0,0,0,0,0,0,0
481430,1,1,0,0,0,13,0,0,0,0,0,0
481430,2,1,0,0,0,0,0,0,0,0,0,0
481431,1,1,0,0,0,0,0,0,0,0,0,0
481431,2,1,0,0,0,0,0,0,0,0,0,0
481432,1,1,0,0,0,0,0,0,0,0,0,0
481432,2,1,0,0,0,0,0,0,0,0,0,0
481433,1,1,0,0,0,0,0,0,6,0,0,0
481433,2,1,0,0,0,0,0,0,0,0,0,0
481434,1,1,0,0,0,0,0,0,0,0,0,0
481435,1,1,0,0,0,0,0,0,0,0,0,0
481435,2,1,0,0,0,0,5,0,0,0,0,0
481435,3,1,0,0,0,0,0,7,0,0,0,0
481436,1,1,0,0,0,6,0,0,0,0,6,10
481437,1,1,7,7,7,7,7,7,7,7,7,7
481438,1,1,11,16,20,16,23,0,16,0,0,0
481439,0,1,26,26,26,26,26,26,26,26,26,26
481439,1,1,0,0,0,0,33,6,27,4,0,0
481440,1,1,0,0,0,0,0,0,3,0,0,10
481440,2,1,0,0,0,0,0,0,0,0,0,0
481441,0,1,0,0,0,0,0,0,0,0,0,0
481441,1,1,0,0,0,0,0,0,0,0,0,0
481442,1,1,0,0,0,0,0,0,0,0,0,0
481443,1,1,20,22,0,29,10,0,0,13,15,28
481444,1,1,0,13,0,0,0,0,0,0,0,0
481444,2,1,0,0,0,0,0,0,0,0,0,0
481445,1,1,16,16,26,0,17,0,0,0,0,22
481445,2,1,12,0,18,0,0,0,0,0,14,0
481446,1,1,16,0,16,0,0,0,0,0,0,15
481446,2,1,1,1,1,1,1,1,1,1,1,1
481447,0,1,2,2,2,2,2,2,2,2,2,2
481447,1,1,0,0,0,0,0,0,0,0,0,0
481448,1,1,11,11,11,11,11,11,11,11,11,11
481449,0,1,0,0,0,0,0,0,0,0,0,0
481449,1,1,14,19,24,10,0,19,0,0,0,17
481450,1,1,0,0,16,11,20,0,0,45,0,0
481451,1,1,0,0,0,0,0,0,0,0,0,0
481452,1,1,29,29,29,29,29,29,29,29,29,29
481452,2,1,0,0,0,0,0,0,0,0,0,0
481453,1,1,34,34,34,34,34,34,34,34,34,34
481454,1,1,0,0,0,0,0,0,0,0,0,0
481454,2,1,0,0,0,0,0,0,0,0,0,0
481454,3,1,0,0,0,0,0,0,0,0,0,0
481455,0,1,0,0,0,0,0,0,0,0,0,0
481455,1,1,0,0,0,0,0,0,0,0,0,0
481456,1,1,19,6,10,21,20,24,19,27,13,14
481457,1,1,0,0,0,0,0,0,0,0,0,0
481459,1,1,34,0,0,25,21,24,0,0,0,0
481459,2,1,0,0,0,47,28,0,0,0,0,10
481460,1,1,0,0,0,0,0,0,0,0,0,0
481460,2,1,0,0,0,0,0,0,0,0,0,0
481461,1,1,9,0,15,0,21,19,27,13,13,19
481462,1,1,14,14,14,14,14,14,14,14,14,14
481462,2,1,0,0,0,0,0,0,0,0,0,0
481463,1,1,24,24,24,24,24,24,24,24,24,24
481464,0,1,0,0,16,0,43,0,41,10,0,0
481464,1,1,41,0,0,0,0,0,0,0,25,0
481465,1,1,0,0,0,0,0,0,0,0,0,0
481465,2,1,21,0,0,25,3,5,0,8,0,0
481466,1,1,0,0,0,0,0,0,0,0,0,0
481467,1,1,27,27,27,27,27,27,27,27,27,27
481468,1,1,10,11,24,27,30,31,0,7,18,21
481469,1,1,12,12,12,12,12,12,12,12,12,12
481469,2,1,10,0,0,0,28,0,0,12,0,0
481469,3,1,0,0,0,0,0,0,0,0,0,0
481470,0,1,25,25,25,25,25,25,25,25,25,25
481470,1,1,0,0,12,0,0,0,0,0,4,12
481471,0,1,13,36,11,21,14,26,27,25,6,28
481471,1,1,0,0,17,0,0,0,17,0,12,0
481472,0,1,18,0,9,0,0,14,0,0,13,0
481472,1,1,21,0,21,9,0,0,0,28,0,19
481473,1,1,10,10,10,10,10,10,10,10,10,10
481473,2,1,0,0,0,0,0,0,0,0,6,8
481474,1,1,2,2,2,2,2,2,2,2,2,2
481475,0,1,6,0,0,10,0,0,28,0,0,0
481475,1,1,0,0,0,0,0,0,0,0,0,0
481476,1,1,0,0,0,0,0,14,0,0,4,0
481477,1,1,0,0,0,29,11,0,0,10,0,0
481477,2,1,0,0,0,0,0,0,0,0,0,0
481478,1,1,16,16,16,16,16,16,16,16,16,16
481479,0,1,17,36,23,0,0,21,0,0,32,25
481479,1,1,0,0,0,17,0,0,0,0,0,0
481480,1,1,14,14,14,14,14,14,14,14,14,14
481481,0,1,0,0,0,0,0,0,0,0,0,0
481481,1,1,6,0,0,0,0,0,0,4,0,0
481482,1,1,0,26,0,0,0,0,0,0,0,0
481482,2,1,17,24,4,0,0,10,0,14,0,14
481483,1,1,0,4,14,15,0,26,19,29,14,0
481484,1,1,0,0,0,16,0,11,0,0,10,0
481484,2,1,0,0,0,0,0,0,0,0,0,0
481485,0,1,0,0,0,0,0,0,0,0,0,9
481485,0,2,0,0,0,0,0,0,0,0,0,0
481485,0,3,16,0,0,0,0,10,0,13,0,0
481485,1,1,0,0,0,0,19,0,0,13,29,0
481486,1,1,18,18,18,18,18,18,18,18,18,18
481486,2,1,0,0,0,18,0,0,0,18,0,15
481487,1,1,15,15,15,15,15,15,15,15,15,15
481487,2,1,0,14,0,0,0,0,0,0,0,0
481487,3,1,0,0,0,0,20,0,0,0,7,0
481488,0,1,30,10,0,0,0,0,0,16,0,0
481488,1,1,0,0,23,15,0,0,0,0,0,18
481489,1,1,36,7,0,0,0,12,25,0,0,24
481490,1,1,0,0,0,0,0,0,0,0,0,0
481491,0,1,0,0,0,0,0,0,0,0,0,0
481491,1,1,0,0,0,0,9,0,3,0,0,0
481492,1,1,0,0,0,0,0,0,0,0,0,0
481493,1,1,3,3,3,3,3,3,3,3,3,3
481494,1,1,17,17,17,17,17,17,17,17,17,17
481494,2,1,0,6,0,0,0,0,25,0,0,4
481495,1,1,0,16,0,0,0,0,0,0,0,0
481495,2,1,0,0,0,0,11,0,18,0,0,0
481496,0,1,14,0,46,0,0,12,17,8,44,0
481496,1,1,14,7,0,0,0,0,20,15,17,21
481497,1,1,14,14,14,14,14,14,14,14,14,14
481497,2,1,13,0,0,9,0,0,16,0,0,7
481497,3,1,0,0,0,0,27,0,0,0,0,0
481498,0,1,0,43,0,0,0,0,0,0,0,0
481498,0,2,0,0,0,23,13,0,21,17,0,14
481498,0,3,19,0,0,0,0,0,23,0,0,0
481498,1,1,0,0,0,0,0,0,0,16,0,0
481498,2,1,14,0,0,0,0,0,0,0,21,0
481498,3,1,0,13,0,0,0,0,0,7,8,0
481498,4,1,0,0,0,0,0,0,0,0,0,0
481499,1,1,0,0,0,0,0,0,0,0,0,0
481499,2,1,0,0,0,0,0,0,0,0,0,0
481500,1,1,0,0,0,0,0,4,0,0,0,0
481500,2,1,0,0,0,16,0,0,0,0,0,0
481500,3,1,0,0,0,0,0,0,0,0,0,0
481501,0,1,0,0,0,0,0,0,0,26,0,0
481501,1,1,0,0,0,0,20,0,0,0,0,0
481502,1,1,0,0,0,0,0,0,0,19,10,13
481503,0,1,0,0,26,34,0,5,0,10,0,0
481503,1,1,0,0,0,0,0,0,0,0,25,0
481504,0,1,0,0,0,0,0,0,0,0,0,0
481504,0,2,19,0,0,0,26,0,0,0,22,0
481504,1,1,0,0,0,0,0,0,0,8,0,0
481505,0,1,0,0,0,0,0,0,0,0,0,0
481505,1,1,0,0,0,0,0,0,0,0,0,0
481506,0,1,0,0,0,0,0,0,0,0,0,0
481506,1,1,0,0,0,0,5,0,12,0,19,0
481507,1,1,0,0,0,0,0,0,0,0,0,0
481508,0,1,0,0,0,0,0,0,0,0,0,0
481508,1,1,0,0,0,0,0,0,0,0,0,0
481509,0,1,26,26,26,26,26,26,26,26,26,26
481509,1,1,0,0,12,0,13,0,0,23,36,0
481509,2,1,19,0,12,0,0,5,0,0,0,0
481510,0,1,0,0,0,0,0,0,0,0,0,0
481510,1,1,0,35,0,0,0,0,21,0,23,0
481511,1,1,6,6,6,6,6,6,6,6,6,6
481511,2,1,0,0,0,0,0,0,0,0,0,0
481512,1,1,0,25,0,0,17,29,0,0,0,0
481513,0,1,0,0,0,0,0,31,0,0,0,12
481513,1,1,0,0,29,22,0,0,22,30,0,0
481514,0,1,2,2,2,2,2,2,2,2,2,2
481514,1,1,0,0,0,0,0,0,0,0,0,0
481515,1,1,0,0,13,0,0,7,23,9,0,14
481516,0,1,0,0,0,0,0,0,0,0,0,0
481516,1,1,0,0,0,0,0,0,0,0,0,0
481517,0,1,33,33,33,33,33,33,33,33,33,33
481517,1,1,0,6,14,9,0,0,0,0,0,5
481518,1,1,0,0,0,0,0,0,18,0,9,0
481519,1,1,0,0,0,11,0,0,23,0,0,13
481519,2,1,16,0,0,24,14,0,0,0,3,0
481520,0,1,0,0,17,0,0,0,19,27,0,0
481520,1,1,0,28,0,0,0,0,25,0,0,0
481520,2,1,0,0,26,0,0,0,0,0,0,0
481521,1,1,1,1,1,1,1,1,1,1,1,1
481522,1,1,16,16,16,16,16,16,16,16,16,16
481523,1,1,0,0,8,0,0,0,0,0,15,15
481523,2,1,0,0,0,0,0,0,0,0,0,0
481524,1,1,0,20,0,0,0,0,0,0,24,0
481525,1,1,0,0,0,0,0,0,0,0,0,0
481525,2,1,0,0,25,17,28,0,0,0,23,0
481526,1,1,0,0,0,26,0,0,0,6,0,27
481526,2,1,21,0,0,19,10,34,0,10,10,0
481527,1,1,0,0,30,21,23,0,0,5,0,0
481527,2,1,0,0,0,0,0,0,0,0,0,0
481528,1,1,20,8,0,24,0,14,0,0,44,0
481529,1,1,18,12,7,0,13,0,0,11,0,0
481530,1,1,0,11,0,0,0,22,0,27,16,19
481531,1,1,6,6,6,6,6,6,6,6,6,6
481532,1,1,0,12,19,0,14,0,14,0,17,0
481532,2,1,0,0,0,0,0,0,0,0,0,0
481533,1,1,15,0,0,0,0,0,0,0,0,0
481533,2,1,0,0,0,0,0,0,0,0,0,0
481534,1,1,0,0,0,0,0,0,0,0,0,0
481534,2,1,0,0,0,0,0,0,0,0,0,6
481535,1,1,22,22,22,22,22,22,22,22,22,22
481536,1,1,0,0,0,0,22,20,25,32,0,4
481537,1,1,19,0,13,20,9,0,13,0,0,25
481538,1,1,20,7,3,18,15,5,11,36,11,14
481539,1,1,26,16,19,32,27,8,11,17,31,20
481540,0,1,0,0,0,0,0,0,0,0,0,0
481540,1,1,5,0,0,0,0,9,0,13,48,20
481541,1,1,0,0,0,0,0,0,0,0,0,0
481541,2,1,0,0,0,0,0,0,0,0,0,0
481542,1,1,22,22,22,22,22,22,22,22,22,22
481542,2,1,0,0,0,0,0,0,0,0,0,0
481544,1,1,2,2,2,2,2,2,2,2,2,2
481545,0,1,0,0,0,0,0,0,0,0,0,0
481545,1,1,0,27,0,0,23,24,21,0,0,0
481546,1,1,0,0,0,0,0,0,0,0,0,0
481546,2,1,11,0,0,0,0,0,0,0,0,0
481547,1,1,0,6,0,0,0,0,0,0,0,0
481548,1,1,14,24,24,16,3,33,27,19,18,22
481549,1,1,0,0,0,0,0,0,0,12,0,0
481549,2,1,0,0,0,0,0,0,0,0,0,0
481550,0,1,24,24,24,24,24,24,24,24,24,24
481550,1,1,0,0,18,0,10,0,8,8,10,0
481551,0,1,6,0,0,24,0,0,0,0,0,0
481551,1,1,31,0,0,9,20,0,8,10,0,0
481552,1,1,0,0,0,0,0,0,0,0,0,0
481552,2,1,0,0,0,0,0,0,0,0,0,0
481552,3,1,8,0,0,0,0,0,18,0,0,6
481553,1,1,14,14,14,14,14,14,14,14,14,14
481553,2,1,14,14,14,14,14,14,14,14,14,14
481554,1,1,23,0,0,0,0,0,23,0,9,21
481555,0,1,0,29,18,0,0,12,41,0,0,5
481555,1,1,0,9,0,0,0,10,5,15,0,0
481556,1,1,0,0,0,0,0,0,0,0,0,0
481556,2,1,0,0,0,0,0,0,0,0,0,0
481556,3,1,0,0,0,0,0,0,0,0,0,0
481557,1,1,42,16,12,0,8,39,10,0,21,0
481559,1,1,0,0,0,0,0,5,0,0,0,0
481560,1,1,0,0,0,0,0,0,0,0,0,0
481560,2,1,0,0,0,0,0,0,0,0,0,0
481561,0,1,0,0,0,0,0,0,0,0,0,0
481561,1,1,0,0,0,0,0,9,0,0,0,0
481562,1,1,0,0,0,0,0,0,0,0,0,0
481563,1,1,15,15,15,15,15,15,15,15,15,15
481563,2,1,0,0,0,0,0,0,0,0,0,0
481564,1,1,0,0,0,0,0,0,0,0,0,0
481565,1,1,0,0,0,0,0,0,0,0,0,0
481565,2,1,0,0,0,0,24,11,0,0,7,12
481566,1,1,0,4,0,0,6,0,16,0,0,0
481566,2,1,0,0,0,0,0,0,19,14,0,0
481566,3,1,0,16,0,0,0,0,7,0,0,0
481566,4,1,0,8,0,0,0,0,0,0,0,0
481566,5,1,0,0,0,0,0,0,0,0,0,0
481566,6,1,0,5,0,0,0,0,0,0,0,0
481567,1,1,0,0,0,0,0,0,0,0,0,0
481568,1,1,10,0,0,0,0,12,22,0,0,0
481569,1,1,0,0,0,0,0,0,0,21,0,0
481569,2,1,0,0,0,0,0,0,14,0,0,0
481569,3,1,0,0,0,0,0,0,0,6,0,0
481569,4,1,19,0,0,0,0,0,0,0,0,0
481570,1,1,13,7,0,0,0,4,0,18,0,0
481570,2,1,0,0,0,0,17,0,0,0,0,0
481571,0,1,0,0,0,0,0,0,0,0,0,24
481571,1,1,7,7,0,17,0,22,0,12,0,16
481571,2,1,14,7,27,0,0,16,0,0,0,0
481572,1,1,19,4,0,0,29,32,8,0,24,17
481572,2,1,11,0,0,39,0,16,9,0,19,10
481573,0,1,10,0,0,18,0,27,22,0,0,0
481573,1,1,0,17,0,0,0,0,0,0,0,16
481574,1,1,0,0,0,0,0,0,0,0,0,0
481576,1,1,0,0,0,0,0,0,0,0,0,0
481577,1,1,13,13,13,13,13,13,13,13,13,13
481578,1,1,5,0,0,36,10,0,0,17,19,19
481579,1,1,0,0,0,5,0,0,0,0,0,0
481580,1,1,0,0,0,0,0,0,0,0,0,0
481581,1,1,15,15,15,15,15,15,15,15,15,15
481582,1,1,0,0,23,0,0,0,0,0,0,0
481582,2,1,0,4,7,25,0,0,0,8,0,9
481583,1,1,11,11,11,11,11,11,11,11,11,11
481583,2,1,0,0,0,16,0,0,0,0,0,0
481584,1,1,0,21,0,0,0,0,0,0,0,0
481585,1,1,19,19,19,19,19,19,19,19,19,19
481586,1,1,0,0,0,0,0,0,0,0,0,0
481587,1,1,0,0,0,0,0,0,0,17,0,0
481587,2,1,0,0,0,0,0,23,0,0,0,0
481588,1,1,0,0,0,15,21,0,0,0,0,0
481589,0,1,0,0,24,0,15,0,0,19,0,0
481589,1,1,0,0,0,0,0,0,0,0,0,0
481590,1,1,0,0,0,0,0,0,0,0,0,0
481591,1,1,0,0,0,0,0,0,0,0,0,0
481592,0,1,0,0,0,0,0,0,0,0,0,0
481592,1,1,0,0,0,0,0,0,0,0,0,0
481593,1,1,0,0,0,0,0,0,10,0,0,0
481593,2,1,0,0,0,0,0,0,0,0,0,0
481594,1,1,0,0,0,0,0,0,0,0,0,0
481594,2,1,0,12,0,0,0,0,0,10,24,0
481594,3,1,0,0,0,0,0,0,17,13,0,0
481594,4,1,0,0,0,0,22,19,0,0,7,0
481595,1,1,27,27,27,27,27,27,27,27,27,27
481596,1,1,0,0,0,14,0,20,0,0,31,0
481597,0,1,0,0,0,0,0,0,0,0,0,0
481597,1,1,0,0,0,0,0,0,0,0,0,0
481598,1,1,0,0,0,0,0,0,0,0,0,0
481599,1,1,0,0,3,0,0,16,10,8,6,0
481600,1,1,20,20,20,20,20,20,20,20,20,20
481601,1,1,17,17,17,17,17,17,17,17,17,17
481602,1,1,0,0,0,5,0,0,0,0,8,41
481603,1,1,25,0,20,10,0,26,0,0,0,0
481603,2,1,0,0,0,0,16,0,0,0,0,0
481604,1,1,0,0,0,0,0,0,0,0,0,0
481606,1,1,29,29,29,29,29,29,29,29,29,29
481607,1,1,19,19,19,19,19,19,19,19,19,19
481607,2,1,0,0,30,0,0,19,0,20,0,0
481608,1,1,0,0,0,0,0,0,0,0,0,0
481609,1,1,0,0,0,0,0,0,0,0,0,0
481609,2,1,0,10,21,0,0,0,0,0,0,0
481609,3,1,7,0,0,0,0,0,0,0,0,0
481610,1,1,0,13,0,0,38,0,0,0,0,0
481610,2,1,0,28,11,0,23,0,0,31,12,0
481611,1,1,15,15,15,15,15,15,15,15,15,15
481612,1,1,31,16,17,14,16,49,8,12,2,17
481612,2,1,0,0,0,0,0,0,0,0,0,0
481613,1,1,10,0,0,0,0,0,11,0,0,0
481614,1,1,0,0,0,0,0,0,0,0,0,0
481615,1,1,0,0,12,0,18,0,0,0,25,0
481615,2,1,3,0,0,0,0,23,0,0,0,11
481616,1,1,0,0,0,0,0,8,0,0,0,0
481616,2,1,0,0,0,0,0,0,0,0,0,0
481617,1,1,0,0,0,0,0,0,0,0,0,0
481617,2,1,0,0,0,0,0,0,0,0,0,0
481618,1,1,0,0,0,0,0,0,21,0,0,0
481619,1,1,0,0,0,0,0,0,0,0,0,0
481619,2,1,0,0,0,0,0,0,15,0,0,0
481620,1,1,0,0,0,0,0,0,0,0,0,0
481620,2,1,0,0,4,0,0,0,0,0,0,0
481620,3,1,0,6,0,0,0,12,14,0,0,16
481621,1,1,0,0,0,0,0,0,27,0,0,0
481621,2,1,0,0,0,0,0,0,0,0,28,0
481622,0,1,0,0,5,0,19,0,0,8,0,0
481622,1,1,0,0,0,0,0,0,0,16,0,0
481623,0,1,0,0,0,12,20,19,15,14,0,31
481623,1,1,8,8,0,0,12,0,26,0,0,0
481624,1,1,0,0,0,0,0,0,8,0,0,0
481624,2,1,0,0,0,0,0,0,0,0,0,0
481624,3,1,4,0,0,0,0,0,0,0,24,0
481625,0,1,25,25,25,25,25,25,25,25,25,25
481625,1,1,19,19,19,19,19,19,19,19,19,19
481626,1,1,16,15,0,5,0,0,0,0,0,0
481626,2,1,0,11,0,10,0,0,0,0,0,0
481627,1,1,0,0,0,0,0,0,32,0,0,0
481627,2,1,0,0,0,0,0,0,0,0,0,0
481628,1,1,0,0,0,0,0,0,0,0,0,25
481628,2,1,0,0,0,13,0,0,0,0,0,0
481630,0,1,0,12,0,0,61,0,0,29,0,0
481630,1,1,0,0,0,18,9,0,0,0,5,0
481631,1,1,12,0,9,19,17,0,21,13,24,10
481632,1,1,22,17,5,0,0,34,15,22,15,18
481633,1,1,0,0,0,0,0,0,0,0,0,0
481634,1,1,0,0,0,0,0,0,0,0,0,0
481634,2,1,11,0,28,0,0,0,21,0,0,0
481635,1,1,0,0,0,4,0,0,0,0,0,0
481636,1,1,0,0,0,0,0,0,0,0,0,0
481636,2,1,0,16,0,0,0,0,0,0,0,0
481637,1,1,21,21,21,21,21,21,21,21,21,21
481638,1,1,0,27,0,0,19,9,0,0,0,0
481638,2,1,0,31,26,0,0,0,0,0,0,0
481639,1,1,0,0,0,0,0,19,0,0,0,0
481639,2,1,0,0,0,0,0,0,0,0,0,0
481640,1,1,0,0,0,0,0,0,0,0,0,0
481641,1,1,0,0,0,0,0,0,0,0,0,0
481641,2,1,0,0,0,0,0,0,13,12,15,19
481642,0,1,20,20,20,20,20,20,20,20,20,20
481642,1,1,0,25,29,0,0,0,2,0,15,0
481643,1,1,0,0,0,0,0,0,0,0,0,9
481643,2,1,0,0,0,0,0,0,0,0,0,0
481644,1,1,21,21,21,21,21,21,21,21,21,21
481645,1,1,0,0,0,0,0,0,0,0,0,0
481646,0,1,0,0,0,0,0,0,0,0,0,0
481646,1,1,0,0,0,0,0,0,20,0,30,0
481647,1,1,0,0,0,0,0,0,0,0,9,10
481648,1,1,0,0,0,0,0,0,0,0,0,0
481649,0,1,0,0,0,0,0,0,0,0,0,0
481649,1,1,0,0,0,0,0,0,0,0,0,0
481650,0,1,0,0,0,12,17,10,3,0,0,9
481650,1,1,0,0,0,0,0,0,0,0,0,0
481651,1,1,0,0,9,20,6,26,15,20,10,10
481652,1,1,0,0,0,22,0,0,0,0,0,0
481652,2,1,0,18,33,0,6,0,0,0,10,0
481653,1,1,0,17,18,21,0,13,20,0,6,0
481654,0,1,11,11,11,11,11,11,11,11,11,11
481654,1,1,0,0,0,27,14,0,0,8,3,0
481655,1,1,14,0,18,0,0,0,19,19,0,0
481655,2,1,0,0,42,0,0,0,0,9,0,0
481656,0,1,30,30,30,30,30,30,30,30,30,30
481656,1,1,0,0,8,0,0,0,9,0,29,0
481657,1,1,6,6,6,6,6,6,6,6,6,6
481658,1,1,8,8,8,8,8,8,8,8,8,8
481659,1,1,0,0,0,22,0,25,0,14,19,0
481659,2,1,0,9,9,0,30,0,0,0,6,0
481660,0,1,0,23,24,0,0,18,0,23,0,0
481660,1,1,0,0,13,0,0,19,19,17,0,0
481661,1,1,0,0,0,0,0,0,0,0,0,0
481662,1,1,0,0,0,0,0,0,0,0,0,0
481662,2,1,0,22,12,0,0,19,0,0,0,0
481663,0,1,0,0,0,0,0,0,0,0,0,0
481663,1,1,0,0,0,0,0,5,0,0,0,0
481663,2,1,19,0,0,0,0,0,0,0,10,0
481664,1,1,0,0,0,0,0,0,0,0,0,0
481664,2,1,0,0,0,0,0,0,0,21,0,0
481665,1,1,0,23,0,0,0,0,16,0,23,0
481665,2,1,0,0,0,5,0,0,0,0,0,0
481666,1,1,4,0,0,9,0,0,0,17,27,23
481667,1,1,0,0,0,0,0,0,0,0,0,0
481668,1,1,23,0,13,0,17,0,0,19,10,3
481668,2,1,0,0,0,0,0,0,0,0,0,0
481669,1,1,0,0,0,0,0,0,0,0,0,9
481669,2,1,0,0,0,0,0,0,0,0,0,6
481669,3,1,0,0,0,0,0,0,0,0,0,0
481670,1,1,0,0,0,0,0,0,0,0,0,0
481670,2,1,0,0,0,0,0,0,0,0,0,0
481671,1,1,23,23,23,23,23,23,23,23,23,23
481671,2,1,0,0,0,13,17,0,8,0,0,11
481672,1,1,6,11,26,0,0,0,0,0,0,17
481672,2,1,22,0,7,14,0,5,0,0,0,0
481673,1,1,23,23,23,23,23,23,23,23,23,23
481674,0,1,0,0,0,0,0,0,0,0,22,0
481674,1,1,0,0,0,0,0,0,24,0,0,0
481675,0,1,0,0,0,0,0,0,0,0,0,0
481675,1,1,0,0,6,0,0,41,14,0,4,0
481676,1,1,0,0,9,0,0,12,0,18,21,27
481676,2,1,0,10,0,0,0,13,0,0,0,0
481678,1,1,0,31,24,34,14,0,0,13,0,0
481679,1,1,24,0,11,0,0,0,0,7,0,0
481679,2,1,9,16,37,19,21,6,11,22,5,15
481680,1,1,9,9,9,9,9,9,9,9,9,9
481681,1,1,0,0,0,0,41,0,0,0,0,4
481682,1,1,0,0,0,12,0,0,0,0,0,0
481683,1,1,0,11,0,13,19,8,15,22,7,18
481684,1,1,0,0,0,0,0,0,0,0,0,0
481684,2,1,0,16,7,0,0,0,8,0,0,0
481685,1,1,0,27,0,0,0,0,15,0,9,19
481686,1,1,0,29,0,0,0,0,12,0,0,12
481686,2,1,0,0,0,0,0,0,0,0,0,0
481687,1,1,20,20,20,20,20,20,20,20,20,20
481688,1,1,0,0,0,0,0,0,0,0,0,0
481688,2,1,0,0,10,0,0,0,0,0,0,0
481689,1,1,0,0,0,0,0,0,0,0,0,0
481689,2,1,0,0,0,0,0,0,0,0,0,0
481690,1,1,0,0,0,0,0,0,5,0,0,0
481690,2,1,0,0,0,0,0,0,0,0,0,8
481691,0,1,12,0,4,0,11,0,0,0,8,0
481691,1,1,20,19,0,0,0,36,0,7,0,16
481692,1,1,19,19,19,19,19,19,19,19,19,19
481693,0,1,0,0,0,0,0,0,0,0,0,0
481693,1,1,0,18,0,0,0,15,0,0,17,0
481694,1,1,0,0,0,0,0,0,0,0,0,0
481694,2,1,0,0,0,14,0,0,0,0,0,0
481695,1,1,0,0,0,0,5,0,0,0,0,0
481695,2,1,0,0,0,0,0,0,0,0,0,0
481696,1,1,0,0,13,0,0,0,0,0,0,0
481697,1,1,0,0,0,0,0,0,0,0,0,0
481697,2,1,0,0,0,15,0,16,0,0,0,0
481697,3,1,0,8,0,10,0,0,0,0,0,41
481698,0,1,16,10,0,0,0,0,0,0,22,0
481698,1,1,0,0,0,0,0,0,0,0,18,0
481699,1,1,0,0,0,0,0,0,0,0,0,0
481700,0,1,0,0,0,0,0,0,0,0,0,0
481700,0,2,0,0,0,0,0,0,0,0,0,0
481700,1,1,10,10,10,10,10,10,10,10,10,10
481701,1,1,0,0,0,0,0,0,0,0,0,0
481701,2,1,0,0,0,0,0,0,0,0,0,0
481702,0,1,19,0,0,10,0,20,16,0,0,0