ST_CASE,VEH_NO,PER_NO,P1,P2,P3,P4,P5,P6,P7,P8,P9,P10
481702,1,1,0,0,0,0,0,0,0,0,0,0
481703,1,1,1,1,1,1,1,1,1,1,1,1
481704,1,1,0,0,0,0,12,4,0,0,21,22
481705,1,1,22,22,22,22,22,22,22,22,22,22
481705,2,1,0,18,2,8,0,9,22,0,0,11
481705,3,1,11,11,11,11,11,11,11,11,11,11
481705,4,1,0,0,0,0,2,13,0,0,23,0
481706,1,1,0,0,0,0,7,0,0,15,0,0
481707,1,1,13,13,13,13,13,13,13,13,13,13
481708,1,1,0,0,0,0,0,0,0,0,0,0
481708,2,1,0,0,0,29,12,0,0,0,0,0
481708,3,1,0,0,0,0,0,27,0,14,0,15
481708,4,1,0,0,0,0,0,0,0,0,0,0
481708,5,1,0,0,0,0,0,0,0,0,0,0
481709,1,1,0,25,0,0,0,0,0,0,0,0
481709,2,1,0,0,0,0,0,15,14,0,0,13
481710,1,1,0,0,0,0,22,0,0,0,0,0
481710,2,1,0,0,0,0,0,0,0,0,18,0
481711,1,1,4,4,4,4,4,4,4,4,4,4
481711,2,1,9,0,0,0,0,0,0,0,0,5
481712,1,1,0,22,0,0,11,0,19,26,17,11
481713,1,1,0,0,0,0,0,0,0,0,0,0
481714,1,1,15,15,15,15,15,15,15,15,15,15
481715,0,1,0,0,0,0,0,0,0,20,0,0
481715,1,1,0,0,0,0,0,0,0,3,0,41
481715,2,1,0,0,0,16,0,0,20,0,0,0
481716,1,1,0,0,0,0,0,0,0,0,0,0
481716,2,1,0,0,0,0,0,0,0,0,0,0
481717,1,1,0,0,9,0,0,4,0,18,0,5
481717,2,1,0,0,0,0,0,0,0,0,0,0
481718,1,1,14,14,14,14,14,14,14,14,14,14
481718,2,1,0,0,0,0,0,0,0,0,0,0
481719,1,1,22,10,0,14,17,4,0,10,9,8
481720,1,1,13,19,11,22,0,0,3,9,20,12
481721,1,1,0,3,0,0,0,0,0,0,0,0
481721,2,1,0,0,0,0,0,15,0,0,23,0
481721,3,1,0,0,0,0,0,0,0,0,0,0
481723,1,1,19,19,19,19,19,19,19,19,19,19
481724,1,1,18,18,18,18,18,18,18,18,18,18
481725,1,1,0,0,0,0,19,0,0,8,0,0
481725,2,1,0,0,12,0,19,0,0,0,0,10
481726,1,1,0,0,0,0,0,0,0,0,0,0
481727,1,1,14,0,0,25,0,0,0,0,0,11
481727,2,1,0,12,0,0,0,0,0,0,0,0
481728,1,1,0,0,0,0,0,0,0,0,0,0
481728,2,1,0,0,0,0,0,0,0,0,0,0
481729,1,1,0,0,0,0,0,0,0,0,0,0
481729,2,1,0,0,18,0,0,0,0,0,14,15
481730,1,1,0,0,0,13,3,0,0,0,0,0
481730,2,1,0,0,0,0,11,0,0,0,0,0
481731,1,1,0,0,0,0,0,0,0,0,0,3
481731,2,1,0,0,0,0,0,0,0,62,0,0
481732,1,1,0,0,0,0,0,14,3,5,4,5
481733,1,1,0,0,0,0,0,19,0,0,0,0
481733,2,1,0,0,0,0,0,0,0,0,0,0
481734,1,1,0,0,11,11,0,0,27,13,0,9
481734,2,1,0,0,0,0,15,21,21,0,0,0
481735,1,1,19,17,0,0,14,21,28,0,29,0
481736,1,1,23,23,23,23,23,23,23,23,23,23
481737,1,1,0,0,0,0,0,0,0,0,0,0
481737,2,1,0,14,0,0,0,0,0,0,0,0
481737,3,1,0,0,0,0,0,0,0,0,0,0
481738,1,1,18,18,18,18,18,18,18,18,18,18
481738,2,1,0,18,0,8,0,0,17,0,0,11
481739,1,1,24,24,24,24,24,24,24,24,24,24
481739,2,1,0,0,0,0,0,0,0,0,0,0
481740,1,1,24,24,24,24,24,24,24,24,24,24
481740,2,1,0,18,22,2,0,35,0,24,4,0
481741,0,1,0,0,2,0,15,0,0,0,0,28
481741,1,1,11,10,0,0,0,6,0,0,0,21
481742,1,1,0,0,0,36,0,0,0,0,16,0
481742,2,1,0,0,0,0,0,8,0,0,0,0
481742,3,1,0,0,0,6,0,0,0,0,0,0
481743,0,1,0,0,0,0,0,0,0,0,0,0
481743,1,1,0,0,0,0,0,0,0,0,0,0
481743,2,1,0,0,0,0,0,0,0,0,0,0
481744,1,1,7,7,7,7,7,7,7,7,7,7
481744,2,1,0,0,0,0,0,0,0,0,0,0
481745,1,1,17,17,17,17,17,17,17,17,17,17
481746,0,1,0,0,27,0,6,0,18,0,0,11
481746,1,1,0,0,0,16,0,0,0,0,0,0
481747,1,1,0,0,13,5,0,0,0,0,0,17
481748,1,1,0,0,21,0,0,10,25,0,15,27
481749,1,1,0,0,0,0,0,0,0,0,0,0
481749,2,1,0,0,0,0,0,0,0,0,0,0
481750,1,1,10,0,0,0,0,0,0,0,0,0
481750,2,1,6,6,6,6,6,6,6,6,6,6
481751,1,1,5,5,5,5,5,5,5,5,5,5
481752,0,1,28,28,28,28,28,28,28,28,28,28
481752,1,1,0,0,0,13,0,12,0,0,0,8
481753,1,1,0,0,0,0,0,0,0,0,0,0
481753,2,1,0,0,0,0,0,0,0,0,0,0
481754,1,1,15,0,0,0,0,0,10,0,14,0
481754,2,1,0,15,0,0,0,0,0,0,0,0
481754,3,1,0,0,0,0,0,0,0,0,0,0
481755,1,1,0,0,17,9,0,0,28,15,0,0
481755,2,1,0,0,0,0,0,0,0,0,0,0
481756,0,1,16,0,0,23,0,0,0,0,21,0
481756,1,1,0,0,0,0,0,0,0,0,0,0
481757,0,1,14,0,0,8,0,24,0,0,0,19
481757,1,1,14,0,0,44,0,0,0,0,12,28
481758,1,1,0,0,0,15,20,0,29,6,10,22
481759,1,1,0,0,0,0,0,0,0,0,0,0
481759,2,1,0,0,0,0,0,0,0,0,0,0
481760,1,1,0,0,0,0,0,0,0,0,0,0
481761,1,1,0,0,0,0,0,0,0,0,0,0
481761,2,1,0,0,0,0,0,0,0,0,0,0
481762,1,1,0,0,0,0,0,0,0,0,12,0
481762,2,1,0,0,0,0,0,0,0,0,0,0
481762,3,1,0,0,0,0,0,0,0,0,0,0
481762,4,1,0,0,0,0,0,0,0,0,7,4
481762,5,1,0,0,13,0,0,0,14,0,0,18
481763,1,1,0,0,0,0,0,0,0,0,0,0
481764,0,1,0,0,0,0,0,0,0,0,0,0
481764,1,1,0,0,0,0,12,0,0,8,13,5
481765,1,1,0,14,0,3,0,0,0,0,0,9
481766,1,1,0,0,0,0,0,0,0,0,0,0
481767,1,1,0,0,0,0,0,0,0,0,0,0
481768,0,1,0,0,34,23,23,0,11,13,23,0
481768,1,1,24,0,0,10,0,0,23,15,0,0
481769,1,1,14,12,0,0,0,0,19,0,0,0
481769,2,1,0,13,18,0,0,10,0,0,4,5
481769,3,1,0,0,15,14,6,0,0,30,22,23
481770,1,1,21,21,21,21,21,21,21,21,21,21
481771,1,1,0,0,0,0,0,0,0,0,0,0
481771,2,1,0,0,0,0,0,0,0,0,0,0
481772,1,1,0,0,0,0,0,0,0,0,0,0
481772,2,1,0,8,0,0,22,0,0,22,25,0
481773,1,1,6,6,6,6,6,6,6,6,6,6
481774,1,1,0,0,0,0,0,0,0,0,0,0
481775,1,1,15,21,14,9,19,29,0,0,28,14
481776,0,1,0,14,11,53,20,0,13,0,0,0
481776,1,1,0,0,0,13,0,28,0,0,0,0
481777,1,1,0,0,0,0,0,0,0,0,0,7
481777,2,1,0,0,0,0,29,0,0,0,11,0
481778,1,1,0,0,0,0,0,0,0,0,0,0
481778,2,1,0,0,0,7,12,10,0,0,0,0
481779,1,1,18,18,18,18,18,18,18,18,18,18
481780,0,1,0,24,0,0,0,0,0,0,0,0
481780,1,1,0,0,0,16,0,0,0,35,0,0
481781,1,1,0,14,20,0,0,0,7,10,0,0
481781,2,1,0,0,0,0,0,11,29,0,0,25
481782,1,1,0,0,0,0,0,0,0,0,0,0
481782,2,1,0,0,0,0,0,0,0,0,0,24
481782,3,1,0,0,0,0,0,16,0,0,0,0
481783,1,1,26,26,26,26,26,26,26,26,26,26
481784,0,1,26,26,26,26,26,26,26,26,26,26
481784,1,1,19,11,26,0,0,0,9,0,7,0
481785,1,1,0,0,3,11,0,7,4,0,0,6
481786,0,1,0,0,0,0,0,0,0,0,0,0
481786,1,1,0,0,0,0,0,0,0,0,0,0
481787,0,1,7,7,7,7,7,7,7,7,7,7
481787,1,1,4,0,0,0,0,0,0,0,0,0
481787,2,1,0,0,0,0,0,0,0,0,0,0
481788,1,1,1,1,1,1,1,1,1,1,1,1
481789,1,1,0,20,0,0,0,0,0,0,0,0
481790,0,1,0,0,0,0,0,0,0,0,0,0
481790,1,1,14,0,0,0,14,17,3,0,0,26
481791,1,1,0,0,0,0,0,0,9,0,14,0
481791,2,1,14,26,18,31,21,20,13,12,37,28
481792,1,1,0,0,0,0,0,0,0,0,0,0
481793,1,1,5,5,5,5,5,5,5,5,5,5
481793,2,1,0,0,4,0,0,0,2,0,3,0
481794,1,1,0,0,0,0,0,0,0,0,0,0
481795,1,1,0,0,0,0,0,0,0,0,0,0
481795,2,1,0,0,0,0,0,0,0,0,0,0
481796,1,1,0,0,0,0,0,0,0,0,0,0
481796,2,1,0,0,0,0,0,0,0,0,0,0
481797,1,1,11,36,18,6,18,22,0,28,13,17
481798,0,1,0,0,0,0,0,0,0,0,0,0
481798,1,1,0,10,0,0,0,0,0,0,0,0
481799,1,1,24,19,0,0,0,0,0,0,0,0
481799,2,1,0,0,0,0,0,0,0,0,0,0
481800,1,1,0,0,0,12,0,0,0,0,0,0
481801,1,1,0,0,0,0,22,9,0,0,0,0
481801,2,1,0,0,0,0,0,0,0,0,0,0
481801,3,1,0,0,0,0,0,0,0,5,0,0
481802,1,1,0,0,0,0,0,0,0,0,0,0
481802,2,1,0,0,0,0,0,0,0,0,31,17
481803,1,1,33,22,15,0,0,20,22,15,0,0
481804,0,1,0,29,0,0,0,14,8,0,0,8
481804,1,1,0,26,0,0,0,10,0,0,0,0
481805,1,1,2,0,0,0,0,0,30,10,18,0
481805,2,1,7,0,0,0,7,22,0,0,29,0
481805,3,1,0,19,0,11,0,12,3,0,6,12
481806,1,1,0,21,0,0,0,0,0,0,0,0
481806,2,1,4,11,0,0,0,0,26,0,0,0
481807,0,1,0,0,0,0,0,0,0,0,0,0
481807,1,1,0,0,0,0,0,0,0,0,0,0
481808,1,1,0,0,0,0,0,0,0,0,0,0
481809,1,1,0,0,0,0,0,0,0,0,0,0
481809,2,1,10,21,0,0,0,0,0,0,0,0
481809,3,1,0,0,0,0,0,0,9,0,0,0
481810,1,1,0,0,0,0,0,0,0,0,0,0
481810,2,1,0,0,0,22,0,0,0,0,0,0
481811,1,1,0,0,0,0,0,0,0,0,0,8
481811,2,1,0,0,0,0,0,16,0,0,0,0
481811,3,1,8,0,0,0,0,0,0,0,0,0
481812,1,1,0,0,0,0,0,0,0,0,0,0
481813,1,1,20,6,0,24,12,14,12,16,0,27
481814,1,1,19,19,19,19,19,19,19,19,19,19
481814,2,1,0,0,0,0,17,0,10,7,7,5
481815,1,1,0,27,0,20,0,9,0,14,0,0
481815,2,1,0,20,8,9,8,11,21,0,0,0
481815,3,1,0,0,0,0,0,0,0,0,0,0
481816,0,1,0,0,0,0,0,0,0,0,0,0
481816,1,1,0,9,0,0,0,0,26,0,7,0
481817,1,1,3,0,14,35,9,9,17,20,8,0
481818,1,1,0,0,0,0,0,0,0,0,7,0
481818,2,1,32,5,0,23,25,11,0,0,9,0
481819,0,1,0,0,0,0,28,0,0,24,21,17
481819,1,1,0,0,0,0,0,0,0,0,0,0
481820,0,1,0,0,0,0,0,0,0,0,0,0
481820,1,1,0,0,0,0,0,0,0,0,0,8
481821,1,1,0,0,0,0,7,0,0,0,0,0
481821,2,1,22,0,0,0,0,0,0,0,25,0
481821,3,1,0,0,0,0,0,0,0,0,0,0
481822,1,1,0,0,0,0,0,0,0,0,0,0
481822,2,1,0,24,0,13,0,0,0,0,0,0
481823,0,1,8,8,8,8,8,8,8,8,8,8
481823,1,1,12,0,0,13,0,0,5,12,0,0
481824,1,1,0,0,0,0,0,0,0,0,0,0
481825,0,1,0,0,8,0,0,0,0,0,11,0
481825,1,1,0,0,17,0,0,0,0,0,0,10
481826,1,1,22,22,22,22,22,22,22,22,22,22
481828,1,1,0,0,0,20,23,19,22,0,30,0
481829,1,1,18,18,18,18,18,18,18,18,18,18
481830,1,1,25,8,9,10,0,0,0,12,0,0
481830,2,1,0,0,0,11,0,0,0,0,10,0
481831,0,1,30,0,29,0,0,23,0,26,0,0
481831,1,1,32,17,0,33,0,0,0,26,0,16
481832,0,1,0,0,0,0,0,0,0,0,0,0
481832,1,1,0,0,0,0,0,0,0,0,0,0
481833,1,1,0,0,0,0,0,0,0,0,0,0
481833,2,1,0,0,0,0,0,0,0,0,0,0
481834,1,1,0,0,32,0,0,0,0,19,0,0
481835,1,1,0,28,0,21,9,9,16,16,13,9
481836,1,1,0,0,0,0,16,0,0,0,0,0
481836,2,1,0,0,0,0,0,16,0,0,11,11
481837,1,1,0,0,0,0,0,0,0,0,0,0
481838,1,1,0,0,0,0,0,0,0,0,0,0
481839,0,1,12,12,12,12,12,12,12,12,12,12
481839,1,1,0,0,0,0,0,0,0,3,14,0
481840,1,1,13,15,21,13,13,7,29,26,22,10
481840,2,1,0,21,0,0,5,24,0,18,7,13
481840,3,1,0,0,0,0,9,2,0,0,0,0
481841,1,1,0,0,0,0,0,0,0,0,0,0
481841,2,1,0,0,0,0,0,0,0,0,0,0
481841,3,1,0,0,0,0,0,0,0,0,0,11
481842,1,1,0,0,0,0,0,0,0,0,0,0
481842,2,1,5,0,0,14,0,0,0,0,0,0
481843,1,1,31,28,0,23,0,0,0,0,15,19
481844,1,1,0,0,0,0,0,0,0,0,0,0
481844,2,1,0,0,0,0,0,0,0,0,0,0
481845,0,1,0,0,0,0,0,0,0,0,0,0
481845,1,1,0,21,0,0,0,0,0,0,0,0
481845,2,1,0,0,0,6,0,0,0,0,0,0
481846,0,1,0,0,11,0,23,0,0,15,0,25
481846,1,1,0,0,0,0,0,0,0,0,0,17
481847,1,1,0,0,0,0,0,0,0,0,0,0
481848,1,1,0,0,0,0,0,0,0,45,0,0
481848,2,1,0,0,0,0,0,0,0,9,0,7
481849,1,1,0,0,0,0,0,0,0,0,0,0
481849,2,1,0,15,0,0,0,0,0,0,0,0
481850,0,1,0,0,0,0,0,0,0,0,0,0
481850,1,1,0,0,0,0,0,0,0,0,0,0
481851,1,1,0,0,0,0,0,0,0,0,0,0
481851,2,1,0,0,7,0,0,0,0,0,0,15
481852,1,1,19,0,0,0,0,0,0,0,0,15
481852,2,1,0,0,0,0,0,0,0,0,0,0
481852,3,1,14,0,11,0,0,0,0,0,0,0
481853,1,1,0,19,30,14,9,13,0,0,16,15
481854,1,1,0,0,0,0,0,0,0,0,0,0
481854,2,1,0,0,0,0,0,0,0,0,0,0
481855,1,1,22,22,22,22,22,22,22,22,22,22
481855,2,1,0,0,0,0,0,0,0,0,0,0
481856,1,1,0,0,0,0,6,0,0,11,0,0
481856,2,1,0,0,0,0,0,0,0,0,0,0
481857,0,1,0,0,0,0,0,16,12,0,41,0
481857,1,1,0,0,0,0,13,29,0,0,0,0
481858,1,1,0,0,0,0,0,0,0,0,0,0
481858,2,1,0,0,0,0,0,0,0,0,0,0
481858,3,1,38,0,8,0,0,0,0,0,18,0
481860,1,1,0,14,0,11,0,0,6,0,0,0
481861,1,1,15,0,0,0,0,0,16,9,22,0
481862,0,1,0,12,0,0,0,0,0,0,0,30
481862,1,1,0,0,0,0,0,0,0,0,0,0
481863,1,1,0,0,0,0,0,0,0,0,0,0
481863,2,1,0,0,0,0,0,0,0,0,0,0
481864,1,1,22,19,0,0,44,25,18,43,0,0
481865,0,1,23,32,4,8,2,4,9,28,7,48
481865,1,1,0,0,0,0,0,0,0,0,8,0
481866,1,1,17,0,0,0,0,0,0,0,0,0
481867,1,1,0,0,0,0,0,0,0,0,0,0
481868,1,1,0,0,0,0,0,0,0,0,0,0
481869,1,1,4,4,4,4,4,4,4,4,4,4
481870,1,1,5,0,0,0,0,0,0,0,0,0
481871,0,1,0,0,0,8,0,0,0,0,0,0
481871,1,1,0,0,0,0,0,0,0,0,0,0
481872,1,1,0,0,0,0,0,0,0,0,0,0
481873,1,1,20,20,20,20,20,20,20,20,20,20
481873,2,1,16,0,0,0,5,18,0,0,19,0
481874,1,1,0,5,0,31,20,0,36,0,0,0
481874,2,1,0,0,0,0,0,0,0,0,0,0
481875,0,1,0,0,0,0,0,29,0,0,0,0
481875,1,1,0,0,22,0,0,0,0,0,0,4
481876,1,1,0,0,0,0,0,0,0,0,0,0
481876,2,1,9,0,0,11,11,17,0,0,0,2
481877,1,1,0,0,0,0,0,0,0,0,0,0
481878,0,1,0,0,0,0,0,0,0,0,0,0
481878,1,1,23,0,14,0,0,0,0,0,0,0
481879,0,1,28,28,28,28,28,28,28,28,28,28
481879,1,1,0,9,0,0,0,0,0,27,6,0
481880,0,1,0,0,0,0,0,11,0,0,0,0
481880,1,1,0,0,0,0,0,0,0,0,26,33
481881,1,1,24,24,24,24,24,24,24,24,24,24
481881,2,1,27,0,0,0,0,0,0,18,0,21
481882,1,1,4,0,0,0,0,0,14,0,0,0
481882,2,1,0,0,0,0,0,0,0,6,0,0
481883,1,1,0,0,0,0,0,5,0,0,0,0
481884,1,1,0,0,0,0,0,0,0,0,0,0
481885,1,1,0,0,0,0,0,0,0,0,0,0
481885,2,1,23,20,4,4,11,5,24,0,20,0
481886,0,1,29,29,29,29,29,29,29,29,29,29
481886,1,1,24,0,12,0,0,9,0,0,25,9
481887,0,1,0,0,0,0,0,0,0,0,0,0
481887,0,2,0,0,0,0,0,0,0,0,0,0
481887,1,1,12,0,0,0,0,0,0,14,17,12
481888,0,1,18,18,18,18,18,18,18,18,18,18
481888,1,1,0,0,0,14,0,5,0,0,0,0
481888,2,1,0,0,0,0,0,0,0,0,0,0
481888,3,1,0,0,0,0,26,24,0,0,10,0
481888,4,1,5,0,0,0,0,0,0,0,0,0
481889,1,1,20,37,0,0,0,0,0,0,0,0
481890,0,1,31,0,0,39,25,0,0,40,5,0
481890,1,1,0,0,0,0,0,0,0,0,0,0
481891,1,1,6,0,0,0,0,0,0,11,0,0
481892,1,1,12,0,24,0,11,47,0,0,0,0
481892,2,1,0,11,0,0,0,29,0,0,20,0
481893,1,1,0,28,0,0,0,0,0,0,0,24
481893,2,1,0,0,0,0,15,10,0,0,0,0
481893,3,1,0,0,0,0,0,0,0,18,0,12
481894,1,1,18,18,18,18,18,18,18,18,18,18
481894,2,1,0,0,0,0,0,0,0,0,0,0
481895,1,1,0,0,0,0,0,21,0,26,0,0
481895,2,1,0,8,0,0,0,0,0,0,0,0
481895,3,1,0,0,0,0,20,0,0,0,33,19
481896,1,1,0,0,0,0,0,0,0,0,0,0
481897,1,1,0,0,0,0,0,0,0,0,5,0
481898,0,1,27,6,0,0,30,41,0,0,30,10
481898,1,1,0,0,0,0,0,0,0,0,0,0
481899,1,1,5,5,5,5,5,5,5,5,5,5
481899,2,1,0,0,0,0,0,0,0,0,0,0
481900,1,1,22,22,22,22,22,22,22,22,22,22
481901,1,1,0,0,0,0,0,0,0,0,21,0
481901,2,1,0,0,0,0,0,0,0,0,0,0
481902,1,1,5,5,5,5,5,5,5,5,5,5
481903,1,1,0,0,0,0,0,0,0,0,0,0
481903,2,1,0,0,0,0,4,0,0,0,0,0
481903,3,1,0,0,0,9,0,17,0,0,0,12
481904,1,1,21,21,21,21,21,21,21,21,21,21
481905,1,1,0,0,0,0,0,0,0,0,0,0
481906,1,1,25,25,25,25,25,25,25,25,25,25
481906,2,1,4,0,0,0,0,13,0,0,0,0
481907,1,1,0,0,0,6,0,0,3,0,0,13
481907,2,1,6,0,6,0,0,0,0,0,0,15
481908,0,1,0,0,0,0,0,0,0,0,0,0
481908,1,1,0,0,0,0,0,0,0,0,0,0
481909,0,1,16,16,16,16,16,16,16,16,16,16
481909,1,1,8,7,0,19,0,0,0,0,6,20
481910,1,1,0,0,0,0,0,0,0,0,0,0
481910,2,1,0,0,9,0,19,0,36,0,30,0
481911,1,1,3,3,3,3,3,3,3,3,3,3
481911,2,1,0,0,0,0,0,0,0,0,0,0
481913,1,1,11,10,0,0,20,0,0,0,4,0
481914,1,1,0,0,0,0,0,0,0,0,0,0
481915,1,1,0,0,0,0,0,0,0,0,0,0
481915,2,1,0,0,0,9,0,0,0,13,13,0
481916,0,1,0,10,0,0,33,0,0,0,0,0
481916,1,1,0,0,13,0,0,0,37,0,0,0
481917,0,1,12,0,0,25,0,21,0,0,0,0
481917,1,1,0,0,34,8,0,12,22,0,0,0
481918,1,1,20,20,20,20,20,20,20,20,20,20
481919,1,1,0,0,0,0,0,0,0,0,0,0
481920,1,1,0,0,0,0,0,0,0,0,0,0
481921,1,1,0,27,24,0,0,7,24,0,0,23
481922,1,1,0,0,0,0,0,0,0,0,0,0
481922,2,1,0,0,0,17,0,9,0,0,14,0
481923,0,1,0,0,0,0,0,17,14,0,0,0
481923,1,1,21,0,0,0,0,0,0,0,4,0
481924,1,1,20,20,20,20,20,20,20,20,20,20
481925,0,1,5,5,5,5,5,5,5,5,5,5
481925,1,1,0,0,0,0,22,0,10,0,21,9
481926,1,1,7,8,13,0,22,14,9,0,17,0
481927,0,1,0,0,22,0,0,0,0,0,0,0
481927,1,1,7,0,0,0,9,7,0,0,0,0
481928,0,1,0,0,18,0,0,0,19,17,0,25
481928,1,1,0,8,19,10,0,26,0,0,0,15
481929,1,1,0,0,0,0,22,0,0,0,0,19
481929,2,1,8,9,0,0,0,0,0,0,0,0
481930,1,1,5,5,5,5,5,5,5,5,5,5
481931,1,1,0,6,0,0,19,0,0,0,21,0
481931,2,1,0,0,0,0,0,0,0,0,27,0
481932,0,1,0,0,0,0,0,0,0,0,0,0
481932,1,1,0,0,0,30,10,0,0,22,31,0
481933,1,1,0,20,0,0,16,0,18,0,0,0
481933,2,1,0,0,0,0,0,0,0,0,0,0
481934,1,1,7,0,21,28,0,26,0,7,31,25
481935,1,1,0,0,0,0,12,0,0,0,0,0
481935,2,1,0,0,0,21,0,0,0,0,0,0
481936,1,1,0,0,0,0,0,0,0,0,0,0
481937,1,1,0,0,0,0,0,0,0,0,0,0
481938,1,1,0,0,0,0,24,12,5,0,25,22
481938,2,1,0,8,0,0,0,0,0,0,11,0
481939,1,1,0,0,0,0,0,0,0,0,0,0
481940,1,1,25,25,25,25,25,25,25,25,25,25
481940,2,1,22,0,0,22,9,0,10,0,9,4
481941,1,1,0,0,0,0,0,0,0,0,0,0
481942,1,1,18,18,18,18,18,18,18,18,18,18
481942,2,1,15,0,0,0,20,0,20,9,0,0
481942,3,1,3,0,0,0,0,29,18,7,17,0
481943,1,1,0,0,0,0,0,0,0,0,0,0
481943,2,1,0,0,0,0,0,0,0,0,0,0
481943,3,1,0,0,0,0,0,0,0,0,0,0
481943,4,1,0,10,0,0,0,0,0,18,0,0
481944,0,1,20,0,11,0,21,0,0,0,0,0
481944,1,1,0,0,19,21,0,0,0,11,9,20
481945,1,1,0,0,0,0,0,0,0,0,0,0
481945,2,1,4,0,0,0,0,0,9,0,0,0
481946,1,1,0,12,0,0,36,0,0,0,0,0
481947,1,1,11,11,11,11,11,11,11,11,11,11
481948,1,1,13,13,13,13,13,13,13,13,13,13
481949,1,1,0,15,12,0,19,25,19,14,8,24
481950,1,1,0,0,0,0,0,0,0,12,0,0
481950,2,1,0,0,0,0,0,0,0,0,0,0
481951,1,1,0,18,0,0,0,0,19,0,0,0
481951,2,1,0,0,7,0,0,0,0,0,0,0
481952,1,1,19,0,0,0,0,21,0,3,0,0
481952,2,1,0,0,0,6,19,17,0,8,17,0
481953,1,1,13,13,13,13,13,13,13,13,13,13
481953,2,1,0,0,0,0,0,0,37,0,0,0
481953,3,1,5,7,0,0,0,0,0,0,0,0
481954,1,1,0,0,0,0,0,0,17,0,0,0
481955,1,1,11,11,11,11,11,11,11,11,11,11
481955,2,1,9,9,9,9,9,9,9,9,9,9
481956,1,1,0,0,0,0,0,0,0,0,0,0
481956,2,1,20,20,20,20,20,20,20,20,20,20
481957,1,1,20,20,20,20,20,20,20,20,20,20
481957,2,1,0,0,0,0,0,0,0,0,0,0
481958,1,1,0,0,0,0,0,0,0,0,0,0
481958,2,1,0,0,0,0,24,0,0,0,0,0
481958,3,1,0,0,0,14,0,0,0,0,0,0
481958,4,1,0,0,0,0,0,0,0,0,0,0
481959,1,1,12,24,0,0,0,0,0,0,0,0
481959,2,1,0,0,0,0,0,0,0,0,0,0
481960,0,1,6,6,6,6,6,6,6,6,6,6
481960,1,1,0,0,0,0,0,19,0,0,0,0
481961,1,1,0,0,0,0,0,0,0,0,0,0
481961,2,1,0,0,0,0,0,0,0,0,0,0
481962,0,1,23,23,23,23,23,23,23,23,23,23
481962,1,1,0,0,0,0,0,0,0,0,0,0
481963,1,1,6,6,6,6,6,6,6,6,6,6
481963,2,1,0,0,0,0,0,5,0,0,0,0
481964,0,1,0,0,0,0,0,0,0,0,0,0
481964,1,1,0,0,0,0,0,0,0,0,12,0
481965,0,1,22,51,0,0,11,0,21,0,0,24
481965,1,1,0,0,0,0,17,3,0,0,0,0
481967,1,1,0,0,0,0,0,0,0,0,0,0
481967,2,1,24,0,0,0,0,0,0,15,0,0
481967,3,1,0,0,0,0,0,0,13,0,0,0
481967,4,1,0,8,0,0,0,0,4,0,0,0
481968,0,1,44,0,13,0,0,0,0,0,0,0
481968,1,1,0,0,0,0,0,31,4,0,0,0
481969,1,1,0,0,0,0,26,0,9,0,0,0
481969,2,1,22,15,0,0,0,0,0,0,0,0
481969,3,1,5,0,19,0,0,0,0,0,19,0
481970,1,1,0,0,0,0,0,0,0,0,0,0
481970,2,1,0,11,0,16,0,0,0,0,0,0
481971,1,1,0,0,0,0,0,0,0,0,0,0
481971,2,1,8,0,8,0,0,0,23,0,18,13
481971,3,1,0,0,0,0,0,0,0,0,0,0
481972,1,1,24,24,24,24,24,24,24,24,24,24
481973,1,1,0,0,0,0,0,0,0,0,0,0
481973,2,1,0,0,0,0,0,0,18,0,0,0
481973,3,1,20,0,0,12,0,0,0,0,0,0
481974,0,1,2,2,2,2,2,2,2,2,2,2
481974,1,1,38,0,0,0,0,0,0,0,0,0
481975,1,1,0,0,0,13,20,4,6,0,0,0
481976,1,1,0,0,0,0,0,13,0,0,0,9
481976,2,1,0,0,0,0,0,0,0,0,0,0
481977,1,1,0,0,0,0,11,0,0,0,0,0
481978,0,1,0,0,0,0,0,0,0,0,0,0
481978,1,1,0,0,0,0,0,0,0,0,0,0
481979,1,1,0,0,0,14,0,0,0,0,0,0
481979,2,1,0,0,0,0,0,0,0,0,0,0
481980,1,1,20,20,20,20,20,20,20,20,20,20
481981,1,1,0,0,0,0,0,0,0,0,0,0
481981,2,1,0,0,0,16,0,0,0,0,0,0
481982,1,1,17,17,17,17,17,17,17,17,17,17
481983,0,1,10,10,10,10,10,10,10,10,10,10
481983,1,1,0,0,0,0,0,0,0,0,0,0
481984,1,1,0,0,0,12,30,0,9,0,0,0
481984,2,1,0,0,0,0,0,0,0,0,0,0
481985,1,1,16,0,0,2,0,0,0,0,10,0
481985,2,1,17,17,17,17,17,17,17,17,17,17
481986,1,1,0,0,0,0,0,0,0,0,0,0