ST_CASE,VEH_NO,PER_NO,P1,P2,P3,P4,P5,P6,P7,P8,P9,P10
481987,1,1,0,0,0,0,0,0,0,0,0,0
481987,2,1,0,0,0,0,16,0,0,0,0,0
481988,1,1,10,22,0,16,0,27,0,0,11,0
481989,1,1,16,16,16,16,16,16,16,16,16,16
481990,1,1,16,16,16,16,16,16,16,16,16,16
481990,2,1,0,0,0,0,0,0,0,0,0,0
481991,0,1,0,0,0,0,0,0,0,0,0,0
481991,1,1,0,0,0,9,0,0,0,5,15,21
481992,0,1,0,0,0,0,0,0,0,0,0,0
481992,1,1,0,0,0,0,0,0,0,0,11,2
481993,0,1,0,0,0,0,0,0,0,0,0,0
481993,1,1,0,0,0,0,0,0,0,0,0,4
481994,1,1,0,0,0,26,0,0,0,0,0,0
481994,2,1,0,0,0,0,0,0,0,0,0,0
481995,1,1,0,0,0,0,0,0,0,0,0,0
481996,1,1,13,13,13,13,13,13,13,13,13,13
481997,1,1,0,0,0,0,0,0,0,0,0,16
481997,2,1,0,0,0,0,0,0,0,0,0,0
481998,1,1,11,0,0,14,0,0,0,0,0,5
481999,1,1,15,15,15,15,15,15,15,15,15,15
481999,2,1,0,0,0,0,0,0,0,0,0,0
482000,1,1,0,13,0,0,0,12,0,9,0,0
482001,1,1,0,0,0,0,0,0,0,0,0,0
482002,1,1,1,1,1,1,1,1,1,1,1,1
482003,1,1,0,0,0,0,0,0,0,0,0,0
482003,2,1,0,10,0,0,0,0,0,0,0,0
482004,1,1,0,0,0,0,0,0,0,0,0,0
482004,2,1,0,0,0,0,0,0,0,0,0,0
482005,1,1,0,0,0,0,0,0,0,0,0,0
482006,1,1,24,0,21,18,0,0,0,12,0,23
482007,1,1,0,0,0,0,0,0,0,0,0,0
482007,2,1,0,0,0,0,0,4,0,0,0,0
482008,1,1,0,0,0,0,0,0,0,0,0,0
482009,0,1,0,0,0,18,33,0,42,3,0,0
482009,1,1,0,0,0,21,14,0,21,16,0,16
482010,1,1,0,0,0,0,0,0,0,0,0,0
482011,1,1,0,0,0,0,0,0,0,0,0,0
482011,2,1,0,0,0,0,0,0,0,0,6,0
482012,1,1,2,2,2,2,2,2,2,2,2,2
482012,2,1,0,0,0,20,0,0,27,11,10,0
482013,1,1,0,0,0,0,0,0,0,0,0,20
482013,2,1,0,10,0,0,0,0,0,0,0,0
482014,1,1,21,21,21,21,21,21,21,21,21,21
482015,1,1,0,0,31,0,0,0,0,0,0,0
482015,2,1,0,0,0,0,0,0,0,0,0,0
482016,1,1,0,0,20,0,19,12,15,17,0,27
482017,1,1,0,0,0,0,0,0,0,0,0,0
482017,2,1,0,0,0,0,0,0,0,0,0,11
482018,1,1,28,4,0,6,0,22,0,18,0,0
482019,1,1,0,0,0,0,0,0,0,0,0,0
482020,1,1,0,0,0,0,0,0,0,0,0,0
482020,2,1,6,13,0,0,0,0,0,0,0,0
482021,1,1,13,13,13,13,13,13,13,13,13,13
482022,1,1,11,11,11,11,11,11,11,11,11,11
482022,2,1,0,0,0,0,0,0,0,0,0,0
482023,0,1,20,20,20,20,20,20,20,20,20,20
482023,1,1,0,0,0,0,0,0,0,0,0,0
482024,1,1,0,0,0,0,0,0,0,0,0,0
482025,0,1,9,9,9,9,9,9,9,9,9,9
482025,1,1,0,0,0,8,21,0,0,0,0,0
482026,0,1,0,0,0,0,0,0,0,0,0,0
482026,1,1,0,0,14,0,0,0,0,0,0,0
482027,0,1,0,0,0,0,0,0,0,0,0,0
482027,1,1,0,0,0,0,0,0,0,0,0,0
482028,0,1,23,23,23,23,23,23,23,23,23,23
482028,1,1,0,30,42,16,0,0,4,9,0,12
482029,1,1,0,28,16,20,16,0,5,23,12,25
482030,1,1,0,0,27,0,0,0,0,0,0,0
482031,1,1,16,16,16,16,16,16,16,16,16,16
482031,2,1,18,11,13,18,0,0,0,0,22,29
482032,1,1,26,26,26,26,26,26,26,26,26,26
482033,1,1,0,0,10,15,0,0,0,0,26,0
482033,2,1,0,0,0,0,0,0,0,0,0,0
482034,1,1,0,0,0,0,0,0,0,0,0,0
482034,2,1,0,0,0,0,0,0,0,0,0,0
482035,0,1,0,0,0,0,0,0,0,0,0,0
482035,0,2,21,27,0,28,0,0,25,9,20,0
482035,0,3,0,0,0,24,0,9,0,0,26,15
482035,0,4,21,26,20,0,3,0,33,19,0,0
482035,1,1,0,0,0,0,0,0,0,0,0,0
482035,2,1,0,0,0,0,0,0,0,0,0,0
482036,1,1,27,27,27,27,27,27,27,27,27,27
482036,2,1,0,0,0,0,2,0,0,0,0,0
482037,1,1,0,0,0,0,0,0,0,0,0,0
482037,2,1,18,0,0,0,0,0,0,0,0,0
482037,3,1,0,0,0,0,0,0,0,0,0,0
482038,1,1,0,0,0,0,0,0,0,0,0,0
482038,2,1,0,0,0,0,0,0,0,0,0,0
482039,1,1,0,0,0,0,0,0,0,0,0,0
482039,3,1,0,0,0,0,0,0,0,0,0,0
482040,1,1,0,0,0,0,0,0,0,0,0,0
482041,1,1,0,6,0,0,0,0,23,0,11,0
482041,2,1,0,0,13,0,0,20,11,21,24,0
482042,1,1,0,0,0,0,0,0,0,0,0,0
482042,2,1,17,0,0,0,0,0,0,0,0,0
482043,1,1,0,0,0,0,36,38,15,11,0,15
482043,2,1,0,0,0,0,0,0,0,0,0,0
482044,0,1,19,19,19,19,19,19,19,19,19,19
482044,1,1,0,23,0,0,0,0,0,5,0,0
482045,1,1,15,12,0,0,15,11,0,28,30,24
482046,0,1,30,30,30,30,30,30,30,30,30,30
482046,1,1,0,14,0,16,5,0,0,0,0,14
482046,2,1,0,0,11,0,0,13,6,0,0,0
482046,3,1,13,0,3,23,0,0,19,6,0,0
482047,1,1,0,0,0,18,0,7,0,0,0,0
482047,2,1,0,0,0,0,5,7,0,0,0,20
482048,1,1,0,0,0,0,9,0,44,22,21,0
482049,1,1,8,8,8,8,8,8,8,8,8,8
482050,0,1,16,16,16,16,16,16,16,16,16,16
482050,1,1,0,6,0,0,0,0,17,12,0,0
482051,1,1,0,0,10,0,10,0,0,0,0,11
482052,1,1,0,0,19,35,23,0,0,0,0,11
482052,2,1,0,0,0,0,0,0,0,0,8,0
482054,0,1,35,35,35,35,35,35,35,35,35,35
482054,1,1,0,0,0,0,0,0,0,0,0,0
482055,1,1,4,4,4,4,4,4,4,4,4,4
482056,0,1,0,0,0,27,25,0,0,9,18,0
482056,1,1,0,0,17,22,7,14,17,0,23,5
482057,1,1,6,12,15,6,23,10,0,15,24,6
482057,2,1,0,0,0,0,0,0,0,0,0,0
482058,0,1,0,0,0,0,0,0,0,0,0,0
482058,1,1,0,0,13,0,0,0,0,0,0,0
482059,1,1,27,16,23,11,0,12,23,0,13,0
482060,0,1,10,19,0,0,33,0,0,40,0,0
482060,1,1,22,0,0,0,22,0,10,0,12,17
482061,1,1,9,9,9,9,9,9,9,9,9,9
482062,1,1,0,0,0,4,0,0,0,0,0,0
482062,2,1,0,0,0,0,0,0,0,0,0,0
482062,3,1,0,0,0,0,0,19,19,0,0,15
482063,1,1,28,19,0,0,0,25,8,28,0,29
482064,1,1,0,0,0,0,0,0,0,0,0,0
482065,1,1,7,7,7,7,7,7,7,7,7,7
482066,1,1,0,0,0,0,0,0,0,0,0,0
482066,2,1,9,0,13,7,13,0,0,0,21,0
482067,0,1,22,24,0,0,0,0,0,0,0,0
482067,1,1,14,15,5,3,2,30,21,0,35,13
482068,1,1,0,0,0,0,0,0,0,0,0,0
482069,1,1,0,0,0,0,0,0,0,0,0,0
482069,2,1,0,11,0,0,5,0,0,0,0,0
482070,1,1,0,7,0,0,0,0,0,0,0,0
482071,1,1,0,0,0,0,0,0,9,0,0,0
482071,2,1,0,0,0,0,12,0,0,0,0,0
482072,1,1,0,0,0,37,7,22,0,0,0,0
482073,1,1,26,9,31,15,8,0,13,0,22,0
482074,1,1,0,0,0,0,0,0,0,0,0,0
482075,1,1,6,6,6,6,6,6,6,6,6,6
482076,1,1,0,27,19,0,0,0,0,0,0,0
482076,2,1,0,0,11,0,0,0,0,0,0,0
482077,1,1,0,0,0,0,0,0,0,0,0,0
482077,2,1,0,0,0,0,0,0,0,0,0,0
482078,1,1,0,0,0,0,0,0,0,0,0,0
482078,2,1,0,0,0,0,0,4,0,0,0,12
482079,1,1,8,0,0,0,0,0,0,0,0,0
482079,2,1,0,0,0,0,0,0,0,0,0,0
482080,1,1,19,0,12,5,12,0,0,16,42,0
482080,2,1,0,13,0,0,0,9,7,11,0,0
482081,0,1,18,19,16,0,0,16,0,0,0,5
482081,1,1,0,0,0,0,0,0,0,2,0,0
482082,1,1,16,16,16,16,16,16,16,16,16,16
482082,2,1,0,0,0,0,0,8,0,0,0,0
482083,0,1,0,0,0,0,21,28,24,0,0,0
482083,1,1,0,0,0,5,0,0,0,0,0,0
482084,1,1,29,18,37,22,27,8,16,15,7,8
482084,2,1,0,21,0,0,0,10,0,0,0,0
482085,1,1,0,0,0,0,0,0,0,0,21,0
482085,2,1,0,0,0,0,0,0,0,0,0,0
482086,1,1,0,17,0,0,0,0,0,23,0,0
482086,2,1,0,9,9,0,8,11,0,0,0,0
482087,1,1,0,37,26,0,0,0,0,0,27,28
482088,0,1,15,15,15,15,15,15,15,15,15,15
482088,1,1,7,7,7,7,7,7,7,7,7,7
482089,1,1,0,0,0,0,0,0,0,0,0,0
482090,1,1,7,7,7,7,7,7,7,7,7,7
482091,1,1,0,0,0,0,0,0,0,0,0,0
482092,1,1,23,21,14,27,29,4,11,15,15,0
482093,1,1,21,21,21,21,21,21,21,21,21,21
482094,1,1,13,13,13,13,13,13,13,13,13,13
482094,2,1,3,3,3,3,3,3,3,3,3,3
482095,0,1,0,0,0,0,0,0,0,0,0,0
482095,1,1,0,0,0,0,13,0,0,36,0,0
482096,0,1,3,3,3,3,3,3,3,3,3,3
482096,1,1,0,0,0,0,0,9,0,0,0,0
482097,1,1,16,16,16,16,16,16,16,16,16,16
482098,0,1,0,0,0,0,0,0,0,0,0,0
482098,0,2,0,0,0,0,0,0,0,0,0,0
482098,0,3,0,0,0,0,0,0,0,0,0,0
482098,1,1,16,16,16,16,16,16,16,16,16,16
482099,0,1,0,0,0,0,0,0,0,0,0,0
482099,1,1,0,0,12,16,0,0,16,0,16,0
482100,1,1,0,0,0,0,15,0,0,0,0,0
482101,1,1,0,0,0,0,0,0,0,0,0,0
482102,1,1,24,24,24,24,24,24,24,24,24,24
482103,1,1,0,0,0,0,10,0,0,0,12,0
482103,2,1,0,0,0,0,0,0,0,0,0,0
482103,3,1,0,0,0,0,0,0,0,0,0,0
482103,4,1,0,0,0,0,12,0,0,10,0,0
482104,1,1,0,27,0,27,25,28,20,16,28,21
482105,0,1,22,17,7,23,22,28,24,21,20,3
482105,1,1,0,0,0,9,0,0,0,0,14,0
482106,1,1,0,0,0,0,0,0,0,0,0,0
482107,1,1,8,6,0,0,23,25,14,18,13,23
482108,1,1,4,4,4,4,4,4,4,4,4,4
482109,1,1,0,0,0,0,0,0,0,0,0,0
482109,2,1,0,0,0,0,0,0,0,0,0,0
482110,1,1,0,0,0,0,0,0,0,0,0,0
482110,2,1,0,0,0,0,0,0,0,0,0,0
482111,0,1,0,0,0,0,0,0,0,0,0,0
482111,1,1,0,17,0,0,0,0,0,0,0,0
482112,1,1,0,0,0,0,0,0,0,0,0,0
482113,1,1,0,0,0,0,13,15,0,0,0,0
482113,2,1,0,0,0,0,0,0,0,0,0,0
482114,1,1,0,0,0,0,0,0,0,0,0,0
482114,2,1,0,0,0,0,0,0,0,0,0,0
482115,1,1,44,7,0,0,36,13,0,33,0,0
482116,1,1,0,0,0,0,14,0,0,0,0,0
482116,2,1,0,0,0,0,0,0,0,0,0,0
482117,1,1,8,8,8,8,8,8,8,8,8,8
482117,2,1,0,0,0,0,0,29,0,0,0,0
482117,3,1,0,0,0,0,0,0,0,0,0,0
482117,4,1,0,0,0,0,0,0,0,0,0,3
482117,5,1,0,10,0,0,0,0,0,0,0,0
482118,1,1,4,4,4,4,4,4,4,4,4,4
482118,2,1,12,0,0,0,19,0,14,0,0,0
482118,3,1,34,0,0,14,14,15,22,12,0,0
482118,4,1,0,0,0,0,0,6,0,0,0,5
482119,1,1,0,0,0,0,0,0,13,0,0,0
482120,1,1,0,0,0,0,0,0,0,0,0,0
482120,2,1,0,0,0,0,23,0,0,0,0,0
482120,3,1,0,0,0,0,0,0,0,0,35,0
482120,4,1,0,0,0,0,0,0,0,0,0,0
482120,5,1,0,0,0,0,0,0,0,0,0,0
482120,6,1,0,0,0,0,0,0,0,0,0,0
482121,0,1,7,7,7,7,7,7,7,7,7,7
482121,1,1,0,0,0,0,0,11,5,0,0,0
482122,0,1,0,0,0,0,0,0,0,0,0,0
482122,1,1,0,28,0,0,8,0,19,35,0,20
482123,1,1,19,19,19,19,19,19,19,19,19,19
482124,1,1,0,0,0,0,24,46,0,0,0,0
482124,2,1,0,13,0,0,0,0,0,0,0,0
482125,1,1,0,0,0,0,0,0,0,0,0,0
482125,2,1,0,0,0,21,0,0,16,25,19,0
482125,3,1,0,0,0,0,0,0,0,0,0,0
482126,1,1,0,0,0,0,0,0,0,0,0,0
482126,2,1,0,0,0,8,0,20,11,8,0,0
482127,1,1,16,0,0,8,0,0,21,0,0,37
482127,2,1,0,0,0,0,0,0,0,0,0,0
482128,1,1,0,0,0,0,0,0,0,0,0,0
482129,0,1,0,0,0,0,0,0,0,0,0,0
482129,1,1,0,0,0,0,0,0,0,0,0,0
482130,1,1,0,30,11,12,0,3,0,8,0,33
482131,1,1,0,0,0,0,0,0,0,0,0,0
482131,2,1,0,0,0,0,0,0,0,0,0,0
482132,1,1,0,0,0,0,0,0,0,0,9,0
482132,2,1,0,0,0,7,0,24,0,0,0,0
482133,1,1,7,7,7,7,7,7,7,7,7,7
482134,1,1,15,15,15,15,15,15,15,15,15,15
482134,2,1,0,0,0,0,0,0,0,0,0,0
482135,1,1,0,0,0,0,0,0,0,0,0,0
482135,2,1,0,17,0,0,16,9,24,0,0,0
482136,1,1,0,0,0,0,5,0,0,0,0,0
482136,2,1,0,0,0,0,0,0,0,0,0,0
482137,1,1,0,0,9,23,0,23,33,13,0,19
482138,1,1,0,0,0,0,0,0,0,0,0,0
482138,2,1,0,0,0,0,0,0,0,0,0,0
482139,1,1,0,0,0,0,0,3,7,0,0,0
482139,2,1,0,0,0,0,0,0,0,0,0,0
482140,0,1,0,0,0,0,0,0,0,0,0,0
482140,1,1,0,0,0,0,23,12,0,0,0,17
482141,1,1,24,24,24,24,24,24,24,24,24,24
482141,2,1,0,0,0,23,0,0,0,0,11,0
482142,1,1,7,7,7,7,7,7,7,7,7,7
482142,2,1,0,20,0,0,0,0,0,11,0,0
482142,3,1,0,0,0,16,0,0,0,0,0,0
482143,0,1,0,0,0,0,0,0,0,0,0,0
482143,1,1,0,0,0,0,0,0,0,0,0,0
482144,1,1,0,0,0,0,0,0,0,0,0,0
482144,2,1,0,0,0,0,0,0,21,0,14,0
482145,1,1,5,5,5,5,5,5,5,5,5,5
482146,1,1,0,27,21,15,0,0,5,0,18,15
482147,1,1,21,21,21,21,21,21,21,21,21,21
482147,2,1,0,0,0,0,0,0,0,0,0,0
482148,1,1,13,13,13,13,13,13,13,13,13,13
482149,0,1,3,3,3,3,3,3,3,3,3,3
482149,1,1,12,0,0,12,0,0,0,0,13,15
482150,1,1,0,0,0,0,0,0,0,0,0,0
482150,2,1,0,0,0,0,0,0,0,0,0,0
482151,1,1,0,0,0,12,0,0,0,22,0,0
482151,2,1,0,0,0,0,0,2,0,0,0,0
482152,1,1,0,0,0,0,0,0,0,0,0,0
482152,2,1,0,0,0,12,0,0,0,0,0,0
482153,1,1,0,0,0,0,0,0,0,0,0,0
482154,1,1,1,1,1,1,1,1,1,1,1,1
482155,1,1,11,11,11,11,11,11,11,11,11,11
482156,0,1,37,37,37,37,37,37,37,37,37,37
482156,1,1,0,23,0,19,0,0,15,0,0,0
482157,1,1,0,8,0,17,0,0,0,4,31,38
482158,1,1,7,23,0,18,0,12,13,14,21,18
482159,0,1,2,2,2,2,2,2,2,2,2,2
482159,1,1,4,0,0,0,0,0,2,0,0,5
482160,0,1,31,31,31,31,31,31,31,31,31,31
482160,1,1,0,0,0,14,0,22,35,0,0,0
482161,1,1,0,0,0,7,0,5,24,18,0,20
482162,0,1,11,11,11,11,11,11,11,11,11,11
482162,1,1,18,0,16,19,0,20,5,0,0,0
482162,2,1,22,0,15,8,0,0,30,0,20,21
482163,1,1,35,6,0,0,0,7,0,0,0,0
482164,1,1,15,15,15,15,15,15,15,15,15,15
482165,1,1,0,0,0,0,0,0,0,0,0,0
482165,2,1,0,0,0,0,0,0,0,0,0,0
482166,1,1,0,0,0,0,0,0,0,0,23,0
482166,2,1,0,0,0,0,0,0,0,0,12,0
482167,0,1,27,27,27,27,27,27,27,27,27,27
482167,1,1,0,0,0,0,0,0,0,0,0,0
482168,1,1,0,0,0,0,0,28,0,0,0,0
482168,2,1,0,0,0,0,0,13,24,0,14,0
482168,3,1,23,0,0,0,10,6,10,0,0,0
482169,0,1,0,0,0,0,0,0,0,0,0,0
482169,1,1,27,0,0,0,0,0,0,0,0,0
482170,1,1,0,0,0,0,0,0,0,0,0,0
482170,2,1,3,3,3,3,3,3,3,3,3,3
482171,1,1,16,0,0,34,0,0,37,0,24,17
482172,0,1,0,0,0,0,0,0,0,0,0,0
482172,1,1,0,0,0,0,0,0,0,0,13,0
482173,1,1,0,0,0,0,0,0,0,0,4,0
482173,2,1,0,0,0,6,0,0,22,0,0,0
482174,1,1,16,0,0,0,0,0,0,0,0,0
482175,1,1,0,0,0,0,0,0,0,0,0,0
482175,2,1,0,0,26,0,0,0,0,0,0,0
482176,1,1,11,11,11,11,11,11,11,11,11,11
482177,1,1,17,17,17,17,17,17,17,17,17,17
482178,1,1,0,0,0,0,0,29,0,0,0,0
482178,2,1,9,0,7,0,10,0,0,0,0,0
482179,1,1,0,0,0,0,0,0,0,0,0,0
482179,2,1,0,0,0,0,0,0,0,0,0,0
482180,1,1,6,17,0,20,9,0,19,11,26,5
482181,1,1,20,21,0,0,19,18,11,26,0,0
482183,1,1,0,0,0,5,0,0,0,0,0,15
482183,2,1,0,19,0,0,0,9,0,0,0,0
482185,0,1,0,0,0,10,0,17,0,0,23,0
482185,1,1,0,0,0,0,0,0,0,0,12,0
482186,1,1,0,0,0,0,0,0,0,0,8,12
482187,1,1,0,0,0,0,0,0,0,0,0,0
482187,2,1,0,0,0,0,0,0,0,0,0,11
482188,1,1,12,19,13,3,35,11,24,12,10,16
482189,0,1,0,0,0,0,0,0,0,0,0,0
482189,1,1,0,0,8,0,0,0,11,27,0,0
482190,1,1,0,0,0,0,0,0,0,0,0,0
482191,0,1,0,0,0,0,0,0,0,0,0,0
482191,1,1,0,0,0,27,0,0,0,0,0,0
482192,1,1,0,0,0,0,0,0,0,0,0,0
482193,1,1,0,0,0,0,11,0,0,11,0,11
482193,2,1,0,0,0,0,0,0,0,0,0,0
482194,1,1,17,17,17,17,17,17,17,17,17,17
482195,1,1,26,0,0,0,0,0,0,0,29,0
482195,2,1,0,0,0,0,0,0,0,0,0,0
482195,3,1,0,0,0,34,0,13,7,13,0,17
482195,4,1,0,0,0,0,0,0,0,0,0,0
482196,1,1,10,0,0,0,0,0,0,16,0,0
482197,1,1,0,0,0,0,0,0,0,0,0,0
482197,2,1,0,0,0,0,0,0,0,5,0,0
482198,1,1,20,20,20,20,20,20,20,20,20,20
482200,1,1,12,12,12,12,12,12,12,12,12,12
482201,0,1,0,22,0,0,14,19,0,0,0,29
482201,1,1,0,0,0,11,0,0,0,0,0,0
482202,0,1,0,0,0,0,0,0,0,0,0,0
482202,1,1,0,0,0,0,0,0,0,0,0,0
482203,1,1,11,13,0,0,0,12,0,0,8,0
482203,2,1,0,0,0,0,7,19,12,0,0,10
482204,0,1,0,0,0,0,0,0,0,0,0,0
482204,1,1,0,0,0,0,14,0,0,14,21,0
482205,0,1,24,24,24,24,24,24,24,24,24,24
482205,1,1,0,5,17,0,9,0,0,0,0,0
482206,1,1,0,0,0,0,0,0,0,0,0,0
482206,2,1,0,0,0,0,0,0,0,0,0,0
482206,3,1,0,0,24,0,0,0,0,0,0,0
482206,4,1,17,0,0,0,0,0,0,0,0,0
482206,5,1,0,0,0,0,0,0,0,0,0,0
482207,1,1,29,29,29,29,29,29,29,29,29,29
482208,1,1,0,0,0,0,0,0,0,0,0,0
482209,1,1,0,0,0,0,0,0,0,0,0,0
482209,2,1,0,0,0,0,0,0,0,0,0,0
482210,1,1,0,0,0,0,0,0,0,0,0,0
482210,2,1,9,0,0,0,0,0,0,0,0,0
482211,0,1,0,0,0,0,0,0,0,0,0,0
482211,1,1,0,0,0,0,5,29,0,0,0,0
482212,0,1,0,0,0,0,0,0,0,0,0,0
482212,1,1,0,0,0,0,0,0,0,0,0,0
482213,0,1,0,31,0,0,0,0,0,20,0,19
482213,1,1,0,11,0,0,6,0,0,10,0,20
482214,0,1,22,22,22,22,22,22,22,22,22,22
482214,1,1,4,0,0,0,0,10,0,0,0,0
482215,0,1,0,0,0,0,0,0,0,0,0,0
482215,1,1,23,23,23,23,23,23,23,23,23,23
482217,1,1,0,0,0,0,0,0,0,0,0,0
482217,2,1,1,1,1,1,1,1,1,1,1,1
482218,1,1,0,0,0,0,0,0,0,0,0,0
482218,2,1,0,19,0,0,0,0,0,0,21,0
482219,1,1,15,15,15,15,15,15,15,15,15,15
482219,2,1,21,0,17,24,0,0,0,0,0,0
482220,1,1,0,0,0,0,0,8,0,0,0,0
482220,2,1,0,0,0,0,0,0,0,0,0,0
482221,1,1,10,4,0,0,0,0,0,0,0,0
482221,2,1,0,24,0,3,0,25,0,0,0,0
482222,1,1,14,0,0,18,23,37,0,0,13,17
482222,2,1,0,0,0,0,0,0,0,0,0,0
482223,1,1,0,0,0,0,0,0,0,0,0,0
482223,2,1,0,0,0,0,0,0,13,0,0,0
482224,1,1,0,0,0,0,0,0,0,0,0,0
482225,1,1,0,0,0,0,0,3,0,0,0,10
482225,2,1,26,26,26,26,26,26,26,26,26,26
482226,1,1,14,14,14,14,14,14,14,14,14,14
482226,2,1,6,0,0,0,29,0,0,0,0,9
482227,1,1,0,0,0,0,0,0,0,0,0,0
482227,2,1,0,0,0,0,0,0,0,0,0,0
482227,3,1,0,0,0,0,0,0,0,0,0,0
482227,4,1,0,0,0,0,0,0,0,0,0,0
482228,1,1,0,0,0,0,0,0,0,0,0,0
482228,2,1,0,0,0,0,0,0,0,0,0,0
482229,1,1,0,0,0,0,0,0,0,0,0,0
482229,2,1,0,0,0,0,0,0,0,0,0,0
482230,1,1,0,0,0,0,0,0,0,0,0,0
482230,2,1,0,0,0,5,0,0,0,0,0,0
482231,0,1,0,0,0,8,0,0,0,0,0,20
482231,1,1,0,0,0,0,0,0,0,0,0,11
482232,1,1,31,34,0,0,20,0,12,0,14,16
482233,0,1,0,0,0,0,0,0,0,0,0,0
482233,0,2,0,0,0,0,0,0,16,0,0,13
482233,1,1,0,0,0,0,0,0,0,0,11,0
482234,1,1,0,0,0,0,0,0,0,0,9,12
482234,2,1,0,0,0,0,0,0,0,0,0,0
482235,1,1,0,0,0,0,0,0,0,0,0,0
482235,2,1,0,0,0,5,14,11,0,0,0,0
482236,1,1,23,23,23,23,23,23,23,23,23,23
482237,0,1,17,17,17,17,17,17,17,17,17,17
482237,1,1,0,0,10,0,5,0,0,0,3,7
482238,0,1,0,0,0,24,14,0,0,10,19,18
482238,1,1,0,9,0,0,0,0,0,0,0,0
482239,0,1,22,22,22,22,22,22,22,22,22,22
482239,0,2,0,38,0,0,0,0,0,0,0,9
482239,1,1,0,0,15,9,0,8,0,0,0,0
482240,1,1,0,0,0,0,0,0,0,0,0,0
482240,2,1,0,0,0,0,0,0,17,0,0,0
482241,1,1,0,0,0,0,0,0,0,0,0,0
482241,2,1,0,0,0,0,0,0,20,0,0,0
482242,1,1,27,0,17,0,0,31,0,20,20,27
482243,1,1,22,22,22,22,22,22,22,22,22,22
482244,0,1,0,0,0,0,0,0,0,0,0,0
482244,1,1,17,6,5,8,7,0,11,10,0,0
482245,1,1,0,0,0,0,0,0,0,0,0,0
482245,2,1,0,22,0,0,0,0,0,0,0,0
482246,1,1,18,14,30,20,22,28,24,9,6,22
482247,1,1,12,12,12,12,12,12,12,12,12,12
482248,1,1,0,0,0,24,0,0,14,8,24,33
482249,1,1,0,0,0,0,0,0,0,0,0,0
482249,2,1,0,0,0,0,0,0,0,0,0,0
482250,1,1,0,25,0,0,0,0,13,0,0,0
482250,2,1,0,0,0,0,0,0,0,0,0,0
482251,1,1,0,25,0,0,27,0,12,0,0,0
482251,2,1,0,0,22,0,6,0,0,0,24,11
482252,1,1,0,0,0,0,0,0,0,0,0,0
482253,1,1,20,20,20,20,20,20,20,20,20,20
482254,0,1,0,15,21,13,0,0,0,0,0,19
482254,1,1,11,0,0,9,21,0,0,0,32,0
482255,1,1,22,0,8,0,0,0,0,19,0,18
482256,1,1,0,0,17,0,0,0,24,0,16,0
482256,2,1,15,15,15,15,15,15,15,15,15,15
482257,1,1,15,0,0,0,0,13,0,0,0,0
482257,2,1,0,0,0,0,0,0,0,0,0,0
482258,0,1,5,5,5,5,5,5,5,5,5,5
482258,1,1,10,0,0,33,0,0,0,0,0,0
482259,1,1,0,0,0,0,0,0,0,0,0,0
482260,0,1,0,0,0,0,0,0,0,0,0,0
482260,1,1,10,0,0,0,0,15,0,0,0,11
482261,1,1,15,15,15,15,15,15,15,15,15,15
482261,2,1,13,13,13,13,13,13,13,13,13,13
482262,1,1,28,28,28,28,28,28,28,28,28,28
482263,1,1,0,12,0,21,10,0,0,0,13,3
482263,2,1,10,0,16,0,0,0,0,0,0,12
482264,1,1,0,0,0,0,0,0,0,0,0,0
482264,2,1,0,0,30,0,7,40,0,0,0,0
482265,0,1,0,0,0,0,0,0,20,0,0,20
482265,1,1,0,0,0,0,0,2,0,0,0,0
482265,2,1,0,0,6,11,0,20,0,0,0,0
482266,1,1,7,0,0,0,0,0,0,0,26,0
482266,2,1,0,0,0,0,0,0,0,0,0,0
482267,1,1,12,10,20,16,8,2,21,11,19,13
482267,2,1,26,0,0,0,19,0,0,0,4,0
482267,3,1,0,0,0,19,18,12,0,0,0,0
482268,1,1,0,0,27,0,19,0,0,3,0,0
482269,1,1,0,0,0,0,0,0,0,0,20,2
482269,2,1,0,0,0,0,0,0,0,0,0,0
482270,1,1,0,0,0,0,0,0,0,0,0,0
482271,1,1,0,10,25,0,0,18,10,12,0,8
482272,1,1,0,0,0,0,0,0,0,0,0,11
482272,2,1,0,0,0,0,0,0,27,0,0,0
482273,1,1,1,1,1,1,1,1,1,1,1,1
482274,1,1,11,11,11,11,11,11,11,11,11,11
482274,2,1,0,0,0,0,0,0,0,0,0,28
482275,1,1,0,0,0,4,0,0,4,5,0,0
482275,2,1,18,0,15,0,16,0,0,17,0,7
482276,1,1,17,0,0,0,0,34,15,0,16,4
482277,0,1,28,28,28,28,28,28,28,28,28,28
482277,1,1,0,0,5,0,7,0,0,0,0,0