ST_CASE,VEH_NO,PER_NO,P1,P2,P3,P4,P5,P6,P7,P8,P9,P10
482278,0,1,0,0,0,0,0,0,0,0,0,0
482278,0,2,0,0,0,0,18,13,34,0,0,23
482278,1,1,0,0,0,0,0,0,0,0,0,0
482279,1,1,0,0,0,0,0,0,0,0,0,0
482279,2,1,0,0,13,0,0,0,0,0,0,14
482280,0,1,8,8,8,8,8,8,8,8,8,8
482280,1,1,24,27,0,11,18,0,25,17,19,6
482281,1,1,33,0,0,0,29,0,0,0,0,0
482282,1,1,15,15,15,15,15,15,15,15,15,15
482283,1,1,0,0,0,0,0,0,0,0,18,0
482283,2,1,0,0,0,0,0,0,0,0,0,0
482284,0,1,9,0,0,0,0,0,23,0,0,0
482284,1,1,0,18,0,0,0,0,0,0,0,0
482285,0,1,0,0,0,0,15,0,17,0,0,0
482285,1,1,14,14,14,14,14,14,14,14,14,14
482286,1,1,23,23,23,23,23,23,23,23,23,23
482286,2,1,8,3,0,0,0,0,0,0,9,0
482287,0,1,11,11,11,11,11,11,11,11,11,11
482287,1,1,17,17,17,17,17,17,17,17,17,17
482287,2,1,0,4,8,18,12,5,11,17,0,0
482288,0,1,0,0,0,0,11,10,26,16,0,18
482288,1,1,0,0,0,0,0,0,22,17,0,0
482289,1,1,5,13,0,0,10,10,0,25,0,35
482290,1,1,0,0,0,0,0,0,0,0,0,0
482291,1,1,0,0,0,0,0,0,0,0,0,0
482291,2,1,0,6,0,0,0,12,0,0,0,12
482292,1,1,34,34,34,34,34,34,34,34,34,34
482293,1,1,21,21,21,21,21,21,21,21,21,21
482293,2,1,15,15,15,15,15,15,15,15,15,15
482294,1,1,0,0,0,0,9,17,0,0,0,0
482295,0,1,0,0,24,0,36,30,28,0,32,22
482295,1,1,0,12,0,0,0,0,0,0,0,8
482296,1,1,0,0,0,0,0,0,0,0,0,0
482296,2,1,22,22,22,22,22,22,22,22,22,22
482297,1,1,14,0,0,2,0,5,0,0,0,0
482298,0,1,0,0,9,0,9,0,0,0,0,28
482298,1,1,27,0,6,0,18,0,11,0,0,0
482299,0,1,0,0,0,0,0,0,0,0,0,0
482299,1,1,23,18,0,0,0,11,21,21,33,18
482300,1,1,0,0,0,0,0,0,0,0,0,0
482301,1,1,19,19,21,7,0,0,14,0,22,0
482302,1,1,0,0,0,0,0,13,11,0,0,0
482303,1,1,0,0,0,7,0,0,0,13,0,0
482303,2,1,0,0,0,0,0,24,5,0,0,0
482304,1,1,0,0,0,0,0,0,0,0,0,0
482304,2,1,0,0,0,0,0,0,0,0,0,0
482305,1,1,11,0,0,0,0,0,0,0,0,0
482305,2,1,0,0,0,0,0,0,0,0,0,0
482306,1,1,26,16,0,0,0,0,0,0,30,0
482307,1,1,7,7,7,7,7,7,7,7,7,7
482307,2,1,0,0,0,0,0,0,0,0,0,0
482307,3,1,0,0,12,0,0,0,0,0,19,0
482310,1,1,16,26,0,0,20,0,0,0,0,15
482310,2,1,0,0,0,0,0,0,0,0,0,0
482310,3,1,0,0,0,0,0,0,0,0,29,42
482311,1,1,0,0,0,0,0,0,0,0,0,0
482312,1,1,0,0,0,0,0,0,0,0,0,0
482313,1,1,0,0,0,0,18,16,0,0,11,44
482314,1,1,0,0,0,0,0,0,0,0,0,0
482314,2,1,0,0,0,0,28,0,0,0,0,0
482315,1,1,0,0,0,0,33,0,0,0,0,0
482315,2,1,0,4,0,13,0,0,0,0,0,0
482316,1,1,0,25,0,0,0,0,11,0,0,0
482316,2,1,0,0,0,21,0,0,0,0,7,0
482317,0,1,0,0,0,0,0,0,0,0,0,0
482317,1,1,0,0,0,0,0,0,0,0,0,0
482318,1,1,0,0,0,0,0,0,0,0,0,0
482319,1,1,0,0,0,0,25,26,0,0,0,0
482320,1,1,0,0,0,0,0,0,0,0,0,0
482320,2,1,0,0,0,0,0,0,0,0,0,0
482321,1,1,0,0,0,0,0,0,0,0,0,0
482321,2,1,0,6,0,0,0,0,0,0,0,0
482322,0,1,0,0,0,0,0,0,0,0,0,0
482322,2,1,0,0,0,0,0,0,0,0,0,0
482323,1,1,0,0,0,0,0,18,0,0,0,0
482324,1,1,11,14,0,20,0,0,0,0,0,31
482325,1,1,9,12,0,8,19,15,0,32,14,0
482326,1,1,0,0,16,3,0,32,0,0,10,0
482327,1,1,0,0,0,0,0,0,0,0,0,0
482328,0,1,32,32,32,32,32,32,32,32,32,32
482328,1,1,0,0,22,0,0,0,12,0,0,0
482329,1,1,0,27,0,0,13,27,32,17,0,19
482330,1,1,0,0,0,0,0,0,0,0,0,0
482331,1,1,0,0,0,0,23,0,0,0,0,0
482331,2,1,0,0,0,0,12,0,0,0,0,0
482331,3,1,0,0,0,0,0,0,0,0,0,0
482331,4,1,0,0,0,0,0,30,0,0,0,0
482332,1,1,0,0,0,0,0,0,0,0,0,0
482332,2,1,0,0,0,0,0,0,0,0,0,0
482333,0,1,11,0,23,29,0,0,19,6,0,24
482333,1,1,0,0,0,0,0,0,0,0,0,0
482334,0,1,0,0,0,0,0,0,0,0,0,0
482334,1,1,6,10,0,14,22,0,16,35,0,11
482336,1,1,0,0,0,38,0,0,0,0,14,0
482336,2,1,0,0,0,0,0,0,0,0,0,0
482337,1,1,0,0,0,0,0,0,0,0,0,0
482337,2,1,0,0,13,0,0,0,0,0,0,0
482337,3,1,0,13,0,0,0,0,0,0,0,0
482338,1,1,0,0,0,0,0,0,0,0,0,0
482338,2,1,0,0,0,0,0,0,15,0,0,0
482339,1,1,18,18,18,18,18,18,18,18,18,18
482339,2,1,0,0,0,0,0,0,0,0,0,0
482340,1,1,0,0,0,0,0,0,0,0,0,0
482340,2,1,0,0,0,0,0,0,0,0,0,0
482342,1,1,1,1,1,1,1,1,1,1,1,1
482343,1,1,0,0,0,0,0,0,0,0,0,0
482344,1,1,13,13,13,13,13,13,13,13,13,13
482344,2,1,0,0,0,26,0,0,0,0,0,4
482345,1,1,0,0,0,0,0,0,0,0,0,0
482345,2,1,0,0,0,0,0,0,0,0,0,0
482346,1,1,16,15,12,5,9,4,23,2,20,0
482346,2,1,0,0,0,0,0,0,0,0,0,0
482347,1,1,11,11,11,11,11,11,11,11,11,11
482348,1,1,7,17,0,33,0,0,15,10,0,0
482349,1,1,0,0,0,0,0,0,0,0,0,6
482349,2,1,0,0,0,0,0,0,0,0,0,0
482350,1,1,0,0,0,0,6,0,0,0,0,0
482350,2,1,0,0,0,0,0,0,0,0,0,0
482351,1,1,0,0,0,0,0,0,13,0,0,0
482351,2,1,0,0,0,0,0,0,0,0,0,0
482352,0,1,0,0,0,0,0,0,0,0,0,0
482352,1,1,0,0,0,0,0,0,0,0,0,0
482353,1,1,7,7,7,7,7,7,7,7,7,7
482353,2,1,0,0,16,6,0,0,7,0,13,0
482354,1,1,1,1,1,1,1,1,1,1,1,1
482354,2,1,20,0,0,0,31,0,5,0,0,19
482355,1,1,12,0,0,0,22,0,0,0,0,0
482356,1,1,9,19,23,17,0,0,16,26,0,14
482357,1,1,18,0,0,0,0,0,0,0,10,0
482357,2,1,20,18,28,0,0,24,0,0,17,0
482358,1,1,0,12,0,12,17,10,0,0,0,0
482358,2,1,0,0,0,0,0,0,0,0,0,0
482359,0,1,0,0,0,0,22,24,0,18,24,24
482359,1,1,22,0,0,24,0,0,0,0,0,17
482360,1,1,15,15,15,15,15,15,15,15,15,15
482361,1,1,0,0,0,0,0,0,0,0,0,0
482362,1,1,0,0,0,0,0,0,0,0,0,0
482362,2,1,0,0,0,0,0,0,0,0,0,0
482363,1,1,0,0,0,0,17,0,0,11,0,0
482363,2,1,0,0,0,0,0,0,0,0,0,0
482363,3,1,0,0,0,0,0,9,0,0,0,0
482364,1,1,0,0,0,0,0,3,0,0,0,0
482364,2,1,0,0,0,4,0,0,14,0,7,0
482365,0,1,0,0,0,0,0,0,0,0,0,0
482365,0,2,0,17,0,27,0,0,0,29,21,11
482365,1,1,15,14,8,24,8,10,16,9,20,17
482366,1,1,0,0,0,0,0,0,0,0,0,0
482366,2,1,0,0,0,0,0,0,0,0,0,0
482366,3,1,0,0,0,0,0,0,0,0,0,0
482366,4,1,0,0,0,0,0,4,0,0,0,0
482366,5,1,0,0,15,13,0,7,0,0,0,0
482367,0,1,0,20,0,0,0,0,0,0,0,0
482367,1,1,0,0,0,0,0,0,0,0,0,0
482368,1,1,0,0,0,0,0,0,0,0,0,0
482368,2,1,2,2,2,2,2,2,2,2,2,2
482368,3,1,0,9,7,4,5,0,0,0,0,0
482369,1,1,0,0,0,0,0,0,0,0,0,0
482369,2,1,0,0,0,0,0,0,40,12,0,24
482370,1,1,22,22,22,22,22,22,22,22,22,22
482371,1,1,0,0,0,0,0,0,0,0,0,0
482372,1,1,0,0,0,0,0,0,0,0,0,0
482372,2,1,15,0,0,0,0,0,0,0,0,0
482373,1,1,0,0,0,0,0,0,0,0,0,0
482373,2,1,0,0,0,0,0,0,0,0,0,0
482374,1,1,28,28,28,28,28,28,28,28,28,28
482375,1,1,0,20,0,30,0,17,25,0,16,8
482377,1,1,0,0,0,0,0,0,0,0,0,0
482378,1,1,10,0,0,0,0,0,0,11,0,0
482378,2,1,12,12,12,12,12,12,12,12,12,12
482379,1,1,22,25,14,37,36,10,12,23,20,11
482380,0,1,13,0,36,8,0,0,0,0,0,0
482380,1,1,0,0,0,17,0,24,8,0,0,0
482381,0,1,0,19,0,0,8,35,0,10,13,0
482381,1,1,0,0,0,0,0,0,0,18,0,0
482382,1,1,14,13,0,0,34,0,17,9,0,0
482382,2,1,3,0,0,0,0,0,0,20,0,0
482383,0,1,0,0,0,0,14,10,0,0,0,0
482383,1,1,0,0,0,0,0,0,0,0,0,0
482384,1,1,0,0,0,18,0,0,0,0,0,0
482385,1,1,0,0,0,0,0,0,0,0,0,0
482386,1,1,0,0,0,0,0,0,0,0,0,0
482386,2,1,0,0,0,0,0,0,0,0,0,0
482387,1,1,21,0,18,0,18,0,0,15,0,11
482388,1,1,23,23,23,23,23,23,23,23,23,23
482389,1,1,0,0,0,0,0,0,0,0,0,0
482389,2,1,0,0,0,0,0,0,0,5,0,0
482390,0,1,0,0,0,0,0,0,0,0,0,0
482390,1,1,0,0,0,0,0,0,0,0,0,0
482391,1,1,1,1,1,1,1,1,1,1,1,1
482391,2,1,9,0,27,0,0,0,0,0,15,0
482392,0,1,0,0,0,0,0,0,0,0,0,0
482392,1,1,0,0,0,0,0,0,0,0,0,0
482393,0,1,0,0,0,0,0,0,0,0,0,0
482393,1,1,0,0,0,7,0,0,0,0,0,10
482394,1,1,0,0,0,0,16,0,0,0,0,0
482395,1,1,0,0,0,0,0,0,0,0,0,0
482396,0,1,10,19,0,0,0,0,0,0,0,0
482396,1,1,0,39,12,35,7,0,0,0,0,14
482397,0,1,0,0,0,0,0,26,0,6,0,23
482397,1,1,0,0,0,17,0,27,5,0,13,10
482398,1,1,0,0,0,0,0,8,0,0,0,0
482399,1,1,26,26,26,26,26,26,26,26,26,26
482400,1,1,0,0,0,0,0,0,0,0,0,0
482401,0,1,0,0,0,0,0,0,0,0,0,0
482401,1,1,0,0,9,12,13,0,0,0,27,0
482402,1,1,0,0,0,0,0,0,0,0,0,0
482403,1,1,0,0,0,0,0,0,31,0,0,0
482403,2,1,0,0,0,0,0,0,0,0,0,0
482404,1,1,0,0,0,0,18,0,0,0,0,0
482404,2,1,0,0,0,0,0,0,12,0,0,0
482405,1,1,0,0,0,15,0,0,0,14,0,0
482406,1,1,0,15,34,0,0,18,5,8,0,0
482406,2,1,0,0,0,8,0,0,0,13,20,16
482407,0,1,0,0,0,0,0,0,0,0,0,0
482407,1,1,0,0,0,0,0,0,0,0,0,0
482408,1,1,5,5,5,5,5,5,5,5,5,5
482409,1,1,42,30,0,0,0,0,0,16,0,0
482409,2,1,0,11,0,0,0,0,0,0,0,0
482410,1,1,0,0,0,0,0,0,0,0,0,0
482410,2,1,0,0,10,0,15,2,0,0,0,0
482411,1,1,10,10,10,10,10,10,10,10,10,10
482411,2,1,0,0,24,18,0,22,11,17,0,4
482412,1,1,8,8,8,8,8,8,8,8,8,8
482412,2,1,11,0,0,0,0,0,0,0,38,0
482413,1,1,0,0,0,0,0,0,0,0,0,0
482414,0,1,2,11,0,0,0,0,0,23,17,15
482414,1,1,0,0,8,0,0,9,0,0,22,0
482415,1,1,0,9,0,0,0,0,0,14,0,0
482415,2,1,0,0,0,6,15,0,11,0,0,6
482415,3,1,0,3,0,0,0,0,0,0,0,0
482416,1,1,16,16,16,16,16,16,16,16,16,16
482417,1,1,44,44,44,44,44,44,44,44,44,44
482417,2,1,0,11,7,0,0,13,0,22,0,0
482417,3,1,7,0,14,0,0,0,0,19,0,9
482418,1,1,0,0,21,0,0,6,0,0,0,0
482418,2,1,1,1,1,1,1,1,1,1,1,1
482419,1,1,23,23,23,23,23,23,23,23,23,23
482420,1,1,0,0,0,0,3,0,0,0,0,0
482420,2,1,0,0,0,0,0,0,0,0,0,2
482421,1,1,0,0,0,0,0,0,0,0,0,0
482421,2,1,0,0,0,0,0,0,0,0,0,0
482422,1,1,23,23,23,23,23,23,23,23,23,23
482423,1,1,25,19,0,0,0,0,0,14,22,0
482424,1,1,12,12,12,12,12,12,12,12,12,12
482426,1,1,0,5,0,0,19,0,0,0,0,0
482426,2,1,0,0,27,0,0,0,0,0,0,29
482427,0,1,0,0,0,0,0,0,0,0,0,0
482427,1,1,0,0,0,0,0,22,0,0,0,0
482428,1,1,17,0,0,0,0,0,23,0,0,19
482428,2,1,19,0,0,22,20,16,0,0,0,0
482428,3,1,0,0,0,0,0,0,0,0,0,0
482428,4,1,0,0,0,0,0,0,0,0,0,22
482429,1,1,4,0,12,0,0,0,15,0,5,0
482429,2,1,0,17,6,5,5,3,0,7,0,0
482430,1,1,26,26,26,26,26,26,26,26,26,26
482431,0,1,9,9,9,9,9,9,9,9,9,9
482431,1,1,18,0,0,0,0,0,0,0,0,0
482432,1,1,0,0,0,0,0,0,0,0,0,25
482432,2,1,0,11,0,0,0,0,0,12,0,0
482433,1,1,0,0,0,0,0,0,0,0,0,15
482433,2,1,0,19,0,18,0,0,0,27,0,0
482434,1,1,0,0,15,0,0,0,0,0,0,0
482434,2,1,0,0,0,0,0,0,0,0,0,0
482434,3,1,15,0,0,5,0,0,0,0,9,6
482434,4,1,0,0,0,0,0,0,27,0,32,0
482434,5,1,0,0,0,0,0,0,0,0,0,0
482435,1,1,0,0,0,0,0,0,0,0,0,0
482436,1,1,4,0,0,0,14,0,0,0,0,0
482436,2,1,0,0,0,10,7,0,0,0,0,16
482437,0,1,0,0,0,0,0,0,0,0,0,0
482437,0,2,0,0,0,0,0,0,0,0,0,0
482437,1,1,0,0,8,0,0,0,19,0,0,24
482438,1,1,0,0,0,14,0,15,0,0,0,0
482438,2,1,0,0,0,10,0,0,0,10,0,4
482439,1,1,0,0,0,0,0,0,0,0,0,0
482439,2,1,0,0,0,9,0,0,0,0,0,0
482440,0,1,0,0,0,0,0,16,24,0,0,0
482440,1,1,2,0,0,0,0,11,0,8,7,0
482441,1,1,0,0,0,0,17,0,0,5,0,0
482441,2,1,0,0,0,0,0,0,0,0,0,0
482442,1,1,12,15,0,0,26,9,0,0,0,0
482442,2,1,38,0,17,0,12,43,0,0,0,0
482443,1,1,0,28,0,0,0,0,0,0,0,0
482444,1,1,0,0,0,0,0,0,0,0,0,0
482444,2,1,0,0,0,0,0,0,0,0,0,0
482445,1,1,12,0,26,20,7,17,0,27,0,14
482446,1,1,0,0,16,0,0,17,33,0,0,0
482447,1,1,13,20,0,11,36,0,23,26,6,8
482448,1,1,8,0,0,8,0,0,18,0,4,0
482448,2,1,12,12,12,12,12,12,12,12,12,12
482449,1,1,0,0,0,0,0,0,0,0,0,0
482449,2,1,18,18,18,18,18,18,18,18,18,18
482450,1,1,9,0,0,0,6,24,0,0,10,0
482450,2,1,0,0,0,0,0,0,0,0,0,0
482451,1,1,0,0,25,0,0,0,28,18,0,0
482452,1,1,0,0,0,0,0,0,0,0,0,0
482452,2,1,0,6,0,0,0,0,0,0,0,0
482453,1,1,0,0,0,0,0,0,0,0,15,0
482453,2,1,0,0,0,0,0,0,0,0,0,0
482454,1,1,28,28,28,28,28,28,28,28,28,28
482455,0,1,0,0,16,4,0,0,0,8,0,0
482455,1,1,36,0,0,0,0,0,0,12,0,0
482456,1,1,0,0,0,0,0,0,0,0,0,0
482457,1,1,18,18,18,18,18,18,18,18,18,18
482458,1,1,22,0,52,0,0,0,0,0,0,0
482458,2,1,0,0,0,0,0,0,0,0,0,0
482459,1,1,8,16,20,8,11,17,8,13,23,9
482459,2,1,0,0,0,0,0,0,0,0,0,0
482460,1,1,0,0,0,0,0,0,0,0,0,0
482460,2,1,0,0,0,0,0,0,0,0,0,0
482461,1,1,20,20,20,20,20,20,20,20,20,20
482462,1,1,0,0,0,0,0,0,0,0,0,11
482462,2,1,0,0,0,0,0,0,0,0,0,0
482463,1,1,0,14,0,28,11,19,0,0,0,0
482463,2,1,0,10,0,0,0,21,21,0,0,0
482464,1,1,0,0,0,0,0,0,0,0,0,0
482465,1,1,0,0,0,0,7,0,0,0,2,0
482465,2,1,2,0,0,0,0,0,0,0,0,0
482466,0,1,14,10,11,0,0,0,0,0,52,0
482466,0,2,0,0,24,0,0,33,18,0,0,0
482466,1,1,0,0,0,0,0,0,0,0,0,0
482467,0,1,0,0,0,0,0,0,0,0,0,0
482467,1,1,0,0,0,0,0,0,0,0,0,0
482468,0,1,0,0,0,0,0,0,0,0,0,0
482468,1,1,0,0,0,0,0,0,0,0,0,0
482469,1,1,0,0,0,0,0,0,30,0,3,0
482469,2,1,9,0,0,0,0,0,0,0,0,0
482470,1,1,21,20,13,20,17,23,25,9,8,11
482471,1,1,0,0,0,0,0,0,0,0,0,0
482472,1,1,16,13,8,17,24,9,0,9,0,20
482473,1,1,11,11,11,11,11,11,11,11,11,11
482474,1,1,0,0,0,0,0,0,0,0,0,0
482474,2,1,0,25,0,7,0,0,0,10,0,0
482475,1,1,17,17,17,17,17,17,17,17,17,17
482475,2,1,0,0,0,0,0,0,0,0,0,0
482476,1,1,32,32,32,32,32,32,32,32,32,32
482476,2,1,0,0,0,0,0,0,0,0,0,0
482478,1,1,0,0,11,0,0,0,0,0,0,0
482479,1,1,0,0,0,10,0,0,0,0,0,0
482479,2,1,0,0,0,0,0,11,14,0,0,0
482480,1,1,22,22,22,22,22,22,22,22,22,22
482481,1,1,0,0,0,0,0,0,0,0,0,24
482482,0,1,0,0,0,0,0,0,0,0,0,0
482482,1,1,0,0,0,0,0,0,0,0,0,0
482483,1,1,0,23,0,0,0,0,16,0,0,0
482484,1,1,0,0,0,0,0,0,0,0,0,0
482484,2,1,11,7,9,12,14,0,15,20,15,19
482485,0,1,0,0,0,0,0,0,0,0,0,0
482485,1,1,0,0,0,0,0,0,0,0,0,0
482486,1,1,0,0,0,0,0,0,0,0,0,0
482486,2,1,0,10,0,12,19,0,0,15,0,0
482487,1,1,0,0,0,0,0,0,0,0,0,0
482487,2,1,4,9,10,0,11,2,0,10,16,11
482488,0,1,26,16,0,12,0,23,16,0,10,0
482488,1,1,0,19,0,0,0,0,33,0,20,37
482489,1,1,0,0,0,0,0,0,0,7,0,39
482489,2,1,0,0,0,0,0,0,0,0,0,0
482490,1,1,0,0,0,30,0,23,0,0,0,0
482491,1,1,0,0,0,0,0,0,0,0,0,0
482491,2,1,23,23,23,23,23,23,23,23,23,23
482492,1,1,0,0,0,0,0,0,0,15,0,7
482492,2,1,0,0,0,0,0,0,0,9,0,0
482493,1,1,0,0,0,0,0,0,0,0,0,0
482493,2,1,0,0,0,0,27,0,0,0,30,12
482494,1,1,0,0,0,0,0,0,0,0,0,0
482495,1,1,0,0,0,0,0,0,0,0,0,0
482495,2,1,13,10,0,8,0,23,14,30,28,0
482496,1,1,0,0,0,0,0,0,0,0,0,0
482496,2,1,0,5,8,25,12,0,0,8,25,0
482497,0,1,0,0,0,0,0,0,0,0,0,0
482497,1,1,0,0,0,0,0,0,0,0,0,0
482498,1,1,0,0,19,0,0,0,0,0,0,26
482499,1,1,1,1,1,1,1,1,1,1,1,1
482499,2,1,20,0,0,18,5,20,0,0,0,14
482500,0,1,0,0,0,0,0,0,0,0,0,0
482500,1,1,0,0,0,0,0,0,0,0,0,0
482501,0,1,0,12,0,0,10,22,25,17,0,0
482501,1,1,0,0,0,0,24,0,0,10,0,20
482502,1,1,0,0,0,0,0,0,0,0,0,0
482502,2,1,0,0,0,0,0,0,0,0,0,0
482503,0,1,0,12,0,22,22,0,0,23,0,0
482503,1,1,0,0,0,0,0,0,0,0,0,10
482504,1,1,0,0,0,0,0,0,0,0,0,37
482504,2,1,0,0,0,2,26,0,0,0,0,0
482505,1,1,0,0,0,0,0,0,0,0,0,0
482505,2,1,0,0,0,0,0,0,0,0,0,0
482506,1,1,0,0,0,0,24,0,44,0,0,0
482506,2,1,0,0,0,0,0,0,0,0,0,0
482507,1,1,0,0,0,0,0,0,0,0,0,0
482507,2,1,0,0,0,0,0,0,0,0,0,0
482508,1,1,5,5,5,5,5,5,5,5,5,5
482510,0,1,28,28,28,28,28,28,28,28,28,28
482510,1,1,0,0,0,21,0,0,0,22,0,0
482511,1,1,0,0,11,0,11,0,24,0,19,8
482512,1,1,22,0,21,0,38,21,0,0,0,14
482513,0,1,0,0,0,0,0,0,0,0,0,0
482513,0,2,0,0,0,0,0,0,29,0,0,0
482513,1,1,0,0,0,0,0,0,0,0,0,0
482514,1,1,15,0,13,40,0,0,27,0,11,20
482515,1,1,0,0,12,22,0,16,19,20,18,12
482515,2,1,0,0,0,0,0,0,0,0,0,1
482516,1,1,0,0,0,0,0,0,0,0,0,0
482517,1,1,4,20,15,11,0,11,0,0,13,11
482518,1,1,0,0,0,0,19,0,0,9,0,0
482518,2,1,0,0,0,0,0,0,0,0,0,0
482519,1,1,15,15,15,15,15,15,15,15,15,15
482519,2,1,0,0,0,0,0,0,0,0,0,0
482520,0,1,0,0,0,22,0,13,0,0,14,0
482520,0,2,19,0,0,23,12,43,21,0,12,0
482520,1,1,0,17,15,10,21,12,18,14,18,0
482521,0,1,4,4,4,4,4,4,4,4,4,4
482521,1,1,22,19,0,0,0,0,0,0,0,0
482521,2,1,0,0,0,0,6,0,0,0,0,0
482521,3,1,0,0,0,0,0,0,0,0,0,0
482523,1,1,0,0,0,0,0,0,0,0,0,0
482524,1,1,14,14,14,14,14,14,14,14,14,14
482524,2,1,0,0,0,0,0,5,24,0,0,0
482525,1,1,15,0,11,13,28,13,7,10,6,10
482525,2,1,0,0,0,0,0,0,0,0,0,0
482526,1,1,0,0,0,6,0,0,0,0,0,6
482526,2,1,0,0,0,0,0,0,0,0,0,0
482527,1,1,0,0,0,0,0,0,0,0,0,0
482527,2,1,0,0,0,0,0,0,0,13,0,0
482528,1,1,0,0,16,0,0,0,0,0,14,15
482529,0,1,0,0,0,7,0,0,0,0,0,0
482529,1,1,0,0,0,0,0,8,0,0,0,7
482530,1,1,0,5,0,0,0,0,0,0,0,0
482530,2,1,0,0,14,0,0,0,0,0,0,20
482531,1,1,10,15,28,19,14,12,18,22,19,25
482532,1,1,0,0,0,0,0,0,0,0,0,0
482533,2,1,0,0,0,0,0,0,0,10,0,8
482534,0,1,33,0,42,0,0,0,0,0,0,0
482534,1,1,0,0,0,0,0,0,0,0,2,2
482535,0,1,0,0,0,0,0,0,0,0,0,0
482535,1,1,12,0,29,0,0,0,27,0,13,0
482536,0,1,38,38,38,38,38,38,38,38,38,38
482536,1,1,0,8,0,14,0,5,15,0,0,9
482537,1,1,13,13,13,13,13,13,13,13,13,13
482538,1,1,2,2,2,2,2,2,2,2,2,2
482539,1,1,0,0,0,0,0,0,0,0,0,0
482539,2,1,0,0,0,0,0,0,0,0,0,0
482539,3,1,0,0,0,0,0,0,0,0,0,0
482540,1,1,0,18,0,0,0,0,0,0,35,0
482540,2,1,0,0,6,0,0,0,0,0,0,0
482541,0,1,0,0,0,0,0,0,0,0,0,0
482541,1,1,0,0,0,0,0,0,0,0,0,0
482542,0,1,0,0,0,0,0,0,0,0,0,0
482542,1,1,0,0,0,0,0,0,0,0,0,0
482543,1,1,0,0,0,0,0,0,5,0,0,0
482543,2,1,0,0,0,0,0,0,0,0,0,0
482544,1,1,25,18,30,0,9,19,12,14,29,28
482545,1,1,18,11,0,14,24,15,21,0,0,0
482546,1,1,19,19,19,19,19,19,19,19,19,19
482547,1,1,0,0,0,13,0,0,0,0,0,0
482547,2,1,0,0,0,0,0,0,0,0,0,0
482548,1,1,0,7,2,0,0,0,0,21,0,8
482548,2,1,0,15,0,0,0,0,0,13,0,0
482548,3,1,0,12,10,0,0,5,0,0,0,19
482549,0,1,0,0,0,0,0,0,0,0,0,0
482549,1,1,0,0,0,0,20,0,0,0,0,0
482550,1,1,18,18,18,18,18,18,18,18,18,18
482551,1,1,0,0,0,0,0,0,0,0,0,0
482552,1,1,0,0,0,0,0,0,0,5,0,0
482552,2,1,0,0,0,0,0,0,0,0,0,0
482554,0,1,0,0,0,0,0,0,0,0,0,0
482554,1,1,0,0,0,6,0,0,0,0,0,19
482554,2,1,0,0,2,0,0,0,11,0,0,0
482555,1,1,0,0,0,0,0,0,0,0,3,12
482555,2,1,0,24,0,0,12,17,0,0,0,0
482556,1,1,5,0,20,17,34,22,20,14,24,13
482556,2,1,0,0,0,0,0,0,0,0,0,0
482557,1,1,0,0,0,0,0,0,0,0,0,0
482557,2,1,0,0,0,0,0,0,11,0,18,0
482558,1,1,0,0,0,0,0,5,0,0,0,0
482558,2,1,0,0,0,0,0,0,0,0,0,0
482559,0,1,0,0,0,0,0,0,0,0,0,0
482559,1,1,15,10,0,0,0,0,0,0,0,0
482559,2,1,0,0,0,0,0,0,0,0,0,0
482560,0,1,0,15,17,12,25,36,19,0,0,0
482560,1,1,0,0,0,36,0,0,0,0,0,22
482562,0,1,0,0,0,0,0,0,0,0,0,0
482562,1,1,28,0,0,16,0,0,0,0,0,0
482563,1,1,0,0,0,0,0,0,0,0,0,0
482563,2,1,15,0,7,8,0,0,0,0,0,0
482564,1,1,0,0,0,0,0,0,0,0,0,0
482564,2,1,0,18,0,16,12,6,32,10,40,0
482565,1,1,18,18,18,18,18,18,18,18,18,18
482566,0,1,19,0,14,0,11,0,0,13,0,38
482566,1,1,0,0,13,0,11,0,9,0,0,0
482567,1,1,17,17,17,17,17,17,17,17,17,17
482568,1,1,0,0,0,0,0,0,0,0,0,0
482568,2,1,0,0,0,0,0,0,0,0,0,0
482569,1,1,13,4,0,0,23,0,0,0,0,0
482570,0,1,34,0,0,0,0,0,0,0,0,4
482570,1,1,0,0,0,0,0,0,0,0,0,0
482571,1,1,0,0,0,0,0,0,0,6,0,0
482572,0,1,0,0,0,0,0,0,19,0,0,0
482572,1,1,0,10,0,0,0,0,0,0,0,0
482573,1,1,0,0,0,0,0,0,0,11,0,0
482573,2,1,0,0,0,0,0,0,0,22,0,0
482574,1,1,10,10,10,10,10,10,10,10,10,10
482575,1,1,22,0,15,25,10,0,0,5,18,11
482576,1,1,0,0,37,0,0,0,0,0,0,0
482576,2,1,0,0,0,0,0,0,0,0,0,0
482577,1,1,0,0,25,28,0,20,13,0,13,0