ST_CASE,VEH_NO,PER_NO,P1,P2,P3,P4,P5,P6,P7,P8,P9,P10
482578,1,1,0,0,0,0,0,0,0,0,5,0
482578,2,1,0,0,0,0,0,0,0,0,0,0
482579,1,1,8,0,0,0,0,9,15,8,0,24
482579,2,1,22,22,22,22,22,22,22,22,22,22
482581,0,1,0,0,0,0,0,0,0,0,0,0
482581,1,1,0,11,0,0,27,0,0,0,0,0
482582,1,1,0,0,0,0,5,0,0,0,14,0
482582,2,1,3,26,23,6,8,14,27,26,28,6
482583,1,1,0,0,0,10,0,0,0,0,0,0
482583,2,1,0,0,0,0,0,0,0,0,0,0
482584,0,1,0,0,0,0,0,0,0,0,0,0
482584,1,1,0,0,0,12,0,0,0,19,0,0
482585,1,1,27,27,27,27,27,27,27,27,27,27
482586,1,1,11,0,0,0,18,0,0,5,0,11
482586,2,1,0,0,0,0,0,0,0,0,0,8
482587,1,1,18,18,18,18,18,18,18,18,18,18
482587,2,1,12,12,12,12,12,12,12,12,12,12
482588,1,1,0,0,0,0,0,0,0,0,0,12
482588,2,1,0,0,0,0,0,0,28,0,0,0
482589,1,1,0,9,0,0,0,17,23,0,0,0
482589,2,1,0,0,0,0,0,0,0,0,0,0
482590,1,1,0,0,0,12,9,8,0,0,27,0
482591,0,1,13,6,0,9,0,6,43,2,32,0
482591,1,1,0,0,0,0,16,0,7,0,19,0
482592,1,1,0,0,0,0,0,0,0,0,0,0
482593,0,1,0,0,0,0,0,0,0,0,0,0
482593,1,1,0,0,6,0,0,0,7,0,0,0
482594,1,1,0,0,0,0,0,0,0,0,0,7
482594,2,1,0,0,0,0,0,0,0,0,0,0
482595,1,1,0,0,0,0,0,0,0,0,0,0
482596,1,1,0,0,18,10,0,28,0,14,8,27
482598,1,1,0,0,0,12,0,0,0,0,0,25
482598,2,1,0,0,0,0,0,0,0,0,0,0
482599,1,1,21,21,21,21,21,21,21,21,21,21
482599,2,1,5,0,0,5,0,0,0,0,0,18
482600,1,1,0,0,0,0,0,0,0,7,0,0
482600,2,1,0,0,19,0,0,0,0,23,0,0
482600,3,1,0,0,0,12,0,16,0,0,0,0
482600,4,1,0,0,0,0,0,0,0,14,0,0
482601,0,1,0,0,0,0,15,25,39,0,0,0
482601,1,1,24,24,24,24,24,24,24,24,24,24
482602,1,1,19,19,19,19,19,19,19,19,19,19
482603,0,1,21,0,0,0,0,0,0,0,0,0
482603,1,1,0,0,7,4,0,15,0,0,0,0
482603,3,1,19,0,0,0,0,0,27,0,23,20
482604,0,1,0,0,0,0,0,16,0,0,0,0
482604,1,1,22,0,0,0,0,0,0,0,0,0
482605,1,1,26,26,26,26,26,26,26,26,26,26
482606,1,1,26,26,26,26,26,26,26,26,26,26
482606,2,1,0,0,0,0,0,0,0,0,0,0
482607,1,1,22,22,22,22,22,22,22,22,22,22
482607,2,1,14,0,6,3,8,0,5,8,0,0
482608,1,1,0,0,0,0,0,0,0,0,0,0
482608,2,1,0,12,0,0,0,13,0,13,0,0
482608,3,1,0,0,0,0,0,0,0,0,13,0
482609,1,1,14,14,14,14,14,14,14,14,14,14
482610,1,1,0,0,0,11,0,0,0,0,0,3
482610,2,1,0,0,15,0,0,19,27,11,0,3
482611,1,1,0,0,0,0,0,0,12,0,0,0
482611,2,1,0,0,0,0,0,0,0,15,0,0
482612,1,1,0,0,12,0,12,0,19,28,0,22
482613,1,1,0,0,0,0,0,0,0,0,0,0
482614,1,1,0,20,33,15,6,0,17,0,0,19
482616,1,1,23,23,23,23,23,23,23,23,23,23
482618,1,1,0,0,27,0,0,0,0,0,31,0
482618,2,1,0,0,0,0,0,0,0,0,0,0
482619,1,1,0,0,0,27,0,19,0,20,15,0
482619,2,1,0,0,0,0,0,26,0,0,0,0
482620,1,1,8,8,8,8,8,8,8,8,8,8
482620,2,1,10,10,10,10,10,10,10,10,10,10
482621,1,1,16,16,16,16,16,16,16,16,16,16
482621,2,1,0,0,0,0,0,0,9,10,0,0
482622,1,1,17,0,0,0,0,0,0,0,0,0
482623,1,1,19,19,19,19,19,19,19,19,19,19
482624,1,1,18,10,17,0,0,17,0,22,21,6
482626,1,1,33,33,33,33,33,33,33,33,33,33
482627,1,1,21,21,21,21,21,21,21,21,21,21
482628,1,1,0,0,0,0,0,0,0,0,0,0
482629,1,1,0,0,0,0,0,0,0,0,0,0
482629,2,1,0,17,19,0,0,10,26,0,16,21
482630,1,1,12,0,22,12,0,0,23,37,0,0
482630,2,1,0,0,0,0,12,11,0,0,21,15
482631,1,1,0,0,0,0,0,0,0,0,0,0
482632,1,1,0,0,0,0,0,0,0,0,0,0
482633,1,1,6,6,6,6,6,6,6,6,6,6
482634,1,1,15,33,16,0,10,27,16,16,8,15
482635,1,1,33,33,33,33,33,33,33,33,33,33
482636,0,1,0,0,0,0,0,0,0,0,0,0
482636,1,1,12,0,0,13,0,12,0,0,0,0
482637,1,1,0,0,0,0,0,0,4,0,0,0
482637,2,1,0,0,0,0,0,0,0,0,0,0
482638,1,1,4,4,4,4,4,4,4,4,4,4
482639,1,1,23,0,10,0,0,0,0,0,26,0
482640,1,1,20,0,0,0,0,0,0,0,0,0
482641,0,1,0,0,20,0,0,0,0,23,0,0
482641,1,1,0,0,0,0,0,11,0,0,20,0
482642,0,1,0,0,0,0,0,0,0,0,0,0
482642,1,1,0,0,0,0,0,0,0,0,0,27
482643,1,1,0,0,0,0,0,0,0,0,39,0
482644,1,1,0,0,0,0,39,0,0,19,0,0
482644,2,1,0,0,0,0,5,0,0,0,0,0
482645,1,1,0,0,0,0,0,15,0,0,0,0
482645,2,1,0,0,0,0,0,0,0,0,0,0
482645,3,1,0,0,0,0,0,0,0,0,0,0
482645,4,1,10,0,0,0,0,0,0,0,15,0
482645,5,1,0,0,0,0,0,0,0,0,5,0
482646,1,1,0,8,0,8,0,0,0,0,0,0
482646,2,1,0,0,0,0,0,0,0,0,0,0
482647,1,1,0,0,0,12,0,0,15,11,0,13
482648,1,1,21,27,0,0,0,0,0,0,0,11
482649,1,1,0,0,0,0,0,9,0,0,0,0
482650,1,1,0,0,0,0,22,0,0,0,0,17
482650,2,1,15,0,18,0,0,34,0,0,0,0
482651,0,1,0,0,0,0,0,0,0,0,0,0
482651,1,1,0,0,0,0,0,0,0,0,0,0
482652,1,1,13,13,13,13,13,13,13,13,13,13
482652,2,1,0,0,0,14,12,0,0,0,13,4
482652,3,1,0,0,8,14,8,0,0,0,0,0
482653,1,1,9,0,0,0,0,0,0,0,7,0
482653,2,1,0,0,0,0,19,0,0,11,0,0
482654,1,1,19,19,19,19,19,19,19,19,19,19
482654,2,1,0,0,0,0,0,0,0,0,0,0
482654,3,1,0,0,0,0,0,0,0,0,0,0
482655,1,1,26,26,26,26,26,26,26,26,26,26
482655,2,1,0,0,0,0,0,0,0,0,0,0
482656,1,1,13,0,17,0,9,0,0,0,0,12
482657,1,1,0,0,0,0,0,0,0,0,0,0
482657,2,1,0,0,0,0,7,17,0,16,0,13
482658,1,1,0,0,0,0,0,0,0,0,0,0
482658,2,1,0,0,0,0,0,0,0,0,0,0
482659,1,1,23,0,23,13,2,18,22,0,10,23
482660,0,1,0,24,0,0,0,0,0,0,0,0
482660,1,1,0,0,0,0,0,0,0,0,0,0
482661,1,1,0,0,0,0,0,0,21,0,0,17
482662,1,1,0,0,0,0,0,0,0,0,0,0
482662,2,1,0,0,0,0,0,0,0,0,0,0
482663,1,1,10,10,10,10,10,10,10,10,10,10
482664,1,1,14,0,0,0,0,0,0,0,0,12
482664,2,1,0,0,0,0,0,0,0,0,0,0
482665,1,1,7,7,7,7,7,7,7,7,7,7
482665,2,1,0,0,0,0,0,0,0,0,0,0
482666,1,1,0,0,0,0,0,0,0,0,0,0
482666,2,1,0,25,0,0,0,0,0,0,0,14
482667,1,1,32,0,0,0,0,0,25,0,0,0
482667,2,1,0,0,0,0,15,0,0,0,0,0
482668,0,1,0,13,0,4,25,0,3,0,0,16
482668,1,1,0,0,7,8,41,0,0,0,0,0
482669,1,1,50,50,50,50,50,50,50,50,50,50
482670,1,1,0,0,0,0,0,0,0,0,0,0
482671,1,1,16,28,0,0,0,0,0,15,0,0
482672,0,1,0,0,0,0,0,0,0,0,0,0
482672,1,1,0,0,0,0,6,0,0,0,0,0
482673,1,1,24,24,24,24,24,24,24,24,24,24
482673,2,1,0,0,11,0,9,0,0,0,0,0
482674,1,1,0,6,0,0,0,0,0,0,0,0
482674,2,1,0,0,11,19,29,8,0,0,0,0
482675,1,1,12,12,12,12,12,12,12,12,12,12
482675,2,1,0,0,0,0,0,0,0,0,0,0
482677,0,1,10,10,10,10,10,10,10,10,10,10
482677,1,1,0,0,0,0,0,0,0,0,0,0
482678,1,1,11,11,11,11,11,11,11,11,11,11
482678,2,1,4,0,0,19,0,0,0,0,0,0
482680,0,1,0,0,0,0,0,0,0,0,0,0
482680,1,1,0,0,0,0,0,18,0,0,0,9
482681,1,1,24,24,24,24,24,24,24,24,24,24
482682,1,1,0,0,0,0,0,0,0,0,0,0
482682,2,1,0,0,0,0,0,0,0,16,15,0
482683,0,1,25,25,25,25,25,25,25,25,25,25
482683,1,1,0,0,4,0,17,19,4,0,11,18
482684,0,1,0,0,0,0,0,0,0,0,0,0
482684,1,1,0,0,0,0,0,0,9,0,0,0
482685,1,1,25,25,25,25,25,25,25,25,25,25
482686,1,1,0,0,7,0,0,0,15,0,0,14
482686,2,1,0,0,24,0,0,0,0,0,0,0
482687,1,1,0,0,0,0,0,0,0,0,10,0
482688,1,1,13,13,13,13,13,13,13,13,13,13
482688,2,1,0,0,0,0,0,7,0,4,0,12
482688,3,1,0,0,21,14,23,35,11,0,0,19
482689,1,1,19,0,22,0,13,0,0,0,23,27
482689,2,1,0,0,0,0,0,0,0,0,0,0
482690,1,1,24,24,24,24,24,24,24,24,24,24
482690,2,1,10,0,0,0,14,12,22,0,33,0
482690,3,1,0,0,0,19,16,4,0,0,0,16
482691,1,1,0,19,0,0,0,0,0,0,0,0
482691,2,1,0,0,0,0,0,0,0,0,0,0
482692,1,1,0,0,0,0,0,0,0,0,0,0
482692,2,1,0,0,0,0,0,0,0,26,0,0
482693,1,1,0,0,0,0,0,0,0,0,0,0
482693,2,1,14,20,0,8,14,22,14,0,29,10
482694,1,1,0,11,0,0,0,0,0,16,0,0
482694,2,1,0,0,0,0,0,0,0,0,0,3
482695,1,1,0,0,0,0,0,0,0,0,0,0
482695,2,1,0,0,0,0,0,9,0,18,0,0
482696,1,1,13,8,20,35,0,0,0,16,0,0
482696,2,1,19,19,19,19,19,19,19,19,19,19
482697,0,1,21,21,21,21,21,21,21,21,21,21
482697,1,1,0,0,11,0,0,13,0,4,3,0
482698,0,1,0,0,0,0,0,0,0,0,0,0
482698,1,1,0,0,0,0,0,0,0,0,0,0
482699,1,1,0,0,0,0,0,0,0,0,0,0
482699,2,1,0,0,0,0,0,0,0,0,0,0
482700,1,1,14,0,7,0,0,0,0,0,0,0
482700,2,1,0,17,0,5,0,0,0,0,0,0
482701,0,1,16,16,16,16,16,16,16,16,16,16
482701,1,1,0,0,0,0,0,0,0,0,10,0
482702,1,1,16,16,16,16,16,16,16,16,16,16
482702,2,1,0,14,0,0,17,9,0,0,18,17
482703,1,1,0,0,0,0,0,0,0,0,0,0
482704,1,1,18,18,18,18,18,18,18,18,18,18
482704,2,1,0,0,0,13,0,0,0,13,0,0
482705,1,1,18,18,18,18,18,18,18,18,18,18
482706,1,1,0,0,0,0,0,0,0,0,0,0
482706,2,1,0,0,0,0,0,0,0,0,0,0
482707,0,1,0,0,0,0,0,0,0,0,0,0
482707,1,1,0,0,0,0,0,20,0,0,0,0
482708,0,1,24,0,0,0,0,0,0,25,8,0
482708,1,1,0,0,30,0,8,0,0,0,0,0
482709,1,1,0,0,0,0,0,0,9,0,12,0
482709,2,1,0,0,0,0,0,0,0,0,0,0
482710,1,1,0,0,0,0,0,8,21,6,0,0
482710,2,1,20,20,20,20,20,20,20,20,20,20
482711,1,1,0,0,0,0,8,0,0,0,18,0
482711,2,1,0,0,7,0,0,0,0,0,0,0
482712,1,1,0,0,0,0,0,0,0,0,0,0
482712,2,1,14,4,0,0,0,5,0,0,0,0
482713,1,1,11,0,0,10,0,0,0,0,16,28
482714,1,1,15,15,15,15,15,15,15,15,15,15
482715,1,1,0,7,0,0,26,0,0,0,0,0
482716,1,1,40,40,40,40,40,40,40,40,40,40
482716,2,1,0,0,17,0,0,0,7,0,0,0
482717,1,1,5,5,5,5,5,5,5,5,5,5
482718,0,1,10,0,0,0,0,0,8,0,0,9
482718,1,1,0,0,0,6,0,18,18,0,0,0
482719,1,1,24,21,27,11,22,16,6,10,2,11
482719,2,1,0,17,0,0,0,0,14,4,0,0
482720,1,1,0,0,0,0,0,0,0,0,0,0
482720,2,1,0,0,0,0,0,0,0,0,0,0
482721,0,1,0,4,16,24,14,0,8,6,0,25
482721,1,1,14,0,0,0,0,0,0,0,0,0
482722,1,1,26,26,26,26,26,26,26,26,26,26
482722,2,1,13,0,0,0,3,8,16,0,14,11
482723,0,1,0,0,0,0,0,0,0,0,0,0
482723,1,1,0,0,0,0,0,0,0,0,0,0
482724,1,1,38,38,38,38,38,38,38,38,38,38
482724,2,1,13,13,13,13,13,13,13,13,13,13
482725,1,1,0,0,0,0,0,0,0,0,0,0
482725,2,1,0,0,0,0,0,0,0,0,0,0
482727,1,1,23,23,23,23,23,23,23,23,23,23
482727,2,1,0,0,0,23,20,0,40,0,0,0
482727,3,1,0,0,0,0,0,0,0,0,0,0
482727,4,1,0,6,0,0,6,0,5,9,0,0
482727,5,1,0,6,20,0,0,0,0,0,0,0
482727,6,1,0,24,5,7,0,0,0,2,0,0
482728,1,1,16,11,0,0,0,0,0,39,17,0
482729,1,1,0,0,0,0,0,0,18,0,0,0
482729,2,1,0,0,0,0,0,0,0,0,0,0
482729,3,1,0,0,0,18,0,0,0,0,0,0
482730,1,1,26,26,26,26,26,26,26,26,26,26
482731,1,1,26,26,26,26,26,26,26,26,26,26
482731,2,1,1,1,1,1,1,1,1,1,1,1
482732,1,1,0,0,0,0,0,0,0,0,0,0
482732,2,1,0,0,0,9,0,0,0,0,0,0
482733,1,1,14,14,14,14,14,14,14,14,14,14
482734,1,1,0,0,0,0,0,0,0,0,0,0
482734,2,1,0,0,0,0,0,0,0,0,0,28
482735,1,1,0,0,17,10,0,10,13,0,0,25
482735,2,1,27,0,0,0,17,31,19,0,0,0
482736,1,1,0,0,0,0,0,0,0,0,0,0
482736,2,1,0,0,0,0,0,0,0,0,0,0
482737,1,1,0,0,0,0,0,0,0,0,0,0
482738,1,1,27,27,27,27,27,27,27,27,27,27
482739,1,1,0,0,0,0,0,0,0,0,0,0
482739,2,1,0,0,23,0,14,0,0,0,18,15
482739,3,1,0,0,8,0,0,5,0,8,10,28
482740,1,1,0,8,0,0,0,0,0,0,22,0
482740,2,1,0,0,0,0,0,0,0,0,0,0
482741,1,1,0,0,0,0,0,0,0,0,0,0
482741,2,1,0,0,0,0,0,0,0,0,0,0
482742,1,1,0,0,0,0,0,0,0,0,0,0
482742,2,1,0,0,0,0,0,0,0,0,0,0
482742,3,1,0,0,0,0,20,0,0,21,32,0
482743,1,1,3,3,3,3,3,3,3,3,3,3
482744,0,1,15,15,15,15,15,15,15,15,15,15
482744,1,1,0,0,0,9,0,0,0,0,0,5
482745,1,1,12,12,12,12,12,12,12,12,12,12
482746,0,1,0,0,38,13,0,0,32,0,0,0
482746,1,1,0,0,22,0,0,0,0,0,0,0
482747,1,1,0,0,0,0,0,0,0,0,0,0
482747,2,1,0,0,0,0,0,0,0,0,0,0
482748,1,1,0,0,0,0,0,0,0,0,0,0
482749,1,1,28,28,28,28,28,28,28,28,28,28
482750,0,1,13,7,21,26,0,0,0,0,0,5
482750,1,1,0,4,22,10,25,0,0,0,0,8
482751,1,1,18,18,18,18,18,18,18,18,18,18
482751,2,1,0,0,0,0,0,0,0,0,0,0
482752,0,1,8,16,11,19,0,0,18,24,0,0
482752,0,2,25,9,21,32,0,0,41,0,0,0
482752,1,1,31,0,37,15,13,5,19,25,16,0
482752,3,1,0,0,5,0,16,0,0,0,0,0
482752,4,1,0,7,0,0,0,0,17,0,14,12
482753,1,1,0,0,0,0,0,0,0,0,0,0
482753,2,1,0,0,0,0,0,0,0,0,0,0
482753,3,1,0,0,0,0,0,0,0,0,7,24
482754,1,1,0,0,0,0,0,0,0,0,0,0
482755,0,1,0,0,0,0,28,31,0,46,0,0
482755,1,1,8,26,0,0,0,2,13,0,0,0
482756,1,1,19,4,6,0,0,13,0,20,13,0
482757,1,1,0,0,0,16,0,0,0,18,13,0
482758,0,1,0,7,0,0,28,0,0,0,36,25
482758,1,1,0,0,0,0,0,0,0,0,18,0
482759,0,1,0,0,0,15,29,0,0,0,0,0
482759,1,1,0,0,0,0,7,5,0,0,0,0
482760,0,1,0,0,27,0,21,13,14,0,0,0
482760,1,1,11,0,0,18,0,0,0,0,0,0
482761,1,1,24,12,18,20,13,17,13,0,10,26
482761,2,1,0,12,0,8,5,0,0,12,0,11
482762,1,1,16,0,0,6,7,14,0,0,23,9
482763,0,1,0,0,0,25,0,15,7,0,22,0
482763,1,1,11,0,0,0,0,20,0,0,0,0
482764,1,1,19,19,19,19,19,19,19,19,19,19
482764,2,1,0,0,0,0,0,0,21,0,0,0
482765,1,1,9,5,22,20,15,0,21,20,6,13
482766,1,1,0,0,0,9,16,8,0,17,0,0
482766,2,1,0,0,0,0,0,0,0,0,0,0
482767,1,1,20,20,20,20,20,20,20,20,20,20
482768,1,1,0,0,0,0,0,0,0,0,0,0
482768,2,1,2,2,2,2,2,2,2,2,2,2
482769,0,1,0,0,0,0,0,0,0,0,0,0
482769,1,1,0,0,0,0,0,0,0,0,0,0
482770,0,1,29,19,22,3,19,0,0,10,0,14
482770,1,1,15,15,15,15,15,15,15,15,15,15
482771,1,1,0,0,0,19,0,15,6,0,0,0
482771,2,1,0,0,0,0,0,0,0,0,0,0
482772,0,1,0,0,0,0,0,0,0,0,0,0
482772,0,2,0,0,0,13,0,0,0,0,25,0
482772,1,1,0,0,0,0,0,0,0,0,12,0
482773,1,1,0,0,0,0,0,0,0,0,0,0
482773,2,1,0,0,0,0,0,0,0,0,0,0
482774,1,1,2,2,2,2,2,2,2,2,2,2
482775,1,1,1,1,1,1,1,1,1,1,1,1
482776,1,1,13,13,13,13,13,13,13,13,13,13
482776,2,1,0,0,0,0,0,0,0,0,34,0
482777,0,1,4,4,4,4,4,4,4,4,4,4
482777,1,1,0,0,0,22,0,12,29,9,17,0
482778,1,1,0,0,0,0,0,0,0,0,0,0
482778,2,1,0,0,0,0,0,0,0,0,0,0
482778,3,1,0,0,0,0,0,0,0,0,0,0
482779,1,1,0,11,0,11,11,0,0,0,0,0
482779,2,1,0,0,0,0,0,0,0,0,0,0
482779,3,1,0,0,0,17,12,0,0,0,0,0
482780,0,1,0,7,0,0,0,0,0,0,0,0
482780,1,1,0,34,0,0,0,0,0,0,0,0
482781,1,1,0,0,0,0,0,0,0,0,0,0
482781,2,1,0,0,0,0,0,0,0,9,0,0
482782,1,1,15,15,15,15,15,15,15,15,15,15
482782,2,1,0,0,0,0,12,0,0,0,0,0
482783,0,1,18,21,0,12,0,0,0,21,35,0
482783,1,1,0,0,0,0,0,0,0,0,0,22
482784,0,1,14,14,14,14,14,14,14,14,14,14
482784,1,1,0,0,12,0,17,16,9,4,14,0
482785,1,1,0,0,0,0,0,0,0,0,0,0
482785,2,1,0,0,0,0,0,0,0,0,0,0
482786,1,1,0,15,0,0,0,0,0,0,0,0
482786,2,1,0,0,0,0,0,0,0,0,0,0
482786,3,1,0,24,11,0,0,0,0,0,0,0
482786,4,1,0,0,0,6,0,0,0,17,0,0
482787,1,1,0,0,0,5,0,0,0,0,24,0
482788,1,1,0,0,0,0,0,0,0,0,0,0
482788,2,1,0,0,0,0,0,0,0,0,0,0
482788,3,1,0,0,0,0,0,0,0,0,0,0
482789,1,1,0,0,0,0,0,0,0,0,0,0
482790,1,1,8,8,8,8,8,8,8,8,8,8
482791,1,1,0,19,22,0,0,0,0,0,0,19
482792,0,1,0,0,0,0,0,0,0,0,0,0
482792,1,1,9,0,0,0,0,0,0,0,0,0
482793,0,1,0,0,0,0,0,0,0,0,0,0
482793,1,1,0,0,0,0,0,0,0,0,0,0
482794,0,1,24,24,18,13,0,27,40,0,8,22
482794,0,2,9,0,0,0,27,0,0,26,0,18
482794,1,1,9,0,0,0,19,0,0,0,0,6
482795,0,1,0,21,19,16,0,0,0,23,0,11
482795,1,1,0,0,0,21,18,22,0,5,0,0
482796,1,1,13,0,31,0,26,17,29,19,10,25
482796,2,1,0,0,0,0,0,0,0,0,0,0
482797,0,1,15,15,15,15,15,15,15,15,15,15
482797,1,1,0,0,0,15,3,0,0,0,0,0
482798,1,1,0,0,0,0,0,0,0,0,0,0
482799,0,1,0,0,0,25,0,0,0,34,0,21
482799,0,2,0,0,0,0,0,0,0,0,0,0
482799,1,1,0,24,0,0,0,20,24,31,29,13
482800,1,1,0,0,0,0,0,0,0,7,0,0
482800,2,1,0,17,0,0,0,0,0,0,0,20
482801,1,1,0,0,0,0,0,0,0,0,0,0
482802,1,1,0,0,0,0,0,0,0,0,0,28
482802,2,1,3,0,0,8,0,0,0,0,0,0
482803,0,1,0,0,0,0,0,0,0,0,0,0
482803,1,1,0,0,0,0,0,0,0,0,0,0
482804,1,1,0,0,0,0,0,0,0,0,0,13
482804,2,1,0,0,0,0,0,3,0,0,0,0
482805,1,1,0,0,0,0,0,0,0,0,0,0
482806,1,1,0,8,0,5,8,34,0,0,0,0
482807,0,1,14,14,14,14,14,14,14,14,14,14
482807,0,2,0,0,0,0,0,0,0,0,0,20
482807,1,1,0,0,0,0,0,0,0,0,0,0
482808,1,1,0,0,0,0,15,0,0,0,0,0
482808,2,1,14,0,13,0,0,0,0,0,0,0
482809,1,1,0,0,0,27,0,0,24,0,0,0
482809,2,1,0,0,30,0,15,0,0,0,0,21
482810,0,1,0,15,35,10,0,0,0,0,0,21
482810,1,1,0,13,12,19,26,0,0,0,10,18
482811,1,1,10,4,8,19,30,27,0,6,9,19
482811,2,1,0,0,0,0,0,0,0,0,0,0
482813,1,1,0,0,0,0,0,0,0,0,0,0
482813,2,1,0,0,0,0,0,0,0,28,0,0
482814,0,1,0,0,0,0,0,0,0,0,0,0
482814,1,1,25,27,13,28,0,14,0,0,0,0
482814,2,1,12,28,0,0,7,0,18,0,0,0
482815,1,1,0,0,18,0,0,18,0,10,12,10
482816,1,1,14,14,14,14,14,14,14,14,14,14
482816,2,1,21,0,0,0,0,0,0,0,0,0
482817,1,1,4,0,0,0,0,0,0,0,0,0
482817,2,1,18,18,18,18,18,18,18,18,18,18
482818,1,1,0,0,0,0,0,0,0,0,0,0
482819,1,1,5,13,14,8,9,11,33,14,6,20
482820,1,1,0,22,0,0,0,0,0,0,0,0
482820,2,1,0,0,0,0,0,0,0,0,0,0
482821,1,1,12,25,28,0,30,16,13,0,16,24
482822,1,1,0,0,0,0,0,0,0,33,0,0
482822,2,1,9,0,0,0,13,0,0,13,0,14
482823,1,1,0,24,24,0,0,0,0,0,7,22
482823,2,1,23,16,0,8,0,0,0,0,0,0
482824,1,1,33,33,33,33,33,33,33,33,33,33
482825,1,1,0,0,0,0,0,0,0,0,0,0
482825,2,1,0,0,0,0,0,0,0,0,0,0
482826,1,1,27,27,27,27,27,27,27,27,27,27
482827,1,1,0,12,0,0,33,34,0,0,20,0
482827,2,1,0,0,0,0,0,0,0,0,0,0
482827,3,1,0,0,0,0,10,0,0,20,0,0
482827,4,1,0,0,0,17,0,0,0,0,0,26
482827,5,1,0,0,0,0,0,0,0,0,0,0
482827,6,1,0,0,0,0,0,0,0,0,0,0
482828,1,1,0,0,0,0,0,0,0,24,0,0
482828,2,1,0,0,0,0,0,0,16,0,0,0
482828,3,1,0,0,13,0,0,0,0,0,0,0
482829,1,1,3,15,19,0,0,0,0,0,0,0
482830,1,1,0,0,0,0,0,0,0,0,0,0
482830,2,1,0,0,0,0,0,0,0,0,16,0
482831,0,1,0,0,0,0,13,0,0,0,0,0
482831,1,1,17,0,0,0,0,0,0,0,12,0
482832,1,1,0,7,16,0,0,2,0,0,0,0
482832,2,1,0,0,0,0,0,0,0,0,0,3
482833,1,1,0,0,0,0,0,0,0,0,0,0
482833,2,1,0,0,0,0,0,0,0,0,0,0
482834,0,1,0,0,0,0,0,0,0,0,0,0
482834,1,1,0,0,0,0,0,20,13,0,0,0
482835,1,1,19,19,19,19,19,19,19,19,19,19
482836,1,1,0,0,0,0,0,0,0,0,0,0
482836,2,1,0,0,0,0,0,0,0,0,0,0
482837,1,1,19,0,0,0,0,0,0,10,10,0
482838,0,1,0,22,14,32,12,0,0,19,7,0
482838,1,1,0,11,0,0,0,0,0,0,0,0
482839,1,1,0,0,0,0,0,0,0,0,0,0
482840,1,1,0,0,0,0,0,0,0,0,0,0
482840,2,1,0,0,0,0,0,0,0,0,0,0
482840,3,1,0,0,0,0,0,0,0,0,0,0
482842,0,1,0,0,0,0,0,0,0,0,0,0
482842,1,1,0,0,0,0,0,0,0,0,0,0
482843,0,1,29,29,29,29,29,29,29,29,29,29
482843,1,1,0,0,8,0,0,0,0,0,0,0
482844,1,1,0,0,0,0,0,0,0,0,0,0
482844,2,1,0,0,0,0,0,0,0,0,0,0
482845,1,1,0,0,0,0,0,0,0,0,0,0
482845,2,1,0,0,0,0,0,0,0,0,6,0
482846,1,1,0,20,0,0,8,0,0,16,0,0
482846,2,1,0,13,0,0,0,18,26,0,0,0
482847,1,1,21,10,14,0,22,0,0,0,0,0
482848,1,1,0,0,0,0,0,0,0,0,0,0
482848,2,1,0,0,0,4,12,3,11,0,0,19
482849,1,1,0,0,0,0,0,0,0,0,0,0
482849,2,1,14,0,9,12,0,0,0,0,0,0
482850,1,1,11,0,5,11,23,0,17,0,19,0
482851,1,1,0,0,0,0,0,0,0,0,0,0
482851,2,1,0,5,6,13,11,0,16,18,7,0
482852,0,1,0,0,0,0,0,0,0,0,0,0
482852,1,1,0,0,31,0,0,37,0,0,0,14
482852,2,1,0,0,0,0,0,0,0,19,0,0
482852,3,1,0,0,0,0,0,11,0,0,0,5
482852,4,1,0,0,0,0,0,0,0,0,6,0
482853,0,1,12,12,12,12,12,12,12,12,12,12
482853,1,1,0,0,18,0,50,0,18,16,0,0
482855,1,1,0,0,0,0,0,19,0,0,0,0
482855,2,1,0,0,0,0,0,0,0,0,0,0
482856,1,1,13,19,19,13,16,23,2,25,6,9
482856,2,1,0,0,0,0,6,12,7,0,0,0
482857,1,1,16,16,16,16,16,16,16,16,16,16
482857,2,1,0,21,0,0,5,0,0,0,0,0
482857,3,1,0,0,0,0,0,0,0,0,0,0
482858,0,1,0,0,0,0,0,0,0,0,0,0
482858,1,1,0,10,5,8,12,10,0,0,0,0