ST_CASE,VEH_NO,PER_NO,P1,P2,P3,P4,P5,P6,P7,P8,P9,P10
482859,1,1,13,13,13,13,13,13,13,13,13,13
482860,1,1,28,0,3,11,24,28,23,18,0,24
482861,1,1,0,0,0,0,0,15,0,0,18,0
482861,2,1,0,0,0,0,0,0,20,0,0,0
482862,1,1,0,0,0,0,0,0,0,0,0,0
482863,0,1,0,17,39,17,0,0,0,0,0,0
482863,1,1,0,0,6,0,0,0,6,0,0,0
482864,1,1,11,11,11,11,11,11,11,11,11,11
482864,2,1,0,9,0,22,0,0,10,0,25,0
482865,1,1,17,17,17,17,17,17,17,17,17,17
482865,2,1,0,0,0,0,0,12,0,0,0,0
482866,1,1,0,0,0,0,0,0,0,6,0,0
482867,1,1,0,0,0,0,0,0,0,33,16,0
482868,1,1,0,0,0,0,0,0,0,0,0,0
482868,2,1,0,0,0,10,0,0,0,7,48,0
482869,0,1,0,0,0,0,0,0,0,0,0,0
482869,1,1,0,0,0,0,23,21,0,0,0,0
482870,1,1,15,15,15,15,15,15,15,15,15,15
482870,2,1,0,9,0,0,0,0,12,0,0,0
482871,1,1,24,0,9,12,0,0,0,0,0,0
482871,2,1,0,0,0,0,0,3,0,0,0,0
482872,0,1,0,0,0,0,0,0,0,0,0,0
482872,1,1,0,0,0,0,0,12,0,0,0,0
482872,2,1,18,0,26,0,0,11,9,0,10,0
482873,1,1,7,7,7,7,7,7,7,7,7,7
482873,2,1,0,0,10,0,0,0,23,0,33,16
482873,3,1,0,0,0,0,0,0,5,23,0,0
482874,1,1,15,22,22,9,13,0,0,14,20,0
482875,1,1,0,0,0,0,0,0,0,0,0,0
482875,2,1,0,0,0,0,0,0,0,0,0,0
482876,0,1,0,0,0,0,0,0,0,0,0,0
482876,1,1,0,0,0,0,0,0,0,0,0,0
482877,1,1,0,0,0,0,0,27,0,0,0,0
482877,2,1,0,0,0,0,0,14,0,27,0,0
482878,1,1,8,8,8,8,8,8,8,8,8,8
482878,2,1,0,0,0,0,0,0,0,0,0,0
482879,0,1,0,0,0,26,0,0,22,35,20,29
482879,1,1,0,0,0,0,0,0,0,0,0,0
482880,1,1,0,0,0,0,0,0,0,0,0,0
482880,2,1,0,0,0,0,0,0,0,0,0,0
482880,3,1,0,0,30,0,0,0,0,26,0,0
482881,1,1,16,16,16,16,16,16,16,16,16,16
482882,1,1,9,9,9,9,9,9,9,9,9,9
482882,2,1,0,0,0,0,0,0,0,0,25,0
482882,3,1,0,0,4,0,0,0,0,0,0,3
482883,1,1,11,10,17,7,25,25,24,11,16,18
482884,0,1,0,0,0,0,0,0,13,17,16,12
482884,1,1,0,0,0,0,0,0,0,0,0,0
482885,0,1,8,8,8,8,8,8,8,8,8,8
482885,1,1,11,21,0,0,21,0,0,0,0,11
482886,1,1,0,0,0,23,21,0,0,0,0,18
482886,2,1,0,0,0,0,0,0,0,0,0,0
482887,1,1,20,0,11,0,16,2,7,0,9,0
482887,2,1,0,0,0,0,0,10,0,0,0,0
482887,3,1,0,0,4,0,0,5,0,0,0,5
482887,4,1,0,32,0,0,0,11,0,0,0,0
482888,1,1,0,0,0,0,0,0,0,0,0,0
482888,2,1,3,0,0,0,0,0,0,0,0,0
482889,1,1,7,0,0,0,11,21,5,0,0,0
482890,1,1,14,0,0,0,0,21,19,31,11,19
482891,1,1,0,0,0,0,0,0,0,0,0,0
482891,2,1,0,0,0,0,0,0,0,0,0,0
482891,3,1,0,0,0,0,8,7,0,0,0,0
482891,4,1,36,0,0,0,0,6,28,0,0,0
482891,5,1,0,0,0,0,0,0,5,0,0,0
482892,1,1,0,0,0,0,0,0,0,0,0,0
482892,2,1,0,0,0,0,0,0,0,0,0,0
482893,0,1,0,0,0,0,0,0,0,0,0,0
482893,1,1,0,19,7,0,11,0,0,0,0,0
482894,1,1,0,0,0,0,0,0,0,0,0,0
482894,2,1,0,0,0,6,0,6,0,6,0,0
482895,0,1,0,0,0,0,0,0,0,0,0,11
482895,1,1,0,0,0,0,0,0,0,0,0,0
482896,0,1,0,0,0,0,0,0,0,0,0,0
482896,1,1,0,0,0,0,0,0,0,0,0,0
482896,2,1,0,6,0,0,8,0,0,0,0,0
482896,3,1,0,0,0,0,0,0,0,9,0,0
482897,1,1,15,15,15,15,15,15,15,15,15,15
482898,1,1,13,0,0,0,19,18,0,22,0,8
482899,0,1,0,0,0,0,20,0,0,0,0,23
482899,1,1,0,0,0,0,0,0,15,0,0,23
482900,1,1,39,39,39,39,39,39,39,39,39,39
482901,1,1,0,0,22,0,0,0,0,0,0,0
482902,1,1,0,19,15,0,24,18,21,25,0,0
482903,1,1,1,1,1,1,1,1,1,1,1,1
482903,2,1,24,0,0,0,2,7,0,0,9,0
482905,1,1,22,22,22,22,22,22,22,22,22,22
482905,2,1,0,18,17,0,0,0,0,0,10,0
482906,1,1,14,14,14,14,14,14,14,14,14,14
482907,1,1,30,30,30,30,30,30,30,30,30,30
482908,1,1,0,0,0,0,0,0,0,0,0,0
482908,2,1,0,0,0,0,0,0,0,0,0,0
482908,3,1,0,0,0,0,0,0,0,0,0,0
482909,1,1,0,0,0,0,0,0,0,0,0,0
482910,0,1,29,29,29,29,29,29,29,29,29,29
482910,1,1,0,14,0,0,0,0,0,0,0,20
482911,1,1,0,0,0,0,0,0,0,0,0,0
482912,1,1,25,0,0,22,0,0,2,0,0,0
482913,0,1,25,25,25,25,25,25,25,25,25,25
482913,1,1,0,19,5,5,10,12,14,15,16,9
482914,0,1,0,0,0,0,18,0,31,0,0,0
482914,1,1,13,16,0,0,0,0,9,0,0,14
482915,0,1,12,12,12,12,12,12,12,12,12,12
482915,1,1,0,0,16,0,9,31,0,0,0,0
482917,0,1,0,0,0,0,0,20,0,0,0,0
482917,0,2,0,0,17,0,20,8,0,0,20,0
482917,0,3,0,0,0,27,0,0,0,16,0,16
482917,1,1,0,16,0,0,13,0,18,6,0,0
482918,1,1,0,0,0,0,0,0,0,0,0,0
482918,2,1,0,0,0,0,0,14,0,0,0,0
482919,0,1,0,0,0,0,0,0,0,0,0,0
482919,1,1,0,0,0,0,0,0,0,0,10,0
482920,1,1,0,0,0,0,0,0,0,0,0,0
482920,2,1,0,0,0,0,0,0,0,0,0,0
482921,0,1,31,31,31,31,31,31,31,31,31,31
482921,1,1,18,20,10,15,14,14,9,15,4,19
482922,1,1,0,0,0,0,26,0,0,0,0,0
482922,2,1,0,0,0,0,0,0,0,0,0,0
482923,1,1,21,21,21,21,21,21,21,21,21,21
482924,1,1,0,0,0,0,0,0,0,0,0,0
482925,1,1,37,37,37,37,37,37,37,37,37,37
482926,1,1,23,23,23,23,23,23,23,23,23,23
482926,2,1,15,11,24,9,11,12,13,11,8,17
482927,0,1,19,0,20,0,0,21,0,40,16,10
482927,1,1,0,0,0,5,0,0,9,10,0,0
482928,1,1,0,0,28,0,0,0,0,0,15,0
482928,2,1,0,0,0,0,0,14,0,23,16,0
482929,1,1,15,9,6,17,16,6,19,26,18,14
482930,1,1,37,9,16,29,25,18,12,13,38,26
482931,1,1,10,0,20,14,15,10,21,0,20,29
482931,2,1,0,0,15,0,6,6,4,0,10,0
482932,1,1,0,0,0,0,0,0,0,0,0,0
482932,2,1,0,0,0,0,0,6,16,0,0,0
482932,3,1,0,0,6,0,2,0,0,0,0,0
482933,1,1,0,0,0,0,0,0,0,0,0,0
482933,2,1,0,0,0,0,0,0,0,0,0,0
482934,1,1,21,21,21,21,21,21,21,21,21,21
482935,1,1,11,11,11,11,11,11,11,11,11,11
482935,2,1,0,0,0,0,0,0,0,15,0,0
482935,3,1,25,0,0,0,0,0,0,0,0,0
482935,4,1,0,35,15,0,0,0,0,0,0,0
482936,1,1,6,17,5,6,17,34,31,14,13,11
482937,1,1,0,0,0,0,0,0,0,0,0,0
482937,2,1,0,0,0,0,22,0,0,0,0,0
482938,0,1,28,0,12,0,0,0,24,7,31,17
482938,1,1,0,5,0,0,0,0,0,0,0,0
482939,1,1,17,20,12,24,16,4,23,13,10,24
482939,2,1,0,7,0,0,0,0,0,0,0,18
482940,1,1,11,11,7,8,13,0,0,0,20,14
482941,1,1,0,29,37,0,12,0,22,13,3,0
482941,2,1,0,0,0,0,0,0,5,0,0,0
482942,1,1,16,16,16,16,16,16,16,16,16,16
482943,1,1,17,17,17,17,17,17,17,17,17,17
482943,2,1,0,0,0,0,0,0,0,0,0,0
482943,3,1,0,12,9,0,0,11,19,18,0,23
482943,4,1,0,10,0,0,0,0,12,0,0,0
482944,1,1,0,0,0,0,0,0,0,0,0,0
482945,1,1,15,15,27,12,16,18,16,24,49,0
482946,1,1,0,0,0,0,0,0,0,0,0,0
482947,1,1,0,0,0,0,0,0,0,0,0,0
482947,2,1,0,0,0,0,0,0,0,0,0,0
482948,0,1,6,0,0,0,5,0,0,0,10,21
482948,1,1,0,0,0,0,0,0,18,10,0,0
482949,1,1,27,0,0,0,0,0,16,0,0,0
482949,2,1,0,0,0,0,0,0,0,0,0,0
482950,1,1,0,0,0,0,0,0,0,0,0,0
482950,2,1,0,0,0,0,0,0,0,0,0,0
482951,1,1,8,36,0,0,0,19,0,0,9,0
482952,1,1,4,0,0,0,0,13,0,0,3,13
482953,0,1,0,0,0,0,0,0,0,0,0,0
482953,1,1,0,0,0,0,0,0,0,0,13,0
482954,1,1,0,0,0,0,0,0,0,0,0,0
482954,2,1,0,0,0,0,0,0,0,0,0,0
482955,0,1,0,0,0,0,0,0,0,0,0,0
482955,1,1,0,0,0,0,0,14,0,0,22,0
482956,1,1,0,0,0,0,0,0,0,0,0,0
482957,1,1,0,0,0,0,0,0,0,0,0,0
482958,0,1,0,0,6,25,0,15,0,0,19,21
482958,1,1,20,0,29,0,0,0,0,0,0,0
482959,1,1,0,0,0,17,6,0,0,0,7,0
482959,2,1,0,0,0,0,0,0,0,0,7,0
482960,0,1,36,36,36,36,36,36,36,36,36,36
482960,1,1,0,7,9,0,0,12,0,0,0,7
482961,1,1,0,0,0,0,0,0,0,0,0,0
482961,2,1,0,0,0,0,9,0,0,0,7,0
482962,1,1,0,0,0,0,0,0,0,0,0,18
482962,2,1,0,0,0,0,0,0,0,0,0,0
482963,1,1,0,0,0,0,0,0,0,0,0,0
482963,2,1,12,30,0,0,14,0,19,0,27,0
482964,1,1,0,5,0,19,0,0,0,0,0,0
482964,2,1,0,0,0,0,0,0,0,0,0,5
482964,3,1,0,0,0,0,0,0,0,0,0,0
482964,4,1,0,16,0,0,0,0,0,0,0,0
482965,1,1,0,0,0,0,22,0,0,0,11,0
482965,2,1,0,0,0,0,0,0,0,0,0,0
482966,1,1,12,13,24,12,9,11,8,9,24,9
482967,0,1,0,0,16,0,0,0,20,0,0,0
482967,1,1,0,0,0,0,11,0,11,0,0,0
482968,1,1,0,0,0,0,0,0,0,0,0,0
482969,1,1,0,0,0,0,0,0,0,0,0,0
482969,2,1,0,0,0,0,8,3,0,0,0,0
482970,1,1,0,0,0,0,0,0,8,0,0,0
482970,2,1,0,0,0,0,0,13,0,0,0,0
482971,1,1,24,24,24,24,24,24,24,24,24,24
482972,1,1,17,0,0,0,0,0,0,0,0,0
482972,2,1,0,0,0,0,0,0,0,0,0,0
482973,1,1,0,0,0,0,0,0,0,0,0,0
482973,2,1,0,0,0,0,0,0,0,0,0,0
482974,1,1,17,17,17,17,17,17,17,17,17,17
482974,2,1,19,0,0,0,0,0,0,0,0,0
482975,1,1,0,0,0,0,0,0,0,0,25,0
482975,2,1,0,0,0,0,0,0,0,0,0,0
482976,0,1,0,0,40,0,0,0,6,0,0,0
482976,1,1,3,3,3,3,3,3,3,3,3,3
482977,0,1,0,0,0,0,0,0,0,0,0,0
482977,1,1,0,0,0,0,0,0,23,12,0,0
482978,1,1,0,0,0,0,0,0,0,0,0,0
482978,2,1,0,0,0,0,0,0,0,0,0,0
482979,0,1,0,0,0,0,0,0,0,0,0,0
482979,1,1,0,0,0,0,0,0,0,0,0,0
482980,1,1,13,13,13,13,13,13,13,13,13,13
482980,2,1,0,0,0,0,0,0,0,0,0,0
482981,1,1,23,23,23,23,23,23,23,23,23,23
482982,0,1,0,0,0,28,0,5,5,0,0,10
482982,1,1,0,32,0,13,0,0,0,0,9,0
482982,2,1,0,0,0,0,0,0,0,0,24,0
482983,1,1,15,15,15,15,15,15,15,15,15,15
482983,2,1,0,0,0,0,0,12,9,15,2,21
482984,1,1,5,5,5,5,5,5,5,5,5,5
482985,1,1,7,10,0,15,0,0,0,0,0,0
482986,0,1,0,0,0,0,0,0,0,0,0,0
482986,1,1,0,0,0,26,0,0,0,10,0,0
482987,1,1,13,13,13,13,13,13,13,13,13,13
482988,1,1,0,0,0,11,24,0,0,0,27,0
482988,2,1,0,0,0,0,0,4,0,25,0,23
482989,1,1,0,0,0,0,0,0,0,0,0,0
482989,2,1,0,0,0,10,0,0,12,0,0,0
482990,1,1,0,0,0,25,4,7,0,0,33,0
482990,2,1,7,0,5,0,0,12,9,0,0,28
482991,1,1,18,18,18,18,18,18,18,18,18,18
482992,1,1,0,0,0,0,0,0,0,0,0,0
482992,2,1,9,0,0,0,0,0,0,10,0,0
482992,3,1,0,0,0,11,0,0,0,11,0,0
482993,0,1,0,0,0,0,0,0,0,0,0,27
482993,1,1,0,0,0,13,0,0,0,0,0,26
482994,1,1,0,0,0,0,0,0,0,0,25,0
482995,0,1,0,0,0,0,0,0,0,0,0,0
482995,1,1,0,0,8,0,0,0,0,23,0,0
482996,1,1,0,0,20,0,0,0,0,0,0,0
482996,2,1,0,0,0,0,0,0,0,8,0,0
482996,3,1,0,0,0,0,0,0,0,0,0,9
482996,4,1,0,0,0,0,14,0,0,0,0,0
482997,1,1,0,0,0,0,0,0,0,0,0,0
482998,1,1,0,0,0,0,0,0,0,0,0,0
482998,2,1,14,0,0,3,0,4,0,0,0,30
482999,1,1,0,0,0,0,0,0,0,0,0,0
482999,2,1,15,0,0,0,0,0,0,14,0,0
482999,3,1,0,8,0,0,0,0,0,0,4,0
483000,1,1,0,0,0,0,0,0,0,0,0,0
483000,2,1,0,0,0,0,0,0,0,0,0,0
483001,1,1,0,30,13,21,8,3,0,0,0,16
483001,2,1,11,24,0,0,0,0,0,13,0,0
483002,1,1,20,26,0,14,0,0,0,18,0,20
483002,2,1,0,3,7,0,0,0,0,0,0,0
483002,3,1,0,0,0,0,0,0,0,0,21,0
483003,1,1,15,0,0,0,7,0,23,8,5,0
483004,1,1,0,0,0,0,0,0,0,19,0,0
483005,1,1,14,0,0,0,0,0,0,0,14,23
483006,1,1,0,0,0,9,10,18,0,23,0,0
483006,2,1,0,0,0,0,0,0,0,0,0,0
483007,1,1,0,0,0,0,0,0,0,0,0,14
483007,2,1,0,0,0,0,0,0,0,0,0,0
483008,1,1,0,0,0,0,0,0,0,11,0,0
483008,2,1,0,0,0,0,19,0,25,0,0,0
483009,1,1,0,0,23,0,10,0,20,0,0,0
483010,0,1,0,27,0,0,0,0,6,0,0,21
483010,1,1,19,9,12,12,3,0,0,0,0,5
483010,2,1,0,0,0,0,0,0,7,15,0,0
483011,1,1,0,0,0,0,0,0,0,0,0,0
483011,2,1,0,0,0,0,0,0,0,0,0,18
483012,0,1,0,8,10,0,30,13,0,35,29,17
483012,1,1,0,0,0,0,0,30,0,0,0,0
483013,1,1,0,24,0,7,0,20,0,0,0,0
483014,1,1,0,0,0,0,0,0,11,0,0,0
483014,2,1,0,0,0,0,0,0,0,0,0,0
483015,0,1,0,0,0,0,0,0,0,0,0,0
483015,1,1,23,0,8,8,12,0,9,12,0,9
483016,1,1,21,12,0,6,0,14,0,17,0,20
483017,1,1,19,24,7,10,7,1,21,8,30,20
483018,0,1,0,0,0,0,0,0,0,0,0,0
483018,1,1,0,22,21,0,32,0,0,0,0,13
483019,0,1,0,0,0,0,0,0,0,0,0,0
483019,0,2,0,0,0,0,0,0,0,0,0,0
483019,1,1,26,24,0,0,0,0,0,0,0,0
483020,1,1,0,0,0,0,0,0,0,0,0,0
483020,2,1,0,0,0,0,0,0,0,0,0,0
483021,1,1,20,20,20,20,20,20,20,20,20,20
483022,1,1,10,10,10,10,10,10,10,10,10,10
483023,1,1,5,9,14,5,0,5,0,0,5,18
483023,2,1,0,0,0,23,0,0,0,0,9,0
483024,1,1,9,21,10,30,0,31,0,14,0,0
483025,1,1,0,11,16,30,0,0,1,0,0,30
483026,1,1,27,19,0,30,17,0,13,6,17,12
483026,2,1,0,6,0,0,0,0,0,0,0,0
483027,1,1,0,0,0,0,0,0,0,0,0,0
483027,2,1,0,0,0,0,9,0,0,15,13,0
483028,0,1,0,0,0,0,0,0,0,0,0,0
483028,1,1,0,0,0,0,0,0,0,0,0,14
483029,0,1,23,0,0,35,0,40,0,0,0,0
483029,0,2,16,0,0,0,0,1,0,0,0,0
483029,1,1,14,20,4,14,14,11,11,17,29,45
483030,0,1,0,0,0,0,0,0,0,0,0,0
483030,1,1,0,0,9,0,19,12,13,0,0,0
483031,1,1,0,0,0,0,0,0,0,0,0,0
483032,1,1,20,20,20,20,20,20,20,20,20,20
483032,2,1,0,0,0,0,0,0,0,0,16,0
483033,1,1,0,0,0,0,0,0,0,0,0,8
483034,1,1,19,9,19,20,17,28,24,4,20,6
483035,1,1,17,0,0,8,0,21,20,25,0,0
483036,1,1,0,0,0,0,0,0,0,0,0,0
483036,2,1,0,0,11,0,0,0,0,0,0,0
483037,1,1,19,19,19,19,19,19,19,19,19,19
483038,1,1,16,0,0,0,0,0,0,0,0,0
483038,2,1,0,0,0,0,0,0,0,0,0,17
483039,1,1,0,16,29,17,8,24,27,26,11,11
483040,1,1,22,22,22,22,22,22,22,22,22,22
483040,2,1,22,22,22,22,22,22,22,22,22,22
483041,1,1,0,0,0,0,0,0,0,0,0,0
483041,2,1,0,0,12,14,0,0,0,0,0,0
483042,1,1,0,0,0,0,0,7,0,0,0,0
483042,2,1,0,0,0,0,0,0,13,0,0,0
483043,1,1,0,0,0,0,0,15,17,16,0,26
483044,1,1,21,21,21,21,21,21,21,21,21,21
483044,2,1,13,0,0,3,0,27,0,0,0,12
483044,3,1,0,0,0,0,24,17,0,0,0,19
483045,1,1,5,5,5,5,5,5,5,5,5,5
483047,1,1,27,27,27,27,27,27,27,27,27,27
483048,1,1,0,0,0,8,0,0,0,0,0,0
483048,2,1,0,0,0,0,0,0,0,0,0,0
483049,0,1,0,9,15,0,19,14,0,20,29,33
483049,1,1,20,18,0,0,0,0,0,0,0,0
483050,1,1,0,0,0,10,0,0,0,0,0,0
483050,2,1,0,0,0,19,0,0,0,0,0,0
483051,1,1,0,0,15,16,0,11,0,15,0,17
483052,0,1,12,12,12,12,12,12,12,12,12,12
483052,1,1,0,0,0,0,0,0,0,0,0,0
483053,1,1,17,17,17,17,17,17,17,17,17,17
483054,1,1,39,39,39,39,39,39,39,39,39,39
483055,1,1,0,0,0,0,0,0,0,0,0,0
483056,0,1,10,10,10,10,10,10,10,10,10,10
483056,1,1,0,11,0,0,27,14,0,0,28,20
483057,1,1,0,0,23,0,14,0,9,12,5,0
483058,1,1,14,14,14,14,14,14,14,14,14,14
483059,1,1,0,0,0,0,0,0,0,21,19,0
483059,2,1,0,5,0,0,0,15,0,0,0,0
483060,0,1,0,0,28,0,11,11,6,0,0,0
483060,1,1,0,11,29,16,0,39,0,0,0,0
483061,1,1,36,22,37,19,0,0,0,18,0,0
483061,2,1,24,0,17,0,0,29,5,0,0,0
483062,1,1,0,0,0,0,0,0,0,0,0,0
483062,2,1,0,0,0,0,0,0,0,0,0,0
483063,1,1,0,0,0,0,0,0,0,0,26,0
483064,1,1,28,0,0,0,0,0,0,0,0,0
483064,2,1,0,0,0,0,0,0,0,0,0,0
483065,1,1,0,0,0,0,0,0,0,0,0,0
483065,2,1,0,0,0,0,0,0,0,0,0,0
483066,1,1,0,20,0,0,0,0,18,13,21,20
483066,2,1,14,0,0,20,0,0,4,0,0,0
483067,1,1,23,0,0,0,0,0,0,0,0,0
483067,2,1,0,0,0,0,0,0,0,0,0,0
483068,1,1,9,0,20,14,0,11,0,0,29,0
483069,0,1,35,35,35,35,35,35,35,35,35,35
483069,1,1,0,0,0,0,0,0,0,0,0,0
483070,0,1,2,2,2,2,2,2,2,2,2,2
483070,0,2,0,18,0,18,0,0,27,0,0,0
483070,1,1,8,8,8,8,8,8,8,8,8,8
483071,1,1,24,11,23,3,14,17,18,8,19,17
483071,2,1,0,0,0,0,0,0,13,36,0,5
483072,1,1,10,0,0,0,0,0,0,0,42,27
483072,2,1,0,0,0,0,0,0,0,5,0,0
483073,1,1,17,17,17,17,17,17,17,17,17,17
483074,1,1,0,0,0,0,0,0,0,0,0,0
483074,2,1,0,0,0,0,0,0,0,0,11,0
483075,1,1,0,0,0,0,0,0,0,0,39,0
483076,1,1,0,0,7,0,22,22,0,0,18,0
483077,0,1,0,0,0,0,0,0,0,0,0,0
483077,1,1,0,0,0,0,0,8,0,0,23,0
483078,1,1,0,0,0,0,0,0,0,0,0,18
483078,2,1,0,0,0,0,0,0,0,13,0,16
483079,1,1,12,12,12,15,6,21,19,17,0,13
483079,2,1,0,0,0,0,0,0,0,0,0,0
483080,0,1,0,0,0,0,0,0,0,0,0,0
483080,0,2,0,17,0,8,0,0,14,0,0,11
483080,0,3,0,0,17,0,0,38,17,0,0,22
483080,2,1,20,20,20,20,20,20,20,20,20,20
483081,1,1,0,0,0,0,0,0,0,0,0,0
483082,1,1,0,0,9,0,0,0,0,16,15,0
483082,2,1,7,0,0,0,9,0,0,0,0,0
483083,1,1,0,0,0,0,0,0,0,0,0,0
483083,2,1,0,0,0,0,0,8,0,22,30,0
483083,3,1,16,0,0,0,0,0,0,0,0,10
483084,1,1,11,17,0,0,21,0,16,5,0,6
483085,0,1,0,0,0,0,0,0,0,0,0,0
483085,1,1,0,0,22,0,22,0,4,0,17,14
483086,0,1,0,35,0,0,0,11,10,8,30,0
483086,1,1,0,4,0,0,0,0,0,0,0,0
483087,1,1,0,43,0,0,0,16,0,0,0,0
483089,1,1,0,0,37,0,0,13,0,0,0,0
483090,1,1,14,14,14,14,14,14,14,14,14,14
483091,1,1,0,0,0,0,0,0,0,0,0,0
483092,1,1,0,0,0,0,0,13,0,0,0,0
483092,2,1,0,0,0,0,0,0,0,0,0,0
483093,1,1,0,0,0,0,0,0,0,28,0,0
483093,2,1,0,0,0,0,0,11,0,0,0,22
483094,0,1,0,22,0,0,0,38,0,7,19,0
483094,1,1,17,37,5,21,16,0,0,0,4,0
483096,1,1,12,12,12,12,12,12,12,12,12,12
483096,2,1,0,0,0,0,0,0,0,0,0,0
483097,0,1,0,0,0,0,0,0,0,0,0,0
483097,1,1,0,0,0,0,0,0,0,0,0,0
483098,0,1,0,38,0,27,0,14,0,0,11,0
483098,1,1,0,0,0,0,0,0,0,14,12,0
483099,1,1,10,0,0,0,0,0,0,0,0,0
483099,2,1,0,0,0,0,0,0,0,0,0,0
483100,1,1,0,0,0,0,0,0,0,0,0,0
483100,2,1,0,30,2,17,0,0,21,0,0,0
483101,1,1,0,0,0,0,0,0,0,0,16,0
483101,2,1,0,0,0,0,0,0,0,0,0,0
483102,0,1,0,12,0,25,0,35,0,0,0,29
483102,1,1,0,0,0,0,0,14,0,0,29,0
483103,1,1,0,0,0,0,0,0,0,0,0,20
483103,2,1,0,0,0,10,2,0,0,0,0,0
483104,1,1,0,0,0,0,10,3,0,0,32,0
483104,2,1,0,0,0,0,0,0,0,0,0,0
483105,1,1,0,0,0,0,0,0,0,0,0,0
483105,2,1,0,0,0,0,0,0,0,0,0,0
483106,1,1,0,0,0,0,0,0,0,0,0,0
483106,2,1,0,0,0,0,0,0,0,0,0,0
483107,1,1,0,10,23,13,0,0,0,0,0,13
483107,2,1,19,12,21,0,15,0,0,0,26,0
483108,0,1,0,0,19,26,13,0,0,0,0,0
483108,1,1,0,0,0,10,0,0,0,0,0,0
483109,1,1,17,17,17,17,17,17,17,17,17,17
483109,2,1,0,0,0,10,0,0,0,0,0,6
483110,1,1,0,0,0,16,0,0,0,0,0,0
483111,0,1,0,0,13,21,0,0,9,0,0,0
483111,1,1,0,0,0,11,0,0,9,26,0,0
483112,0,1,11,0,24,7,0,0,17,0,22,18
483112,2,1,12,0,0,0,0,0,0,0,0,11
483113,0,1,15,15,0,39,0,13,0,16,0,9
483113,1,1,0,0,0,0,0,0,0,20,0,0
483114,1,1,27,27,27,27,27,27,27,27,27,27
483114,2,1,0,0,0,0,0,0,0,0,0,0
483115,1,1,17,17,17,17,17,17,17,17,17,17
483116,1,1,0,0,23,9,0,13,0,0,21,0
483117,1,1,0,0,0,10,0,0,0,0,12,0
483118,1,1,0,0,25,33,7,22,23,0,0,0
483118,2,1,0,0,0,0,0,0,0,0,0,3
483119,1,1,14,14,14,14,14,14,14,14,14,14
483120,1,1,32,25,0,21,33,26,0,19,20,12
483121,1,1,0,0,0,0,0,0,0,0,0,0
483122,1,1,0,0,0,22,0,0,0,0,26,0
483122,2,1,14,0,0,0,0,0,0,0,0,0
483123,1,1,0,0,0,0,0,0,0,16,0,7
483123,2,1,8,37,0,0,16,0,0,0,0,0
483124,1,1,10,10,10,10,10,10,10,10,10,10
483125,1,1,0,0,0,0,0,0,0,0,0,0
483125,2,1,0,0,0,0,0,0,0,0,0,0
483126,0,1,0,0,0,0,0,0,0,0,0,0
483126,1,1,11,0,7,4,9,0,10,0,8,22
483127,0,1,32,0,11,0,0,2,0,21,12,0
483127,1,1,0,0,21,0,0,0,0,0,0,0
483128,1,1,0,0,8,10,10,0,0,0,0,0
483128,2,1,0,0,0,0,0,0,0,0,0,0
483129,1,1,0,0,0,0,0,0,0,0,18,0
483129,2,1,0,0,0,0,0,0,0,0,0,0
483130,0,1,16,0,0,0,0,0,0,0,0,0
483130,1,1,0,0,0,0,0,0,8,0,35,23
483131,1,1,0,0,0,0,0,0,0,0,0,0
483131,2,1,0,0,0,0,0,0,0,0,0,0
483132,1,1,0,12,0,0,0,0,0,0,0,0
483132,2,1,0,0,0,19,0,0,0,0,4,20
483133,1,1,0,0,0,0,0,0,0,0,8,0
483133,2,1,0,0,0,0,0,0,0,0,0,0
483134,0,1,18,19,0,0,0,20,0,16,13,0
483134,1,1,0,0,0,0,0,24,0,15,18,0
483135,1,1,17,26,5,12,4,17,35,17,18,4
483136,1,1,0,0,0,0,0,0,0,0,0,0
483136,2,1,0,15,0,0,0,0,0,0,0,0
483137,1,1,0,0,0,0,0,0,0,0,0,0
483137,2,1,0,0,0,0,0,0,4,0,0,0
483138,1,1,0,0,0,0,0,0,0,0,0,0
483138,2,1,0,0,0,0,0,0,0,0,0,0
483138,3,1,0,0,6,0,0,0,4,0,0,0
483138,4,1,0,0,0,0,0,0,0,0,0,0
483139,1,1,24,24,24,24,24,24,24,24,24,24
483140,1,1,21,21,21,21,21,21,21,21,21,21
483141,1,1,12,12,12,12,12,12,12,12,12,12
483141,2,1,0,0,0,0,12,0,0,0,0,0
483141,3,1,0,9,0,0,0,0,14,19,0,0