ST_CASE,VEH_NO,PER_NO,P1,P2,P3,P4,P5,P6,P7,P8,P9,P10
510687,4,1,0,0,0,0,0,0,0,0,0,0
510688,0,1,0,0,0,24,0,0,0,0,0,0
510688,1,1,0,0,0,21,12,16,0,0,0,13
510689,1,1,0,0,0,0,0,0,0,0,0,0
510690,0,1,29,29,29,29,29,29,29,29,29,29
510690,1,1,0,7,0,0,0,16,33,36,0,0
510691,1,1,0,0,0,0,0,0,0,0,0,0
510691,2,1,0,0,0,0,0,0,0,0,0,0
510692,1,1,15,15,15,15,15,15,15,15,15,15
510693,0,1,0,0,0,0,0,0,0,0,0,0
510693,1,1,0,0,0,0,0,0,0,0,0,0
510694,1,1,19,19,19,19,19,19,19,19,19,19
510695,1,1,20,4,0,8,5,0,18,11,6,11
510695,2,1,0,0,0,0,0,0,0,0,0,0
510697,0,1,0,0,0,0,0,0,0,0,0,0
510697,1,1,0,0,0,0,0,0,0,0,0,0
510697,2,1,0,0,0,0,0,0,0,0,3,0
510698,1,1,0,0,0,0,0,0,0,0,0,0
510699,1,1,0,0,0,0,0,0,0,0,0,0
510699,2,1,0,0,0,0,0,0,0,0,0,0
510699,3,1,0,0,0,0,0,0,0,0,0,0
510700,0,1,25,25,25,25,25,25,25,25,25,25
510700,1,1,0,0,34,0,0,0,0,0,0,0
510701,1,1,24,36,11,2,11,19,44,22,27,21
510702,0,1,0,0,0,0,0,0,0,0,0,0
510702,1,1,0,0,0,0,0,0,0,0,0,0
510703,1,1,14,14,14,14,14,14,14,14,14,14
510703,2,1,16,0,0,0,0,0,0,0,0,0
510704,1,1,20,20,20,20,20,20,20,20,20,20
510705,0,1,22,22,22,22,22,22,22,22,22,22
510705,1,1,0,0,7,0,0,0,0,0,0,0
510706,1,1,0,0,0,0,0,0,0,0,0,0
510706,2,1,0,0,0,0,0,0,0,0,0,0
510707,1,1,0,0,0,0,0,0,0,0,0,0
510708,1,1,0,0,0,0,0,0,0,0,0,0
510709,1,1,0,0,0,0,0,0,0,0,0,0
510710,1,1,0,0,0,0,0,0,0,0,0,0
510710,2,1,0,0,0,0,0,0,0,0,0,0
510711,1,1,17,10,37,14,13,27,3,0,7,31
510712,1,1,0,0,0,0,0,0,0,0,0,0
510712,2,1,0,0,0,0,0,0,0,0,0,0
510713,1,1,0,0,0,0,0,0,0,0,0,0
510713,2,1,0,0,0,0,0,0,0,0,0,0
510714,1,1,0,0,0,0,0,0,0,0,0,0
510715,1,1,0,0,0,0,0,0,0,0,0,0
510716,1,1,0,0,16,0,0,0,0,0,0,0
510717,1,1,0,0,0,0,0,0,0,0,0,0
510718,1,1,2,2,2,2,2,2,2,2,2,2
510718,2,1,0,0,0,0,0,0,0,0,0,0
510718,3,1,0,0,0,0,0,0,0,0,0,0
510719,1,1,0,0,0,0,0,0,0,0,0,0
510720,1,1,5,5,5,5,5,5,5,5,5,5
510721,1,1,0,0,0,0,0,11,0,0,0,0
510721,2,1,0,0,0,0,0,0,0,0,0,0
510721,3,1,0,0,0,0,0,0,0,0,0,0
510721,4,1,0,0,0,0,0,0,0,0,0,0
510722,1,1,0,0,0,0,0,0,29,0,0,0
510722,2,1,0,0,0,0,0,0,0,0,0,0
510723,1,1,0,0,0,0,0,0,0,0,0,0
510724,0,1,27,27,27,27,27,27,27,27,27,27
510724,1,1,0,0,0,0,0,0,0,0,0,0
510725,1,1,0,0,0,0,0,0,0,0,0,0
510725,2,1,0,0,0,0,0,0,0,0,0,0
510726,1,1,42,33,18,15,25,12,14,17,7,13
510727,0,1,0,0,0,0,0,0,0,0,0,0
510727,1,1,0,0,0,0,0,0,0,0,0,0
510728,1,1,1,1,1,1,1,1,1,1,1,1
510729,0,1,25,25,25,25,25,25,25,25,25,25
510729,1,1,21,0,12,5,7,28,30,30,23,3
510730,1,1,0,0,0,0,0,0,0,0,0,0
510731,0,1,17,17,17,17,17,17,17,17,17,17
510731,1,1,0,17,0,0,0,0,0,0,8,0
510732,1,1,0,0,0,13,0,0,0,0,0,0
510732,2,1,0,0,0,0,0,0,0,0,0,0
510733,1,1,0,0,0,0,0,0,0,0,0,0
510734,0,1,21,21,21,21,21,21,21,21,21,21
510734,1,1,0,0,0,0,0,0,0,0,14,0
510735,1,1,18,18,18,18,18,18,18,18,18,18
510735,2,1,0,10,18,14,20,22,26,4,29,13
510736,1,1,16,16,16,16,16,16,16,16,16,16
510737,1,1,19,17,15,37,12,23,14,20,17,28
510738,1,1,0,0,0,0,0,0,0,0,0,0
510738,2,1,0,0,0,0,0,0,0,0,0,0
510739,1,1,0,0,0,0,0,0,0,0,0,0
510740,0,1,28,28,28,28,28,28,28,28,28,28
510740,1,1,0,0,0,0,0,0,0,0,0,0
510741,1,1,0,0,14,22,0,0,0,0,5,13
510741,2,1,0,0,0,4,0,0,0,0,0,0
510742,1,1,0,0,0,0,0,0,0,0,0,0
510742,2,1,13,0,0,0,0,0,0,0,0,0
510743,1,1,0,0,0,0,0,0,0,0,0,0
510743,2,1,0,0,0,0,0,0,0,0,0,0
510744,1,1,0,0,0,0,0,0,0,0,0,0
510745,1,1,0,0,0,0,0,0,0,0,0,0
510746,1,1,0,0,0,0,0,0,0,0,0,0
510746,2,1,0,0,0,0,0,0,0,0,0,0
510747,1,1,17,20,25,0,30,8,24,12,12,6
510748,1,1,3,6,24,0,7,24,0,0,0,30
510748,2,1,0,0,0,0,0,0,0,0,0,0
510749,1,1,21,21,21,21,21,21,21,21,21,21
510750,1,1,17,17,17,17,17,17,17,17,17,17
510750,2,1,0,0,0,0,0,0,0,0,0,24
510751,1,1,0,0,0,0,0,0,0,0,0,0
510751,2,1,0,0,0,0,0,0,0,0,0,23
510752,1,1,0,0,0,5,0,0,0,0,0,26
510753,0,1,29,29,29,29,29,29,29,29,29,29
510753,0,2,0,0,0,0,0,0,0,0,0,0
510753,1,1,0,0,0,0,0,0,0,0,0,0
510754,1,1,24,0,0,11,0,0,0,0,24,0
510755,0,1,0,0,0,0,0,0,0,0,0,0
510755,1,1,0,0,0,0,0,0,0,0,0,0
510756,0,1,0,0,0,0,0,0,0,0,0,0
510756,1,1,20,20,32,14,14,14,21,18,14,19
510757,1,1,34,34,34,34,34,34,34,34,34,34
510758,0,1,0,0,0,0,0,0,0,0,0,0
510758,1,1,0,0,0,0,0,0,0,0,0,0
510759,0,1,11,0,0,22,0,0,0,0,0,0
510759,1,1,0,0,0,0,14,0,0,12,0,0
510759,2,1,0,0,0,0,0,0,0,2,0,0
510760,1,1,0,0,0,0,0,0,0,0,0,0
510761,1,1,23,23,23,23,23,23,23,23,23,23
510761,2,1,0,8,0,0,0,0,0,0,10,0
510762,1,1,8,0,8,26,7,21,10,13,11,13
510762,2,1,4,4,4,4,4,4,4,4,4,4
510763,1,1,0,0,0,0,0,0,0,0,0,0
510763,2,1,0,0,0,0,0,0,0,0,0,0
510764,0,1,0,0,0,0,0,0,0,0,0,0
510764,1,1,0,0,0,0,0,0,0,0,0,0
510765,1,1,0,0,0,0,0,0,0,0,0,0
510766,0,1,0,0,0,0,0,0,0,0,0,0
510766,1,1,0,0,0,0,0,0,0,0,0,0
510767,0,1,0,0,0,0,0,0,0,0,0,0
510767,1,1,0,0,0,0,0,0,0,0,0,0
510768,1,1,1,1,1,1,1,1,1,1,1,1
510769,1,1,0,10,17,0,0,0,0,0,0,0
510770,0,1,27,27,27,27,27,27,27,27,27,27
510770,1,1,22,0,0,0,0,0,0,0,0,0
510771,1,1,0,0,0,0,0,0,0,0,0,0
510771,2,1,0,0,0,0,0,0,0,0,0,0
510772,1,1,0,0,0,0,0,0,0,0,0,0
510773,1,1,0,0,0,0,0,17,0,0,0,0
510773,2,1,0,0,0,0,0,0,0,0,0,0
510774,1,1,29,29,29,29,29,29,29,29,29,29
510775,0,1,0,0,0,0,0,0,0,0,0,0
510775,1,1,0,0,0,0,0,0,0,0,0,12
510776,1,1,0,0,0,0,0,0,1,0,0,0
510776,2,1,0,0,0,8,0,0,0,0,0,0
510777,1,1,0,0,0,0,0,0,0,0,0,0
510777,2,1,0,0,0,0,0,0,0,8,0,0
510777,3,1,0,0,0,0,0,0,0,0,0,0
510778,1,1,17,0,0,0,31,0,21,30,0,0
510779,0,1,14,10,21,10,3,47,20,12,7,21
510779,1,1,11,0,0,0,0,0,0,0,0,9
510780,1,1,0,0,0,0,5,0,0,0,0,0
510780,2,1,0,0,0,0,0,0,0,0,0,0
510781,1,1,23,23,23,23,23,23,23,23,23,23
510782,1,1,8,8,8,8,8,8,8,8,8,8
530001,1,1,0,0,0,0,0,0,0,0,0,0
530002,1,1,0,0,0,0,0,0,0,0,0,0
530002,2,1,0,0,0,0,0,0,0,0,0,0
530003,1,1,0,0,0,0,0,0,0,0,0,0
530003,2,1,0,0,0,0,0,0,0,0,0,0
530004,0,1,0,0,0,0,0,0,0,0,0,0
530004,1,1,14,0,0,0,0,0,35,0,0,0
530005,1,1,0,0,0,0,0,0,0,0,0,0
530006,1,1,17,17,17,17,17,17,17,17,17,17
530007,1,1,12,0,8,0,0,26,15,0,0,0
530008,0,1,0,0,0,0,0,0,0,0,0,0
530008,1,1,0,0,0,0,0,0,0,0,0,0
530009,1,1,0,0,0,0,0,0,0,0,0,0
530009,2,1,0,0,0,0,0,0,0,0,0,0
530009,3,1,0,0,0,0,0,0,0,0,0,0
530010,0,1,0,0,0,0,0,0,0,0,0,0
530010,1,1,0,0,0,0,0,0,0,0,0,0
530011,0,1,0,0,0,0,0,0,0,0,0,0
530011,1,1,0,0,0,0,0,11,0,0,0,0
530012,1,1,0,0,0,0,0,0,0,0,0,0
530012,2,1,0,0,0,0,0,0,0,0,0,0
530013,1,1,0,16,8,27,0,0,0,0,0,0
530014,0,1,21,21,21,21,21,21,21,21,21,21
530014,1,1,0,0,26,0,0,0,0,0,0,0
530015,0,1,0,0,0,0,0,0,0,0,0,0
530015,1,1,0,0,0,0,0,0,0,0,0,0
530016,1,1,26,28,20,23,0,20,9,24,16,24
530017,1,1,19,0,0,0,0,0,0,0,0,0
530017,2,1,0,0,0,0,0,0,0,0,0,0
530017,3,1,0,0,0,0,0,0,0,0,0,0
530017,4,1,0,0,0,0,0,0,0,0,0,0
530017,5,1,0,0,0,0,0,0,23,0,0,0
530018,1,1,0,0,0,0,0,0,0,0,0,0
530018,2,1,0,0,0,0,0,0,0,0,0,0
530019,1,1,0,0,0,0,0,0,0,0,0,0
530020,1,1,1,1,1,1,1,1,1,1,1,1
530020,2,1,0,0,0,0,0,0,0,0,0,0
530021,0,1,0,0,0,0,0,0,0,0,0,0
530021,1,1,0,0,0,0,0,0,0,0,21,0
530022,1,1,0,0,0,0,0,0,0,0,0,0
530022,2,1,0,0,0,0,0,0,0,0,0,0
530023,1,1,0,0,0,0,0,0,0,0,0,0
530023,2,1,7,0,0,0,0,0,0,0,0,0
530023,3,1,14,0,0,0,0,0,0,0,0,0
530023,4,1,0,0,0,0,0,0,0,0,0,0
530024,1,1,22,22,22,22,22,22,22,22,22,22
530025,0,1,0,0,0,0,0,0,0,0,0,0
530025,1,1,0,0,0,0,0,0,0,0,0,0
530026,1,1,21,21,21,21,21,21,21,21,21,21
530027,1,1,0,0,0,0,0,0,0,0,0,0
530027,2,1,0,0,0,0,0,0,0,0,0,0
530028,1,1,0,0,0,0,0,0,0,0,0,0
530029,1,1,6,6,6,6,6,6,6,6,6,6
530030,1,1,0,0,0,0,0,0,0,0,0,0
530030,2,1,31,0,0,0,0,0,0,0,0,0
530031,1,1,16,16,16,16,16,16,16,16,16,16
530031,2,1,0,0,0,0,0,0,0,0,0,0
530031,3,1,0,0,0,0,0,21,0,0,0,0
530032,1,1,9,9,9,9,9,9,9,9,9,9
530032,2,1,21,0,0,9,0,0,0,0,0,0
530033,1,1,27,27,27,27,27,27,27,27,27,27
530033,2,1,0,0,0,0,0,0,0,0,0,0
530033,3,1,0,0,0,0,0,0,0,0,0,0
530034,0,1,0,0,0,0,0,0,0,0,0,0
530034,1,1,0,0,0,0,0,3,0,16,0,0
530035,1,1,0,0,0,0,0,0,0,0,0,0
530035,2,1,0,0,0,0,0,0,0,0,0,0
530036,1,1,0,0,0,0,0,0,0,0,0,0
530036,2,1,15,0,0,0,0,18,0,0,7,8
530037,1,1,26,26,26,26,26,26,26,26,26,26
530038,1,1,0,0,0,0,0,0,0,0,0,0
530039,1,1,0,0,0,0,43,20,0,15,0,0
530039,2,1,0,0,0,0,0,0,0,0,0,0
530039,3,1,15,0,0,0,0,0,0,0,0,7
530039,4,1,0,0,0,0,0,0,0,0,0,0
530039,5,1,0,33,0,0,0,0,0,0,0,0
530039,6,1,0,0,0,0,0,0,0,0,0,0
530039,7,1,0,0,0,16,0,0,0,0,0,0
530041,1,1,24,24,24,24,24,24,24,24,24,24
530042,1,1,17,21,13,6,0,0,15,0,0,0
530044,1,1,0,0,0,0,0,0,0,0,0,0
530045,0,1,7,7,7,7,7,7,7,7,7,7
530045,1,1,0,0,0,0,0,0,0,0,0,0
530045,2,1,0,0,0,0,0,0,0,29,0,0
530045,3,1,0,0,0,0,0,0,0,0,0,0
530045,4,1,0,0,0,0,0,0,0,0,0,0
530046,1,1,26,26,26,26,26,26,26,26,26,26
530046,2,1,0,0,0,0,0,0,0,0,0,0
530047,0,1,0,0,0,0,0,0,0,0,0,0
530047,1,1,0,0,0,0,0,0,0,0,0,0
530048,1,1,0,0,0,0,0,0,0,0,0,0
530048,2,1,16,0,0,0,0,0,0,0,0,0
530049,1,1,24,24,24,24,24,24,24,24,24,24
530049,2,1,0,0,0,0,0,11,0,0,0,0
530049,3,1,0,0,0,0,0,0,0,0,0,0
530050,1,1,0,0,0,0,0,0,0,0,0,0
530050,2,1,0,0,0,0,0,0,0,29,0,0
530051,0,1,0,0,0,0,0,0,0,0,0,0
530051,1,1,31,31,31,31,31,31,31,31,31,31
530052,1,1,19,19,19,19,19,19,19,19,19,19
530053,1,1,0,0,0,0,0,0,0,0,0,0
530054,1,1,0,0,0,0,0,0,0,0,0,0
530055,0,1,0,0,0,0,0,0,0,0,0,0
530055,1,1,0,0,0,0,0,0,0,0,0,0
530055,2,1,0,0,0,0,0,0,0,0,0,0
530056,1,1,0,0,0,0,0,0,0,0,0,0
530056,2,1,0,0,0,0,0,0,0,0,0,0
530057,1,1,0,0,0,0,0,0,0,0,0,0
530057,2,1,0,32,0,0,0,0,0,0,0,0
530058,1,1,0,0,0,0,0,0,0,0,0,0
530058,2,1,0,0,0,0,0,0,0,0,0,0
530059,1,1,4,4,4,4,4,4,4,4,4,4
530059,2,1,0,0,0,0,0,0,0,0,0,0
530060,1,1,0,0,0,0,0,0,0,0,0,0
530060,2,1,0,0,0,0,0,0,0,0,0,0
530060,3,1,0,12,0,0,0,0,7,10,7,0
530061,1,1,0,0,0,0,0,0,0,0,0,0
530062,1,1,15,15,15,15,15,15,15,15,15,15
530062,2,1,0,0,0,0,0,0,0,0,0,0
530063,1,1,18,18,18,18,18,18,18,18,18,18
530064,0,1,0,0,0,0,0,0,0,0,0,0
530064,1,1,0,0,0,0,0,0,0,0,0,0
530065,1,1,0,0,0,0,0,0,0,0,0,0
530065,2,1,0,0,0,0,0,0,0,22,0,0
530065,3,1,0,0,0,0,0,0,0,0,0,0
530065,4,1,0,0,10,0,0,0,0,0,0,0
530065,5,1,0,0,0,0,0,0,0,0,0,0
530065,6,1,0,0,0,0,0,0,0,0,0,0
530066,1,1,0,0,0,0,0,0,0,0,0,0
530066,2,1,0,0,0,0,0,0,0,0,0,0
530067,1,1,6,6,6,6,6,6,6,6,6,6
530068,1,1,20,25,0,33,0,20,0,19,17,15
530069,0,1,0,0,0,0,0,0,0,0,0,0
530069,1,1,0,7,0,0,0,0,0,0,0,0
530070,1,1,0,0,0,0,0,0,0,0,0,0
530070,2,1,12,12,12,12,12,12,12,12,12,12
530071,1,1,25,25,25,25,25,25,25,25,25,25
530072,0,1,0,0,0,0,0,0,0,0,0,0
530072,1,1,0,0,6,0,0,0,0,0,4,0
530073,1,1,0,0,0,0,0,0,0,0,0,0
530073,2,1,0,0,0,0,0,0,0,0,0,0
530073,3,1,0,0,0,0,0,0,0,0,0,0
530073,4,1,15,0,0,0,0,0,0,0,0,0
530074,0,1,10,10,10,10,10,10,10,10,10,10
530074,1,1,0,0,0,0,0,0,0,0,0,0
530075,1,1,11,11,11,11,11,11,11,11,11,11
530075,2,1,6,0,0,0,24,0,8,0,17,0
530076,0,1,0,0,0,0,0,0,0,0,0,0
530076,1,1,0,14,12,14,0,12,30,0,0,0
530077,0,1,0,0,0,0,26,0,0,0,0,0
530077,1,1,0,0,0,0,0,0,0,0,0,0
530078,0,1,0,0,0,0,0,0,0,0,0,0
530078,1,1,0,0,0,0,0,0,0,0,0,0
530079,1,1,0,0,0,0,0,0,0,0,0,0
530079,2,1,0,0,0,0,0,0,0,0,0,0
530079,3,1,0,0,0,0,0,0,0,0,0,15
530080,1,1,0,0,0,0,0,0,0,0,0,0
530080,2,1,0,0,0,0,0,0,0,0,0,0
530081,0,1,0,0,0,0,0,0,0,0,0,0
530081,1,1,0,0,0,0,0,0,0,0,0,0
530082,1,1,25,25,25,25,25,25,25,25,25,25
530083,0,1,13,13,13,13,13,13,13,13,13,13
530083,1,1,0,19,0,0,14,0,0,0,0,9
530084,1,1,14,14,14,14,14,14,14,14,14,14
530085,0,1,0,0,0,0,0,0,0,0,0,0
530085,1,1,0,0,0,0,0,0,0,0,0,0
530086,1,1,27,27,27,27,27,27,27,27,27,27
530087,1,1,0,0,0,0,0,0,0,0,0,0
530087,2,1,0,0,0,0,0,0,0,0,0,0
530088,1,1,33,33,33,33,33,33,33,33,33,33
530089,1,1,22,22,22,22,22,22,22,22,22,22
530090,1,1,0,0,27,0,0,0,15,0,0,0
530091,1,1,0,0,0,0,0,0,0,0,0,13
530091,2,1,0,0,0,0,0,0,0,0,0,0
530092,1,1,21,21,21,21,21,21,21,21,21,21
530093,1,1,0,0,0,0,0,0,0,0,0,0
530094,0,1,0,0,0,0,0,0,0,0,0,0
530094,1,1,0,0,0,0,0,0,0,0,0,0
530095,1,1,0,0,26,0,0,0,0,5,0,0
530095,2,1,0,0,0,0,0,0,0,0,0,0
530096,1,1,0,0,0,0,0,0,0,0,0,0
530097,1,1,9,0,0,0,0,0,0,0,0,0
530097,2,1,17,17,17,17,17,17,17,17,17,17
530098,1,1,0,0,0,0,0,0,0,0,0,0
530099,0,1,15,15,15,15,15,15,15,15,15,15
530099,1,1,20,11,7,0,13,3,0,10,5,0
530099,2,1,0,0,0,0,0,0,0,0,0,0
530099,3,1,0,0,0,0,0,0,0,0,0,0
530099,4,1,0,0,0,20,0,0,0,0,0,0
530100,1,1,0,0,0,0,0,0,0,0,0,0
530100,2,1,0,0,0,0,0,0,0,0,0,0
530101,0,1,0,0,0,0,0,0,0,0,0,0
530101,1,1,0,0,0,0,0,0,0,0,0,0
530102,0,1,34,34,34,34,34,34,34,34,34,34
530102,1,1,0,0,0,0,0,0,0,0,0,0
530103,1,1,0,0,0,0,0,0,0,0,0,0
530104,1,1,0,0,0,0,0,0,0,0,0,0
530104,2,1,0,0,0,0,0,0,0,0,0,0
530105,1,1,0,0,0,0,0,0,0,0,0,0
530105,2,1,0,0,0,0,0,0,0,0,0,0
530106,0,1,25,25,25,25,25,25,25,25,25,25
530106,1,1,0,0,0,0,0,0,0,8,0,0
530106,2,1,23,0,0,0,0,0,0,0,0,0
530107,1,1,0,0,0,0,0,0,0,9,0,9
530107,2,1,0,0,0,0,0,0,0,0,0,0
530108,1,1,0,0,0,0,0,0,0,0,0,0
530108,2,1,0,0,0,0,0,0,0,0,0,0
530109,1,1,0,0,0,0,10,0,0,0,0,0
530109,2,1,0,0,0,0,0,0,0,0,0,0
530109,3,1,0,0,0,0,0,0,0,0,0,0
530109,4,1,0,0,0,0,0,0,0,0,0,0
530110,1,1,0,0,0,0,0,0,0,0,0,0
530111,1,1,19,19,19,19,19,19,19,19,19,19
530112,1,1,0,0,0,0,0,0,0,0,0,0
530112,2,1,0,0,0,0,0,0,0,0,0,0
530112,3,1,0,0,0,0,0,0,0,0,0,0
530112,4,1,0,0,0,0,0,0,0,0,0,0
530113,1,1,0,0,0,0,0,0,0,0,0,0
530113,2,1,0,0,0,0,0,0,0,0,0,0
530113,3,1,0,12,0,0,0,0,0,0,0,0
530114,0,1,0,0,0,0,0,0,0,0,0,0
530114,1,1,6,0,0,0,18,0,0,30,0,0
530115,1,1,0,0,0,0,0,0,0,0,0,0
530115,2,1,6,6,6,6,6,6,6,6,6,6
530116,1,1,0,0,0,0,0,0,0,0,0,0
530117,1,1,14,14,14,14,14,14,14,14,14,14
530117,2,1,0,13,0,0,0,0,0,0,0,0
530117,3,1,0,0,0,34,0,0,16,23,11,0
530118,1,1,9,9,9,9,9,9,9,9,9,9
530119,1,1,0,0,0,0,0,0,0,0,0,0
530120,1,1,4,4,4,4,4,4,4,4,4,4
530120,2,1,0,0,6,0,0,15,8,16,0,7
530121,1,1,0,0,0,0,0,0,0,0,0,0
530121,2,1,18,0,0,0,0,0,0,14,0,37
530122,1,1,4,4,4,4,4,4,4,4,4,4
530122,2,1,0,0,0,0,0,0,0,0,0,0
530123,1,1,10,10,10,10,10,10,10,10,10,10
530124,1,1,0,0,0,0,0,0,0,0,0,0
530124,2,1,0,0,0,0,0,0,0,0,0,0
530125,1,1,0,0,0,0,0,0,0,0,0,0
530126,0,1,0,0,0,0,0,0,0,0,0,0
530126,1,1,0,0,0,0,0,0,0,0,0,0
530127,1,1,0,0,0,0,0,0,0,0,0,0
530127,2,1,0,0,0,0,0,0,0,0,0,0
530128,1,1,27,27,27,27,27,27,27,27,27,27
530128,2,1,6,6,6,6,6,6,6,6,6,6
530129,1,1,14,14,14,14,14,14,14,14,14,14
530130,1,1,0,0,0,0,0,0,0,0,0,0
530130,2,1,0,0,0,0,0,0,0,0,0,0
530130,3,1,0,0,0,0,0,0,0,0,0,0
530130,4,1,0,0,9,0,0,15,0,0,18,0
530130,5,1,0,23,0,0,31,14,0,0,9,0
530130,6,1,0,0,0,0,0,0,0,0,0,0
530130,7,1,0,0,0,0,0,0,0,0,0,0
530131,1,1,14,14,14,14,14,14,14,14,14,14
530132,1,1,13,13,13,13,13,13,13,13,13,13
530133,1,1,2,2,2,2,2,2,2,2,2,2
530133,2,1,0,0,0,0,0,0,0,0,0,0
530134,0,1,0,0,0,0,0,0,0,0,0,0
530134,1,1,30,27,0,12,0,0,0,0,0,0
530135,1,1,0,0,0,0,0,0,0,0,0,0
530135,2,1,0,0,0,0,0,0,0,0,0,0
530136,1,1,0,0,0,0,0,0,0,0,0,0
530136,2,1,0,0,0,0,0,0,0,0,0,0
530136,3,1,14,0,0,0,15,0,0,0,0,0
530137,1,1,15,0,0,0,0,20,0,29,21,0
530138,1,1,0,0,0,0,0,0,0,0,0,0
530138,2,1,0,0,0,0,0,0,0,0,0,0
530139,1,1,0,0,0,0,0,0,0,0,0,0
530139,2,1,0,0,0,0,0,0,0,0,0,0
530140,1,1,26,15,14,16,12,16,14,21,0,18
530140,2,1,0,0,20,0,0,0,0,0,12,0
530141,0,1,0,0,0,0,0,0,0,0,0,0
530141,1,1,0,0,14,26,0,13,0,14,0,0
530142,0,1,0,0,0,0,0,0,0,0,0,0
530142,1,1,0,0,0,0,0,0,0,0,0,0
530143,0,1,0,0,0,0,0,0,0,0,0,0
530143,1,1,0,28,0,0,0,0,0,0,0,14
530144,1,1,0,0,0,0,0,0,0,0,0,0
530144,2,1,0,0,0,0,0,0,0,0,0,0
530145,0,1,0,0,0,0,0,0,0,0,0,0
530145,0,2,57,0,0,0,14,0,0,19,14,20
530145,1,1,0,8,20,0,0,0,9,0,30,19
530146,1,1,4,11,4,13,29,19,3,29,15,12
530147,1,1,3,3,3,3,3,3,3,3,3,3
530148,1,1,2,2,2,2,2,2,2,2,2,2
530149,1,1,0,0,0,0,0,0,0,0,0,0
530149,2,1,0,0,0,0,0,0,0,0,0,0
530150,1,1,0,0,0,0,0,0,0,0,19,0
530150,2,1,0,0,0,0,0,0,0,0,0,0
530151,1,1,18,18,18,18,18,18,18,18,18,18
530152,0,1,0,0,0,0,0,0,0,0,0,0
530152,1,1,0,0,11,0,0,15,0,17,0,8
530153,1,1,25,25,25,25,25,25,25,25,25,25
530154,1,1,0,0,0,0,0,0,0,0,0,0
530154,2,1,0,0,0,0,0,0,0,0,0,0
530155,1,1,0,0,0,0,0,0,0,0,0,0
530155,2,1,0,0,0,0,0,0,0,0,0,0
530156,1,1,0,0,0,0,0,0,0,0,0,0
530157,1,1,25,25,25,25,25,25,25,25,25,25
530158,0,1,0,0,0,0,0,0,0,0,0,0
530158,1,1,0,27,0,0,0,0,0,21,0,0
530158,2,1,0,0,0,0,0,7,0,0,0,0
530159,1,1,0,0,0,0,0,0,0,0,0,0
530160,1,1,0,0,0,0,0,0,0,0,0,0
530161,1,1,20,20,20,20,20,20,20,20,20,20
530162,1,1,10,10,10,10,10,10,10,10,10,10
530162,2,1,0,0,0,0,0,0,0,0,0,0
530163,1,1,0,0,10,0,0,0,0,0,0,0
530164,1,1,0,0,0,0,0,0,0,0,0,0
530164,2,1,0,0,0,0,25,0,0,0,0,0
530164,3,1,0,0,0,0,0,0,0,0,0,0
530164,4,1,0,0,0,0,0,0,28,0,0,0
530164,5,1,0,0,0,0,0,0,0,0,0,0
530164,6,1,0,0,0,0,0,0,0,0,0,0
530164,7,1,0,0,0,0,0,0,0,0,0,0
530165,1,1,7,7,7,7,7,7,7,7,7,7
530165,2,1,0,0,0,0,0,0,0,0,0,0
530166,0,1,0,0,0,0,0,0,0,0,0,0
530166,1,1,0,0,0,0,0,0,0,0,0,0
530168,1,1,34,34,34,34,34,34,34,34,34,34
530169,1,1,19,19,19,19,19,19,19,19,19,19
530170,1,1,5,5,5,5,5,5,5,5,5,5
530170,3,1,0,0,0,0,0,0,0,0,0,0
530171,1,1,0,0,0,0,0,0,0,0,0,0
530171,2,1,0,0,0,0,0,0,0,0,0,0
530172,1,1,0,0,0,0,0,0,0,0,0,0
530172,2,1,5,5,5,5,5,5,5,5,5,5
530173,1,1,0,0,0,0,0,0,0,0,0,0
530173,2,1,0,0,0,0,0,0,0,0,0,0
530174,1,1,4,4,4,4,4,4,4,4,4,4
530174,2,1,0,0,0,0,0,0,0,0,0,0
530175,1,1,14,14,14,14,14,14,14,14,14,14
530176,1,1,0,0,0,0,0,0,0,0,0,0
530177,1,1,17,17,17,17,17,17,17,17,17,17
530177,2,1,0,0,0,0,0,0,0,0,0,0
530178,1,1,0,0,0,0,0,0,0,0,0,0
530178,2,1,0,0,0,0,0,0,0,0,0,0
530179,1,1,0,0,0,0,0,0,0,0,0,0
530179,2,1,0,0,0,0,0,0,0,0,0,0
530180,0,1,0,0,0,0,0,0,0,0,0,0
530180,1,1,0,0,0,0,0,0,0,0,0,0
530181,1,1,15,15,15,15,15,15,15,15,15,15
530182,1,1,0,0,0,0,0,0,0,0,0,0
530182,2,1,0,0,0,11,0,0,0,0,0,0
530183,1,1,24,24,24,24,24,24,24,24,24,24
530183,2,1,0,0,0,0,0,0,0,0,0,0
530184,1,1,0,0,0,0,0,0,0,0,0,0
530184,2,1,0,0,0,0,0,0,0,0,0,0
530185,1,1,0,0,0,0,0,0,0,0,0,0
530185,2,1,0,0,0,0,0,0,0,0,0,0
530186,0,1,0,0,0,0,0,0,0,0,0,0