ST_CASE,VEH_NO,PER_NO,P1,P2,P3,P4,P5,P6,P7,P8,P9,P10
530479,0,1,0,0,0,0,0,0,0,0,0,0
530479,1,1,0,0,0,0,0,0,0,0,0,0
530480,1,1,24,24,24,24,24,24,24,24,24,24
530482,1,1,0,0,0,0,0,0,0,0,0,0
530482,2,1,0,0,0,0,0,0,0,0,0,0
530483,0,1,0,0,0,0,0,0,0,0,0,0
530483,1,1,0,15,15,13,0,0,0,0,22,0
530484,1,1,0,0,0,0,0,0,0,0,0,0
530484,2,1,0,0,0,0,0,0,0,0,0,0
530484,3,1,0,0,0,0,0,0,0,0,0,0
530485,0,1,0,0,0,0,0,0,0,0,0,0
530485,1,1,0,0,0,0,0,0,0,0,0,24
530486,1,1,0,0,0,0,0,0,0,0,0,0
530487,0,1,28,28,28,28,28,28,28,28,28,28
530487,1,1,16,0,31,0,0,20,0,0,0,0
530488,1,1,0,0,0,0,0,0,0,0,0,0
530488,2,1,0,0,0,0,0,0,0,0,0,0
530489,0,1,0,0,0,12,0,38,0,0,0,0
530489,1,1,0,0,0,0,0,0,0,0,14,0
530490,1,1,0,0,0,0,0,0,0,0,0,0
530490,2,1,0,0,0,0,0,0,0,0,0,0
530491,1,1,23,23,23,23,23,23,23,23,23,23
530492,1,1,0,0,0,0,0,0,11,0,0,0
530492,2,1,0,0,0,0,0,0,0,0,0,0
530493,1,1,18,18,18,18,18,18,18,18,18,18
530494,1,1,0,0,0,0,0,0,0,15,0,0
530494,2,1,0,4,0,0,0,0,20,0,0,0
530495,1,1,0,0,0,0,0,0,0,0,0,0
530495,2,1,0,3,10,0,0,0,9,0,0,0
530496,1,1,0,0,0,0,0,0,0,0,0,0
530497,1,1,0,0,0,28,0,0,0,0,0,0
530498,1,1,5,19,14,23,0,0,0,0,14,0
530499,1,1,0,0,0,0,0,0,0,0,0,0
530499,2,1,0,0,24,0,0,0,0,0,0,0
530499,3,1,0,0,0,20,0,25,0,6,0,16
530500,1,1,0,0,0,0,0,0,0,0,0,0
530502,1,1,0,0,0,0,0,0,0,0,0,0
530503,0,1,0,0,0,0,0,0,0,0,0,0
530505,0,1,6,6,6,6,6,6,6,6,6,6
530505,1,1,0,16,31,0,16,0,17,0,0,7
530506,1,1,0,18,0,0,0,0,0,0,27,21
530506,2,1,0,0,0,0,0,0,0,0,0,0
530507,1,1,10,10,10,10,10,10,10,10,10,10
530508,1,1,0,0,0,0,0,0,0,0,0,0
530509,1,1,14,14,14,14,14,14,14,14,14,14
530510,1,1,0,0,0,0,0,0,0,0,0,0
530510,2,1,9,20,8,11,13,20,23,7,13,24
530511,0,1,28,0,0,0,0,0,0,0,7,0
530511,1,1,0,2,18,6,0,0,0,0,0,0
530512,1,1,0,0,0,0,0,0,0,0,0,0
530512,2,1,0,0,0,0,0,0,0,0,0,0
530513,1,1,0,0,0,0,0,0,0,0,0,0
530514,0,1,0,0,0,0,0,0,0,0,0,0
530514,1,1,0,0,0,0,0,0,0,0,0,0
530515,1,1,0,0,0,0,0,0,0,0,0,0
530515,2,1,0,0,0,0,0,0,0,0,0,0
530516,1,1,0,0,0,0,0,0,0,0,0,0
530516,2,1,0,0,0,0,0,0,0,0,0,0
530517,0,1,0,0,0,21,0,0,0,0,0,0
530517,1,1,0,0,0,0,0,0,0,0,0,0
530518,1,1,0,0,0,0,0,27,0,0,0,0
530519,0,1,0,0,0,0,0,0,0,0,0,0
530519,1,1,0,0,0,0,0,0,0,0,0,0
530520,1,1,21,10,7,21,8,7,3,0,5,4
530520,2,1,0,0,0,0,0,0,0,0,0,0
530521,1,1,19,19,19,19,19,19,19,19,19,19
530523,0,1,17,17,17,17,17,17,17,17,17,17
530523,1,1,0,0,0,0,0,0,15,0,0,0
530524,1,1,0,0,0,0,18,0,0,0,0,5
530525,1,1,0,0,0,0,4,0,0,0,0,0
530526,0,1,0,0,0,0,0,0,0,0,0,0
530526,0,2,0,0,0,0,0,0,0,0,0,0
530526,1,1,0,0,0,0,0,0,25,21,0,0
530527,1,1,0,0,0,0,0,0,0,0,0,0
530527,2,1,0,0,0,0,0,0,0,0,0,0
530528,1,1,0,0,0,0,0,0,0,0,0,0
530529,0,1,0,19,0,24,0,8,0,32,8,0
530529,1,1,0,0,0,0,0,0,16,0,0,0
540001,1,1,0,0,0,0,0,0,8,0,0,0
540002,1,1,0,0,0,0,0,0,0,0,0,0
540002,2,1,0,0,0,0,0,0,0,0,0,0
540003,1,1,0,0,0,0,0,0,0,0,0,0
540004,1,1,0,0,0,0,0,0,0,0,0,0
540005,1,1,0,0,0,0,0,0,0,0,0,0
540005,2,1,0,0,0,0,0,0,0,0,0,0
540006,1,1,0,0,0,0,0,0,0,0,0,0
540006,2,1,0,0,0,0,0,0,0,0,0,0
540007,1,1,0,0,0,0,0,0,0,0,0,0
540007,2,1,0,0,0,0,0,0,0,0,0,0
540008,1,1,0,0,0,0,0,0,0,0,0,0
540009,1,1,0,0,0,0,0,0,0,0,0,0
540009,2,1,0,0,0,0,0,0,0,0,0,0
540010,1,1,21,21,21,21,21,21,21,21,21,21
540011,1,1,0,0,0,0,0,0,0,0,0,0
540012,0,1,0,0,0,0,0,0,0,0,0,0
540012,1,1,0,18,30,0,0,0,0,16,0,0
540013,1,1,0,0,0,0,0,0,0,0,0,0
540013,2,1,0,0,0,0,0,0,0,0,0,0
540014,1,1,0,0,0,0,0,0,0,0,0,0
540015,1,1,0,0,0,0,0,0,0,0,0,0
540017,1,1,19,10,9,16,15,6,18,13,32,7
540018,0,1,0,0,0,0,0,0,0,0,0,11
540018,1,1,0,0,0,0,0,0,0,0,0,0
540019,0,1,0,0,0,0,0,0,0,0,0,0
540019,1,1,0,0,0,0,0,0,0,14,0,0
540020,1,1,0,0,0,0,0,0,0,0,0,0
540021,1,1,0,0,0,0,0,0,0,0,18,0
540022,1,1,0,0,0,0,0,0,0,0,0,0
540023,1,1,0,0,0,0,0,0,0,0,0,0
540024,0,1,0,0,0,0,0,0,0,0,0,0
540024,1,1,0,0,0,0,0,0,0,0,0,0
540025,1,1,22,22,22,22,22,22,22,22,22,22
540026,1,1,0,0,0,0,0,0,0,0,0,0
540026,2,1,0,0,0,0,0,0,0,0,0,0
540027,1,1,0,0,0,0,0,0,0,0,0,0
540028,1,1,0,0,0,0,0,0,0,12,0,0
540029,1,1,0,0,0,0,0,0,0,0,0,0
540030,1,1,0,0,0,0,0,0,0,0,0,0
540030,2,1,0,18,0,0,16,0,0,0,0,15
540031,1,1,0,0,0,0,0,0,0,0,0,0
540031,2,1,29,13,5,7,0,12,17,14,15,24
540032,1,1,23,19,21,15,0,0,0,0,0,0
540033,1,1,0,0,0,0,0,0,0,0,0,0
540034,1,1,0,0,0,0,0,0,0,0,0,0
540035,1,1,0,0,0,0,0,0,0,0,0,0
540036,0,1,0,0,0,0,0,0,0,0,0,0
540036,1,1,0,0,0,0,0,0,0,0,0,0
540037,1,1,0,0,0,0,0,0,0,0,0,0
540038,1,1,0,0,0,0,0,0,0,0,0,0
540039,1,1,0,0,0,0,0,0,13,0,6,0
540040,1,1,0,0,0,0,0,0,0,0,0,0
540041,1,1,0,0,0,0,0,0,0,0,0,0
540042,1,1,29,29,29,29,29,29,29,29,29,29
540043,1,1,15,15,15,15,15,15,15,15,15,15
540044,1,1,14,0,10,30,9,16,3,0,9,8
540045,1,1,0,0,0,0,0,0,0,0,0,0
540045,2,1,0,0,0,0,0,0,0,0,0,0
540046,1,1,0,0,0,0,0,0,0,0,0,0
540046,2,1,0,0,0,0,0,0,0,0,0,0
540047,1,1,0,0,0,0,0,0,0,0,0,0
540047,2,1,0,0,0,0,0,0,0,0,0,0
540048,2,1,0,0,0,0,0,0,0,0,0,0
540049,1,1,0,10,0,0,0,0,35,0,0,0
540049,2,1,0,0,0,0,0,0,0,0,0,0
540050,1,1,0,0,0,0,0,0,0,0,0,0
540050,2,1,0,0,0,0,0,0,0,0,0,0
540051,1,1,0,9,0,0,0,0,0,0,0,0
540051,2,1,0,0,0,0,0,0,0,0,0,0
540052,1,1,0,0,0,0,0,0,0,0,0,0
540052,2,1,0,0,0,0,0,0,0,0,0,0
540053,1,1,0,0,0,0,0,0,0,0,0,0
540054,1,1,15,15,15,15,15,15,15,15,15,15
540055,1,1,0,0,0,0,0,0,0,0,0,0
540056,1,1,0,0,0,0,0,0,0,14,0,0
540057,1,1,5,5,5,5,5,5,5,5,5,5
540058,1,1,0,0,0,0,0,0,0,0,0,0
540058,2,1,0,0,0,0,0,0,0,0,0,0
540059,1,1,0,0,0,0,0,0,17,0,0,0
540059,2,1,0,0,30,23,0,0,0,12,0,32
540060,0,1,0,0,0,0,0,0,0,0,0,0
540060,1,1,0,0,3,17,0,0,0,10,0,0
540061,1,1,0,0,0,0,0,0,0,0,0,0
540061,2,1,0,0,0,0,0,0,0,0,0,0
540062,1,1,0,0,0,0,0,0,0,0,0,0
540062,2,1,0,0,0,0,0,0,0,0,0,0
540063,1,1,0,0,0,0,0,0,0,0,0,0
540063,2,1,0,0,0,0,0,0,0,0,0,0
540064,1,1,0,0,0,0,0,0,0,0,0,0
540065,1,1,0,0,0,0,0,0,0,0,0,0
540065,2,1,0,0,0,0,0,0,0,0,0,0
540066,1,1,0,0,0,0,0,0,0,0,0,0
540066,2,1,0,0,0,0,0,0,0,22,0,0
540067,1,1,0,0,0,0,0,0,0,0,0,0
540067,2,1,0,0,0,0,0,0,0,0,0,0
540069,1,1,0,0,0,0,0,0,0,0,0,0
540069,2,1,0,0,0,0,0,0,0,0,0,0
540069,3,1,0,0,0,0,0,0,0,0,0,0
540070,1,1,0,0,17,0,0,0,0,0,0,0
540071,1,1,22,0,0,0,0,0,0,0,0,0
540071,2,1,0,0,0,0,0,0,0,0,0,0
540072,1,1,0,0,0,0,0,0,0,0,0,0
540073,1,1,0,0,0,0,0,0,0,0,0,0
540074,1,1,0,0,0,0,0,0,0,0,0,0
540074,2,1,0,0,0,0,0,0,0,0,0,0
540075,1,1,0,0,14,5,0,0,0,0,0,0
540075,2,1,24,17,12,10,20,27,18,19,29,0
540076,1,1,0,0,0,0,0,0,0,0,0,0
540076,2,1,0,0,0,0,0,0,0,0,0,0
540077,1,1,0,0,0,0,0,0,0,0,0,0
540077,2,1,0,0,0,0,0,0,0,0,0,0
540077,3,1,0,0,25,0,0,0,0,0,0,0
540077,4,1,13,0,0,0,0,0,0,0,0,0
540077,5,1,0,0,0,0,0,0,0,0,0,0
540078,1,1,0,0,0,7,0,0,0,0,0,0
540078,2,1,0,0,0,0,0,0,0,0,0,0
540078,3,1,0,0,0,0,0,0,0,0,12,0
540079,1,1,2,2,2,2,2,2,2,2,2,2
540079,2,1,0,0,0,0,0,0,0,0,0,0
540080,1,1,16,0,0,0,0,0,15,0,0,0
540081,0,1,0,0,0,0,0,0,0,0,0,0
540081,1,1,0,0,0,0,0,0,0,0,0,0
540082,1,1,0,0,0,0,0,0,0,0,0,0
540083,1,1,0,0,0,0,0,0,0,0,0,0
540084,1,1,0,0,0,0,0,0,0,0,0,0
540084,2,1,0,0,0,0,0,0,0,0,0,0
540085,1,1,0,0,0,0,0,0,0,0,0,0
540086,1,1,7,15,17,17,11,8,24,20,10,18
540086,2,1,0,0,0,0,0,0,0,0,0,0
540087,1,1,0,0,0,0,0,0,0,0,0,0
540088,1,1,0,0,0,0,0,0,0,0,0,0
540088,2,1,0,0,0,0,0,0,0,0,0,0
540089,1,1,0,0,0,0,0,0,0,0,0,0
540090,1,1,7,16,21,2,15,12,17,10,3,6
540092,1,1,14,49,21,17,17,18,8,26,0,0
540092,2,1,0,0,0,0,0,0,16,0,0,0
540093,0,1,0,0,0,0,0,0,0,0,0,0
540093,1,1,0,0,0,0,0,0,0,0,0,0
540094,1,1,4,4,4,4,4,4,4,4,4,4
540095,1,1,13,13,13,13,13,13,13,13,13,13
540096,0,1,36,36,36,36,36,36,36,36,36,36
540096,1,1,0,0,24,27,0,0,0,0,3,0
540097,1,1,0,0,0,0,0,0,0,0,0,0
540097,2,1,0,0,0,0,0,0,0,0,0,0
540098,1,1,0,0,0,0,0,0,0,0,0,0
540099,1,1,0,0,0,0,0,0,0,0,0,0
540099,2,1,0,0,0,0,0,0,0,0,0,0
540100,1,1,0,0,0,0,0,0,0,0,0,0
540101,1,1,0,0,0,0,0,0,0,0,0,0
540101,2,1,0,0,0,0,0,0,0,0,0,0
540102,0,1,0,0,0,0,0,0,0,0,0,0
540102,1,1,0,0,0,0,27,0,0,0,0,0
540103,0,1,0,0,0,0,0,0,0,0,0,0
540103,1,1,0,0,0,16,0,0,0,0,0,0
540104,1,1,0,0,0,0,0,0,0,0,0,0
540105,0,1,0,0,0,0,0,0,0,0,0,0
540105,1,1,0,21,15,0,0,0,0,0,0,0
540106,1,1,0,0,0,0,0,0,0,0,0,0
540106,2,1,17,17,17,17,17,17,17,17,17,17
540107,1,1,0,0,0,0,0,0,0,0,0,0
540108,1,1,0,0,0,0,0,0,0,0,0,0
540109,1,1,16,16,16,16,16,16,16,16,16,16
540110,1,1,18,18,18,18,18,18,18,18,18,18
540111,1,1,0,0,0,0,0,0,0,0,0,0
540112,0,1,21,0,0,0,0,10,0,0,0,0
540112,1,1,0,0,0,0,0,0,0,0,0,0
540113,1,1,25,28,6,29,11,22,18,17,11,18
540114,1,1,0,0,0,0,0,0,0,0,0,0
540115,1,1,0,23,0,0,0,0,16,0,11,0
540116,1,1,0,0,0,0,0,0,0,0,0,0
540116,2,1,0,0,0,17,0,0,0,0,0,0
540117,1,1,7,7,7,7,7,7,7,7,7,7
540118,0,1,0,0,0,0,0,0,0,0,0,0
540118,1,1,0,22,0,0,0,0,0,34,0,0
540119,1,1,0,0,0,0,0,0,0,0,0,0
540119,2,1,0,0,0,0,0,0,0,0,0,0
540119,3,1,0,0,0,0,0,0,0,0,0,0
540120,1,1,0,0,0,0,0,0,0,0,0,0
540121,1,1,26,26,26,26,26,26,26,26,26,26
540122,1,1,0,0,0,0,0,0,0,0,0,0
540122,2,1,12,12,12,12,12,12,12,12,12,12
540123,1,1,0,0,0,0,0,0,0,0,0,0
540123,2,1,0,0,0,0,0,0,0,0,0,0
540124,0,1,0,0,0,0,0,0,0,0,0,0
540124,1,1,0,0,0,0,0,0,0,0,0,0
540125,1,1,8,8,8,8,8,8,8,8,8,8
540126,1,1,0,0,0,0,0,0,0,0,0,0
540126,2,1,21,0,11,0,0,0,17,0,0,0
540127,0,1,0,0,0,0,0,0,0,0,0,0
540127,1,1,0,0,0,0,0,0,0,0,0,0
540128,1,1,0,0,0,0,0,0,0,0,0,0
540129,1,1,0,0,0,0,0,0,0,0,0,0
540129,2,1,0,0,0,0,0,0,0,0,0,0
540129,3,1,0,0,0,0,0,0,0,0,0,0
540130,0,1,0,0,0,0,0,0,0,0,0,0
540130,1,1,0,0,0,0,0,0,0,0,0,0
540131,0,1,18,0,39,26,19,5,10,24,9,10
540131,1,1,0,0,0,0,0,0,0,0,0,0
540132,1,1,0,0,0,0,0,0,0,0,0,0
540133,1,1,0,0,0,0,0,0,0,18,0,0
540134,1,1,0,0,0,0,0,0,0,0,0,0
540134,2,1,0,0,0,0,0,0,0,0,0,0
540135,1,1,0,0,0,0,0,0,0,0,0,0
540136,1,1,15,15,15,15,15,15,15,15,15,15
540137,1,1,0,0,0,0,0,0,0,0,0,0
540137,2,1,0,0,0,0,0,0,0,0,0,0
540138,1,1,0,0,0,0,0,0,0,0,0,0
540138,2,1,0,0,0,0,0,0,0,0,0,0
540139,0,1,0,0,0,0,0,0,0,0,0,0
540139,1,1,0,0,22,0,0,0,31,0,0,20
540140,0,1,0,0,0,0,0,0,0,0,0,0
540140,1,1,0,0,10,0,0,14,0,0,0,0
540141,1,1,0,0,0,0,0,0,0,0,0,0
540142,1,1,23,37,24,15,5,3,36,34,6,27
540142,2,1,0,0,3,0,0,0,0,0,0,21
540143,1,1,0,0,0,0,0,0,0,0,0,5
540143,2,1,0,0,0,0,0,0,0,8,0,0
540144,1,1,17,17,17,17,17,17,17,17,17,17
540144,2,1,0,0,0,0,0,0,0,0,0,0
540145,1,1,12,12,12,12,12,12,12,12,12,12
540146,1,1,13,13,13,13,13,13,13,13,13,13
540147,1,1,21,21,21,21,21,21,21,21,21,21
540148,1,1,0,0,0,0,0,21,14,0,8,0
540149,0,1,0,0,0,0,0,0,0,0,0,0
540149,1,1,0,0,0,0,0,0,0,0,0,0
540150,1,1,0,0,0,0,0,0,0,0,0,0
540151,1,1,0,0,0,0,0,0,0,0,0,0
540151,2,1,0,0,0,0,0,0,0,0,0,0
540152,1,1,0,0,0,0,8,0,0,11,10,0
540153,1,1,0,0,0,0,0,0,0,0,0,0
540153,2,1,0,0,0,0,0,0,0,0,0,0
540154,1,1,0,0,0,0,0,0,0,0,0,0
540155,1,1,0,0,0,0,0,0,0,0,0,0
540155,2,1,0,0,0,0,0,0,0,0,0,0
540156,1,1,19,19,19,19,19,19,19,19,19,19
540157,1,1,11,11,11,11,11,11,11,11,11,11
540158,1,1,0,0,0,0,0,0,0,0,0,0
540158,2,1,0,0,0,0,0,0,0,12,0,0
540159,1,1,16,16,16,16,16,16,16,16,16,16
540159,2,1,0,0,0,0,30,0,0,0,0,20
540160,1,1,0,0,0,0,0,0,0,0,0,0
540160,2,1,0,0,0,0,0,0,0,0,0,0
540161,0,1,0,0,0,0,0,0,0,0,0,0
540161,1,1,0,0,0,0,0,0,0,0,0,0
540162,1,1,0,0,0,0,0,0,0,0,0,0
540162,2,1,0,0,0,0,0,0,0,0,0,0
540162,3,1,0,0,0,0,14,0,0,0,0,0
540162,4,1,0,0,0,0,0,0,0,0,0,0
540163,1,1,18,18,18,18,18,18,18,18,18,18
540164,0,1,0,0,0,0,0,0,0,0,0,0
540164,1,1,0,0,0,0,0,0,0,0,0,0
540165,1,1,0,0,0,0,0,0,0,0,0,0
540166,1,1,0,0,0,0,0,0,0,0,0,0
540167,1,1,6,6,3,22,24,35,6,8,13,16
540167,2,1,15,0,0,0,0,0,0,0,10,13
540168,1,1,0,0,0,0,0,0,0,0,0,0
540168,2,1,0,0,0,0,0,0,0,0,0,0
540168,3,1,0,0,0,0,0,0,0,0,0,0
540168,4,1,0,0,0,0,0,0,0,0,0,0
540168,5,1,0,0,0,0,0,0,0,0,0,0
540169,1,1,0,0,0,0,0,0,0,0,0,0
540169,2,1,0,0,0,0,0,0,0,0,0,0
540171,1,1,29,29,29,29,29,29,29,29,29,29
540172,0,1,0,0,0,0,0,0,0,0,0,0
540172,1,1,0,0,0,0,0,0,0,0,0,0
540173,1,1,0,0,0,0,0,0,0,0,0,0
540173,2,1,0,0,0,0,0,0,0,0,0,0
540174,1,1,0,10,0,0,0,0,0,0,0,0
540175,1,1,0,0,0,0,0,0,0,0,0,0
540176,1,1,0,0,0,0,0,0,0,0,0,0
540176,2,1,0,0,0,0,0,0,0,0,0,0
540177,0,1,0,0,0,0,0,0,0,0,0,0
540177,1,1,0,0,0,0,0,0,0,0,0,0
540178,1,1,0,0,0,0,0,0,0,0,0,0
540178,2,1,0,0,0,0,0,0,0,0,0,0
540179,1,1,0,0,0,0,12,26,8,0,0,13
540180,1,1,0,0,0,0,0,0,0,0,0,0
540180,2,1,0,0,0,0,0,0,0,0,0,0
540181,1,1,9,9,9,9,9,9,9,9,9,9
540182,1,1,0,0,0,0,0,0,0,0,0,0
540182,2,1,0,0,0,0,0,0,0,0,0,0
540182,3,1,0,0,0,0,0,0,0,0,0,0
540183,1,1,23,23,23,23,23,23,23,23,23,23
540184,1,1,0,0,0,0,0,0,0,0,0,0
540184,2,1,0,0,0,0,0,0,0,0,0,0
540185,1,1,0,0,0,0,0,0,0,0,0,0
540186,1,1,0,0,0,0,0,0,0,0,0,0
540186,2,1,0,0,13,0,0,0,0,0,0,0
540186,3,1,0,0,0,0,0,0,0,0,0,0
540186,4,1,22,0,14,0,0,0,0,0,0,0
540187,0,1,0,0,0,0,0,0,0,0,0,0
540187,1,1,0,0,0,0,0,0,0,0,0,0
540188,1,1,20,20,20,20,20,20,20,20,20,20
540189,1,1,22,12,5,22,13,19,7,21,13,9
540191,1,1,0,0,0,0,0,0,0,0,0,0
540192,1,1,22,22,22,22,22,22,22,22,22,22
540193,1,1,7,15,15,24,25,20,25,10,5,13
540194,1,1,24,24,24,24,24,24,24,24,24,24
540195,1,1,0,0,0,0,0,0,0,0,0,0
540196,1,1,0,0,0,0,0,0,0,0,0,0
540196,2,1,0,0,0,0,0,0,0,0,0,0
540196,3,1,0,0,0,0,0,0,0,0,0,0
540197,1,1,0,0,0,5,0,0,0,0,0,0
540197,2,1,0,0,0,0,0,0,0,0,0,0
540198,1,1,0,0,0,0,0,0,0,0,0,0
540199,1,1,0,0,0,0,0,0,0,0,0,0
540199,2,1,0,0,0,0,0,0,0,0,0,0
540200,1,1,0,0,0,0,0,0,0,0,0,0
540201,0,1,0,0,0,0,0,0,0,0,0,0
540201,1,1,0,0,0,0,0,0,0,0,0,0
540202,1,1,0,0,0,0,0,0,0,0,0,0
540202,2,1,0,0,0,0,0,0,0,0,0,0
540202,3,1,0,0,0,0,0,0,12,0,0,0
540203,1,1,0,0,0,0,0,0,0,0,0,0
540203,2,1,0,0,0,0,0,0,0,0,0,0
540204,1,1,24,24,24,24,24,24,24,24,24,24
540204,2,1,0,0,0,0,0,0,0,0,0,0
540205,0,1,9,9,9,9,9,9,9,9,9,9
540205,1,1,0,0,0,0,0,0,0,0,0,0
540206,1,1,0,0,0,0,0,0,0,0,0,0
540207,1,1,0,0,0,0,0,0,0,0,0,0
540208,1,1,13,13,13,13,13,13,13,13,13,13
540209,1,1,0,0,0,0,0,0,0,0,0,0
540209,2,1,0,0,0,0,0,0,0,0,0,0
540210,1,1,0,0,0,0,0,0,0,0,0,11
540211,0,1,9,9,9,9,9,9,9,9,9,9
540211,1,1,0,0,0,0,0,0,0,0,0,0
540212,1,1,0,0,0,0,0,0,0,0,0,0
540212,2,1,0,0,0,0,0,0,0,0,5,0
540213,0,1,0,0,0,0,0,0,0,0,0,0
540213,1,1,0,0,0,0,0,0,0,0,0,0
540214,1,1,0,0,0,0,0,0,0,0,0,0
540215,1,1,0,0,0,0,0,0,0,0,0,0
540216,1,1,0,0,0,0,0,0,0,0,0,0
540216,2,1,26,0,0,0,0,0,25,0,0,20
540217,1,1,0,0,0,0,4,19,0,0,0,0
540218,0,1,0,0,0,0,0,0,0,0,0,0
540218,1,1,0,0,0,0,0,0,0,0,0,0
540219,0,1,30,30,30,30,30,30,30,30,30,30
540219,1,1,0,0,0,0,0,0,0,0,0,6
540219,2,1,0,0,0,15,0,0,0,0,0,0
540220,1,1,30,30,30,30,30,30,30,30,30,30
540221,1,1,0,0,0,0,0,0,0,0,0,0
540222,0,1,0,0,0,0,0,0,0,0,0,0
540222,1,1,0,0,0,0,0,0,0,0,0,0
540223,0,1,0,0,0,0,0,0,0,0,0,0
540223,1,1,0,0,0,0,0,0,0,0,0,12
540224,1,1,0,0,0,0,0,0,0,0,0,0
540224,2,1,0,0,0,0,0,0,0,0,0,0
540225,1,1,0,0,0,0,0,0,0,0,0,0
540226,1,1,0,0,0,0,0,0,0,0,0,0
540227,1,1,0,0,0,0,0,0,0,0,0,0
540227,2,1,0,0,0,0,0,0,0,0,0,0
540228,1,1,8,9,20,23,9,11,17,10,16,11
540229,1,1,12,12,12,12,12,12,12,12,12,12
540230,1,1,8,8,8,8,8,8,8,8,8,8
540231,1,1,0,0,0,0,0,0,0,0,0,0
540231,2,1,0,9,0,0,0,0,0,0,0,0
540232,1,1,0,0,0,0,0,0,0,0,0,0
540232,2,1,0,0,0,7,0,0,0,0,0,0
540233,1,1,0,0,0,0,0,0,0,0,0,0
540233,2,1,0,0,0,0,0,0,0,0,0,0
540234,1,1,0,0,0,0,0,0,0,0,0,0
540234,2,1,0,0,0,0,0,0,0,0,0,0
540235,1,1,0,0,0,0,0,0,0,0,0,0
540236,1,1,18,18,18,18,18,18,18,18,18,18
540237,1,1,0,22,3,6,4,13,16,26,18,0
540238,1,1,0,0,0,0,0,0,0,0,0,5
540238,2,1,0,0,0,0,0,0,0,0,0,0
540238,3,1,0,0,0,0,0,0,0,0,0,0
540239,1,1,5,5,5,5,5,5,5,5,5,5
540240,1,1,0,0,0,0,0,0,0,0,0,0
540241,0,1,0,0,0,0,0,0,0,0,0,0
540241,1,1,0,0,0,0,0,20,0,0,0,0
540242,1,1,0,0,0,0,0,0,0,0,0,0
540243,1,1,12,12,12,12,12,12,12,12,12,12
540244,1,1,0,0,0,0,0,0,0,0,0,0
540244,2,1,0,0,0,11,0,0,0,0,0,0
540245,1,1,0,0,0,0,0,0,0,0,0,0
540245,2,1,0,0,0,0,0,0,0,0,0,0
540246,1,1,0,0,0,9,0,0,0,0,0,0
540246,2,1,0,0,0,0,0,0,0,0,0,17
540247,1,1,20,0,0,0,0,0,0,0,0,0
540247,2,1,0,0,0,0,0,0,0,0,0,0
540248,1,1,24,0,8,7,13,7,8,8,5,6
540249,1,1,0,0,0,0,0,0,0,0,0,0
540250,1,1,0,0,0,0,0,0,0,0,0,0
540251,1,1,14,13,19,11,15,11,19,18,13,20
540252,1,1,20,0,0,0,0,0,0,0,0,0
550001,0,1,0,0,0,0,0,0,0,0,0,0
550001,1,1,28,0,3,0,9,0,0,4,0,8
550002,1,1,18,18,18,18,18,18,18,18,18,18
550003,1,1,0,0,0,0,0,0,0,0,0,0
550003,2,1,0,0,0,0,0,0,0,0,0,0
550004,0,1,18,18,18,18,18,18,18,18,18,18
550004,1,1,0,0,0,0,0,0,0,0,0,0
550005,1,1,0,0,0,0,0,0,0,0,0,0
550006,0,1,0,0,0,0,0,0,0,0,0,0
550006,1,1,0,0,0,0,0,0,0,0,0,0
550007,1,1,0,0,0,0,0,0,0,0,0,0
550008,1,1,0,0,0,0,0,0,0,0,0,0
550009,1,1,13,13,13,13,13,13,13,13,13,13
550010,1,1,0,0,0,0,0,0,0,0,0,0
550011,1,1,9,9,11,3,8,8,5,9,7,3
550012,0,1,0,0,0,0,0,0,0,0,0,0
550012,1,1,0,0,0,0,0,0,0,0,0,0
550013,1,1,0,0,0,0,0,0,0,0,0,0
550014,1,1,0,0,0,0,0,0,0,0,0,0
550014,2,1,0,0,0,0,0,0,0,0,0,0
550015,1,1,0,0,0,0,0,0,0,0,0,0
550016,1,1,0,0,0,0,0,0,0,0,0,0
550016,2,1,0,0,0,0,0,0,0,0,0,0
550016,3,1,0,0,16,0,0,34,0,0,0,0
550017,1,1,27,27,27,27,27,27,27,27,27,27
550018,1,1,34,34,34,34,34,34,34,34,34,34
550019,1,1,0,0,0,0,0,0,0,0,0,0
550020,1,1,24,24,24,24,24,24,24,24,24,24
550021,1,1,0,0,0,0,0,0,0,0,0,0
550021,2,1,0,0,0,0,0,0,0,0,0,0
550022,1,1,0,0,0,0,0,0,0,0,0,0
550022,2,1,0,0,0,0,0,0,0,0,0,0
550023,1,1,0,0,0,0,0,0,0,0,0,0
550024,1,1,20,20,20,20,20,20,20,20,20,20
550025,1,1,0,0,0,0,0,0,0,0,0,0
550025,2,1,0,0,0,0,0,0,0,0,0,0
550026,1,1,0,0,0,0,0,0,0,0,0,0
550026,2,1,6,0,0,0,0,0,0,0,0,0
550027,1,1,0,0,0,0,0,0,0,0,0,0
550027,2,1,0,0,0,0,22,2,0,0,0,0
550028,1,1,0,0,0,0,0,0,0,0,0,0
550029,1,1,0,0,0,0,0,0,0,0,0,0
550030,1,1,0,0,0,0,40,0,29,0,0,22
550031,1,1,0,0,0,0,0,0,0,0,0,0
550032,1,1,0,0,0,0,0,0,0,0,0,0
550032,2,1,0,0,0,0,0,0,0,0,0,0
550034,1,1,13,13,13,13,13,13,13,13,13,13
550035,1,1,0,0,0,0,0,0,0,0,0,0