ST_CASE,VEH_NO,PER_NO,P1,P2,P3,P4,P5,P6,P7,P8,P9,P10
550036,1,1,0,0,0,0,0,0,0,0,0,0
550036,2,1,0,0,0,0,0,0,0,0,0,0
550037,1,1,0,0,0,0,0,0,0,0,0,0
550037,2,1,0,0,0,0,0,0,0,0,0,0
550038,0,1,22,22,22,22,22,22,22,22,22,22
550038,1,1,0,0,0,0,0,0,0,0,0,0
550039,1,1,0,0,0,0,0,0,0,0,0,0
550039,2,1,0,0,0,0,0,0,0,0,0,0
550040,1,1,3,3,3,3,3,3,3,3,3,3
550041,1,1,0,0,0,0,0,0,0,0,0,0
550041,2,1,0,0,0,0,0,0,0,0,0,0
550043,0,1,0,0,0,0,0,0,0,0,0,0
550043,1,1,0,0,0,0,0,0,0,0,0,0
550044,1,1,0,0,0,0,0,0,0,0,0,26
550045,1,1,0,0,0,0,0,0,0,0,0,0
550046,1,1,21,21,21,21,21,21,21,21,21,21
550046,2,1,0,0,0,0,0,0,0,0,0,0
550047,1,1,18,18,18,18,18,18,18,18,18,18
550048,1,1,0,0,0,0,0,0,0,0,0,0
550048,2,1,0,0,0,0,0,0,0,0,0,0
550049,1,1,18,18,18,21,13,16,16,6,15,10
550050,1,1,32,32,32,32,32,32,32,32,32,32
550050,2,1,0,0,0,0,0,0,0,0,0,8
550051,1,1,0,0,0,0,0,0,0,0,0,0
550051,2,1,0,0,0,0,0,0,0,0,0,0
550052,1,1,0,0,0,0,0,0,0,0,0,0
550053,1,1,21,21,21,21,21,21,21,21,21,21
550054,1,1,19,19,19,19,19,19,19,19,19,19
550055,1,1,21,21,21,21,21,21,21,21,21,21
550056,1,1,16,16,16,16,16,16,16,16,16,16
550056,2,1,0,0,0,0,0,0,0,0,5,0
550057,1,1,0,0,0,0,0,0,0,0,0,0
550058,0,1,0,0,0,0,0,0,0,0,0,0
550058,1,1,0,0,0,0,0,0,0,0,0,0
550059,1,1,0,26,39,22,17,9,26,21,16,23
550060,1,1,0,0,0,0,0,0,0,0,0,0
550060,2,1,32,32,32,32,32,32,32,32,32,32
550061,1,1,0,0,0,0,0,0,0,0,0,0
550062,1,1,27,27,27,27,27,27,27,27,27,27
550063,1,1,0,0,0,0,0,0,0,0,0,0
550063,2,1,0,0,0,0,0,0,0,0,0,0
550064,1,1,0,0,0,0,0,0,0,0,0,0
550064,2,1,0,0,0,0,0,0,0,0,0,0
550065,1,1,0,0,0,0,0,0,0,0,0,0
550065,2,1,0,0,0,0,0,0,0,0,0,0
550066,1,1,0,0,0,0,0,0,0,0,0,0
550066,2,1,0,0,0,0,0,0,0,0,0,0
550066,3,1,0,0,0,0,0,0,0,0,0,0
550067,1,1,0,0,0,0,0,0,0,0,0,0
550067,2,1,0,0,0,0,0,0,0,0,0,0
550068,1,1,4,4,4,4,4,4,4,4,4,4
550068,2,1,30,30,30,30,30,30,30,30,30,30
550069,1,1,0,0,0,0,14,0,0,0,10,24
550069,2,1,0,0,0,0,0,0,0,0,0,0
550070,0,1,0,0,0,0,0,0,0,0,0,0
550070,1,1,0,0,0,0,0,0,0,0,0,0
550071,1,1,0,0,0,0,0,0,0,0,0,0
550071,2,1,0,0,0,0,0,0,0,0,0,0
550071,3,1,0,0,0,12,0,0,0,17,0,0
550072,1,1,0,0,0,0,0,0,0,0,0,0
550073,1,1,0,0,0,0,0,0,34,0,0,0
550073,2,1,0,0,0,0,0,0,0,0,0,0
550074,0,1,0,0,0,0,0,0,0,0,0,0
550074,1,1,0,0,0,0,0,16,0,0,0,0
550075,1,1,9,9,9,9,9,9,9,9,9,9
550076,1,1,0,0,0,0,0,0,0,0,0,0
550076,2,1,0,0,0,0,0,0,0,0,0,0
550077,0,1,18,18,18,18,18,18,18,18,18,18
550077,1,1,0,0,0,0,0,0,0,0,0,0
550077,2,1,0,0,0,0,0,0,0,0,0,0
550077,3,1,0,0,0,0,0,0,0,0,0,0
550078,1,1,0,0,0,0,0,0,0,0,16,0
550078,2,1,0,0,0,0,0,0,0,0,0,0
550078,3,1,0,0,13,0,0,16,0,0,0,5
550078,4,1,0,0,0,0,0,0,0,0,0,0
550079,1,1,0,0,0,0,0,0,0,0,0,0
550079,2,1,0,0,0,0,0,0,0,0,0,0
550080,1,1,0,0,0,0,0,0,0,9,0,0
550080,2,1,0,0,0,0,0,6,0,10,0,0
550081,1,1,16,16,16,16,16,16,16,16,16,16
550081,2,1,0,0,0,0,0,0,0,0,0,0
550082,1,1,0,0,0,0,0,0,0,0,0,0
550082,2,1,17,0,0,0,0,0,0,0,0,0
550082,3,1,0,0,0,0,0,0,0,0,0,0
550083,1,1,0,15,0,14,0,0,0,29,12,0
550084,1,1,8,18,22,17,13,22,30,33,17,6
550085,0,1,0,0,0,0,0,0,0,0,0,0
550085,3,1,0,0,0,0,0,0,0,0,0,0
550086,1,1,0,0,0,0,0,0,0,0,0,0
550086,2,1,0,0,0,0,0,0,0,0,0,0
550087,1,1,0,0,0,0,0,0,0,0,0,21
550087,2,1,0,0,0,0,0,0,0,0,0,0
550088,1,1,0,0,0,0,0,0,0,0,0,0
550088,2,1,0,0,0,0,0,0,21,0,0,0
550089,1,1,25,25,25,25,25,25,25,25,25,25
550090,0,1,0,0,0,0,0,0,0,0,0,0
550090,1,1,0,0,0,0,0,0,0,0,0,0
550091,1,1,12,10,10,6,15,0,14,8,9,16
550091,2,1,0,0,0,0,0,0,0,0,0,0
550092,1,1,26,26,26,26,26,26,26,26,26,26
550092,2,1,0,0,0,0,0,0,0,0,0,0
550093,0,1,0,0,0,0,0,0,0,0,0,0
550093,1,1,0,0,0,0,0,0,0,0,0,0
550095,1,1,0,0,0,0,0,0,0,0,0,0
550095,2,1,0,0,0,0,0,0,0,0,0,0
550096,1,1,0,0,0,0,0,0,0,0,0,0
550096,2,1,0,0,0,0,0,0,0,0,0,0
550097,1,1,0,0,0,0,0,0,0,0,0,0
550097,2,1,20,20,20,20,20,20,20,20,20,20
550098,1,1,0,0,0,0,0,0,0,0,0,0
550098,2,1,0,0,0,0,0,0,0,0,0,0
550099,1,1,0,0,0,0,0,0,0,0,0,0
550100,1,1,15,15,15,15,15,15,15,15,15,15
550101,1,1,0,0,0,0,0,0,0,0,0,0
550101,2,1,28,28,28,28,28,28,28,28,28,28
550102,1,1,0,0,0,0,0,0,0,0,0,0
550103,1,1,0,0,0,0,0,0,0,0,0,0
550103,2,1,0,0,0,0,0,0,0,0,0,0
550104,0,1,0,0,0,0,0,0,0,0,0,0
550104,1,1,0,0,0,0,0,0,0,0,0,0
550105,1,1,31,8,16,24,24,11,3,7,17,5
550106,1,1,0,0,0,0,0,0,0,0,0,0
550106,2,1,0,0,0,0,0,0,16,0,0,0
550107,1,1,0,0,0,0,0,0,0,0,0,0
550107,2,1,0,0,0,0,0,0,0,0,0,0
550108,1,1,0,0,16,0,0,0,14,0,18,0
550109,1,1,0,0,0,0,0,0,0,0,0,0
550109,2,1,0,0,0,0,0,0,0,0,0,0
550109,3,1,0,0,0,0,0,0,0,0,0,0
550110,1,1,15,13,0,0,0,0,0,0,0,0
550110,2,1,0,16,0,37,0,0,0,0,0,0
550111,1,1,0,0,0,0,0,0,0,0,0,0
550111,2,1,0,0,0,0,0,0,0,0,0,0
550112,1,1,26,26,26,26,26,26,26,26,26,26
550113,1,1,17,17,17,17,17,17,17,17,17,17
550114,0,1,0,0,0,0,0,0,0,0,0,0
550114,1,1,0,0,0,0,0,0,0,0,0,0
550116,1,1,0,0,0,0,0,0,0,0,0,0
550117,1,1,0,0,0,0,0,0,0,0,0,0
550117,2,1,0,0,0,0,0,0,0,0,0,0
550118,1,1,0,0,0,0,0,0,0,0,0,0
550118,2,1,0,0,0,0,0,0,0,0,0,0
550120,0,1,19,19,19,19,19,19,19,19,19,19
550120,2,1,0,0,0,0,0,0,0,0,0,0
550121,1,1,0,0,0,0,0,0,0,0,0,0
550122,1,1,0,0,0,0,0,0,0,0,0,0
550123,1,1,0,0,0,0,0,0,0,0,0,0
550123,2,1,0,0,0,0,0,0,0,0,0,0
550124,1,1,0,0,0,0,0,0,0,0,0,0
550124,2,1,0,0,0,0,0,0,0,0,0,0
550125,1,1,16,16,16,16,16,16,16,16,16,16
550126,1,1,0,0,0,0,0,0,0,0,0,0
550126,2,1,0,0,0,0,0,0,0,0,0,0
550127,1,1,26,26,26,26,26,26,26,26,26,26
550128,1,1,24,24,24,24,24,24,24,24,24,24
550129,1,1,0,0,0,0,0,0,0,0,0,0
550129,2,1,13,11,16,8,17,7,0,11,7,13
550130,1,1,0,0,0,0,0,0,0,0,0,0
550130,2,1,0,0,0,0,0,0,0,0,0,0
550131,1,1,19,19,19,19,19,19,19,19,19,19
550132,1,1,0,0,0,0,0,0,0,0,0,0
550134,1,1,0,0,0,0,0,0,0,0,0,0
550134,2,1,0,0,0,0,0,0,0,0,0,0
550135,1,1,0,0,0,0,0,0,0,0,0,0
550135,2,1,0,0,0,0,0,0,0,0,0,0
550136,1,1,0,0,0,0,0,0,0,0,0,0
550136,2,1,25,0,4,0,0,0,11,0,0,8
550137,1,1,13,13,13,13,13,13,13,13,13,13
550138,1,1,32,22,15,18,27,22,17,12,35,22
550138,2,1,0,0,0,0,0,0,0,0,0,0
550139,1,1,0,0,0,0,3,21,23,22,0,9
550139,2,1,30,21,14,32,24,13,5,26,29,10
550140,1,1,0,0,0,0,0,0,0,0,0,0
550141,1,1,5,5,5,5,5,5,5,5,5,5
550141,2,1,10,10,10,10,10,10,10,10,10,10
550142,1,1,0,0,0,0,0,0,0,0,0,0
550142,2,1,0,0,0,0,0,0,0,0,0,0
550143,1,1,0,0,0,0,0,0,0,0,0,0
550143,2,1,0,0,0,0,0,0,0,0,0,0
550144,1,1,0,0,0,0,0,0,0,0,0,0
550144,2,1,0,0,0,0,0,0,0,0,0,0
550145,1,1,0,0,0,0,0,0,0,0,0,0
550145,2,1,0,0,0,0,0,0,0,0,0,0
550145,3,1,0,0,0,0,0,8,0,0,0,0
550146,1,1,0,0,0,0,0,0,0,0,0,0
550146,2,1,0,0,0,0,0,0,0,0,0,0
550147,1,1,20,20,20,20,20,20,20,20,20,20
550147,2,1,10,10,10,10,10,10,10,10,10,10
550148,1,1,23,23,23,23,23,23,23,23,23,23
550149,1,1,0,0,0,0,0,0,0,0,0,0
550149,2,1,0,0,0,0,0,0,0,0,0,0
550150,1,1,0,0,0,0,0,0,0,0,0,0
550150,2,1,0,0,0,0,0,0,0,0,0,0
550151,1,1,0,0,0,0,0,0,0,0,0,0
550151,2,1,0,0,0,0,0,0,0,0,0,0
550152,1,1,0,0,0,0,0,0,0,0,0,0
550152,2,1,0,0,0,0,0,0,0,0,0,0
550153,1,1,22,22,22,22,22,22,22,22,22,22
550154,1,1,18,18,18,18,18,18,18,18,18,18
550156,1,1,0,0,0,0,0,0,0,0,0,0
550157,1,1,0,0,0,0,0,0,0,0,13,0
550158,1,1,33,0,0,0,0,0,0,0,0,11
550158,2,1,0,0,0,0,0,0,0,0,0,0
550158,3,1,0,0,0,0,0,0,0,0,0,0
550159,1,1,22,22,22,22,22,22,22,22,22,22
550160,1,1,0,0,0,0,0,0,0,0,0,0
550160,2,1,0,0,0,0,0,0,0,0,0,0
550160,3,1,0,0,0,0,18,0,0,0,0,0
550160,4,1,0,0,0,0,0,0,0,0,0,0
550160,5,1,0,0,0,0,0,0,0,0,0,0
550160,6,1,0,0,0,0,0,0,0,0,0,16
550161,1,1,0,0,0,0,0,0,0,0,0,0
550161,2,1,6,6,6,6,6,6,6,6,6,6
550162,1,1,0,0,0,0,0,0,0,0,0,0
550162,2,1,0,0,0,0,0,0,0,0,0,0
550163,1,1,0,0,0,0,0,0,0,0,0,0
550163,2,1,0,0,0,0,0,0,0,0,0,0
550163,3,1,0,0,0,0,0,0,0,0,0,0
550164,1,1,5,5,5,5,5,5,5,5,5,5
550164,2,1,0,0,0,0,0,0,0,0,0,0
550165,1,1,0,0,0,0,0,0,0,0,0,0
550165,2,1,0,0,12,0,0,0,0,0,0,0
550166,1,1,0,0,0,0,0,0,0,0,0,0
550166,2,1,3,3,3,3,3,3,3,3,3,3
550166,3,1,13,13,13,13,13,13,13,13,13,13
550168,1,1,0,0,0,0,0,0,0,0,0,0
550168,2,1,0,0,0,0,0,0,0,0,0,0
550168,3,1,0,0,0,0,0,0,0,0,0,0
550169,1,1,0,0,0,0,0,0,0,0,0,0
550170,1,1,0,0,0,0,0,0,0,0,0,0
550170,2,1,0,0,0,0,0,0,0,0,0,0
550171,1,1,0,0,0,0,0,0,0,0,0,0
550171,2,1,18,0,0,0,0,0,0,0,0,0
550171,3,1,0,0,0,0,0,0,0,0,0,0
550172,1,1,0,18,0,0,0,0,0,0,0,0
550172,2,1,0,0,0,0,0,0,0,0,0,0
550174,1,1,0,0,0,0,0,0,0,0,0,0
550175,1,1,14,14,14,14,14,14,14,14,14,14
550176,0,1,0,0,0,0,0,0,0,0,0,0
550176,1,1,0,0,0,0,0,0,0,0,0,0
550177,1,1,1,1,1,1,1,1,1,1,1,1
550178,1,1,0,0,0,18,14,0,0,0,0,0
550178,2,1,0,0,0,0,0,0,0,0,0,0
550179,1,1,0,0,0,0,0,17,0,0,0,13
550179,2,1,0,0,0,0,0,0,0,0,0,0
550180,1,1,8,8,8,8,8,8,8,8,8,8
550181,1,1,0,0,0,0,0,0,0,0,0,0
550182,1,1,0,0,0,0,0,0,0,0,0,0
550182,2,1,0,0,0,0,0,0,0,25,0,0
550183,1,1,0,0,0,0,0,0,0,0,0,0
550183,2,1,18,18,18,18,18,18,18,18,18,18
550184,1,1,3,3,3,3,3,3,3,3,3,3
550184,2,1,0,0,0,0,0,0,0,0,0,0
550186,1,1,0,0,0,0,0,0,0,0,0,0
550186,2,1,0,0,0,0,0,0,0,0,0,0
550186,3,1,9,0,0,0,0,0,0,0,0,0
550186,4,1,0,0,0,0,0,0,0,0,0,19
550186,5,1,0,0,0,0,0,0,0,15,0,0
550187,1,1,0,0,0,0,0,0,0,0,0,9
550187,2,1,29,29,29,29,29,29,29,29,29,29
550188,1,1,0,0,0,0,0,0,0,0,0,0
550189,1,1,0,0,0,0,0,0,0,0,0,0
550189,2,1,0,0,0,0,0,0,0,0,0,0
550190,1,1,0,0,0,0,0,0,0,0,0,0
550190,2,1,0,0,0,0,0,0,0,0,0,0
550191,1,1,0,0,0,0,0,0,0,0,0,0
550191,2,1,0,0,0,0,0,0,0,0,19,0
550192,1,1,0,0,0,0,0,0,0,0,0,0
550193,1,1,0,0,0,0,0,0,0,0,0,0
550193,2,1,0,0,0,0,0,0,0,0,0,0
550194,1,1,22,22,22,22,22,22,22,22,22,22
550195,1,1,15,0,13,15,25,12,13,0,0,14
550196,1,1,21,21,21,21,21,21,21,21,21,21
550197,1,1,22,22,22,22,22,22,22,22,22,22
550198,1,1,0,0,0,0,0,0,0,0,0,0
550199,1,1,0,0,11,0,0,0,0,0,0,0
550200,1,1,0,0,30,0,0,0,0,0,0,0
550201,1,1,0,0,0,0,0,0,0,0,0,0
550201,2,1,0,0,0,0,0,0,0,0,0,0
550202,1,1,0,0,0,0,0,0,0,0,0,0
550202,2,1,0,0,0,0,0,0,0,0,0,0
550203,1,1,0,0,0,0,0,0,0,0,0,0
550204,1,1,17,17,17,17,17,17,17,17,17,17
550205,1,1,0,0,0,0,0,10,0,0,0,0
550205,2,1,0,0,0,0,0,0,0,0,0,0
550205,3,1,0,0,0,0,0,0,0,0,0,0
550206,0,1,2,2,2,2,2,2,2,2,2,2
550206,1,1,0,0,0,0,0,0,0,0,0,0
550207,1,1,0,0,0,0,0,0,0,0,0,0
550207,2,1,0,0,0,0,0,0,0,0,0,0
550207,3,1,10,0,0,0,0,0,0,0,0,0
550207,4,1,0,0,0,0,0,0,0,0,0,0
550207,5,1,0,0,0,0,0,0,0,0,0,0
550207,6,1,0,0,0,0,0,0,0,0,0,0
550208,1,1,0,21,17,12,0,20,7,0,0,0
550208,2,1,0,0,0,0,0,0,0,0,0,0
550209,1,1,0,0,0,0,0,0,0,0,0,0
550209,2,1,0,0,0,0,0,0,0,0,0,0
550210,1,1,29,29,29,29,29,29,29,29,29,29
550211,1,1,0,0,0,0,0,0,0,0,0,0
550212,1,1,0,0,0,0,0,0,0,0,0,0
550213,1,1,0,0,0,0,0,0,0,0,0,0
550213,2,1,0,0,0,0,0,0,0,0,0,0
550214,1,1,0,0,0,0,0,0,0,0,0,0
550214,2,1,0,0,0,0,0,0,0,0,0,0
550215,1,1,0,0,0,0,0,0,0,0,0,0
550216,1,1,0,0,0,0,0,0,0,0,0,0
550217,1,1,14,14,14,14,14,14,14,14,14,14
550217,2,1,0,0,0,0,0,0,0,0,0,0
550218,0,1,10,10,10,10,10,10,10,10,10,10
550218,1,1,0,0,0,0,0,0,0,0,0,0
550219,1,1,0,0,0,0,0,0,0,0,0,0
550219,2,1,0,0,0,0,0,0,0,0,0,0
550220,1,1,0,0,0,0,0,0,0,0,0,0
550220,2,1,12,12,12,12,12,12,12,12,12,12
550221,1,1,0,0,0,0,0,0,0,0,0,0
550222,1,1,29,29,29,29,29,29,29,29,29,29
550223,1,1,0,0,0,0,0,0,0,0,0,0
550224,1,1,20,20,20,20,20,20,20,20,20,20
550225,1,1,0,0,0,0,0,0,0,0,0,0
550225,2,1,0,0,0,0,0,0,0,0,0,0
550226,1,1,12,0,0,0,21,0,16,0,10,34
550227,0,1,0,0,0,0,0,0,0,0,0,0
550227,1,1,0,0,0,0,0,0,0,0,0,0
550228,1,1,0,0,0,0,0,0,0,0,0,0
550228,2,1,0,0,0,0,0,0,0,0,0,0
550229,1,1,0,0,0,0,0,0,0,0,0,0
550230,1,1,0,0,0,0,0,0,0,0,0,0
550231,1,1,0,0,0,0,0,0,0,0,0,0
550232,1,1,0,0,0,0,0,0,0,0,0,0
550232,2,1,0,0,0,0,0,0,0,0,0,0
550233,1,1,24,24,24,24,24,24,24,24,24,24
550235,0,1,13,13,13,13,13,13,13,13,13,13
550235,1,1,0,0,0,0,0,0,0,0,0,0
550236,1,1,0,0,0,0,0,0,0,24,0,0
550236,2,1,0,0,0,0,0,0,0,0,0,0
550237,1,1,0,0,0,0,0,20,0,0,0,0
550237,2,1,0,0,0,0,0,0,0,0,0,0
550238,1,1,16,16,16,16,16,16,16,16,16,16
550239,1,1,21,21,21,21,21,21,21,21,21,21
550240,1,1,0,0,0,0,0,0,0,0,0,0
550241,1,1,0,0,0,0,0,0,0,0,0,0
550241,2,1,0,0,0,0,0,0,0,0,0,0
550241,3,1,0,0,19,0,0,0,0,0,0,0
550242,1,1,4,4,4,4,4,4,4,4,4,4
550242,2,1,8,8,8,8,8,8,8,8,8,8
550243,0,1,0,0,0,0,0,0,0,0,0,0
550243,1,1,0,0,0,0,0,0,0,0,0,0
550244,1,1,0,0,0,0,0,0,0,0,0,0
550245,0,1,21,21,21,21,21,21,21,21,21,21
550245,1,1,0,0,0,0,0,0,0,0,0,0
550246,1,1,0,0,0,0,0,0,0,0,0,0
550247,1,1,0,0,0,0,0,0,0,0,0,0
550247,2,1,4,7,0,0,6,0,0,0,0,0
550248,1,1,1,1,1,1,1,1,1,1,1,1
550249,0,1,0,0,0,0,0,0,0,0,0,0
550249,1,1,0,0,0,0,0,0,0,0,0,0
550250,1,1,21,21,21,21,21,21,21,21,21,21
550251,1,1,22,22,22,22,22,22,22,22,22,22
550251,2,1,0,0,0,0,0,0,0,0,0,0
550252,1,1,0,0,0,0,0,0,0,0,0,0
550253,1,1,0,0,0,0,0,0,0,0,0,0
550254,1,1,0,0,0,0,0,0,0,0,0,0
550254,2,1,0,0,0,0,0,0,0,0,0,0
550254,3,1,0,0,0,0,0,0,0,0,0,0
550255,0,1,0,0,0,0,0,0,0,0,0,0
550255,1,1,0,0,0,0,0,0,0,0,0,0
550256,1,1,0,0,0,0,0,0,0,0,17,0
550257,1,1,0,0,0,0,0,0,0,0,0,0
550257,2,1,0,0,0,0,0,0,0,0,0,0
550258,0,1,0,0,0,0,0,0,0,0,0,0
550258,1,1,0,14,0,0,0,0,0,19,0,0
550259,1,1,0,10,6,4,6,14,10,14,20,26
550260,1,1,9,0,0,0,0,0,0,0,0,0
550261,1,1,0,0,17,0,0,0,0,17,0,0
550262,0,1,0,0,0,0,0,0,0,0,0,0
550262,1,1,22,22,22,22,22,22,22,22,22,22
550263,1,1,0,0,0,0,0,7,0,0,0,0
550263,2,1,0,0,0,0,0,0,0,0,0,0
550264,0,1,0,0,0,0,0,0,0,0,0,0
550264,1,1,0,0,0,0,0,0,0,0,0,0
550265,1,1,0,0,0,0,0,0,0,0,0,0
550265,2,1,0,0,0,0,0,0,0,0,0,0
550266,1,1,14,14,14,14,14,14,14,14,14,14
550267,1,1,0,0,0,0,0,0,0,0,0,0
550267,2,1,7,0,0,0,0,7,0,0,0,0
550268,1,1,0,0,0,0,0,0,0,0,0,0
550268,2,1,13,13,13,13,13,13,13,13,13,13
550269,1,1,1,1,1,1,1,1,1,1,1,1
550270,1,1,0,0,0,0,0,0,0,0,0,0
550270,2,1,0,0,0,0,0,0,0,0,0,0
550271,0,1,22,22,22,22,22,22,22,22,22,22
550271,1,1,0,0,0,0,0,0,0,0,0,0
550272,0,1,0,0,0,0,0,0,0,0,0,0
550272,0,2,0,0,0,0,0,0,0,0,0,0
550272,1,1,0,0,0,0,0,0,0,0,0,0
550273,1,1,0,0,0,0,0,0,0,0,0,0
550274,1,1,0,0,0,0,0,0,0,0,0,0
550274,2,1,0,0,0,0,0,0,0,0,0,0
550275,1,1,0,0,0,0,0,0,0,0,0,0
550276,1,1,30,30,30,30,30,30,30,30,30,30
550277,1,1,28,28,28,28,28,28,28,28,28,28
550278,1,1,16,31,18,0,36,15,11,9,13,17
550278,2,1,0,0,0,0,0,0,0,0,10,0
550278,3,1,0,0,0,0,0,0,0,21,16,0
550279,1,1,14,14,14,14,14,14,14,14,14,14
550280,1,1,10,20,8,8,9,17,12,5,11,5
550282,0,1,0,0,0,0,0,0,0,0,0,0
550282,1,1,0,0,0,0,0,0,0,0,0,0
550283,1,1,1,1,1,1,1,1,1,1,1,1
550284,1,1,0,0,0,0,0,0,0,0,0,0
550284,2,1,0,0,0,0,0,0,0,0,0,0
550285,1,1,0,0,10,0,0,0,0,0,0,0
550285,2,1,0,0,0,0,0,0,0,0,0,0
550286,1,1,0,0,0,0,0,0,0,0,0,0
550287,1,1,16,16,16,16,16,16,16,16,16,16
550288,1,1,0,0,0,0,0,7,0,0,0,0
550288,2,1,0,0,0,0,0,0,0,0,0,0
550289,1,1,16,32,13,14,0,15,11,0,20,10
550290,1,1,0,0,0,0,0,0,0,0,0,0
550290,2,1,0,0,0,0,0,0,0,0,0,0
550291,1,1,0,0,0,0,0,0,0,0,0,0
550291,2,1,4,4,4,4,4,4,4,4,4,4
550292,1,1,0,0,0,0,0,0,0,0,0,0
550293,1,1,0,0,0,0,0,13,0,0,0,0
550293,2,1,0,0,0,0,0,0,0,0,0,0
550294,1,1,31,31,31,31,31,31,31,31,31,31
550295,1,1,13,13,13,13,13,13,13,13,13,13
550295,2,1,0,0,0,0,0,0,0,0,0,0
550296,1,1,0,0,0,0,0,0,0,0,0,0
550297,1,1,0,0,0,8,0,0,0,0,0,0
550298,0,1,30,30,30,30,30,30,30,30,30,30
550298,1,1,0,0,0,7,0,0,0,0,0,0
550299,1,1,0,0,0,0,0,0,0,0,0,0
550299,2,1,0,0,0,0,0,0,0,0,0,0
550300,1,1,0,0,0,0,0,0,0,0,0,0
550301,1,1,0,0,0,0,0,0,0,0,0,0
550301,2,1,0,0,0,0,0,0,0,0,0,0
550302,1,1,0,0,0,0,0,0,0,0,0,0
550302,2,1,0,0,0,0,0,0,0,0,0,0
550303,0,1,0,0,0,0,0,0,0,0,0,0
550303,1,1,0,0,0,0,0,0,0,0,0,0
550304,1,1,0,0,0,0,0,0,0,0,0,0
550304,2,1,0,0,0,0,0,0,0,0,0,0
550305,1,1,0,0,0,0,0,0,0,0,0,0
550305,2,1,0,0,0,0,0,0,0,0,0,0
550306,1,1,3,3,3,3,3,3,3,3,3,3
550307,1,1,0,0,0,0,0,0,0,0,0,0
550308,1,1,16,16,16,16,16,16,16,16,16,16
550309,1,1,0,0,0,0,0,0,0,0,0,0
550309,2,1,9,9,9,9,9,9,9,9,9,9
550310,1,1,25,25,25,25,25,25,25,25,25,25
550311,1,1,18,18,18,18,18,18,18,18,18,18
550312,1,1,0,0,0,0,0,0,0,0,0,0
550312,2,1,0,0,0,0,0,0,0,0,0,0
550313,1,1,0,0,0,0,0,0,0,0,0,0
550313,2,1,0,0,0,0,0,0,0,0,0,0
550314,1,1,0,0,0,0,7,13,0,0,0,0
550315,1,1,0,0,0,0,0,0,0,0,0,0
550315,2,1,0,0,0,0,0,0,0,0,0,0
550316,1,1,0,0,0,0,0,0,0,0,0,0
550316,2,1,18,8,14,21,20,18,19,29,15,10
550317,1,1,0,0,0,0,0,0,0,0,0,0
550317,2,1,0,0,0,0,0,0,0,0,0,0
550318,1,1,0,0,0,0,0,0,0,0,0,0
550318,2,1,0,0,0,0,0,0,0,0,0,0
550319,1,1,0,0,0,0,0,0,0,0,0,0
550319,2,1,0,0,0,0,0,0,0,0,0,0
550320,0,1,0,0,10,22,0,0,0,0,23,0
550320,1,1,0,0,0,0,0,0,0,0,0,0
550322,1,1,19,19,19,19,19,19,19,19,19,19
550323,0,1,25,25,25,25,25,25,25,25,25,25
550323,1,1,0,0,0,0,0,0,0,0,0,0
550324,0,1,0,26,36,7,0,0,10,20,12,0
550324,1,1,0,0,0,0,13,20,19,17,0,0
550325,1,1,0,26,0,0,0,0,0,0,0,0
550325,2,1,0,0,0,0,0,0,17,0,0,0
550325,3,1,0,8,0,0,0,0,0,0,26,0
550326,1,1,16,16,16,16,16,16,16,16,16,16
550327,1,1,29,29,29,29,29,29,29,29,29,29
550328,1,1,18,16,14,16,12,34,0,0,18,10
550329,1,1,35,35,35,35,35,35,35,35,35,35
550330,1,1,0,0,0,0,0,0,0,0,0,0
550330,2,1,0,0,0,0,0,0,0,0,0,0
550331,1,1,1,1,1,1,1,1,1,1,1,1
550332,1,1,3,17,10,21,27,14,13,6,22,23
550332,2,1,2,2,2,2,2,2,2,2,2,2
550333,1,1,15,15,15,15,15,15,15,15,15,15
550334,1,1,13,13,13,13,13,13,13,13,13,13
550335,1,1,27,27,27,27,27,27,27,27,27,27
550336,1,1,28,28,28,28,28,28,28,28,28,28
550337,1,1,10,10,10,10,10,10,10,10,10,10
550337,2,1,0,0,0,0,0,0,0,0,0,0
550339,1,1,23,23,23,23,23,23,23,23,23,23
550340,1,1,23,23,23,23,23,23,23,23,23,23
550341,0,1,0,0,0,0,0,0,24,0,0,36
550341,1,1,21,21,21,21,21,21,21,21,21,21
550342,1,1,13,13,13,13,13,13,13,13,13,13
550343,1,1,16,11,8,20,6,12,22,0,25,0
550344,1,1,2,2,2,2,2,2,2,2,2,2
550345,1,1,0,0,0,0,0,0,0,0,0,0
550345,2,1,0,0,0,0,0,0,0,0,0,0
550346,1,1,25,25,25,25,25,25,25,25,25,25
550347,1,1,19,19,19,19,19,19,19,19,19,19
550348,0,1,0,0,15,0,0,14,0,0,0,17
550348,1,1,15,0,17,0,12,0,0,0,13,0