ST_CASE,VEH_NO,PER_NO,P1,P2,P3,P4,P5,P6,P7,P8,P9,P10
550349,1,1,14,14,14,14,14,14,14,14,14,14
550350,1,1,0,0,0,0,0,0,0,0,0,0
550350,2,1,0,0,0,0,0,0,0,0,0,0
550351,1,1,0,0,0,0,0,0,0,0,0,0
550352,1,1,0,0,0,0,5,0,0,0,0,0
550352,2,1,0,0,0,0,0,0,0,0,0,0
550354,1,1,0,0,0,0,0,0,0,0,0,0
550355,1,1,8,17,25,5,17,8,16,25,28,28
550356,0,1,42,42,42,42,42,42,42,42,42,42
550356,1,1,0,0,0,0,0,0,0,0,0,0
550357,1,1,0,0,0,0,0,0,0,0,0,0
550357,2,1,0,0,0,0,0,0,0,0,0,0
550358,1,1,0,0,0,0,0,0,0,0,0,0
550358,2,1,0,0,0,0,0,0,0,0,0,0
550359,1,1,10,10,10,10,10,10,10,10,10,10
550359,2,1,0,0,0,0,0,0,0,0,0,0
550359,3,1,0,0,0,0,0,0,0,0,0,0
550360,1,1,13,13,13,13,13,13,13,13,13,13
550361,1,1,0,0,0,0,0,0,0,0,0,0
550361,2,1,0,0,19,0,0,0,0,0,0,0
550361,3,1,0,0,0,0,0,0,0,0,0,0
550362,1,1,0,0,10,0,0,0,0,0,0,0
550362,2,1,0,0,0,0,0,0,0,0,0,0
550363,1,1,0,0,0,0,0,0,0,0,0,0
550364,1,1,0,6,0,0,4,0,0,7,0,0
550365,1,1,22,22,22,22,22,22,22,22,22,22
550365,2,1,0,0,0,0,0,0,0,0,0,0
550366,0,1,0,0,0,0,0,0,0,0,0,0
550366,1,1,0,0,0,0,0,0,0,0,15,0
550367,1,1,0,0,0,0,0,0,0,0,0,0
550368,1,1,0,0,0,0,0,0,0,0,0,0
550369,1,1,0,0,0,25,0,0,0,6,0,0
550370,1,1,0,0,0,0,0,0,0,0,0,0
550370,2,1,0,0,0,0,0,0,0,0,0,0
550371,1,1,0,0,0,0,0,0,0,0,0,0
550371,2,1,0,0,0,0,0,0,0,0,0,0
550373,1,1,0,0,0,0,0,0,0,0,0,0
550374,1,1,0,0,0,0,0,0,0,0,0,0
550374,2,1,0,0,0,0,0,0,0,0,0,0
550375,1,1,16,16,16,16,16,16,16,16,16,16
550376,1,1,0,0,0,0,0,0,0,16,0,0
550377,1,1,0,0,0,0,0,0,0,0,0,0
550378,1,1,0,0,0,0,0,0,0,0,0,0
550378,2,1,0,0,0,0,0,0,0,0,0,0
550379,1,1,0,0,0,0,0,0,0,0,0,0
550379,2,1,0,0,0,0,0,0,0,0,0,0
550380,1,1,0,0,0,0,0,0,0,0,0,0
550381,0,1,0,0,0,0,0,0,0,0,0,0
550381,1,1,0,4,9,25,0,0,12,19,0,2
550382,1,1,0,0,0,5,3,0,0,0,0,27
550383,1,1,20,20,20,20,20,20,20,20,20,20
550384,0,1,0,0,0,0,0,0,0,0,0,0
550384,1,1,0,0,0,0,0,0,0,0,0,0
550385,1,1,0,0,0,0,0,0,0,0,0,0
550385,2,1,0,0,0,0,0,0,0,0,0,0
550386,1,1,0,0,0,0,0,0,0,0,0,0
550386,2,1,0,0,0,0,0,0,0,0,0,0
550387,0,1,0,0,0,10,0,0,0,8,0,0
550387,0,2,0,0,0,0,0,0,0,0,0,0
550387,1,1,0,0,0,0,0,0,0,0,0,0
550388,1,1,0,0,0,0,0,0,0,0,0,0
550388,2,1,0,0,0,0,0,0,0,0,0,0
550389,0,1,0,0,0,0,0,0,0,0,0,0
550389,1,1,0,0,0,0,0,0,0,0,0,0
550390,1,1,29,29,29,29,29,29,29,29,29,29
550391,1,1,0,0,0,0,0,0,0,0,0,0
550391,2,1,0,0,4,0,0,0,0,0,0,0
550392,1,1,10,10,10,10,10,10,10,10,10,10
550393,1,1,0,0,0,0,0,0,0,0,0,0
550393,2,1,0,0,0,0,0,0,0,0,0,0
550394,1,1,0,0,0,0,0,0,0,0,0,0
550395,1,1,0,5,0,0,0,0,0,0,0,0
550395,2,1,20,0,0,0,0,0,11,0,0,0
550396,1,1,0,0,0,0,0,0,0,0,0,0
550396,2,1,0,0,0,0,0,0,0,0,0,0
550396,3,1,0,0,0,0,0,0,19,0,0,8
550397,0,1,11,11,11,11,11,11,11,11,11,11
550397,1,1,0,0,0,0,0,0,0,0,0,0
550398,0,1,15,15,15,15,15,15,15,15,15,15
550398,1,1,1,1,1,1,1,1,1,1,1,1
550399,1,1,22,22,22,22,22,22,22,22,22,22
550400,1,1,0,0,0,0,0,0,0,0,0,23
550401,1,1,0,0,0,0,0,0,0,0,0,0
550402,0,1,0,0,0,0,0,0,0,0,0,0
550402,1,1,0,0,0,0,0,0,0,0,0,0
550403,0,1,30,30,30,30,30,30,30,30,30,30
550403,1,1,0,0,0,0,0,0,0,0,0,0
550404,1,1,0,0,0,0,0,0,0,0,0,0
550404,2,1,0,0,0,0,0,16,0,18,0,0
550405,1,1,0,0,0,0,0,0,0,0,0,0
550406,1,1,0,0,0,0,0,0,0,0,0,0
550406,2,1,0,0,0,0,0,0,0,0,0,0
550407,1,1,0,0,0,0,0,0,0,0,0,0
550407,2,1,0,0,0,0,0,0,0,0,0,0
550408,1,1,0,0,0,0,0,0,0,0,0,0
550408,2,1,0,0,0,0,0,0,0,0,0,0
550409,1,1,21,21,21,21,21,21,21,21,21,21
550410,1,1,0,0,0,0,0,0,0,0,0,0
550410,2,1,0,0,0,0,0,0,0,0,0,0
550411,1,1,0,0,0,0,0,0,0,0,0,0
550412,1,1,0,0,0,26,0,0,0,0,0,0
550412,2,1,0,0,0,0,0,0,0,0,0,0
550413,1,1,0,0,0,0,0,0,0,0,0,0
550413,2,1,0,0,0,0,0,0,0,0,0,0
550414,0,1,0,0,0,0,29,0,0,0,0,17
550414,1,1,0,0,0,0,0,0,0,0,0,0
550415,0,1,0,0,0,0,0,0,0,0,0,0
550415,1,1,0,0,0,0,0,0,0,0,0,0
550416,1,1,20,20,20,20,20,20,20,20,20,20
550417,1,1,0,0,0,0,0,0,0,0,0,0
550418,1,1,0,0,0,0,0,0,0,0,0,0
550418,2,1,0,0,0,0,0,0,0,0,0,0
550418,3,1,0,0,0,0,0,0,0,0,0,0
550419,1,1,0,0,0,0,0,0,0,0,0,0
550420,1,1,0,0,0,0,0,0,0,0,0,0
550420,2,1,0,0,0,0,0,0,0,0,0,0
550421,1,1,8,8,8,8,8,8,8,8,8,8
550422,1,1,23,23,23,23,23,23,23,23,23,23
550423,1,1,40,40,40,40,40,40,40,40,40,40
550424,1,1,29,29,29,29,29,29,29,29,29,29
550425,0,1,18,18,18,18,18,18,18,18,18,18
550425,1,1,0,0,0,0,0,0,0,0,0,0
550426,1,1,11,11,11,11,11,11,11,11,11,11
550427,1,1,0,0,0,0,0,0,0,0,0,0
550428,1,1,0,0,0,0,0,0,0,0,0,0
550428,2,1,0,0,0,0,0,0,0,0,0,0
550429,1,1,0,0,0,0,0,0,0,0,0,0
550429,2,1,0,0,0,0,0,0,0,0,0,0
550430,1,1,0,0,0,0,0,0,0,0,0,0
550430,2,1,0,0,0,0,0,0,0,0,0,0
550431,1,1,0,0,0,0,0,0,0,0,0,0
550431,2,1,0,0,0,0,0,0,0,0,0,0
550432,1,1,0,0,0,0,0,17,0,0,0,0
550433,1,1,26,26,26,26,26,26,26,26,26,26
550434,1,1,0,0,0,0,0,0,0,0,0,0
550435,1,1,0,0,15,0,0,0,0,0,0,0
550437,1,1,0,0,0,0,0,0,0,23,0,0
550437,2,1,8,8,8,8,8,8,8,8,8,8
550438,1,1,0,0,0,0,0,0,0,0,0,0
550439,0,1,29,29,29,29,29,29,29,29,29,29
550439,1,1,0,0,0,0,0,0,0,0,0,0
550440,1,1,14,14,14,14,14,14,14,14,14,14
550440,2,1,7,0,0,0,0,0,0,0,0,24
550441,1,1,0,0,0,0,0,0,0,0,0,0
550441,2,1,0,0,22,13,0,0,0,24,0,0
550442,0,1,0,0,0,0,0,0,0,0,0,0
550442,1,1,19,0,0,0,0,0,0,0,0,0
550443,1,1,0,0,0,0,0,0,0,0,0,0
550443,2,1,0,0,0,0,0,0,0,0,0,0
550444,1,1,0,0,0,0,0,0,0,0,0,0
550444,2,1,0,0,0,0,0,0,0,0,0,0
550444,3,1,0,0,0,0,0,0,0,0,0,19
550445,1,1,11,11,11,11,11,11,11,11,11,11
550446,1,1,0,0,0,0,0,0,0,0,0,0
550446,2,1,0,0,0,0,0,0,0,0,0,0
550447,1,1,0,0,0,0,0,0,0,0,0,0
550447,2,1,0,0,0,0,0,0,0,0,0,0
550450,0,1,0,0,0,0,0,0,0,0,0,0
550450,1,1,0,0,0,0,0,0,0,0,0,0
550451,0,1,0,0,0,0,0,0,0,0,0,0
550451,1,1,0,0,5,0,0,0,0,0,0,0
550452,1,1,21,21,21,21,21,21,21,21,21,21
550452,2,1,0,0,0,0,0,0,0,0,0,0
550453,1,1,11,11,11,11,11,11,11,11,11,11
550454,1,1,0,0,0,0,0,0,0,0,0,0
550455,1,1,14,14,14,14,14,14,14,14,14,14
550455,2,1,0,0,0,0,0,0,0,0,0,0
550456,1,1,8,8,8,8,8,8,8,8,8,8
550456,2,1,0,0,0,0,0,0,0,0,0,0
550457,1,1,0,0,0,0,0,0,0,0,0,0
550457,2,1,0,0,0,0,0,0,0,0,0,0
550458,1,1,0,0,0,0,0,0,0,0,0,0
550458,2,1,0,0,0,0,0,0,0,0,0,0
550459,1,1,0,0,0,0,0,0,0,0,0,0
550459,2,1,0,0,0,0,0,0,0,0,0,0
550459,3,1,0,0,0,0,0,0,34,0,0,0
550460,1,1,0,0,0,0,0,0,0,0,0,0
550460,2,1,12,0,0,0,0,17,0,0,0,0
550461,1,1,0,0,0,0,0,0,0,0,0,0
550462,0,1,8,19,11,10,0,0,0,16,0,25
550462,1,1,0,0,0,0,0,0,0,0,0,0
550463,1,1,0,0,0,0,20,0,0,0,0,0
550464,0,1,0,0,0,0,0,0,0,0,0,0
550464,0,2,0,0,0,0,0,0,0,0,0,0
550464,0,3,0,0,0,0,0,0,0,0,0,0
550464,1,1,0,13,0,13,0,27,0,0,0,20
550465,1,1,0,0,0,0,0,0,0,0,0,0
550465,2,1,0,0,0,0,0,0,0,0,0,0
550466,0,1,8,10,25,22,16,24,23,0,16,16
550466,1,1,0,0,0,0,0,0,0,22,6,0
550467,1,1,0,0,0,0,0,0,0,0,0,0
550468,1,1,0,16,0,0,0,0,0,0,0,0
550468,2,1,0,0,0,0,0,0,0,0,0,0
550469,1,1,0,0,0,0,0,0,0,0,0,0
550469,2,1,0,0,0,0,0,0,0,0,0,0
550470,0,1,0,0,0,0,0,0,0,0,0,0
550470,1,1,0,0,0,0,0,0,0,0,0,0
550471,1,1,0,0,0,0,0,0,0,0,0,0
550471,2,1,0,0,0,0,0,0,0,0,0,0
550472,1,1,3,3,3,3,3,3,3,3,3,3
550473,1,1,24,24,24,24,24,24,24,24,24,24
550474,1,1,11,11,11,11,11,11,11,11,11,11
550475,0,1,0,0,0,0,0,0,0,0,0,0
550475,1,1,0,0,0,0,0,0,0,0,0,0
550475,2,1,0,39,0,0,0,0,0,0,0,21
550476,1,1,0,0,0,0,0,0,0,0,0,0
550476,2,1,0,0,0,18,0,0,0,0,0,0
550477,1,1,2,2,2,2,2,2,2,2,2,2
550478,1,1,0,0,0,0,0,0,0,0,0,0
550478,2,1,0,0,0,0,0,0,0,0,0,0
550479,1,1,0,0,0,0,0,0,0,0,0,0
550480,1,1,0,0,0,0,0,0,0,0,0,0
550480,2,1,0,0,0,0,0,0,0,0,0,0
550481,1,1,24,13,11,6,11,16,9,4,20,7
550481,2,1,0,0,0,0,0,0,0,0,0,0
550481,3,1,0,0,0,0,0,0,0,0,0,0
550482,0,1,0,0,0,0,0,0,0,0,0,0
550482,1,1,0,0,0,0,0,0,21,0,0,0
550483,1,1,0,0,0,0,0,0,0,0,0,0
550483,2,1,23,23,23,23,23,23,23,23,23,23
550483,3,1,0,0,0,0,0,0,0,0,0,0
550485,1,1,15,15,15,15,15,15,15,15,15,15
550486,0,1,0,0,0,0,0,0,0,0,0,0
550486,1,1,0,0,0,0,0,0,0,0,0,0
550487,1,1,4,4,4,4,4,4,4,4,4,4
550487,2,1,26,14,10,14,18,21,12,7,10,0
550488,1,1,18,18,18,18,18,18,18,18,18,18
550489,1,1,8,8,8,8,8,8,8,8,8,8
550490,1,1,0,28,0,0,0,0,0,0,0,0
550491,1,1,0,0,0,0,0,0,0,7,0,0
550492,1,1,20,20,20,20,20,20,20,20,20,20
550493,1,1,0,0,0,0,0,0,0,0,0,0
550493,2,1,0,0,0,0,0,0,0,0,0,0
550494,1,1,0,0,0,0,0,0,0,0,0,0
550495,1,1,23,23,23,23,23,23,23,23,23,23
550497,1,1,8,12,23,10,0,29,24,19,24,12
550497,2,1,0,0,0,0,0,0,0,0,0,0
550498,1,1,0,0,0,0,0,0,0,0,0,0
550498,2,1,0,0,0,0,0,0,0,0,0,0
550499,1,1,23,23,23,23,23,23,23,23,23,23
550500,0,1,0,0,0,0,0,0,0,4,0,0
550500,1,1,0,0,0,0,23,0,0,0,0,0
550501,1,1,0,0,0,0,0,0,0,0,0,0
550501,2,1,0,0,0,0,0,0,0,9,0,0
550502,1,1,0,0,0,0,0,0,0,0,0,0
550503,1,1,6,6,6,6,6,6,6,6,6,6
550504,1,1,16,16,16,16,16,16,16,16,16,16
550505,1,1,0,0,0,0,0,0,0,0,0,0
550505,2,1,1,1,1,1,1,1,1,1,1,1
550505,3,1,0,0,0,0,0,0,0,0,0,0
550506,1,1,0,0,0,0,0,0,0,0,0,0
550506,2,1,0,0,0,0,0,0,0,0,0,0
550507,0,1,0,0,0,0,0,0,0,0,0,0
550507,1,1,0,0,0,0,0,0,0,0,0,0
550508,0,1,0,0,0,0,0,0,0,0,0,0
550508,1,1,24,0,30,25,12,11,22,14,20,10
550509,1,1,0,0,0,0,0,0,0,0,0,0
550509,2,1,0,0,0,0,0,0,0,0,0,0
550510,1,1,0,0,0,0,0,0,0,19,0,0
550511,0,1,0,0,0,0,0,0,0,0,0,0
550511,1,1,27,0,18,0,0,16,21,0,16,19
550512,1,1,25,25,25,25,25,25,25,25,25,25
550513,1,1,0,0,0,0,0,0,0,0,0,0
550513,2,1,0,0,0,0,0,0,0,0,0,0
550514,1,1,26,26,26,26,26,26,26,26,26,26
550515,1,1,0,0,0,0,0,0,0,0,0,0
550515,2,1,0,0,0,0,0,0,0,0,0,0
550516,1,1,0,0,0,0,0,0,0,0,0,0
550516,2,1,0,0,0,0,12,0,0,0,0,0
550517,1,1,20,20,20,20,20,20,20,20,20,20
550518,1,1,0,0,0,0,0,0,0,0,0,0
550518,2,1,0,0,0,0,0,0,0,0,0,0
550520,0,1,0,0,0,0,0,0,0,0,0,0
550520,1,1,0,0,0,0,0,0,0,0,0,0
550521,1,1,0,0,0,0,0,0,0,0,0,0
550521,2,1,0,0,0,0,0,0,0,0,0,0
550522,1,1,28,28,28,28,28,28,28,28,28,28
550523,0,1,0,0,0,0,0,0,0,0,0,0
550523,1,1,0,0,0,0,0,0,0,0,0,0
550524,0,1,0,0,0,0,0,0,0,0,0,0
550524,1,1,0,0,0,0,0,0,0,0,0,0
550525,1,1,0,0,0,0,25,19,0,13,0,0
550526,1,1,18,18,18,18,18,18,18,18,18,18
550527,1,1,0,0,0,0,0,0,0,0,0,0
550527,2,1,0,0,0,0,0,0,0,0,0,0
550528,1,1,0,0,0,0,0,0,0,0,0,0
550529,0,1,14,14,14,14,14,14,14,14,14,14
550529,1,1,0,0,0,0,0,0,0,0,0,0
550530,1,1,0,29,9,0,0,8,0,17,0,0
550531,0,1,0,0,0,0,0,0,0,0,0,0
550531,1,1,0,0,0,0,0,0,0,0,0,0
550532,1,1,0,0,0,0,0,0,0,0,0,0
550533,1,1,0,0,0,0,0,0,0,0,0,0
550534,1,1,11,11,11,11,11,11,11,11,11,11
550535,1,1,26,26,26,26,26,26,26,26,26,26
550536,1,1,11,11,11,11,11,11,11,11,11,11
550536,2,1,2,2,2,2,2,2,2,2,2,2
550537,1,1,19,19,19,19,19,19,19,19,19,19
550538,1,1,18,18,18,18,18,18,18,18,18,18
550539,1,1,10,10,10,10,10,10,10,10,10,10
550540,1,1,22,22,22,22,22,22,22,22,22,22
550541,1,1,13,13,13,13,13,13,13,13,13,13
550541,2,1,31,31,31,31,31,31,31,31,31,31
550542,1,1,18,18,18,18,18,18,18,18,18,18
550543,1,1,20,20,20,20,20,20,20,20,20,20
550544,1,1,0,0,0,0,0,0,0,0,0,0
550545,1,1,34,34,34,34,34,34,34,34,34,34
550546,1,1,9,14,11,19,27,19,12,20,15,16
550547,1,1,0,0,0,0,0,0,0,0,0,0
550547,2,1,0,0,0,0,0,0,0,0,0,0
550547,3,1,0,0,0,0,0,6,0,0,0,0
550548,0,1,15,44,38,26,0,24,12,48,15,43
550548,1,1,0,0,0,0,0,0,0,0,0,0
550549,0,1,31,31,31,31,31,31,31,31,31,31
550549,1,1,18,18,18,18,18,18,18,18,18,18
560001,0,1,0,0,0,0,0,11,0,0,0,0
560001,1,1,0,0,0,0,0,0,0,0,0,0
560002,1,1,0,0,0,0,0,0,0,0,0,0
560002,2,1,4,4,4,4,4,4,4,4,4,4
560003,0,1,0,0,0,0,0,0,0,0,0,0
560003,1,1,0,0,0,0,0,0,0,0,0,0
560004,1,1,32,32,32,32,32,32,32,32,32,32
560004,2,1,0,0,0,0,0,0,0,0,0,0
560005,1,1,0,0,0,0,0,0,0,0,0,0
560005,2,1,0,0,0,0,0,0,0,0,0,0
560006,1,1,29,29,29,29,29,29,29,29,29,29
560007,1,1,0,0,0,0,0,0,0,0,0,0
560007,2,1,0,0,0,0,0,0,0,0,0,0
560007,3,1,0,0,0,0,0,0,0,0,0,0
560008,1,1,22,22,22,22,22,22,22,22,22,22
560009,1,1,1,1,1,1,1,1,1,1,1,1
560009,2,1,0,0,0,0,0,0,0,0,0,13
560010,1,1,0,0,20,0,0,0,0,0,0,0
560011,1,1,0,0,0,0,0,0,0,0,0,0
560011,2,1,0,0,0,0,0,0,0,0,0,0
560012,1,1,0,0,0,0,0,0,0,0,0,0
560013,1,1,0,0,0,0,0,0,0,0,0,0
560014,1,1,0,0,0,0,0,0,0,0,0,0
560014,2,1,0,0,0,0,0,0,0,0,0,0
560015,1,1,0,0,0,0,0,0,0,0,0,0
560016,1,1,0,0,0,0,0,0,0,0,0,0
560016,2,1,0,0,0,0,0,0,0,0,0,0
560017,1,1,26,26,26,26,26,26,26,26,26,26
560017,2,1,0,0,0,0,0,0,0,0,0,0
560018,1,1,0,0,0,0,0,16,0,0,0,0
560018,2,1,0,0,0,0,0,0,0,0,0,0
560018,3,1,0,0,0,0,0,0,0,0,0,0
560019,0,1,0,0,0,0,0,0,0,0,0,0
560019,2,1,0,0,0,0,0,0,0,0,0,0
560019,3,1,0,0,0,0,0,0,0,0,0,0
560020,1,1,0,0,0,0,0,0,0,12,0,0
560020,2,1,0,0,17,0,0,0,0,0,0,0
560021,1,1,0,0,0,0,0,0,0,0,0,0
560021,2,1,0,0,0,0,0,0,0,0,0,0
560021,3,1,0,0,0,0,0,0,0,0,0,0
560021,4,1,0,0,0,0,0,0,0,0,0,0
560022,1,1,0,0,21,0,0,0,0,0,0,0
560023,0,1,34,0,0,9,0,37,11,16,0,0
560023,1,1,0,0,0,0,0,0,0,0,0,0
560024,1,1,0,0,0,0,0,0,0,0,0,0
560024,2,1,0,0,0,0,0,0,0,0,0,0
560025,1,1,6,6,6,6,6,6,6,6,6,6
560026,1,1,0,0,0,0,0,0,0,0,0,0
560027,1,1,0,0,0,0,0,0,0,0,0,0
560028,1,1,0,0,0,0,0,0,0,0,0,0
560029,1,1,0,0,0,0,0,0,0,0,0,0
560030,1,1,21,21,21,21,21,21,21,21,21,21
560031,1,1,0,0,0,0,0,0,0,0,0,0
560031,2,1,13,0,0,0,0,0,0,25,0,0
560031,3,1,0,0,0,0,0,0,0,0,18,0
560032,1,1,29,29,29,29,29,29,29,29,29,29
560032,2,1,0,0,0,0,0,4,0,0,0,0
560033,1,1,0,0,0,0,39,0,0,0,0,0
560034,1,1,0,0,0,0,0,0,0,0,0,0
560034,2,1,0,18,0,0,0,0,0,0,0,0
560035,1,1,0,0,0,0,0,0,0,0,0,0
560035,2,1,0,0,0,0,0,0,0,0,0,0
560036,1,1,0,0,0,0,0,0,0,0,0,0
560036,2,1,0,0,0,0,0,0,0,0,0,0
560037,1,1,0,0,0,0,0,0,0,0,0,0
560037,4,1,0,0,0,0,0,0,0,0,0,0
560037,5,1,0,0,0,0,19,0,0,0,0,0
560038,1,1,19,19,19,19,19,19,19,19,19,19
560039,1,1,24,24,24,24,24,24,24,24,24,24
560040,1,1,0,0,0,0,0,0,0,0,0,0
560040,2,1,0,0,0,0,0,0,17,0,0,0
560041,1,1,23,23,23,23,23,23,23,23,23,23
560042,1,1,0,0,0,0,39,0,0,0,0,0
560043,1,1,0,0,0,0,0,0,0,0,0,0
560043,2,1,0,0,0,0,0,0,0,0,0,0
560044,0,1,0,0,0,0,0,0,0,0,0,0
560044,1,1,0,0,0,0,0,0,0,0,0,0
560045,1,1,0,0,0,0,0,0,0,0,0,0
560046,1,1,0,0,0,0,0,0,0,0,0,0
560046,2,1,0,0,0,0,0,0,0,0,0,0
560047,1,1,5,5,5,5,5,5,5,5,5,5
560048,1,1,0,0,0,0,0,0,0,0,0,0
560049,1,1,0,0,0,0,0,0,0,0,0,0
560050,1,1,25,25,25,25,25,25,25,25,25,25
560051,0,1,20,20,20,20,20,20,20,20,20,20
560051,1,1,4,4,4,4,4,4,4,4,4,4
560052,1,1,20,20,20,20,20,20,20,20,20,20
560053,1,1,0,0,0,0,0,0,0,0,0,0
560054,1,1,19,19,19,19,19,19,19,19,19,19
560054,2,1,0,0,0,0,0,0,0,0,9,0
560055,1,2,0,0,0,0,0,0,26,0,0,22
560056,1,1,0,0,0,0,0,0,0,0,0,0
560056,2,1,0,0,0,0,0,0,0,0,0,0
560057,1,1,0,18,0,29,0,0,21,0,0,0
560057,2,1,0,0,0,35,0,0,0,0,0,0
560058,1,1,0,0,0,0,0,0,0,0,0,0
560059,1,1,0,0,0,0,0,0,0,0,0,0
560059,2,1,0,0,0,0,0,0,0,0,0,0
560060,1,1,0,0,0,0,0,0,0,0,0,0
560060,2,1,0,0,0,0,0,0,0,0,0,0
560061,1,1,0,11,0,0,29,0,0,13,0,0
560062,1,1,12,0,20,0,14,21,0,0,0,15
560062,2,1,0,0,0,0,0,0,0,0,0,0
560063,0,1,15,15,15,15,15,15,15,15,15,15
560063,1,1,0,0,0,0,0,0,0,0,0,0
560064,1,1,0,0,0,0,0,21,0,0,0,0
560064,2,1,0,0,0,0,0,0,0,0,0,0
560065,1,1,24,24,24,24,24,24,24,24,24,24
560066,1,1,5,5,5,5,5,5,5,5,5,5
560067,1,1,0,0,0,0,0,0,0,0,0,0
560067,2,1,0,0,0,0,0,0,0,6,0,0
560068,1,1,0,0,0,0,0,0,0,0,0,0
560068,2,1,0,0,0,0,0,0,0,0,0,0
560069,1,1,0,0,0,0,0,0,0,0,0,0
560069,2,1,0,0,0,0,0,0,0,0,0,0
560070,1,1,0,0,0,0,0,0,0,0,11,0
560071,1,1,0,0,0,0,0,0,0,0,0,0
560072,1,1,0,0,0,0,0,0,0,0,0,0
560072,2,1,0,0,0,0,0,0,0,0,0,0
560073,1,1,0,0,0,0,0,0,0,0,0,0
560073,2,1,0,0,0,0,0,0,0,0,0,0
560074,0,1,24,0,0,0,0,3,0,6,30,0
560074,1,1,0,0,0,4,25,0,0,0,0,0
560075,1,1,0,0,0,0,0,0,0,0,0,0
560075,2,1,0,0,0,0,0,0,0,0,0,0
560076,0,1,35,35,35,35,35,35,35,35,35,35
560076,1,1,0,0,0,0,0,0,0,0,0,0
560077,1,1,0,0,0,0,0,0,0,0,0,0
560078,1,1,0,0,0,0,0,0,0,0,0,0
560079,1,1,8,8,8,8,8,8,8,8,8,8
560080,1,1,20,20,20,20,20,20,20,20,20,20
560081,1,1,7,7,0,0,0,7,0,4,0,0
560082,1,1,11,0,0,0,0,0,8,0,0,0
560083,1,1,0,0,0,0,24,0,0,0,9,0
560084,1,1,16,16,16,16,16,16,16,16,16,16
560084,2,1,0,0,0,0,0,0,0,0,0,0
560085,1,1,0,0,0,0,26,0,0,0,0,0
560086,1,1,0,0,0,0,0,0,0,0,16,0
560086,2,1,0,0,0,0,0,0,0,0,0,0
560086,3,1,0,0,0,0,0,0,0,0,0,0
560087,1,1,0,0,0,0,0,0,0,0,0,0
560088,1,1,45,45,45,45,45,45,45,45,45,45
560089,1,1,32,32,32,32,32,32,32,32,32,32
560090,1,1,0,0,0,0,0,0,0,0,0,0
560090,2,1,0,0,0,0,0,0,0,0,0,0
560091,1,1,13,20,0,31,0,0,32,0,8,7
560092,0,1,0,0,0,12,21,0,0,0,0,0
560092,1,1,0,0,0,0,0,0,0,0,0,0
560093,1,1,0,0,0,0,0,6,0,0,0,0
560093,2,1,35,35,35,35,35,35,35,35,35,35
560094,1,1,11,11,11,11,11,11,11,11,11,11
560095,1,1,0,0,0,0,0,0,0,0,0,0
560095,2,1,0,0,0,0,0,0,0,0,0,0
560096,1,1,0,0,0,0,0,0,0,0,0,0
560096,2,1,0,0,0,0,0,0,0,0,0,0
560098,1,1,21,13,17,21,13,24,20,17,0,8
560099,1,1,0,0,0,0,0,0,0,0,0,0
560100,1,1,0,0,0,0,0,0,0,0,0,0
560100,2,1,0,0,0,0,0,0,0,0,0,0
560101,1,1,0,0,0,0,0,0,0,0,0,0
560101,2,1,0,0,0,0,0,0,0,0,0,0
560102,1,1,0,0,0,0,0,0,0,0,0,0
560102,2,1,0,0,0,0,0,0,0,0,0,0
560102,3,1,0,0,0,0,0,0,0,0,0,0
560103,1,1,10,0,0,0,0,0,0,0,0,0
560104,1,1,19,19,19,19,19,19,19,19,19,19
560104,2,1,0,0,0,0,0,0,0,0,0,0
560105,1,1,19,0,0,0,0,0,0,0,0,0
560105,2,1,0,0,0,0,0,0,0,0,0,0
560106,1,1,25,25,25,25,25,25,25,25,25,25
560106,2,1,0,0,0,0,0,0,0,0,0,0
560107,0,1,0,23,0,0,0,11,0,0,38,0
560107,1,1,0,0,0,0,0,0,0,0,0,0
560108,1,1,0,0,0,0,0,0,0,0,0,0
560109,1,1,0,0,0,0,0,0,0,0,0,0
560109,2,1,0,0,0,0,0,0,0,0,0,0
560110,1,1,17,22,12,27,9,14,17,8,15,8
560111,1,1,0,0,0,0,0,0,0,0,0,0
560112,1,1,0,0,0,0,0,0,0,0,0,0
560113,1,1,0,0,0,0,0,0,0,0,0,0
560114,1,1,0,0,0,0,0,0,0,0,0,0
560114,2,1,0,0,0,0,0,0,0,0,0,0
560115,1,1,26,0,0,0,0,0,0,0,0,0
560116,1,1,0,0,0,0,0,0,0,0,0,0
560117,1,1,0,0,0,0,0,0,0,0,3,0
560118,1,1,0,0,0,0,0,0,0,0,0,0
560118,2,1,0,0,0,0,0,0,0,0,0,0
560118,3,1,0,0,0,0,0,0,0,0,0,0
560118,4,1,0,0,0,0,0,0,0,0,0,0
560118,5,1,0,0,0,0,0,0,0,0,0,0
560119,1,1,21,21,21,21,21,21,21,21,21,21
560120,1,1,4,4,4,4,4,4,4,4,4,4
560121,1,1,0,0,0,0,0,0,0,0,0,0
560121,2,1,0,0,0,0,0,0,0,0,0,0