ST_CASE,VEH_NO,PER_NO,P1,P2,P3,P4,P5,P6,P7,P8,P9,P10
60286,1,1,0,0,0,0,0,0,9,0,0,0
60286,2,1,0,0,0,0,0,0,0,0,0,0
60287,0,1,0,0,0,0,0,0,0,0,0,0
60287,1,1,2,2,2,2,2,2,2,2,2,2
60288,1,1,2,2,2,2,2,2,2,2,2,2
60288,2,1,0,0,0,0,0,0,0,0,0,0
60289,1,1,0,0,0,0,0,0,0,0,0,0
60289,2,1,0,0,0,0,0,0,0,0,0,0
60290,1,1,21,21,21,21,21,21,21,21,21,21
60290,2,1,0,18,0,0,0,0,0,0,0,0
60291,0,1,0,0,0,0,0,0,0,0,0,0
60291,1,1,0,0,0,0,0,0,0,0,0,0
60292,0,1,25,25,25,25,25,25,25,25,25,25
60292,1,1,0,0,0,0,0,0,0,0,0,0
60293,1,1,0,0,0,0,0,0,0,0,0,0
60293,2,1,0,9,0,0,0,0,0,0,0,0
60294,1,1,21,21,21,21,21,21,21,21,21,21
60295,1,1,1,1,1,1,1,1,1,1,1,1
60295,2,1,0,0,0,0,0,0,0,0,0,0
60296,1,1,22,22,22,22,22,22,22,22,22,22
60297,0,1,0,0,0,0,0,0,0,0,0,0
60297,1,1,3,3,3,3,3,3,3,3,3,3
60298,1,1,17,17,17,17,17,17,17,17,17,17
60298,2,1,0,0,0,0,0,0,0,0,0,0
60299,0,1,0,0,0,0,0,0,0,0,0,0
60299,1,1,0,0,0,0,0,0,0,0,0,0
60300,1,1,0,0,0,0,0,0,0,0,0,0
60300,2,1,0,0,0,0,0,0,0,0,0,0
60301,1,1,20,20,20,20,20,20,20,20,20,20
60302,0,1,14,14,14,14,14,14,14,14,14,14
60302,1,1,0,0,0,0,0,0,0,0,0,0
60303,0,1,25,25,25,25,25,25,25,25,25,25
60303,1,1,0,0,0,0,0,0,0,0,0,0
60304,0,1,0,0,0,0,0,0,0,0,0,0
60304,1,1,0,0,0,0,0,0,0,0,0,10
60305,1,1,15,15,15,15,15,15,15,15,15,15
60305,2,1,0,0,0,0,0,0,0,0,0,0
60306,1,1,0,0,0,0,0,0,0,0,0,0
60306,2,1,0,0,0,0,0,0,0,0,0,0
60307,1,1,0,18,27,0,0,0,0,0,0,0
60308,1,1,17,17,17,17,17,17,17,17,17,17
60309,1,1,0,0,0,0,0,0,30,22,0,0
60309,2,1,0,0,0,0,0,0,19,0,0,0
60310,1,1,0,0,0,0,0,0,0,0,0,0
60310,2,1,0,0,0,0,0,0,0,0,0,0
60311,1,1,8,8,8,8,8,8,8,8,8,8
60312,1,1,0,0,0,0,0,0,0,0,0,0
60313,1,1,0,0,0,0,0,0,0,0,0,0
60313,2,1,0,0,0,0,0,0,0,0,0,0
60314,1,1,0,0,0,0,0,0,0,0,0,0
60314,2,1,0,0,0,0,0,0,0,0,0,0
60315,0,1,0,0,0,0,0,0,0,0,0,0
60315,1,1,0,0,0,0,0,0,0,0,0,0
60316,1,1,0,0,0,0,0,0,0,0,0,0
60316,2,1,0,0,0,0,0,0,0,0,0,0
60316,3,1,0,0,0,0,0,0,0,0,0,0
60316,4,1,0,0,0,0,0,0,0,0,0,0
60316,5,1,0,0,0,0,0,0,0,0,0,0
60317,0,1,12,12,12,12,12,12,12,12,12,12
60317,1,1,0,0,0,0,0,0,0,0,0,0
60318,0,1,16,16,16,16,16,16,16,16,16,16
60318,1,1,0,0,0,0,0,0,0,16,0,0
60319,1,1,0,0,0,0,0,0,0,0,0,0
60319,2,1,0,0,0,0,0,0,0,0,0,0
60320,1,1,8,8,8,8,8,8,8,8,8,8
60320,2,1,0,0,0,0,0,0,0,0,0,0
60320,3,1,0,0,11,0,0,0,0,0,0,0
60320,4,1,0,0,0,0,0,0,0,0,0,0
60320,5,1,0,0,0,0,0,0,0,0,0,11
60320,6,1,0,0,0,0,0,0,5,7,0,0
60321,1,1,0,0,0,0,0,0,0,0,0,0
60321,2,1,0,0,0,0,0,0,0,0,0,0
60322,0,1,3,3,3,3,3,3,3,3,3,3
60322,1,1,0,0,0,0,0,0,21,0,0,0
60323,0,1,0,0,0,0,0,0,0,0,0,0
60323,1,1,0,0,0,0,0,0,0,0,0,0
60324,1,1,0,0,0,0,0,0,0,0,0,0
60324,2,1,0,0,0,0,0,0,0,0,0,0
60325,1,1,9,9,9,14,0,11,22,4,6,8
60325,2,1,2,2,2,2,2,2,2,2,2,2
60325,3,1,0,0,0,0,0,0,0,0,0,0
60326,0,1,6,0,0,0,22,0,0,0,0,0
60326,0,2,0,0,0,0,0,0,0,0,0,0
60326,0,3,0,0,0,0,0,0,0,0,0,0
60326,1,1,28,0,0,0,0,0,0,0,0,0
60327,1,1,16,16,16,16,16,16,16,16,16,16
60328,1,1,8,0,0,0,0,0,0,0,0,0
60328,2,1,0,0,0,0,0,0,0,0,0,0
60329,0,1,0,0,0,0,0,0,0,0,0,0
60329,1,1,0,0,0,0,0,0,0,0,0,0
60329,2,1,0,0,0,0,0,0,0,0,0,0
60330,0,1,0,0,0,0,0,0,0,0,0,0
60330,1,1,0,0,0,0,0,0,0,0,0,0
60331,1,1,0,0,0,0,0,0,0,0,0,0
60331,2,1,0,0,0,0,0,0,0,10,0,0
60332,1,1,0,0,0,0,0,0,12,0,0,0
60332,2,1,0,0,0,0,0,0,0,0,0,0
60333,1,1,36,36,36,36,36,36,36,36,36,36
60334,1,1,0,0,0,0,0,0,0,0,0,0
60335,1,1,23,23,23,23,23,23,23,23,23,23
60335,2,1,0,0,0,0,0,0,0,0,0,0
60336,1,1,0,0,0,0,0,0,0,0,0,0
60337,1,1,0,0,0,0,0,0,0,0,0,0
60337,2,1,0,0,0,0,0,0,0,0,0,0
60338,1,1,14,14,14,14,14,14,14,14,14,14
60338,2,1,0,0,0,0,0,0,0,0,0,0
60339,1,1,0,0,0,0,0,0,0,0,0,0
60339,2,1,0,0,0,0,0,0,0,0,0,0
60340,1,1,32,32,32,32,32,32,32,32,32,32
60341,1,1,0,0,0,0,0,0,0,0,0,0
60341,2,1,0,0,0,0,0,0,0,0,0,0
60342,0,1,8,8,8,8,8,8,8,8,8,8
60342,1,1,0,0,0,41,0,27,0,0,0,0
60343,1,1,0,0,0,0,0,0,0,0,0,0
60344,1,1,9,9,9,9,9,9,9,9,9,9
60344,2,1,21,0,0,0,5,0,11,0,23,0
60345,0,1,0,0,0,0,0,0,0,0,0,0
60345,1,1,0,17,10,0,0,30,11,0,0,0
60345,2,1,0,0,0,0,0,0,0,0,0,0
60346,0,1,0,0,0,0,0,0,0,0,0,0
60346,1,1,0,0,0,0,0,0,0,0,0,0
60347,0,1,30,30,30,30,30,30,30,30,30,30
60347,1,1,0,0,0,0,0,0,0,0,0,0
60348,0,1,35,35,35,35,35,35,35,35,35,35
60348,1,1,0,0,0,0,0,0,0,0,0,0
60349,0,1,20,20,20,20,20,20,20,20,20,20
60349,1,1,0,0,0,0,0,0,0,0,0,0
60349,2,1,0,0,0,0,0,0,0,0,14,0
60349,3,1,0,0,0,0,0,10,0,0,0,0
60349,4,1,0,0,0,0,0,0,0,0,0,0
60349,5,1,0,0,0,0,0,0,0,0,0,0
60350,1,1,17,0,9,0,0,0,6,17,0,0
60351,0,1,0,0,0,0,0,0,0,0,0,0
60351,1,1,0,0,0,0,0,0,0,0,0,0
60352,1,1,0,0,0,0,0,0,0,0,0,0
60352,2,1,0,0,0,0,0,0,0,0,0,0
60353,0,1,14,44,0,19,22,16,21,6,0,24
60353,1,1,0,0,0,0,0,0,0,0,0,0
60354,1,1,9,9,9,9,9,9,9,9,9,9
60354,2,1,0,17,0,0,0,0,0,0,0,0
60355,1,1,0,0,0,0,0,0,0,24,0,0
60355,2,1,0,0,0,0,0,10,0,0,0,0
60355,3,1,0,0,0,0,0,0,0,0,0,0
60356,1,1,8,8,8,8,8,8,8,8,8,8
60357,1,1,0,0,0,0,0,0,0,0,0,0
60357,2,1,0,0,0,0,0,0,0,0,0,0
60358,1,1,0,0,0,0,0,0,0,0,0,0
60359,1,1,0,0,0,0,0,0,0,0,0,0
60359,2,1,0,0,0,0,0,0,0,0,0,0
60360,0,1,0,0,0,0,0,0,0,0,0,0
60360,1,1,0,0,0,0,0,0,0,0,0,0
60361,1,1,0,0,0,0,0,0,0,0,0,0
60362,1,1,19,19,19,19,19,19,19,19,19,19
60362,2,1,0,0,0,0,0,0,0,0,0,18
60363,0,1,0,0,0,0,0,0,0,0,0,0
60364,1,1,0,0,0,0,0,0,0,0,0,0
60364,3,1,0,0,0,0,0,0,0,0,0,0
60365,0,1,0,0,0,0,0,0,0,0,0,0
60365,1,1,0,0,0,0,0,0,0,0,0,0
60366,1,1,0,0,0,0,0,0,0,0,0,0
60367,1,1,13,13,13,13,13,13,13,13,13,13
60367,2,1,0,0,0,0,0,0,0,0,0,0
60368,1,1,0,0,0,0,0,0,0,0,0,0
60369,0,1,0,12,0,0,20,0,0,6,0,0
60369,1,1,0,0,0,0,0,0,0,0,0,0
60370,0,1,0,0,0,0,0,0,0,0,0,0
60370,1,1,0,0,0,0,0,0,0,0,0,0
60371,1,1,0,0,0,0,0,0,0,0,0,0
60371,2,1,0,0,0,0,0,0,0,0,0,0
60372,1,1,0,0,0,0,0,0,0,0,0,0
60372,2,1,0,0,0,0,0,0,0,0,0,0
60373,0,1,0,0,0,0,0,0,0,23,24,0
60373,1,1,23,23,23,23,23,23,23,23,23,23
60374,0,1,0,0,0,0,0,0,0,0,0,0
60374,1,1,0,0,0,0,0,0,0,0,0,0
60375,0,1,0,0,0,0,0,0,0,0,0,0
60375,1,1,0,0,0,0,0,0,0,0,0,0
60376,1,1,26,26,26,26,26,26,26,26,26,26
60377,1,1,0,0,0,0,0,0,0,0,0,0
60377,2,1,18,0,9,0,0,0,0,0,0,0
60378,0,1,0,0,0,51,0,0,0,27,0,16
60378,1,1,0,0,0,0,0,0,0,0,0,0
60379,0,1,0,0,0,0,0,0,0,0,0,0
60379,1,1,0,9,25,0,0,0,0,0,20,0
60380,0,1,4,4,4,4,4,4,4,4,4,4
60380,1,1,0,0,0,0,0,22,4,0,10,0
60381,0,1,0,0,0,0,0,0,0,0,0,0
60381,1,1,0,0,0,0,0,0,0,0,0,0
60382,0,1,0,0,0,0,26,0,0,0,0,0
60382,1,1,0,0,0,0,0,0,0,0,0,0
60383,1,1,0,0,0,0,0,0,0,0,0,0
60383,2,1,0,0,0,0,0,0,0,0,0,0
60384,1,1,0,0,0,0,0,0,0,0,0,0
60385,1,1,0,0,0,0,0,0,0,0,0,0
60385,2,1,0,0,0,0,0,0,0,0,0,0
60386,0,1,0,0,0,0,0,0,0,0,0,0
60386,1,1,0,0,0,0,0,0,0,0,0,0
60387,1,1,0,0,0,0,0,0,0,0,0,0
60388,1,1,0,0,0,0,0,0,0,0,0,0
60389,0,1,0,14,0,0,18,0,14,0,0,0
60389,1,1,0,0,10,0,0,0,0,0,0,0
60390,1,1,0,0,0,0,0,0,0,0,0,0
60390,2,1,0,0,0,0,0,0,0,0,0,0
60391,0,1,0,0,0,0,0,0,0,0,0,0
60391,1,1,0,0,0,0,0,0,0,0,0,0
60392,1,1,15,15,15,15,15,15,15,15,15,15
60392,2,1,0,0,0,10,0,0,0,0,0,0
60393,0,1,3,3,3,3,3,3,3,3,3,3
60393,1,1,0,0,0,0,0,0,0,0,0,0
60394,0,1,0,0,0,42,0,0,4,0,0,0
60394,1,1,0,0,0,0,0,0,0,0,0,0
60395,1,1,21,21,21,21,21,21,21,21,21,21
60396,1,1,0,0,0,0,0,0,0,0,0,0
60397,0,1,25,0,8,0,0,0,4,0,0,7
60397,1,1,0,0,0,0,0,0,0,0,0,22
60398,0,1,0,0,0,0,0,0,0,0,0,0
60398,1,1,0,0,0,0,0,0,0,0,0,0
60399,0,1,0,0,0,0,0,0,0,0,0,0
60399,1,1,0,0,0,0,0,0,0,0,0,0
60401,1,1,0,0,0,0,0,0,0,0,0,0
60402,0,1,3,3,3,3,3,3,3,3,3,3
60402,0,2,0,0,0,0,0,0,0,0,0,0
60402,0,3,0,0,0,0,0,0,0,0,0,0
60402,0,4,0,0,0,0,0,0,0,0,0,0
60402,1,1,11,11,11,11,11,11,11,11,11,11
60403,1,1,6,6,6,6,6,6,6,6,6,6
60404,1,1,23,23,23,23,23,23,23,23,23,23
60404,2,1,0,0,0,0,0,0,18,0,0,0
60404,3,1,0,0,0,0,0,0,5,0,29,21
60404,4,1,0,0,0,24,0,0,0,0,0,0
60404,5,1,0,0,0,15,0,0,0,0,0,0
60405,1,1,7,7,7,7,7,7,7,7,7,7
60405,2,1,0,0,0,0,0,0,0,0,0,0
60406,1,1,0,0,0,0,0,0,0,0,0,0
60406,2,1,0,0,0,0,0,0,0,15,0,0
60407,1,1,0,0,0,0,0,0,0,0,0,0
60408,1,1,0,0,0,0,0,0,0,0,0,0
60409,1,1,25,25,25,25,25,25,25,25,25,25
60409,2,1,0,0,7,0,0,0,0,0,0,0
60410,1,1,0,0,0,0,0,0,34,16,0,0
60410,2,1,0,0,0,0,0,0,0,0,0,0
60411,1,1,0,0,0,0,0,0,0,0,0,0
60412,0,1,0,0,0,0,0,0,0,0,0,0
60412,1,1,12,0,0,0,0,0,0,0,0,0
60413,0,1,0,0,0,0,0,0,0,0,0,0
60413,1,1,0,0,0,0,0,0,0,0,0,0
60414,1,1,0,0,0,0,0,0,0,0,0,0
60415,1,1,0,0,0,0,0,0,0,0,0,0
60415,2,1,0,0,0,0,0,0,0,0,0,0
60416,1,1,0,0,0,0,0,0,0,0,0,0
60416,2,1,0,0,0,0,0,0,0,0,0,0
60417,1,1,0,0,0,0,0,0,0,0,0,0
60417,2,1,0,0,0,0,0,0,0,0,0,0
60418,1,1,0,0,0,0,0,0,0,0,0,0
60418,2,1,0,0,0,0,0,0,0,0,0,0
60419,1,1,0,0,0,0,0,0,0,0,0,0
60419,2,1,0,0,0,0,0,0,0,0,0,0
60419,3,1,0,0,0,0,0,0,0,0,0,0
60419,4,1,0,0,0,0,0,0,0,0,0,0
60419,5,1,0,0,0,0,0,0,0,0,0,0
60420,0,1,27,0,0,0,0,11,0,20,0,8
60420,1,1,0,0,0,0,0,32,0,0,0,0
60421,1,1,10,27,10,11,11,15,16,7,13,10
60422,1,1,0,0,0,0,0,0,0,0,0,0
60422,2,1,0,0,0,0,0,0,0,0,0,0
60423,0,1,27,27,27,27,27,27,27,27,27,27
60423,1,1,0,0,0,0,0,0,0,0,0,0
60424,0,1,21,21,21,21,21,21,21,21,21,21
60424,1,1,0,0,0,0,0,0,0,0,0,0
60425,1,1,0,0,0,0,0,0,0,0,0,0
60425,2,1,0,0,0,0,0,9,12,0,0,0
60425,3,1,0,0,0,0,0,0,0,0,0,0
60426,0,1,0,0,0,0,0,6,0,0,0,18
60426,1,1,0,8,0,12,7,0,0,15,0,0
60427,1,1,0,0,0,0,0,0,0,0,0,0
60427,2,1,0,0,0,0,0,0,0,0,0,0
60428,1,1,0,0,0,0,0,0,0,0,0,0
60428,2,1,0,0,0,0,0,0,0,0,0,0
60428,3,1,0,0,0,0,13,0,0,0,0,0
60429,1,1,0,0,0,0,0,0,0,11,0,0
60429,2,1,0,0,0,0,0,0,0,0,0,0
60429,3,1,0,0,0,0,12,0,0,0,0,0
60430,0,1,5,5,5,5,5,5,5,5,5,5
60430,1,1,0,0,0,0,0,0,0,0,0,0
60431,1,1,0,0,0,0,0,0,0,0,0,0
60431,2,1,0,0,0,0,0,0,0,0,0,0
60432,1,1,0,0,0,0,0,0,0,0,0,0
60433,0,1,27,27,27,27,27,27,27,27,27,27
60433,1,1,0,0,0,0,0,0,0,0,0,0
60434,0,1,0,0,0,0,0,0,0,0,0,0
60434,1,1,0,0,0,0,0,0,0,0,0,0
60434,2,1,0,33,0,0,0,0,0,0,0,0
60434,3,1,0,0,0,0,0,0,0,0,0,0
60435,1,1,0,0,0,0,15,0,0,0,0,0
60436,0,1,0,0,0,0,0,0,0,0,0,0
60436,1,1,0,0,0,0,0,0,0,0,0,0
60437,1,1,0,0,0,0,0,0,0,0,0,0
60438,1,1,0,0,0,0,0,0,0,0,0,0
60439,1,1,12,12,12,12,12,12,12,12,12,12
60439,2,1,0,0,0,0,0,0,0,0,0,0
60440,0,1,17,17,17,17,17,17,17,17,17,17
60440,1,1,23,33,14,10,14,18,29,5,0,22
60441,0,1,0,0,0,0,0,0,0,0,0,0
60441,1,1,0,0,0,0,0,0,0,0,0,0
60441,2,1,0,0,0,0,0,0,0,0,0,0
60442,1,1,0,0,0,0,0,0,0,0,0,0
60442,2,1,0,0,0,0,0,0,15,0,0,0
60442,3,1,0,0,0,0,0,0,0,0,0,0
60443,0,1,35,35,35,35,35,35,35,35,35,35
60443,1,1,0,0,8,0,0,0,0,0,0,0
60444,1,1,0,0,0,0,0,0,0,0,0,0
60445,0,1,0,0,0,0,0,0,0,0,0,0
60445,1,1,0,0,0,0,0,0,0,0,0,0
60446,1,1,27,27,27,27,27,27,27,27,27,27
60447,0,1,0,0,0,0,0,0,0,0,0,0
60447,1,1,0,0,0,0,0,0,0,0,0,0
60448,1,1,0,0,0,0,0,0,0,0,0,0
60448,2,1,17,0,0,0,0,0,0,0,0,0
60449,0,1,19,19,19,19,19,19,19,19,19,19
60449,1,1,0,0,0,0,0,0,0,0,0,0
60450,1,1,0,0,0,0,0,0,0,0,0,0
60450,2,1,0,0,0,0,0,0,0,0,0,0
60450,3,1,0,0,0,0,0,0,0,0,0,0
60451,0,1,12,12,12,12,12,12,12,12,12,12
60451,1,1,14,9,0,13,0,0,0,0,0,29
60452,0,1,11,11,11,11,11,11,11,11,11,11
60452,0,2,21,10,12,24,9,15,16,20,23,14
60452,1,1,0,0,0,0,0,0,0,0,0,0
60453,0,1,18,18,18,18,18,18,18,18,18,18
60453,1,1,0,0,0,0,0,0,0,0,0,0
60454,0,1,28,28,28,28,28,28,28,28,28,28
60454,1,1,0,0,0,0,0,0,0,0,0,0
60455,0,1,0,0,0,0,0,0,0,0,0,0
60455,1,1,0,0,0,0,0,0,0,0,0,0
60455,2,1,0,0,0,0,0,0,0,0,0,0
60456,0,1,15,15,15,15,15,15,15,15,15,15
60456,1,1,0,0,0,0,0,0,0,0,0,0
60457,0,1,15,15,15,15,15,15,15,15,15,15
60457,1,1,0,0,0,0,0,20,0,0,0,0
60458,1,1,18,18,18,18,18,18,18,18,18,18
60459,0,1,0,0,10,15,0,0,0,0,40,0
60459,1,1,0,0,0,0,0,0,0,0,0,0
60460,0,1,26,26,26,26,26,26,26,26,26,26
60460,1,1,0,0,0,0,0,0,0,0,0,0
60461,0,1,0,0,0,0,0,0,0,0,0,0
60461,1,1,0,0,0,0,0,0,0,0,0,0
60462,0,1,0,8,15,0,0,0,0,21,8,0
60462,1,1,0,0,17,0,0,0,0,20,0,0
60463,0,1,0,0,0,0,0,0,0,0,0,0
60463,1,1,0,0,0,0,0,0,0,0,0,0
60464,1,1,0,0,0,0,0,0,0,0,0,0
60464,2,1,0,0,0,0,0,0,0,0,0,0
60465,1,1,0,0,0,23,0,0,0,0,0,0
60465,2,1,0,0,0,0,0,0,0,0,0,0
60466,1,1,22,22,22,22,22,22,22,22,22,22
60467,1,1,0,0,0,0,0,0,0,18,0,0
60467,2,1,0,0,0,0,0,0,0,0,0,0
60468,1,1,0,0,0,0,0,0,0,0,0,0
60468,2,1,0,0,0,0,0,0,0,0,0,0
60469,0,1,0,0,0,0,0,0,0,0,0,0
60469,1,1,0,0,0,0,0,0,0,0,0,0
60470,1,1,0,0,0,0,0,0,0,0,0,0
60470,2,1,0,0,0,0,0,0,0,0,0,0
60471,0,1,20,20,20,20,20,20,20,20,20,20
60471,1,1,0,0,0,0,0,0,0,19,0,14
60472,1,1,0,0,0,0,0,0,0,0,0,0
60473,1,1,0,0,0,0,0,0,0,0,0,0
60474,1,1,0,0,0,0,0,0,0,0,0,0
60474,2,1,0,0,0,0,0,0,0,0,0,0
60475,1,1,0,0,0,0,0,0,0,0,0,0
60476,0,1,0,0,0,0,0,0,0,0,0,0
60476,1,1,11,25,9,12,22,8,31,25,15,0
60477,1,1,0,0,0,0,0,0,0,0,0,0
60477,2,1,0,0,0,0,0,0,0,0,0,0
60478,1,1,20,20,20,20,20,20,20,20,20,20
60479,1,1,0,0,0,0,0,0,0,0,0,0
60479,2,1,0,0,0,0,0,0,0,0,0,0
60480,0,1,0,0,0,0,0,0,0,41,0,0
60480,1,1,0,0,0,0,0,0,0,0,0,8
60481,0,1,19,19,19,19,19,19,19,19,19,19
60481,1,1,22,22,22,22,22,22,22,22,22,22
60482,0,1,0,0,0,0,0,0,0,0,0,0
60482,1,1,0,0,0,0,0,0,0,0,0,0
60483,0,1,0,0,0,0,0,0,0,0,0,0
60483,1,1,18,0,0,0,16,0,0,0,0,0
60484,0,1,0,0,0,0,0,0,0,0,0,0
60484,1,1,0,0,25,0,0,0,0,10,0,0
60485,1,1,0,0,0,0,0,0,0,0,0,0
60485,2,1,0,0,0,0,0,0,0,0,0,0
60486,0,1,0,0,0,0,0,0,0,0,0,0
60486,1,1,0,0,10,0,0,0,0,0,0,0
60487,0,1,0,23,0,0,0,0,0,0,0,0
60487,1,1,11,14,14,30,28,13,15,0,19,17
60488,1,1,12,12,12,12,12,12,12,12,12,12
60489,1,1,0,0,0,0,0,0,0,0,0,0
60490,0,1,0,23,0,41,0,18,0,0,0,0
60490,1,1,0,0,7,0,0,11,0,0,0,0
60491,1,1,0,0,0,0,0,0,0,0,0,0
60492,0,1,0,0,0,0,0,0,0,0,0,0
60492,1,1,0,0,18,0,0,0,0,0,0,0
60493,0,1,0,0,0,0,0,0,0,0,0,0
60493,1,1,0,0,0,0,0,15,0,0,8,13
60494,0,1,14,14,14,14,14,14,14,14,14,14
60494,1,1,15,0,5,0,0,0,0,18,0,0
60495,0,1,0,0,0,0,0,0,0,0,0,0
60495,1,1,0,0,0,0,11,0,0,0,0,0
60496,1,1,0,0,0,0,0,0,0,0,0,0
60496,2,1,0,0,0,0,0,0,0,0,0,0
60497,1,1,15,15,15,15,15,15,15,15,15,15
60498,1,1,0,0,0,0,0,0,0,20,0,0
60498,2,1,0,0,0,0,0,0,0,0,0,0
60499,0,1,14,14,14,14,14,14,14,14,14,14
60499,1,1,0,0,0,0,0,0,0,9,0,0
60500,1,1,0,0,0,0,0,0,0,0,0,0
60500,2,1,0,0,0,0,0,0,0,0,0,0
60500,3,1,0,0,0,0,0,0,0,0,0,0
60500,4,1,0,0,0,0,0,0,0,0,7,0
60501,0,1,0,0,0,0,0,0,0,0,0,0
60501,1,1,0,22,2,21,0,12,10,0,0,0
60502,0,1,0,0,0,0,0,0,0,0,0,0
60502,1,1,0,0,0,0,0,0,0,0,0,0
60503,1,1,0,0,0,0,0,0,0,0,0,0
60503,2,1,0,0,0,0,0,0,0,0,0,0
60503,3,1,0,0,0,0,0,0,0,0,0,0
60504,1,1,0,0,0,0,0,0,0,0,0,0
60505,1,1,10,10,10,10,10,10,10,10,10,10
60506,1,1,0,0,0,0,0,0,0,0,0,0
60506,2,1,0,0,0,0,0,0,0,0,0,0
60507,1,1,0,0,0,0,0,0,0,0,0,0
60508,1,1,0,0,0,0,0,0,0,0,0,0
60508,2,1,0,0,0,0,0,0,0,0,0,0
60508,3,1,0,0,0,0,0,0,0,0,0,0
60508,4,1,0,0,0,0,10,0,18,0,0,8
60509,1,1,10,10,10,10,10,10,10,10,10,10
60510,1,1,0,0,0,0,0,0,0,0,0,0
60510,2,1,0,0,0,0,0,0,0,0,0,0
60510,3,1,0,0,0,0,0,0,0,0,0,0
60511,1,1,0,0,0,0,0,0,0,0,0,0
60511,2,1,0,0,0,0,0,0,0,0,0,0
60511,3,1,0,0,0,0,0,0,0,0,0,0
60511,4,1,0,0,0,0,0,0,0,0,0,0
60512,1,1,0,0,0,0,0,0,0,0,0,0
60513,0,1,0,0,0,0,0,0,0,0,0,0
60513,1,1,3,0,0,17,0,0,0,0,0,0
60514,1,1,8,8,8,8,8,8,8,8,8,8
60515,0,1,0,0,0,0,0,0,0,0,0,0
60515,1,1,0,0,11,0,0,0,0,0,0,0
60516,1,1,8,8,8,8,8,8,8,8,8,8
60516,2,1,0,0,0,0,8,0,4,0,4,8
60517,0,1,0,0,0,0,0,0,0,0,0,0
60517,1,1,0,0,18,0,0,8,0,0,0,0
60518,1,1,4,4,4,4,4,4,4,4,4,4
60518,2,1,0,0,0,0,0,0,0,0,0,0
60519,0,1,0,0,0,0,0,0,0,0,0,0
60519,1,1,0,0,21,0,0,0,0,0,0,0
60519,2,1,0,0,0,0,0,9,0,0,0,0
60519,3,1,0,40,0,0,0,0,8,0,13,5
60521,1,1,0,0,0,0,0,0,0,0,0,0
60522,1,1,19,19,19,19,19,19,19,19,19,19
60524,1,1,20,0,0,0,0,13,0,0,0,0
60525,1,1,8,8,8,8,8,8,8,8,8,8
60526,1,1,29,29,29,29,29,29,29,29,29,29
60527,1,1,0,0,0,0,0,0,0,0,0,0
60527,2,1,0,0,0,0,0,0,0,0,0,0
60528,1,1,0,0,0,0,0,0,0,0,0,0
60529,1,1,0,0,0,11,8,0,0,0,0,0
60530,1,1,2,2,2,2,2,2,2,2,2,2
60531,1,1,23,23,23,23,23,23,23,23,23,23
60532,1,1,21,21,21,21,21,21,21,21,21,21
60533,0,1,10,10,10,10,10,10,10,10,10,10
60533,1,1,0,0,0,0,0,0,0,0,0,0
60534,0,1,0,0,0,0,0,0,0,0,0,0
60534,1,1,0,0,0,0,0,0,0,0,0,0
60535,0,1,16,16,16,16,16,16,16,16,16,16
60535,1,1,0,0,0,0,0,0,0,0,0,0
60536,0,1,43,43,43,43,43,43,43,43,43,43
60536,1,1,0,12,0,0,7,0,13,3,7,0
60537,0,1,0,0,0,0,0,0,0,0,0,0
60537,1,1,0,0,0,0,0,0,0,0,0,0
60538,1,1,0,0,0,0,0,0,0,0,0,0
60538,2,1,0,0,0,0,0,0,0,0,0,0
60539,1,1,17,17,17,17,17,17,17,17,17,17
60539,2,1,0,6,0,0,0,0,0,0,0,0
60540,1,1,0,0,0,0,0,0,0,0,0,0
60540,2,1,8,8,8,8,8,8,8,8,8,8
60541,1,1,0,0,0,0,0,0,0,0,0,0
60542,1,1,0,0,0,0,0,0,0,0,0,0
60543,0,1,22,22,22,22,22,22,22,22,22,22
60543,1,1,0,0,0,0,0,0,0,0,0,0
60544,1,1,0,0,0,0,0,0,0,0,0,0
60544,2,1,0,0,0,0,0,0,0,0,0,0
60544,3,1,0,0,0,0,0,0,0,0,0,0
60545,1,1,22,22,22,22,22,22,22,22,22,22
60546,0,1,0,0,0,0,0,0,0,0,0,0
60546,2,1,0,0,0,0,0,0,0,0,0,0