ST_CASE,VEH_NO,PER_NO,P1,P2,P3,P4,P5,P6,P7,P8,P9,P10
60824,1,1,0,0,0,0,0,0,0,0,0,0
60825,0,1,0,0,0,0,0,0,0,0,0,0
60825,1,1,0,0,0,0,0,0,20,0,0,3
60826,1,1,0,0,0,9,0,0,0,0,0,19
60827,0,1,0,0,0,0,0,0,0,0,0,0
60827,1,1,0,0,0,0,0,0,0,0,0,0
60828,0,1,0,0,12,0,0,0,0,0,0,0
60828,1,1,0,0,0,0,0,0,0,0,0,0
60829,1,1,11,11,11,11,11,11,11,11,11,11
60829,2,1,0,0,21,8,0,0,0,0,0,0
60830,1,1,0,0,0,0,0,0,0,0,0,0
60830,2,1,0,33,2,0,7,18,0,0,4,7
60831,0,1,17,16,0,0,0,0,35,22,0,16
60831,1,1,12,0,0,5,0,0,0,0,0,0
60832,1,1,24,24,24,24,24,24,24,24,24,24
60833,1,1,0,0,0,0,0,0,0,0,0,21
60834,1,1,24,24,24,24,24,24,24,24,24,24
60834,2,1,0,0,0,0,0,0,0,0,0,0
60835,1,1,31,0,0,0,0,0,0,0,0,0
60836,1,1,0,0,0,0,0,0,0,0,0,0
60836,2,1,0,0,0,0,0,0,0,0,0,0
60837,0,1,0,0,0,0,0,0,0,0,0,0
60837,1,1,17,0,0,0,0,0,0,0,0,0
60838,0,1,5,5,5,5,5,5,5,5,5,5
60838,1,1,0,0,0,0,0,0,0,0,0,0
60838,2,1,0,0,0,0,0,0,0,0,0,0
60839,1,1,11,11,11,11,11,11,11,11,11,11
60839,2,1,0,0,0,0,0,0,0,0,0,0
60840,1,1,0,0,0,0,0,0,0,0,0,0
60841,1,1,0,0,0,0,0,0,0,0,0,0
60842,1,1,18,18,18,18,18,18,18,18,18,18
60843,1,1,8,8,8,8,8,8,8,8,8,8
60843,2,1,0,0,32,0,12,0,0,0,13,0
60844,1,1,16,16,16,16,16,16,16,16,16,16
60844,2,1,3,3,3,3,3,3,3,3,3,3
60845,1,1,0,0,0,0,16,0,0,0,0,0
60846,0,1,25,25,25,25,25,25,25,25,25,25
60846,1,1,0,0,10,0,10,18,5,0,0,0
60847,0,1,0,0,0,0,0,0,0,0,0,0
60847,1,1,0,0,0,0,0,0,0,0,0,0
60848,1,1,0,0,0,0,0,0,0,0,0,0
60848,2,1,0,0,0,0,0,0,0,0,0,0
60849,1,1,0,0,0,0,0,0,0,0,0,0
60849,2,1,0,0,0,0,0,0,0,0,0,0
60850,0,1,0,0,0,0,0,0,0,0,0,0
60850,1,1,0,0,0,0,0,0,0,0,0,0
60851,0,1,0,0,0,0,0,0,0,0,0,0
60851,0,2,0,16,0,0,0,0,22,0,0,0
60851,1,1,0,20,0,0,0,13,18,0,18,27
60852,1,1,15,14,27,16,9,8,8,20,5,13
60852,2,1,24,0,18,0,0,15,0,16,15,0
60853,1,1,3,3,3,3,3,3,3,3,3,3
60853,2,1,0,0,0,0,0,0,0,0,0,0
60854,0,1,11,11,11,11,11,11,11,11,11,11
60854,1,1,0,0,27,0,0,0,0,0,0,0
60855,0,1,0,0,0,0,0,0,0,0,0,0
60855,1,1,0,0,0,0,0,11,0,0,0,0
60856,1,1,24,0,19,44,0,0,0,11,0,0
60856,2,1,0,0,0,0,0,0,0,0,0,0
60857,1,1,26,26,26,26,26,26,26,26,26,26
60858,1,1,0,0,0,0,0,0,0,0,0,0
60859,1,1,0,0,0,0,0,0,0,0,0,0
60860,0,1,0,0,0,0,0,0,0,0,0,0
60860,1,1,0,0,0,0,0,0,0,0,0,0
60861,0,1,0,0,0,0,0,0,0,0,0,0
60861,1,1,0,0,14,0,0,28,0,0,0,0
60862,0,1,1,0,0,10,0,0,21,0,0,17
60862,1,1,0,0,0,0,0,0,0,0,0,0
60863,0,1,3,3,3,3,3,3,3,3,3,3
60863,1,1,0,0,0,0,0,0,0,0,0,0
60864,0,1,19,19,19,19,19,19,19,19,19,19
60864,1,1,0,0,0,0,0,0,0,0,0,0
60865,1,1,0,0,0,0,0,0,0,0,0,0
60866,0,1,0,0,0,0,0,0,0,0,0,0
60866,1,1,14,0,0,20,0,23,0,47,19,0
60867,1,1,24,24,24,24,24,24,24,24,24,24
60867,2,1,0,0,0,0,0,0,0,0,0,0
60868,1,1,0,0,0,0,0,0,0,0,0,0
60868,2,1,0,0,0,0,0,0,0,0,0,0
60869,1,1,20,20,20,20,20,20,20,20,20,20
60869,2,1,0,0,0,0,0,0,0,0,0,0
60870,0,1,0,24,12,18,27,13,0,0,31,9
60870,1,1,0,22,0,0,17,0,0,0,0,0
60870,2,1,0,0,0,0,0,13,16,0,0,0
60870,3,1,0,0,0,0,32,0,0,0,0,0
60870,4,1,0,0,0,0,11,11,0,0,0,0
60870,5,1,8,0,13,0,0,4,13,0,0,0
60871,1,1,16,16,16,16,16,16,16,16,16,16
60871,2,1,0,0,0,0,0,0,0,0,0,0
60872,0,1,0,0,0,0,0,0,0,0,0,0
60872,1,1,0,0,0,0,0,0,0,0,0,0
60873,1,1,0,0,0,0,21,0,0,0,0,0
60873,2,1,0,0,0,0,0,0,0,0,0,0
60874,1,1,3,3,3,3,3,3,3,3,3,3
60874,2,1,0,0,0,0,0,0,0,0,0,0
60875,0,1,0,0,0,0,0,0,0,0,0,0
60875,1,1,0,0,0,0,0,0,0,0,0,5
60876,1,1,0,0,0,0,0,0,0,0,0,0
60876,2,1,0,0,0,0,0,0,0,0,0,0
60877,1,1,0,0,0,0,0,0,0,0,0,0
60877,2,1,0,0,0,0,11,15,24,0,0,0
60878,1,1,10,10,10,10,10,10,10,10,10,10
60879,1,1,0,0,0,0,0,0,0,0,0,0
60880,1,1,7,13,0,9,7,6,0,9,9,18
60880,2,1,16,16,16,16,16,16,16,16,16,16
60881,0,1,0,0,0,0,0,0,0,0,0,0
60881,1,1,16,0,0,0,0,0,0,0,0,0
60882,1,1,9,9,9,9,9,9,9,9,9,9
60883,0,1,0,0,0,0,0,0,0,0,0,0
60883,1,1,12,0,0,6,22,0,0,6,35,0
60884,0,1,0,0,0,0,0,0,0,26,0,21
60884,1,1,17,17,17,17,17,17,17,17,17,17
60885,1,1,25,25,25,25,25,25,25,25,25,25
60886,1,1,14,14,14,14,14,14,14,14,14,14
60886,2,1,0,0,0,0,0,0,0,0,0,0
60887,1,1,0,0,0,0,0,0,0,0,0,0
60887,2,1,0,0,0,0,0,0,0,0,0,0
60887,3,1,0,0,0,0,0,0,0,0,0,0
60887,4,1,0,0,0,0,0,0,0,19,0,0
60887,5,1,0,0,0,0,0,12,0,0,0,0
60888,1,1,18,18,18,18,18,18,18,18,18,18
60888,2,1,0,0,0,0,0,0,0,0,0,0
60889,1,1,0,0,0,0,0,0,0,0,0,0
60890,0,1,0,0,0,0,0,0,0,0,0,0
60890,1,1,20,20,20,20,20,20,20,20,20,20
60891,1,1,0,0,0,0,0,0,0,0,0,0
60891,2,1,0,0,0,0,0,0,0,0,0,0
60892,0,1,0,0,0,0,0,0,0,0,0,0
60892,1,1,2,2,2,2,2,2,2,2,2,2
60893,1,1,18,18,18,18,18,18,18,18,18,18
60894,0,1,10,10,10,10,10,10,10,10,10,10
60894,1,1,10,10,10,10,10,10,10,10,10,10
60895,0,1,6,6,6,6,6,6,6,6,6,6
60895,1,1,0,0,0,0,0,0,0,8,0,19
60896,1,1,14,14,14,14,14,14,14,14,14,14
60897,1,1,0,0,0,0,0,0,0,0,0,0
60899,1,1,12,12,12,12,12,12,12,12,12,12
60900,1,1,16,16,16,16,16,16,16,16,16,16
60900,2,1,0,0,0,0,0,0,0,0,0,0
60901,1,1,0,0,0,0,0,0,0,0,0,0
60902,1,1,0,0,0,0,0,0,0,0,0,0
60903,1,1,0,0,0,0,0,0,0,0,0,0
60904,1,1,0,0,0,0,0,0,0,0,0,0
60904,2,1,0,0,12,0,0,0,0,20,0,0
60905,0,1,15,15,15,15,15,15,15,15,15,15
60905,1,1,0,0,0,0,0,0,19,0,0,0
60906,1,1,0,0,0,0,0,0,0,0,0,0
60907,1,1,0,0,0,0,0,0,0,0,0,0
60908,1,1,4,4,4,4,4,4,4,4,4,4
60909,1,1,13,20,34,17,25,15,17,0,20,10
60910,0,1,0,0,0,0,0,0,0,0,0,0
60910,1,1,0,0,0,0,0,0,0,0,0,0
60911,1,1,0,0,0,0,15,0,0,20,0,0
60911,2,1,0,0,0,0,0,0,0,0,0,0
60912,0,1,0,0,0,0,0,0,0,0,0,0
60912,1,1,0,0,0,32,0,0,0,0,3,8
60913,1,1,0,0,0,0,0,0,0,0,0,0
60914,1,1,0,0,0,0,0,0,0,0,0,0
60914,2,1,0,0,0,0,0,0,0,0,0,0
60914,3,1,0,0,0,0,0,0,0,0,0,0
60915,1,1,0,0,0,0,0,0,0,0,0,0
60916,1,1,0,0,0,0,0,0,0,0,0,0
60918,1,1,0,0,0,0,0,0,0,0,0,0
60918,2,1,0,0,0,0,0,0,0,0,0,0
60918,3,1,0,0,0,0,0,0,0,0,0,5
60918,4,1,0,0,0,0,0,0,0,0,0,0
60918,5,1,0,0,4,0,0,0,0,0,0,0
60918,6,1,0,0,19,0,0,0,0,7,0,0
60918,7,1,0,0,0,0,0,0,0,0,0,0
60918,8,1,0,0,0,0,0,9,0,0,0,0
60919,0,1,0,0,0,0,0,0,0,0,0,0
60919,1,1,2,2,2,2,2,2,2,2,2,2
60921,1,1,0,0,0,0,0,0,0,0,0,0
60921,2,1,0,0,0,0,0,0,0,0,0,0
60921,3,1,0,0,0,0,0,0,0,0,0,0
60922,0,1,0,0,0,0,0,0,0,0,0,0
60922,1,1,0,0,0,0,0,0,0,0,0,0
60923,0,1,0,0,0,0,0,0,0,22,41,0
60923,1,1,0,0,0,0,0,26,0,0,0,3
60924,1,1,0,0,0,0,0,0,0,0,0,0
60925,1,1,0,0,0,0,0,0,0,0,0,0
60926,1,1,7,27,21,0,17,8,8,8,7,0
60926,2,1,0,0,16,0,7,0,0,6,0,19
60927,1,1,0,0,0,0,0,0,0,0,0,0
60927,2,1,0,0,0,0,0,0,0,0,0,9
60927,3,1,0,0,0,0,0,0,0,0,0,0
60927,4,1,0,0,0,0,0,0,0,0,0,0
60927,5,1,0,0,0,0,0,0,0,0,0,0
60928,1,1,8,24,6,20,9,11,13,4,25,4
60929,1,1,0,0,0,0,0,0,0,0,0,0
60929,2,1,0,0,0,0,0,0,35,15,0,8
60930,0,1,0,0,0,0,0,0,0,0,0,0
60930,1,1,0,0,0,0,0,0,0,0,0,0
60931,1,1,0,0,0,0,0,0,0,0,0,0
60932,1,1,14,0,0,0,0,0,0,10,0,0
60932,2,1,0,0,0,0,0,0,0,0,0,0
60933,1,1,0,0,0,0,0,0,0,0,0,0
60933,2,1,0,0,0,0,0,0,0,0,0,0
60934,1,1,0,0,0,0,0,0,0,0,0,0
60934,2,1,8,0,0,0,0,0,4,0,0,0
60935,1,1,0,0,0,0,0,0,0,0,0,0
60935,2,1,2,2,2,2,2,2,2,2,2,2
60936,1,1,0,0,0,0,0,0,0,0,0,0
60937,1,1,0,0,0,0,0,0,0,0,0,0
60938,1,1,0,0,0,0,0,0,0,0,0,0
60938,2,1,0,0,0,0,0,0,0,0,0,0
60939,0,1,0,0,0,0,0,0,0,0,0,0
60939,1,1,18,0,0,0,0,0,0,0,0,0
60940,0,1,0,0,0,0,0,0,0,0,0,0
60940,1,1,0,0,0,0,0,0,0,6,0,0
60941,1,1,0,0,0,0,0,0,0,0,0,0
60942,1,1,0,0,0,0,0,0,0,0,0,13
60942,2,1,0,0,0,0,0,0,0,0,0,0
60943,1,1,0,0,0,0,0,0,0,0,0,0
60944,1,1,0,0,0,0,0,0,0,0,0,0
60945,0,1,5,5,5,5,5,5,5,5,5,5
60945,1,1,0,0,0,0,0,0,0,0,7,0
60946,1,1,0,0,0,0,0,0,0,0,0,0
60946,2,1,0,0,0,0,0,0,0,17,0,0
60947,1,1,0,0,0,0,0,0,0,0,0,0
60947,2,1,0,0,0,0,0,0,0,0,0,0
60948,1,1,12,12,12,12,12,12,12,12,12,12
60949,1,1,0,0,0,0,0,0,0,0,0,0
60949,2,1,0,0,0,0,0,0,0,0,0,0
60950,1,1,0,0,0,0,0,0,0,0,0,0
60950,2,1,0,0,0,0,0,0,0,0,0,0
60950,3,1,0,0,0,0,0,0,0,0,0,0
60951,1,1,42,42,42,42,42,42,42,42,42,42
60952,0,1,31,31,31,31,31,31,31,31,31,31
60952,1,1,0,0,0,0,0,0,0,0,0,0
60953,1,1,21,21,21,21,21,21,21,21,21,21
60954,1,1,0,0,0,0,0,0,0,0,0,0
60954,2,1,0,0,0,0,0,0,0,0,0,0
60955,0,1,14,14,14,14,14,14,14,14,14,14
60955,1,1,0,0,0,0,0,0,0,0,0,0
60956,1,1,18,18,18,18,18,18,18,18,18,18
60957,0,1,0,12,0,0,0,0,0,0,0,0
60957,1,1,0,0,0,0,0,0,0,0,0,0
60958,0,1,0,0,0,0,0,0,0,0,0,0
60958,1,1,0,0,0,0,0,0,0,0,0,0
60959,0,1,0,0,0,0,0,0,0,0,0,0
60959,1,1,0,0,0,0,0,0,0,0,0,0
60960,1,1,0,0,0,0,0,0,0,0,0,0
60961,1,1,0,0,0,0,0,0,0,0,0,0
60961,2,1,0,0,0,0,0,0,0,0,0,0
60962,0,1,35,0,0,18,0,30,0,0,0,0
60962,1,1,0,0,0,0,0,0,0,0,0,0
60963,1,1,0,0,0,0,0,0,9,0,17,0
60963,2,1,0,0,0,0,0,0,0,0,0,0
60963,3,1,0,0,0,0,0,7,0,0,0,0
60964,1,1,13,0,0,0,23,0,0,0,0,0
60964,2,1,0,0,0,0,0,0,0,0,0,0
60965,1,1,0,0,0,0,0,0,0,0,0,0
60965,2,1,0,0,0,0,0,0,0,0,0,0
60966,0,1,17,17,17,17,17,17,17,17,17,17
60966,1,1,15,0,33,0,0,12,12,11,0,0
60967,0,1,0,0,0,0,0,0,0,0,0,0
60967,1,1,0,0,22,0,0,0,0,0,0,0
60968,1,1,22,22,22,22,22,22,22,22,22,22
60969,1,1,0,0,0,0,0,0,0,0,0,0
60969,2,1,0,0,0,0,0,0,0,0,0,0
60970,2,1,0,0,17,0,0,0,0,0,0,0
60971,1,1,0,0,0,0,0,0,0,0,0,0
60971,2,1,0,0,0,0,0,0,0,0,0,0
60972,1,1,0,0,0,0,0,0,0,0,0,0
60973,1,1,19,19,19,19,19,19,19,19,19,19
60973,2,1,0,0,0,0,0,0,0,0,0,0
60974,1,1,0,0,0,0,0,0,0,0,0,0
60975,1,1,0,0,0,0,0,0,0,0,0,0
60975,2,1,0,0,0,0,0,0,0,0,0,0
60976,1,1,0,0,0,0,0,0,0,0,0,0
60976,2,1,0,2,0,0,0,2,0,0,0,0
60976,3,1,0,0,0,0,0,0,0,0,0,0
60977,0,1,14,14,14,14,14,14,14,14,14,14
60977,1,1,0,19,0,0,0,0,0,0,0,0
60978,1,1,0,0,0,0,0,0,0,0,0,0
60979,1,1,0,0,0,0,0,0,0,0,0,0
60980,1,1,0,0,0,0,0,0,0,0,0,0
60980,2,1,0,0,0,0,0,0,0,0,0,0
60981,0,1,3,3,3,3,3,3,3,3,3,3
60981,1,1,0,0,0,0,0,0,0,0,0,0
60982,1,1,0,0,0,0,0,0,0,0,0,0
60982,2,1,0,0,0,0,0,0,0,0,0,0
60983,1,1,0,0,0,0,0,0,24,0,0,0
60984,0,1,0,0,0,0,0,0,0,0,0,0
60984,1,1,18,18,18,18,18,18,18,18,18,18
60985,1,1,0,0,0,16,0,0,0,0,0,0
60985,2,1,0,0,0,0,0,0,0,0,0,0
60986,0,1,0,0,0,0,0,0,0,0,0,0
60986,0,2,0,0,0,0,0,0,0,0,0,0
60986,1,1,4,0,12,0,0,0,0,0,0,0
60987,1,1,5,0,18,0,12,0,0,18,16,15
60988,0,1,26,26,26,26,26,26,26,26,26,26
60988,0,2,15,0,0,0,0,13,0,0,0,0
60988,1,1,9,9,9,9,9,9,9,9,9,9
60989,1,1,17,17,17,17,17,17,17,17,17,17
60990,1,1,9,9,9,9,9,9,9,9,9,9
60990,2,1,0,0,0,0,0,0,0,0,0,0
60991,1,1,27,27,27,27,27,27,27,27,27,27
60992,0,1,24,24,24,24,24,24,24,24,24,24
60992,0,2,16,11,36,17,9,32,22,21,1,14
60992,1,1,0,0,0,0,0,0,18,0,0,0
60993,0,1,0,0,0,0,0,0,0,0,0,0
60993,1,1,0,0,0,0,22,14,0,0,0,0
60994,1,1,0,0,0,0,0,0,0,0,0,0
60995,1,1,0,0,0,0,0,0,0,0,0,0
60995,2,1,0,0,0,0,0,0,0,0,0,0
60996,0,1,0,0,0,0,0,0,0,0,0,0
60996,1,1,0,0,0,0,0,0,0,0,0,0
60997,1,1,23,23,23,23,23,23,23,23,23,23
60998,1,1,0,0,0,0,0,0,0,0,0,0
60998,2,1,0,0,0,0,0,0,0,0,0,0
60999,0,1,0,0,22,0,25,0,0,0,0,0
60999,1,1,0,0,19,0,17,0,0,25,0,0
61000,0,1,0,0,0,0,0,0,0,0,0,0
61000,1,1,0,0,0,0,0,0,0,0,0,0
61001,0,1,29,29,29,29,29,29,29,29,29,29
61001,1,1,0,0,0,0,0,0,0,0,0,0
61002,1,1,0,0,0,0,0,0,0,0,0,0
61004,1,1,17,17,17,17,17,17,17,17,17,17
61004,2,1,0,0,0,0,0,0,0,0,0,0
61004,3,1,0,0,0,0,0,0,0,0,0,0
61005,1,1,0,0,0,0,0,0,0,0,0,0
61005,2,1,0,0,0,0,0,0,0,0,0,0
61006,1,1,0,0,0,0,0,0,0,0,0,0
61006,2,1,0,0,0,0,0,0,0,0,0,0
61007,1,1,0,0,0,0,0,0,0,0,0,0
61008,1,1,0,0,0,0,0,0,0,0,0,0
61009,1,1,24,24,24,24,24,24,24,24,24,24
61009,2,1,0,0,0,0,0,0,0,0,0,0
61010,1,1,1,1,1,1,1,1,1,1,1,1
61010,2,1,0,0,0,0,0,0,0,0,0,0
61011,1,1,0,0,0,0,0,0,0,0,0,0
61011,2,1,0,0,0,0,21,0,0,0,0,0
61012,1,1,0,0,0,0,0,0,0,0,0,0
61013,1,1,0,0,0,0,0,0,0,0,0,0
61014,0,1,0,0,0,0,0,0,0,0,0,0
61014,1,1,0,0,0,0,1,0,0,0,0,0
61016,1,1,0,0,0,0,0,0,0,0,0,0
61017,1,1,16,16,16,16,16,16,16,16,16,16
61018,1,1,0,0,0,0,0,0,0,0,0,0
61018,2,1,16,16,16,16,16,16,16,16,16,16
61019,1,1,0,0,0,0,0,0,0,0,0,0
61019,2,1,0,0,0,0,0,0,0,0,0,0
61021,1,1,0,0,0,0,0,0,0,0,0,0
61022,1,1,0,0,0,0,0,0,0,0,0,0
61022,2,1,0,0,0,31,0,0,0,0,0,0
61023,0,1,24,24,24,24,24,24,24,24,24,24
61023,1,1,0,0,0,0,0,0,0,0,0,0
61024,1,1,0,0,0,0,0,0,0,0,0,0
61024,2,1,0,0,0,0,0,0,0,0,0,0
61025,0,1,0,0,0,0,0,0,0,0,0,24
61025,1,1,14,6,6,0,0,13,9,0,4,6
61026,1,1,0,0,0,0,0,0,0,0,0,0
61026,2,1,0,0,0,0,0,0,0,0,0,0
61027,1,1,0,0,10,20,0,0,0,0,0,0
61027,2,1,0,2,0,0,0,0,25,0,0,0
61028,1,1,0,0,0,0,0,0,0,0,0,0
61028,2,1,0,0,0,0,0,0,0,0,0,0
61029,1,1,0,0,0,0,0,0,0,0,0,0
61029,2,1,15,15,15,15,15,15,15,15,15,15
61030,1,1,14,28,6,27,25,20,9,0,13,36
61031,0,1,11,11,11,11,11,11,11,11,11,11
61031,1,1,0,0,0,0,0,0,0,0,0,0
61032,1,1,17,17,17,17,17,17,17,17,17,17
61033,1,1,0,0,0,0,0,0,0,0,0,0
61033,2,1,0,0,0,0,0,0,0,0,0,0
61034,1,1,0,0,0,0,0,0,0,0,0,0
61034,2,1,0,0,0,0,0,0,8,0,0,0
61034,3,1,0,0,0,0,0,0,0,0,0,0
61034,4,1,0,0,0,0,21,0,0,8,0,17
61035,0,1,2,2,2,2,2,2,2,2,2,2
61035,1,1,0,0,0,0,14,0,0,0,16,0
61036,1,1,12,12,12,12,12,12,12,12,12,12
61037,1,1,0,0,0,0,0,0,0,0,0,0
61038,1,1,21,21,21,21,21,21,21,21,21,21
61038,2,1,0,0,0,0,0,0,0,0,0,0
61039,0,1,0,0,0,0,0,0,0,0,0,0
61039,2,1,0,0,0,0,0,24,0,0,16,6
61040,1,1,0,0,0,0,0,0,0,19,0,0
61040,2,1,0,0,0,0,0,0,0,0,0,0
61041,0,1,36,36,36,36,36,36,36,36,36,36
61041,1,1,0,0,0,0,0,0,0,0,0,0
61042,0,1,0,0,0,0,0,0,0,0,0,0
61042,1,1,0,0,0,0,0,0,0,0,0,0
61043,1,1,0,15,0,0,25,0,21,0,22,0
61043,2,1,0,0,0,0,0,0,0,0,0,0
61044,1,1,13,13,0,14,5,21,9,0,12,18
61044,2,1,0,0,0,0,0,0,0,0,0,0
61045,0,1,14,0,0,0,43,0,24,0,0,0
61045,1,1,0,17,0,0,0,0,11,0,0,0
61046,0,1,0,0,0,0,0,0,0,0,0,0
61046,1,1,0,0,0,0,14,0,0,0,0,0
61047,0,1,19,19,19,19,19,19,19,19,19,19
61047,1,1,0,0,0,0,0,14,0,0,0,0
61048,1,1,4,22,9,30,15,4,32,14,14,0
61048,2,1,0,0,0,0,0,0,0,0,0,0
61049,1,1,0,0,0,0,0,0,0,0,0,0
61049,2,1,0,0,0,0,0,0,0,0,0,0
61050,1,1,0,0,0,0,0,0,0,0,0,0
61051,1,1,0,0,0,0,0,0,0,0,0,0
61052,1,1,0,0,0,0,0,0,0,0,0,0
61053,1,1,16,16,16,16,16,16,16,16,16,16
61054,1,1,0,0,0,0,0,0,0,0,0,0
61054,3,1,0,0,0,0,0,0,0,0,10,0
61055,0,1,16,16,16,16,16,16,16,16,16,16
61055,1,1,17,22,21,16,23,18,36,10,9,22
61056,0,1,0,0,0,0,0,0,0,0,0,0
61056,1,1,0,0,0,0,24,0,0,8,0,0
61057,0,1,0,0,0,0,0,0,0,0,0,0
61057,1,1,0,0,0,0,0,0,0,0,7,16
61058,1,1,0,0,0,0,0,0,0,0,0,0
61058,2,1,0,0,0,0,0,0,0,0,0,0
61059,1,1,17,17,17,17,17,17,17,17,17,17
61060,1,1,0,0,0,0,0,0,0,0,0,0
61061,0,1,0,0,0,0,0,0,0,0,0,0
61061,1,1,8,0,0,0,0,0,0,2,0,0
61062,0,1,22,22,22,22,22,22,22,22,22,22
61062,1,1,12,12,12,12,12,12,12,12,12,12
61063,0,1,0,0,0,0,0,0,0,0,0,0
61063,1,1,0,0,0,0,0,0,0,0,0,0
61064,1,1,0,31,0,0,0,0,0,0,32,0
61065,1,1,21,21,21,21,21,21,21,21,21,21
61066,1,1,0,0,0,0,0,0,0,0,0,0
61066,2,1,0,0,0,0,0,0,0,0,0,0
61066,3,1,0,0,0,0,0,0,0,0,0,0
61067,0,1,0,0,18,0,0,27,29,0,20,0
61067,1,1,0,0,0,0,24,0,0,0,0,0
61068,1,1,0,0,0,0,0,0,0,0,0,0
61068,2,1,0,0,0,0,0,0,0,0,0,0
61069,1,1,0,0,0,0,0,0,0,0,0,0
61070,1,1,0,0,0,0,0,0,0,0,0,0
61071,1,1,30,30,30,30,30,30,30,30,30,30
61071,2,1,0,0,0,0,0,0,0,0,0,0
61072,1,1,0,0,0,0,0,0,0,0,0,0
61073,1,1,1,1,1,1,1,1,1,1,1,1
61073,2,1,0,0,0,0,0,0,0,0,0,0
61075,1,1,27,27,27,27,27,27,27,27,27,27
61076,1,1,0,0,0,0,0,0,0,0,0,0
61076,2,1,0,0,0,0,0,0,0,0,0,0
61077,1,1,0,0,0,0,0,0,0,0,0,0
61077,2,1,0,0,0,0,0,0,0,0,0,0
61077,3,1,0,0,0,0,0,0,0,0,0,0
61077,4,1,0,0,0,0,0,0,0,0,0,0
61077,5,1,0,0,0,0,0,0,0,0,0,0
61077,6,1,0,0,0,0,0,0,0,0,0,0
61077,7,1,0,0,0,0,0,0,0,0,0,0
61078,1,1,11,11,11,11,11,11,11,11,11,11
61078,2,1,0,0,0,0,0,0,29,0,0,0
61078,3,1,2,0,10,0,0,20,8,0,13,0
61079,1,1,0,27,0,0,0,0,16,0,0,0
61079,2,1,0,0,0,0,0,0,0,0,0,0
61079,3,1,0,0,0,0,0,0,0,0,0,0
61080,1,1,0,0,0,0,0,0,0,0,15,0
61080,2,1,0,0,0,0,0,0,0,0,0,0
61082,1,1,0,0,17,0,0,0,0,0,0,0
61082,2,1,0,0,0,0,0,0,0,0,0,0
61083,1,1,0,0,0,0,0,0,0,16,0,0
61083,2,1,0,0,0,0,0,0,0,0,0,0
61084,1,1,18,18,18,18,18,18,18,18,18,18
61085,1,1,0,0,0,0,0,0,0,0,0,0
61086,1,1,0,0,0,0,0,0,0,0,0,0
61086,2,1,0,0,0,0,0,0,0,0,0,0
61086,3,1,0,0,0,0,0,0,0,0,0,0
61087,0,1,19,0,0,0,0,0,0,0,0,0
61087,0,2,0,0,0,0,0,0,0,0,0,0
61087,0,3,0,0,15,0,0,0,0,0,0,0
61087,1,1,0,0,0,0,0,0,0,0,0,0
61087,3,1,0,0,0,0,0,0,0,0,0,0
61088,1,1,0,0,0,0,0,0,0,0,0,0
61089,1,1,0,0,0,0,0,0,0,0,0,0
61089,2,1,0,0,0,0,0,0,0,0,0,0
61090,1,1,0,0,0,0,0,0,0,0,0,0
61090,2,1,0,0,0,0,0,0,0,0,0,0
61091,1,1,0,0,0,0,0,0,0,0,0,0
61091,2,1,6,6,6,6,6,6,6,6,6,6
61092,0,1,0,0,0,0,0,0,0,0,0,0
61092,1,1,0,0,0,0,0,0,0,0,0,0
61093,0,1,28,28,28,28,28,28,28,28,28,28
61093,1,1,0,0,7,0,0,0,0,0,0,8
61096,1,1,0,0,0,0,0,0,0,0,0,0
61096,2,1,0,0,0,0,0,0,0,0,0,0
61097,1,1,0,0,0,0,0,0,0,0,0,0
61098,1,1,0,0,0,0,0,0,0,0,0,0
61099,1,1,12,8,26,17,17,23,0,16,24,22
61099,2,1,0,0,0,0,0,0,0,0,0,0
61099,3,1,0,0,0,0,0,0,0,0,0,0
61100,1,1,0,0,0,0,0,0,0,0,0,0
61100,2,1,0,0,0,0,0,0,0,0,0,0
61101,1,1,0,0,0,0,0,0,0,0,0,0
61101,2,1,0,0,0,0,0,0,0,0,0,0
61101,3,1,0,0,0,0,0,0,0,0,0,0
61101,4,1,0,0,0,0,0,0,0,0,0,0