ST_CASE,VEH_NO,PER_NO,P1,P2,P3,P4,P5,P6,P7,P8,P9,P10
61380,1,1,0,0,0,0,0,0,0,0,0,0
61381,1,1,0,0,0,0,0,0,0,0,0,0
61381,2,1,0,0,0,0,0,0,0,0,0,0
61382,0,1,13,0,34,0,0,0,0,0,0,27
61382,1,1,14,13,12,12,6,29,11,25,24,23
61383,1,1,0,0,0,0,0,0,0,0,0,0
61384,1,1,0,0,0,0,0,0,0,0,0,0
61384,2,1,0,0,0,0,0,0,0,0,0,0
61385,1,1,0,0,0,0,0,0,0,0,0,0
61385,2,1,0,0,0,0,0,0,0,0,0,0
61386,1,1,6,6,6,6,6,6,6,6,6,6
61386,2,1,0,0,0,0,0,0,0,0,0,0
61386,3,1,0,0,0,18,0,0,0,9,0,0
61386,4,1,8,0,0,0,0,0,0,0,0,0
61386,5,1,0,0,0,0,0,0,0,0,0,0
61386,6,1,0,0,14,0,0,0,0,0,0,0
61387,1,1,0,0,0,0,0,0,0,0,0,0
61388,0,1,0,0,0,0,0,9,0,0,0,0
61388,1,1,0,0,0,0,0,0,0,0,0,0
61389,0,1,0,0,0,0,0,0,0,0,0,0
61389,1,1,30,0,0,0,0,0,0,0,0,9
61390,0,1,14,14,14,14,14,14,14,14,14,14
61390,1,1,20,0,0,0,0,0,3,4,11,0
61391,1,1,0,0,0,0,0,0,0,0,0,0
61392,1,1,0,0,0,0,0,0,0,0,0,0
61392,2,1,0,0,0,0,0,0,0,0,0,0
61393,1,1,0,0,0,0,0,0,0,0,0,0
61393,2,1,0,0,0,0,0,0,0,0,0,0
61394,1,1,24,24,24,24,24,24,24,24,24,24
61394,2,1,0,0,0,20,0,0,0,17,0,0
61395,1,1,0,0,0,0,0,0,0,23,0,0
61396,0,1,18,18,18,18,18,18,18,18,18,18
61396,1,1,0,0,0,0,0,0,0,14,0,11
61397,1,1,21,21,21,21,21,21,21,21,21,21
61398,1,1,10,10,10,10,10,10,10,10,10,10
61398,2,1,0,0,0,0,0,0,0,0,0,0
61399,0,1,0,0,0,0,0,0,0,0,0,0
61399,1,1,0,0,0,0,0,0,0,0,0,0
61400,1,1,0,0,0,0,0,0,0,0,0,0
61400,2,1,0,0,0,0,0,0,0,0,0,0
61401,0,1,0,0,0,0,0,0,0,0,0,0
61401,1,1,0,0,0,0,0,0,0,0,0,0
61402,0,1,8,15,13,19,6,0,19,24,10,8
61402,1,1,0,0,0,0,0,0,0,0,0,0
61403,1,1,15,26,24,27,17,14,17,5,13,7
61404,1,1,13,3,17,7,10,12,23,8,19,0
61404,2,1,0,0,15,0,0,15,0,0,0,0
61405,1,1,0,0,0,0,0,0,0,0,0,0
61406,1,1,0,0,31,6,0,0,23,0,0,10
61407,1,1,0,0,0,0,0,0,0,0,0,0
61407,2,1,0,0,0,0,0,0,0,0,0,0
61407,3,1,0,0,0,0,0,0,0,0,0,0
61407,4,1,0,0,0,0,0,0,0,0,0,0
61407,5,1,0,0,0,0,0,0,0,0,0,0
61407,6,1,0,0,0,0,0,0,0,18,0,0
61408,1,1,0,0,0,0,0,14,0,0,0,0
61409,1,1,0,0,0,0,0,0,0,0,0,0
61410,0,1,0,0,0,0,0,0,0,0,0,0
61410,1,1,0,0,8,0,0,0,0,0,0,0
61411,0,1,0,0,0,0,0,0,0,0,0,0
61411,1,1,0,0,0,0,0,0,0,0,0,0
61412,1,1,0,0,0,0,0,0,0,0,0,0
61413,1,1,0,0,0,0,0,0,0,0,0,0
61414,1,1,0,0,0,0,0,0,0,0,0,0
61415,1,1,0,0,0,0,0,0,0,0,0,0
61415,2,1,0,0,0,0,0,0,0,0,0,0
61416,1,1,0,0,0,0,0,0,0,0,0,0
61416,2,1,0,0,0,0,0,0,0,0,0,0
61417,1,1,21,0,0,0,0,0,0,3,0,0
61418,1,1,0,0,0,0,0,0,0,0,0,0
61418,2,1,12,12,12,12,12,12,12,12,12,12
61419,1,1,14,14,14,14,14,14,14,14,14,14
61420,1,1,0,0,0,0,0,0,0,0,0,0
61420,2,1,13,13,13,13,13,13,13,13,13,13
61421,0,1,19,0,10,0,18,4,11,27,17,5
61421,1,1,0,0,0,0,0,0,0,0,0,0
61422,1,1,0,0,0,0,0,0,0,0,0,0
61422,2,1,5,5,5,5,5,5,5,5,5,5
61423,0,1,34,0,0,0,0,0,0,0,0,0
61423,1,1,0,0,27,0,0,0,0,8,0,0
61424,1,1,17,17,17,17,17,17,17,17,17,17
61425,1,1,0,0,0,0,0,0,0,0,0,0
61426,1,1,0,0,0,0,0,0,0,0,0,0
61426,2,1,0,0,0,0,0,0,0,0,0,0
61426,3,1,0,0,0,0,0,0,0,0,0,0
61427,0,1,17,17,17,17,17,17,17,17,17,17
61427,1,1,0,0,0,0,0,0,0,0,0,0
61428,0,1,10,10,10,10,10,10,10,10,10,10
61428,1,1,0,0,0,0,0,0,0,0,0,0
61429,0,1,27,27,27,27,27,27,27,27,27,27
61429,1,1,0,0,0,0,0,0,0,0,0,0
61430,1,1,17,17,17,17,17,17,17,17,17,17
61430,2,1,0,0,0,0,0,0,0,0,0,0
61431,1,1,27,27,27,27,27,27,27,27,27,27
61432,1,1,0,0,0,0,0,0,0,0,0,0
61433,1,1,18,6,8,19,21,20,30,8,10,0
61434,0,1,33,33,33,33,33,33,33,33,33,33
61434,1,1,0,0,0,0,0,19,0,0,0,18
61435,1,1,0,0,0,0,0,0,0,0,0,0
61436,1,1,23,0,0,22,29,0,9,17,14,0
61436,2,1,0,0,0,0,7,0,0,0,0,0
61437,1,1,0,0,0,0,0,0,0,0,0,0
61437,2,1,3,3,3,3,3,3,3,3,3,3
61438,1,1,0,0,0,0,0,0,0,0,0,0
61438,2,1,0,0,0,0,0,0,0,0,0,0
61439,1,1,0,0,0,0,0,0,0,0,0,0
61439,2,1,0,0,0,0,0,0,0,0,0,0
61439,3,1,0,0,0,0,0,0,0,0,0,0
61440,1,1,0,0,0,0,0,0,0,0,0,0
61440,2,1,0,0,7,0,11,0,0,0,0,0
61440,3,1,0,0,0,0,0,0,0,0,0,0
61441,1,1,0,0,0,0,0,0,0,0,0,0
61442,1,1,12,12,12,12,12,12,12,12,12,12
61442,2,1,0,0,0,0,0,0,0,0,0,0
61443,0,1,0,0,0,0,0,0,0,0,0,0
61443,1,1,0,0,0,0,0,0,0,0,0,0
61444,1,1,28,28,28,28,28,28,28,28,28,28
61445,0,1,22,22,22,22,22,22,22,22,22,22
61445,1,1,0,0,0,0,0,0,0,0,0,16
61446,1,1,5,5,5,5,5,5,5,5,5,5
61446,2,1,0,0,0,0,0,0,0,0,0,0
61447,1,1,0,0,0,0,0,0,0,0,0,0
61448,1,1,0,0,0,0,0,0,0,0,0,0
61448,2,1,0,0,0,0,0,0,0,0,0,0
61448,3,1,0,0,0,0,0,0,0,0,0,0
61449,1,1,0,0,15,19,0,0,0,9,0,0
61449,2,1,0,0,12,0,0,0,0,0,0,0
61449,3,1,0,0,0,0,31,0,0,0,0,0
61450,0,1,0,0,0,0,0,0,0,0,0,0
61450,1,1,0,0,0,0,0,0,0,0,0,0
61451,0,1,4,4,4,4,4,4,4,4,4,4
61451,1,1,0,0,0,26,0,0,27,0,0,0
61452,0,1,0,0,0,0,0,0,0,0,0,0
61452,1,1,20,20,20,20,20,20,20,20,20,20
61453,1,1,0,0,0,0,0,0,0,0,0,0
61453,2,1,0,0,0,0,0,0,0,0,0,0
61455,1,1,0,0,0,0,0,0,0,0,0,0
61455,2,1,0,0,0,0,0,0,0,0,0,0
61455,3,1,0,0,0,0,0,0,0,0,0,0
61455,4,1,0,0,0,0,0,0,0,0,0,0
61455,5,1,0,7,0,0,21,0,0,0,0,0
61456,1,1,0,0,0,0,0,0,0,0,0,0
61457,1,1,0,0,0,0,0,0,0,0,0,11
61458,1,1,0,0,0,0,0,0,0,0,0,0
61458,2,1,0,0,25,0,0,0,0,0,0,0
61459,1,1,0,0,0,0,0,0,0,0,0,0
61460,1,1,0,0,0,0,0,0,0,0,0,0
61460,2,1,0,0,0,0,0,0,0,0,0,0
61461,1,1,19,19,19,19,19,19,19,19,19,19
61462,1,1,19,19,19,19,19,19,19,19,19,19
61463,1,1,32,32,32,32,32,32,32,32,32,32
61464,0,1,0,0,0,0,0,0,0,0,0,0
61464,1,1,26,16,0,0,0,0,0,0,0,0
61464,2,1,0,0,0,0,0,0,0,0,0,0
61464,3,1,0,0,0,0,0,0,0,0,0,0
61465,1,1,26,26,26,26,26,26,26,26,26,26
61465,2,1,0,0,0,0,0,0,0,0,0,0
61465,3,1,0,0,0,0,0,0,0,0,0,0
61466,1,1,0,0,0,0,0,0,0,0,0,0
61467,1,1,24,24,24,24,24,24,24,24,24,24
61467,2,1,0,0,0,0,0,0,0,0,0,0
61468,0,1,0,0,0,0,0,0,0,0,0,0
61468,1,1,29,0,0,0,0,20,0,8,0,0
61469,1,1,0,0,0,0,0,0,0,0,0,0
61469,2,1,0,0,0,0,0,0,0,18,0,0
61469,3,1,0,0,0,0,0,0,0,0,0,0
61470,0,1,0,0,0,0,0,0,0,0,0,0
61470,1,1,0,0,0,0,0,0,0,0,0,0
61471,0,1,0,0,0,0,0,0,0,0,0,0
61471,0,2,0,32,32,0,0,21,11,0,0,10
61471,1,1,16,0,0,0,0,0,0,0,0,0
61472,1,1,27,27,27,27,27,27,27,27,27,27
61472,2,1,0,0,0,0,0,0,0,0,0,0
61473,0,1,19,19,19,19,19,19,19,19,19,19
61473,1,1,11,0,0,0,0,0,0,0,0,0
61474,0,1,21,21,21,21,21,21,21,21,21,21
61474,1,1,0,0,0,0,0,0,0,0,0,0
61475,1,1,0,0,0,0,0,0,0,0,0,0
61475,2,1,0,0,0,0,0,0,0,0,0,0
61476,0,1,0,0,0,0,0,0,0,0,0,0
61476,1,1,0,0,0,9,0,0,0,0,14,0
61477,1,1,17,17,17,17,17,17,17,17,17,17
61478,0,1,0,0,0,0,0,0,0,0,0,0
61478,1,1,0,0,0,0,0,0,0,0,0,0
61479,1,1,9,9,9,9,9,9,9,9,9,9
61479,2,1,0,0,0,0,0,0,0,0,0,0
61480,1,1,0,0,0,0,0,0,0,0,0,0
61480,2,1,0,0,0,0,28,0,0,0,0,0
61481,1,1,17,17,17,17,17,17,17,17,17,17
61481,2,1,0,0,0,0,0,0,0,0,0,0
61482,0,1,0,0,0,0,0,0,0,0,0,0
61482,1,1,0,0,0,0,0,0,0,0,0,0
61483,1,1,0,0,0,0,0,0,0,0,0,0
61483,2,1,0,0,0,0,0,0,0,0,0,0
61484,1,1,17,17,17,17,17,17,17,17,17,17
61484,2,1,0,0,0,0,0,0,0,0,0,0
61485,1,1,0,0,0,0,0,0,0,0,0,0
61485,2,1,0,0,0,0,0,0,0,0,0,0
61485,3,1,0,0,0,0,0,0,0,32,0,0
61486,1,1,0,0,0,0,0,0,0,0,0,0
61486,2,1,0,0,0,0,0,0,0,11,0,0
61487,0,1,0,0,0,0,0,0,0,0,18,0
61487,1,1,0,0,0,0,0,0,0,0,0,10
61488,1,1,9,9,9,9,9,9,9,9,9,9
61489,0,1,23,23,23,23,23,23,23,23,23,23
61489,1,1,0,0,0,0,0,0,0,0,0,0
61490,1,1,0,0,14,19,0,0,0,23,0,0
61490,2,1,0,0,0,0,0,0,0,0,0,0
61491,1,1,18,18,18,18,18,18,18,18,18,18
61491,2,1,2,2,2,2,2,2,2,2,2,2
61492,0,1,0,0,0,0,0,0,0,0,0,0
61492,1,1,0,0,0,0,7,0,0,0,0,0
61493,1,1,0,0,0,0,0,0,0,0,0,0
61493,2,1,0,0,0,19,0,0,0,0,0,0
61493,3,1,12,0,0,0,0,10,0,0,25,0
61493,4,1,0,0,0,0,0,0,0,0,0,0
61493,5,1,0,0,11,22,0,0,0,0,14,0
61494,1,1,0,0,0,0,0,0,0,0,0,0
61494,2,1,0,0,0,0,0,0,0,0,0,0
61495,0,1,0,0,0,0,0,0,0,0,0,0
61495,1,1,0,0,0,0,0,0,0,11,0,0
61496,0,1,0,0,0,0,0,0,0,0,0,0
61496,1,1,16,16,16,16,16,16,16,16,16,16
61497,1,1,0,0,0,0,0,0,0,0,0,19
61497,2,1,0,0,0,0,0,0,0,0,0,0
61498,0,1,0,0,0,0,0,0,0,0,0,0
61498,1,1,0,0,0,0,0,0,0,0,0,0
61499,0,1,35,35,35,35,35,35,35,35,35,35
61499,1,1,0,0,0,0,0,20,0,15,0,3
61501,1,1,0,0,0,0,0,0,0,0,0,0
61501,2,1,0,0,0,0,0,0,0,0,0,0
61502,1,1,25,25,25,25,25,25,25,25,25,25
61503,1,1,15,15,15,15,15,15,15,15,15,15
61504,0,1,0,0,0,0,0,0,0,0,0,0
61504,0,2,0,0,0,0,0,0,0,0,0,0
61504,1,1,0,0,8,0,0,3,0,0,0,0
61505,1,1,0,0,0,0,0,0,0,0,0,0
61505,2,1,0,0,0,0,0,0,0,0,0,0
61506,1,1,12,12,12,12,12,12,12,12,12,12
61506,2,1,0,0,0,0,0,0,0,0,0,0
61507,1,1,19,0,0,0,21,0,4,0,15,0
61507,2,1,19,0,0,0,0,0,0,0,0,0
61508,0,1,0,0,0,0,0,0,0,0,0,0
61508,1,1,0,0,24,0,28,6,0,0,0,0
61509,0,1,0,19,11,0,0,0,40,0,15,42
61509,1,1,0,0,0,15,0,18,0,0,0,0
61510,1,1,0,0,0,0,0,0,0,0,0,0
61510,2,1,0,0,0,0,0,0,0,0,0,0
61511,0,1,0,0,0,0,0,0,0,0,0,0
61511,1,1,0,0,0,0,0,0,0,0,0,0
61512,1,1,0,0,0,0,0,0,0,15,0,0
61512,2,1,0,14,0,0,0,0,0,0,0,0
61512,3,1,0,0,0,0,0,0,0,0,0,0
61512,4,1,0,0,0,6,0,0,0,0,0,0
61513,1,1,3,3,3,3,3,3,3,3,3,3
61514,1,1,0,0,0,0,0,0,0,0,0,0
61514,2,1,0,0,0,12,0,0,0,0,12,0
61515,1,1,0,0,0,0,0,0,0,0,15,0
61515,2,1,16,0,0,0,0,0,0,0,0,0
61516,0,1,3,3,3,3,3,3,3,3,3,3
61516,1,1,0,0,0,0,0,0,0,0,0,0
61517,1,1,17,17,17,17,17,17,17,17,17,17
61518,1,1,0,0,0,0,0,0,0,0,0,0
61519,1,1,0,0,0,0,0,0,0,0,0,0
61520,1,1,0,0,0,0,0,0,0,0,0,0
61520,2,1,0,0,0,0,0,0,0,0,0,0
61521,1,1,18,18,18,18,18,18,18,18,18,18
61522,1,1,0,0,0,0,0,0,0,0,0,0
61522,2,1,0,0,0,0,0,0,0,0,0,0
61523,1,1,0,0,0,0,0,0,0,0,0,0
61524,1,1,11,11,11,11,11,11,11,11,11,11
61525,1,1,26,26,26,26,26,26,26,26,26,26
61525,2,1,0,0,0,0,0,0,0,0,0,0
61526,0,1,0,0,0,0,0,0,0,0,0,0
61526,1,1,0,0,0,0,0,0,0,0,0,0
61527,1,1,0,0,0,0,0,0,0,0,0,0
61527,2,1,0,0,0,0,0,0,0,0,0,0
61528,0,1,0,0,24,0,9,23,12,26,17,0
61528,1,1,0,0,0,0,0,0,0,0,0,22
61529,1,1,0,0,0,0,0,0,0,0,0,0
61529,2,1,0,0,0,0,0,0,0,0,0,0
61530,1,1,24,24,24,24,24,24,24,24,24,24
61530,2,1,0,0,0,0,0,0,0,0,19,0
61531,1,1,0,0,0,0,0,0,0,0,0,0
61531,2,1,0,0,0,0,0,0,0,0,0,0
61532,1,1,0,0,0,0,0,0,0,0,0,0
61532,2,1,0,0,0,0,0,0,3,0,0,0
61533,0,1,2,2,2,2,2,2,2,2,2,2
61533,1,1,9,9,9,9,9,9,9,9,9,9
61534,1,1,0,0,0,0,0,0,0,0,0,0
61534,2,1,0,29,0,0,0,0,0,0,0,0
61535,1,1,21,21,21,21,21,21,21,21,21,21
61536,1,1,0,0,0,0,0,0,0,0,0,0
61536,2,1,0,0,0,0,0,0,0,0,0,0
61537,1,1,27,26,19,43,24,15,22,13,11,30
61538,1,1,0,0,0,0,0,0,0,0,0,0
61538,2,1,11,0,0,0,0,0,0,0,0,0
61539,0,1,25,25,25,25,25,25,25,25,25,25
61539,1,1,0,0,0,0,0,0,0,12,0,0
61540,1,1,0,0,0,0,0,0,0,0,0,0
61541,1,1,0,0,0,0,0,0,0,0,0,0
61541,2,1,0,0,0,0,0,0,0,0,0,0
61541,3,1,0,0,0,0,0,0,0,0,0,0
61541,4,1,0,0,0,15,9,0,0,0,0,0
61541,5,1,0,0,0,0,0,0,0,0,0,0
61542,0,1,7,7,7,7,7,7,7,7,7,7
61542,1,1,0,0,0,0,0,0,16,0,0,0
61543,0,1,21,0,0,0,24,0,0,0,0,0
61543,1,1,0,0,0,0,0,0,0,0,0,0
61544,1,1,0,0,0,0,0,0,0,0,0,0
61545,0,1,0,0,0,0,0,0,0,0,0,0
61545,1,1,0,0,13,0,0,0,3,0,11,0
61546,1,1,0,0,0,0,0,0,0,0,0,0
61546,2,1,0,0,0,0,0,0,0,0,0,0
61546,3,1,0,0,0,0,0,0,0,0,0,0
61546,4,1,0,0,0,0,0,0,0,0,0,0
61547,1,1,18,18,18,18,18,18,18,18,18,18
61548,1,1,0,0,0,0,0,0,0,0,0,0
61549,1,1,0,0,0,0,0,0,0,0,0,0
61550,1,1,0,0,0,0,0,0,0,0,0,0
61551,1,1,0,0,0,0,0,0,0,0,0,0
61551,2,1,0,20,0,0,0,0,0,0,0,0
61552,0,1,0,0,0,0,0,0,0,0,0,0
61552,1,1,0,0,0,0,0,0,0,0,0,0
61552,2,1,0,0,0,0,0,0,0,0,0,0
61553,1,1,0,0,0,0,0,0,0,0,0,0
61554,1,1,22,22,22,22,22,22,22,22,22,22
61554,2,1,0,0,0,0,0,0,0,0,0,0
61555,1,1,0,6,15,8,0,0,16,17,0,23
61556,0,1,11,11,11,11,11,11,11,11,11,11
61556,1,1,0,3,0,0,0,0,0,0,0,8
61557,0,1,30,30,30,30,30,30,30,30,30,30
61557,1,1,0,0,0,0,0,0,0,0,0,0
61558,1,1,0,0,0,0,0,0,0,0,0,0
61558,2,1,0,0,0,0,0,0,0,0,0,0
61559,0,1,0,0,0,0,0,0,0,0,0,0
61559,1,1,0,0,0,0,0,5,0,0,0,0
61560,1,1,8,8,8,8,8,8,8,8,8,8
61561,1,1,0,0,0,0,0,16,0,0,0,0
61561,2,1,0,0,0,0,0,0,0,0,0,0
61562,1,1,12,12,12,12,12,12,12,12,12,12
61562,2,1,0,0,0,0,0,0,0,0,0,0
61563,1,1,7,7,7,7,7,7,7,7,7,7
61563,2,1,0,0,0,0,0,0,0,0,0,0
61564,1,1,0,0,0,0,0,0,0,0,0,0
61564,2,1,0,0,0,0,0,0,0,0,10,0
61565,1,1,8,8,8,8,8,8,8,8,8,8
61566,1,1,0,0,0,0,0,0,0,0,0,18
61567,1,1,0,0,0,0,0,0,0,0,24,0
61568,0,1,0,0,0,0,0,0,0,0,0,0
61568,1,1,0,0,0,0,0,0,0,0,0,0
61569,1,1,17,0,0,0,0,0,0,13,0,0
61569,2,1,0,0,0,0,0,0,0,0,0,0
61570,1,1,0,0,0,0,0,0,0,0,0,0
61571,1,1,0,0,0,0,0,0,0,0,0,0
61571,2,1,0,0,0,0,0,0,0,0,0,0
61572,1,1,0,0,0,0,0,0,0,0,0,0
61572,2,1,0,0,0,0,0,0,0,0,0,0
61573,1,1,0,0,0,0,0,0,0,0,0,0
61574,0,1,0,0,0,31,0,0,11,12,0,41
61574,1,1,26,0,0,14,0,0,13,0,2,0
61574,2,1,0,16,12,0,0,0,0,0,0,0
61575,0,1,0,0,0,0,0,0,0,0,0,0
61575,1,1,0,0,0,0,0,0,16,13,0,0
61576,1,1,15,15,15,15,15,15,15,15,15,15
61577,1,1,2,2,2,2,2,2,2,2,2,2
61578,1,1,0,0,0,0,0,0,10,0,0,6
61579,1,1,0,0,0,0,0,0,0,0,0,0
61579,2,1,0,0,0,0,0,0,0,0,0,0
61580,1,1,20,20,20,20,20,20,20,20,20,20
61581,1,1,13,13,13,13,13,13,13,13,13,13
61582,1,1,26,26,26,26,26,26,26,26,26,26
61583,1,1,23,23,23,23,23,23,23,23,23,23
61584,1,1,0,0,0,0,4,0,0,0,0,0
61584,2,1,0,0,0,0,0,0,0,0,0,0
61586,1,1,0,0,0,0,0,0,0,0,0,0
61586,2,1,0,0,0,0,0,0,0,0,0,0
61587,0,1,0,0,0,0,0,0,0,0,0,0
61587,1,1,4,4,4,4,4,4,4,4,4,4
61588,1,1,25,25,25,25,25,25,25,25,25,25
61589,1,1,7,7,7,7,7,7,7,7,7,7
61590,0,1,0,0,0,0,0,0,0,0,0,0
61590,1,1,17,24,17,13,13,10,19,29,13,12
61591,1,1,4,4,4,4,4,4,4,4,4,4
61593,1,1,32,32,32,32,32,32,32,32,32,32
61593,2,1,0,0,0,0,0,0,0,0,0,0
61594,1,1,0,0,0,0,0,0,0,0,0,4
61595,1,1,16,16,16,16,16,16,16,16,16,16
61596,1,1,0,0,0,0,0,0,0,0,0,0
61596,2,1,0,0,0,0,0,0,0,0,0,0
61597,0,1,11,11,11,11,11,11,11,11,11,11
61597,1,1,0,0,0,0,0,0,0,0,0,0
61598,1,1,0,0,0,0,0,0,0,0,0,0
61599,1,1,16,16,16,16,16,16,16,16,16,16
61599,2,1,0,0,0,0,0,0,0,0,0,0
61600,0,1,0,0,0,0,0,0,0,0,0,0
61600,1,1,0,0,0,0,0,0,0,0,0,0
61601,0,1,0,0,0,0,0,0,0,0,0,0
61601,1,1,0,0,0,0,0,0,0,0,0,0
61602,1,1,14,14,14,14,14,14,14,14,14,14
61602,2,1,4,4,4,4,4,4,4,4,4,4
61603,1,1,0,0,0,0,0,0,0,0,0,0
61603,2,1,0,0,0,0,0,0,0,0,0,0
61604,1,1,29,29,29,29,29,29,29,29,29,29
61605,1,1,0,0,0,0,0,0,0,0,0,0
61606,1,1,0,0,0,0,0,0,0,0,0,0
61606,2,1,0,0,0,0,0,0,0,0,0,0
61606,3,1,0,0,0,0,0,0,0,0,0,0
61607,1,1,23,23,23,23,23,23,23,23,23,23
61608,0,1,0,0,0,0,0,0,0,0,0,0
61608,1,1,0,0,0,0,0,0,0,0,0,0
61609,0,1,0,20,0,0,0,0,19,24,0,19
61609,1,1,0,0,0,0,0,0,0,0,0,0
61610,1,1,0,0,0,0,0,0,0,0,0,0
61610,2,1,0,0,0,0,0,0,0,0,0,0
61611,1,1,0,0,0,0,0,0,0,0,0,0
61611,2,1,0,10,0,0,0,0,0,0,0,0
61612,0,1,0,0,0,0,0,0,0,0,0,0
61612,1,1,0,8,0,0,0,0,0,0,0,28
61612,2,1,0,0,0,0,0,0,0,0,0,0
61613,0,1,10,10,10,10,10,10,10,10,10,10
61613,1,1,10,10,10,10,10,10,10,10,10,10
61614,0,1,16,16,16,16,16,16,16,16,16,16
61614,1,1,0,0,0,0,0,4,0,0,0,0
61615,1,1,0,0,0,0,0,0,0,0,0,0
61615,2,1,9,9,9,9,9,9,9,9,9,9
61616,1,1,29,29,29,29,29,29,29,29,29,29
61617,1,1,19,19,19,19,19,19,19,19,19,19
61617,2,1,0,0,0,0,0,0,0,0,0,0
61618,0,1,0,0,0,0,0,0,0,0,0,0
61618,1,1,10,0,0,0,17,0,10,0,0,0
61619,0,1,0,0,0,0,0,0,0,0,0,0
61619,1,1,0,0,0,11,0,0,0,0,0,0
61620,1,1,0,0,0,0,0,0,0,0,0,0
61621,0,1,0,0,0,0,0,0,0,0,0,0
61621,1,1,0,4,16,0,0,0,14,16,0,4
61622,0,1,0,0,0,0,0,0,17,0,0,0
61622,0,2,0,22,0,22,0,0,0,0,0,0
61622,1,1,8,8,8,8,8,8,8,8,8,8
61623,0,1,25,0,0,34,0,0,0,0,0,0
61623,1,1,0,0,0,0,0,0,0,21,0,0
61624,0,1,0,0,0,0,0,0,0,0,0,0
61624,1,1,0,0,0,0,0,0,0,0,0,0
61625,1,1,0,0,0,0,0,0,0,0,0,0
61625,2,1,0,0,0,0,0,0,0,0,0,0
61625,3,1,0,0,0,0,0,0,0,0,0,0
61626,0,1,26,26,26,26,26,26,26,26,26,26
61626,1,1,0,0,13,0,0,0,0,20,13,0
61627,1,1,0,0,0,0,0,0,0,0,0,0
61628,0,1,0,0,0,0,0,0,14,0,0,22
61628,1,1,0,0,0,9,0,0,0,0,0,0
61629,0,1,0,0,17,0,0,0,0,12,0,28
61629,1,1,6,6,6,6,6,6,6,6,6,6
61630,0,1,11,46,42,0,48,0,0,0,0,10
61630,1,1,0,13,0,0,0,0,0,0,0,0
61632,1,1,0,14,0,0,0,14,0,15,9,5
61632,2,1,0,0,18,0,0,0,15,30,0,0
61633,1,1,0,0,0,0,0,0,0,0,0,0
61633,2,1,22,22,22,22,22,22,22,22,22,22
61634,0,1,49,27,0,0,0,0,0,0,28,0
61634,1,1,0,0,0,0,0,0,0,0,0,0
61634,2,1,0,0,0,0,0,0,0,0,0,5
61634,3,1,23,18,11,28,0,0,0,0,14,21
61635,1,1,0,0,0,0,0,0,0,0,0,0
61636,1,1,0,0,0,0,0,0,0,0,0,0
61636,2,1,0,0,0,0,0,0,0,0,0,0
61637,1,1,0,0,0,0,0,0,0,0,0,0
61637,2,1,0,0,0,0,27,0,0,0,0,0
61638,1,1,0,0,0,13,22,0,0,36,0,25
61638,2,1,0,0,0,0,0,0,0,0,0,0
61638,3,1,0,0,0,0,0,0,0,0,0,0
61640,0,1,0,0,0,0,16,0,0,0,33,0
61640,1,1,0,14,16,14,13,5,8,0,0,0
61641,1,1,26,26,26,26,26,26,26,26,26,26
61642,1,1,0,0,0,0,0,0,0,0,0,0
61642,2,1,0,0,0,0,0,0,0,0,0,0
61643,0,1,0,0,0,0,0,0,0,0,0,0
61643,1,1,0,0,0,0,0,0,0,0,0,0
61644,1,1,29,29,29,29,29,29,29,29,29,29
61645,0,1,2,2,2,2,2,2,2,2,2,2
61645,1,1,0,0,0,0,0,0,0,0,0,0
61646,0,1,0,0,0,0,0,0,0,0,0,0
61646,1,1,0,0,0,0,0,0,0,0,0,0
61647,1,1,0,0,0,0,0,0,0,0,0,0
61647,2,1,0,0,0,0,0,0,0,0,0,0
61648,0,1,0,0,0,0,0,0,0,0,0,0
61648,1,1,0,0,0,0,0,0,0,19,0,0
61649,0,1,0,0,0,0,0,0,0,0,0,0
61649,1,1,0,0,0,19,0,0,13,0,0,24
61650,0,1,16,0,16,10,0,27,16,11,13,0