ST_CASE,VEH_NO,PER_NO,P1,P2,P3,P4,P5,P6,P7,P8,P9,P10
61650,0,2,0,15,16,0,24,9,35,0,23,0
61650,1,1,16,16,16,16,16,16,16,16,16,16
61650,2,1,0,0,18,21,0,0,0,9,0,8
61650,3,1,0,0,0,0,0,0,0,9,0,9
61651,1,1,1,1,1,1,1,1,1,1,1,1
61651,2,1,0,0,0,15,0,0,0,0,0,0
61652,0,1,0,0,0,0,0,0,0,0,0,0
61652,1,1,0,0,0,0,0,0,0,0,0,0
61653,0,1,0,0,0,0,0,0,0,0,0,0
61653,1,1,0,0,10,0,0,0,0,0,5,0
61654,0,1,13,13,13,13,13,13,13,13,13,13
61654,1,1,0,0,0,0,0,0,0,0,9,0
61655,0,1,0,0,0,0,0,0,0,0,0,0
61655,1,1,0,0,0,0,4,0,0,0,0,0
61657,0,1,9,9,9,9,9,9,9,9,9,9
61657,1,1,19,11,0,0,0,7,0,21,12,18
61658,1,1,0,0,0,0,0,0,0,0,0,0
61658,2,1,0,0,0,0,0,0,0,0,0,0
61659,1,1,0,0,0,0,0,0,0,0,0,0
61659,2,1,0,0,0,0,0,0,0,0,0,0
61660,1,1,9,9,9,9,9,9,9,9,9,9
61661,0,1,0,0,0,0,0,0,0,0,0,0
61661,1,1,12,0,0,0,0,0,0,0,0,0
61662,0,1,0,0,0,0,0,0,0,0,0,0
61662,1,1,0,0,0,11,0,0,0,0,0,0
61663,0,1,31,31,31,31,31,31,31,31,31,31
61664,1,1,0,0,0,0,0,0,0,0,0,0
61665,1,1,0,0,0,0,0,0,0,0,0,0
61665,2,1,16,0,0,0,12,0,14,0,0,0
61666,0,1,0,60,0,0,0,37,0,0,0,0
61666,1,1,0,0,0,0,0,0,0,0,0,0
61667,1,1,15,15,15,15,15,15,15,15,15,15
61668,1,1,8,8,8,8,8,8,8,8,8,8
61668,2,1,0,0,0,20,0,0,0,0,0,0
61669,0,1,3,3,3,3,3,3,3,3,3,3
61669,1,1,0,0,0,0,0,0,0,0,0,0
61670,1,1,0,0,0,0,0,0,0,0,0,0
61670,2,1,0,0,0,0,0,0,0,0,0,0
61671,1,1,28,28,28,28,28,28,28,28,28,28
61672,1,1,0,0,0,0,0,0,0,0,0,0
61672,2,1,0,0,0,0,0,0,0,0,0,0
61673,1,1,24,0,0,0,4,22,0,0,0,0
61673,2,1,0,0,0,0,0,0,0,0,0,0
61674,1,1,0,0,0,0,0,0,0,0,0,0
61675,0,1,0,0,0,0,0,0,0,0,0,0
61675,1,1,0,0,0,0,0,0,0,0,0,0
61676,1,1,0,0,0,0,0,0,0,0,0,12
61677,1,1,0,0,0,0,0,0,0,0,0,0
61678,1,1,0,0,0,0,0,0,0,0,0,0
61678,2,1,0,0,0,0,0,0,0,0,0,0
61679,0,1,10,10,10,10,10,10,10,10,10,10
61679,1,1,28,27,23,13,0,21,0,45,27,0
61680,0,1,0,0,0,0,0,0,0,0,0,0
61680,1,1,0,0,0,0,0,0,0,0,18,0
61681,0,1,17,17,17,17,17,17,17,17,17,17
61681,1,1,3,3,3,3,3,3,3,3,3,3
61682,1,1,0,0,0,0,0,0,0,0,0,0
61682,2,1,0,0,0,0,0,0,0,0,0,0
61683,1,1,0,0,0,0,0,0,0,0,0,0
61684,1,1,0,0,0,0,0,0,0,0,0,0
61684,2,1,0,0,0,0,0,0,0,0,0,0
61685,1,1,0,0,0,0,0,0,0,0,0,0
61685,2,1,0,0,0,0,0,0,0,0,0,0
61686,1,1,0,0,0,0,0,0,0,0,0,0
61687,0,1,0,0,0,0,0,0,0,0,0,0
61687,1,1,0,0,0,11,0,0,0,0,0,24
61688,1,1,0,0,0,0,0,0,0,0,0,0
61688,2,1,0,0,0,0,0,0,0,0,0,0
61689,0,1,0,0,0,0,0,0,0,0,0,0
61689,1,1,0,0,0,0,0,0,0,0,0,0
61690,1,1,16,16,16,16,16,16,16,16,16,16
61690,2,1,8,8,8,8,8,8,8,8,8,8
61691,1,1,15,15,15,15,15,15,15,15,15,15
61692,1,1,0,0,0,0,0,0,0,0,0,0
61693,1,1,16,16,16,16,16,16,16,16,16,16
61694,0,1,0,0,0,0,0,0,0,0,0,0
61694,1,1,7,7,7,7,7,7,7,7,7,7
61695,1,1,0,0,0,0,0,0,0,0,0,0
61695,2,1,10,0,0,0,0,0,0,0,0,0
61696,1,1,0,0,0,0,0,0,0,0,0,0
61696,2,1,1,1,1,1,1,1,1,1,1,1
61697,0,1,0,0,0,0,0,0,0,0,0,0
61697,1,1,0,0,0,0,0,0,0,0,0,0
61698,1,1,17,17,17,17,17,17,17,17,17,17
61699,1,1,0,0,0,0,0,0,0,0,0,0
61699,2,1,0,0,0,0,0,0,0,0,0,0
61700,1,1,0,0,0,0,0,0,0,0,0,0
61700,2,1,0,0,0,0,0,0,0,0,0,0
61701,1,1,8,8,8,8,8,8,8,8,8,8
61702,1,1,20,20,20,20,20,20,20,20,20,20
61703,0,1,0,0,0,0,0,0,0,0,0,0
61703,1,1,0,0,0,0,0,0,0,8,8,14
61704,1,1,0,15,0,0,0,0,0,0,0,0
61704,2,1,0,0,0,0,0,0,0,0,0,0
61704,3,1,0,0,0,0,0,0,0,0,0,0
61705,1,1,0,0,0,0,0,0,0,18,0,0
61705,2,1,14,27,24,6,15,2,26,12,16,12
61706,1,1,3,3,3,3,3,3,3,3,3,3
61706,2,1,0,0,0,0,12,0,0,0,0,0
61707,0,1,1,1,1,1,1,1,1,1,1,1
61707,1,1,0,17,0,16,0,0,0,2,7,0
61708,1,1,15,15,15,15,15,15,15,15,15,15
61708,2,1,0,0,0,0,0,0,0,0,0,0
61709,1,1,18,18,18,18,18,18,18,18,18,18
61709,2,1,0,0,0,0,0,0,0,0,0,0
61709,3,1,0,0,0,0,0,0,0,0,0,0
61710,1,1,0,0,0,0,0,0,0,0,0,0
61711,1,1,24,24,24,24,24,24,24,24,24,24
61712,0,1,12,24,0,0,41,16,0,19,16,18
61712,1,1,0,13,21,2,12,0,0,0,3,6
61713,1,1,0,0,0,0,0,0,0,0,0,0
61714,0,1,0,0,0,8,0,8,0,0,0,0
61714,0,2,14,0,28,24,0,0,0,16,0,13
61714,1,1,21,21,21,21,21,21,21,21,21,21
61715,1,1,0,0,0,0,0,0,0,0,0,0
61715,2,1,0,0,0,0,13,0,0,0,15,0
61715,3,1,0,0,0,0,0,0,0,0,0,0
61716,0,1,13,0,0,16,36,15,0,0,0,0
61716,1,1,0,0,0,0,0,0,0,0,0,0
61717,0,1,0,0,0,0,0,0,0,0,0,0
61717,1,1,0,0,0,0,0,0,0,0,0,0
61718,1,1,0,0,0,0,0,0,0,0,0,0
61718,2,1,0,0,0,0,0,0,0,0,0,0
61719,0,1,0,0,0,0,0,0,0,0,0,0
61719,1,1,0,0,3,0,0,0,0,0,0,0
61720,0,1,0,0,0,0,0,0,0,0,0,0
61720,1,1,0,0,0,0,0,0,0,0,0,0
61721,0,1,0,0,7,21,0,0,0,0,0,11
61721,1,1,0,0,22,0,0,0,0,0,0,0
61722,0,1,0,0,0,0,0,0,0,0,0,0
61722,1,1,0,0,0,0,0,0,0,0,0,0
61723,1,1,27,27,27,27,27,27,27,27,27,27
61725,1,1,28,10,15,16,25,11,21,14,15,3
61726,1,1,0,0,0,0,0,0,0,0,0,0
61726,2,1,0,0,0,0,0,0,0,0,0,0
61727,0,1,0,0,0,0,0,0,0,0,0,0
61727,1,1,15,15,15,15,15,15,15,15,15,15
61727,3,1,15,0,0,0,0,0,0,0,0,18
61728,1,1,0,0,0,0,0,0,0,0,0,0
61728,2,1,0,0,0,0,0,0,0,0,0,17
61729,1,1,0,0,15,11,0,0,0,0,0,0
61729,2,1,0,0,19,0,0,0,0,0,0,0
61729,3,1,0,0,0,0,0,0,0,0,0,0
61730,1,1,0,0,0,0,0,0,0,0,0,0
61731,1,1,25,25,25,25,25,25,25,25,25,25
61732,1,1,3,3,3,3,3,3,3,3,3,3
61733,1,1,0,0,0,0,0,0,0,0,0,0
61734,0,1,0,0,0,0,0,0,0,0,33,0
61734,1,1,0,0,0,0,0,0,0,0,0,0
61735,1,1,0,0,0,0,0,0,0,0,0,0
61735,2,1,0,0,0,0,0,0,0,0,0,0
61736,1,1,0,0,0,0,0,0,0,0,0,0
61737,1,1,0,0,0,0,0,0,0,0,0,0
61737,2,1,0,0,0,0,0,0,0,0,0,0
61738,1,1,14,14,14,14,14,14,14,14,14,14
61739,1,1,0,0,0,0,0,0,0,0,0,0
61740,1,1,0,0,0,0,0,18,0,0,0,0
61741,0,1,0,0,0,0,0,0,0,0,0,0
61741,1,1,0,0,0,0,0,0,0,0,0,0
61742,0,1,0,0,0,0,0,15,0,0,0,0
61742,1,1,0,0,0,0,0,0,0,0,0,0
61742,2,1,0,0,0,0,0,0,0,0,0,0
61742,3,1,0,0,0,0,0,0,0,0,0,0
61743,1,1,0,0,0,0,0,0,0,0,0,0
61743,2,1,0,0,0,0,0,0,0,0,0,0
61744,0,1,35,35,35,35,35,35,35,35,35,35
61744,1,1,0,0,0,0,0,0,12,0,0,0
61745,0,1,0,0,0,0,0,0,0,0,0,0
61745,1,1,0,0,0,0,0,0,0,0,0,0
61746,1,1,12,0,22,32,15,10,30,23,23,19
61746,2,1,0,0,0,0,0,0,0,0,0,0
61747,0,1,0,0,0,0,0,0,0,0,0,0
61747,1,1,0,0,0,0,0,0,0,0,0,0
61748,0,1,0,0,0,0,0,0,0,0,0,0
61748,1,1,29,0,14,0,9,0,0,0,0,10
61749,1,1,0,0,0,0,0,0,0,0,0,0
61749,2,1,0,0,0,0,0,0,0,0,0,0
61750,1,1,0,0,0,0,0,0,0,0,0,0
61750,2,1,0,0,26,0,0,0,0,0,0,0
61751,1,1,0,0,0,0,0,0,0,0,0,0
61751,2,1,0,0,0,0,0,0,0,0,0,0
61751,3,1,0,0,0,0,0,0,0,0,0,0
61752,1,1,0,0,0,4,0,0,0,0,0,0
61753,1,1,0,0,0,0,0,0,0,0,0,0
61754,0,1,25,25,25,25,25,25,25,25,25,25
61754,1,1,0,0,0,0,0,0,0,0,0,0
61755,1,1,0,0,0,0,0,0,0,0,0,0
61755,2,1,0,0,0,0,0,0,0,0,0,0
61755,3,1,0,0,0,0,0,0,0,0,0,0
61756,0,1,0,0,0,0,0,0,0,0,0,0
61756,1,1,0,0,0,0,0,0,0,0,0,0
61757,1,1,0,0,0,0,0,0,0,0,0,0
61758,1,1,0,0,0,0,0,0,0,0,0,0
61758,2,1,0,0,0,0,0,0,0,0,0,0
61759,1,1,0,0,0,0,0,0,0,0,0,0
61760,1,1,0,0,0,0,0,0,0,0,0,0
61760,2,1,0,0,0,0,0,0,0,0,0,0
61761,1,1,15,12,0,11,5,21,11,7,0,33
61761,2,1,14,0,0,0,0,14,0,0,0,0
61761,3,1,0,0,0,0,0,0,0,0,0,0
61762,1,1,0,0,0,0,0,0,0,0,0,0
61763,1,1,0,0,0,0,0,0,0,0,0,0
61764,0,1,0,0,0,0,0,0,0,0,0,0
61764,1,1,0,0,0,0,0,0,0,0,0,0
61765,1,1,0,0,0,0,0,0,0,0,0,0
61765,2,1,27,17,23,22,21,11,28,15,30,4
61766,1,1,12,12,12,12,12,12,12,12,12,12
61767,1,1,6,6,6,6,6,6,6,6,6,6
61768,0,1,0,0,0,0,0,0,0,0,0,0
61768,1,1,13,0,10,6,0,0,0,0,19,0
61769,1,1,20,20,20,20,20,20,20,20,20,20
61769,2,1,0,0,0,0,0,0,0,0,0,0
61770,1,1,0,0,0,0,0,0,0,0,0,0
61770,2,1,0,0,0,0,0,0,0,0,0,0
61771,1,1,0,0,0,0,0,0,0,0,0,0
61771,2,1,0,0,0,0,0,0,0,0,0,0
61772,1,1,0,0,0,0,0,0,0,0,0,0
61773,0,1,31,31,31,31,31,31,31,31,31,31
61773,1,1,0,0,0,0,0,0,0,0,0,0
61774,0,1,0,0,0,0,0,0,0,0,0,0
61774,1,1,16,16,16,16,16,16,16,16,16,16
61775,1,1,3,3,3,3,3,3,3,3,3,3
61775,2,1,0,0,0,0,0,0,0,0,0,0
61776,1,1,0,0,0,0,0,0,0,0,0,0
61776,2,1,0,6,0,0,0,0,0,0,0,0
61777,1,1,0,0,0,6,0,0,0,0,0,6
61777,2,1,0,29,0,0,0,0,0,0,0,0
61778,1,1,27,27,27,27,27,27,27,27,27,27
61779,0,1,4,4,4,4,4,4,4,4,4,4
61779,1,1,0,0,0,9,0,0,0,0,0,0
61779,2,1,0,0,0,0,30,12,0,20,0,0
61780,1,1,5,5,5,5,5,5,5,5,5,5
61780,2,1,0,0,0,0,0,0,0,0,0,0
61781,0,1,0,0,0,0,0,0,0,0,0,0
61781,1,1,24,0,0,20,0,0,0,0,0,0
61782,1,1,8,8,8,8,8,8,8,8,8,8
61782,2,1,0,0,0,0,0,0,0,0,0,0
61783,1,1,2,2,2,2,2,2,2,2,2,2
61784,0,1,0,0,0,0,0,0,0,0,0,21
61784,1,1,0,0,0,0,0,0,0,0,0,0
61785,0,1,0,0,0,0,0,0,0,0,0,0
61785,1,1,0,0,0,0,0,0,0,0,15,10
61786,1,1,0,0,0,0,0,0,0,0,0,0
61786,2,1,0,0,0,0,0,0,0,0,0,0
61787,1,1,19,16,0,0,19,0,0,19,0,0
61788,1,1,33,0,0,0,0,20,0,0,0,0
61788,2,1,0,0,0,0,0,0,0,0,0,0
61789,1,1,3,3,3,3,3,3,3,3,3,3
61789,2,1,0,0,0,0,0,0,0,0,0,0
61790,0,1,0,0,0,0,0,0,0,0,0,0
61790,1,1,0,0,0,0,0,0,0,0,0,0
61791,1,1,0,0,0,0,0,0,0,0,0,0
61792,0,1,0,0,0,0,0,0,0,0,0,0
61792,1,1,0,0,0,0,0,0,0,0,0,0
61793,1,1,0,0,0,0,0,0,0,0,0,0
61793,2,1,5,5,5,5,5,5,5,5,5,5
61794,0,1,0,0,0,0,0,0,0,0,0,0
61794,1,1,27,0,0,0,0,0,0,0,0,0
61796,0,1,20,20,20,20,20,20,20,20,20,20
61796,1,1,0,0,0,30,0,0,0,0,0,0
61797,1,1,0,0,0,0,0,0,0,0,0,0
61797,2,1,0,0,0,0,0,0,0,0,0,0
61798,0,1,0,0,0,0,0,0,0,0,0,0
61798,1,1,0,0,0,0,0,0,0,0,0,0
61799,0,1,0,0,0,0,0,0,0,0,0,0
61799,1,1,0,0,0,0,0,0,20,0,0,0
61800,1,1,0,0,0,0,0,0,0,0,0,0
61800,2,1,0,0,0,0,0,0,0,0,0,0
61801,1,1,0,0,0,0,0,0,0,0,0,0
61801,2,1,0,0,0,0,0,0,0,0,0,0
61802,1,1,0,10,0,19,0,0,0,0,0,0
61803,1,1,0,0,0,0,0,0,0,0,0,0
61804,1,1,0,0,0,0,0,0,0,0,0,0
61804,2,1,0,0,0,0,0,0,0,0,0,0
61805,1,1,0,0,0,0,0,0,0,0,0,0
61805,2,1,0,0,0,0,0,0,0,0,0,0
61806,0,1,0,0,0,0,0,0,0,0,0,0
61806,1,1,0,0,0,0,0,0,0,0,0,0
61807,1,1,17,17,17,17,17,17,17,17,17,17
61808,1,1,13,13,13,13,13,13,13,13,13,13
61809,0,1,24,9,18,29,24,14,0,10,38,37
61809,1,1,0,0,0,0,0,0,0,0,0,0
61810,1,1,0,0,0,0,0,0,0,0,0,0
61810,2,1,0,0,0,0,0,0,0,0,0,0
61811,1,1,0,0,0,0,0,0,0,0,0,0
61811,2,1,0,0,0,0,0,0,0,0,0,0
61812,1,1,0,0,0,0,0,0,0,0,0,0
61812,2,1,0,0,0,0,0,0,0,0,0,0
61813,1,1,0,9,27,14,14,38,8,0,19,6
61814,1,1,22,22,22,22,22,22,22,22,22,22
61815,1,1,26,26,26,26,26,26,26,26,26,26
61816,1,1,16,16,16,16,16,16,16,16,16,16
61817,1,1,0,0,0,0,0,0,0,0,0,0
61817,2,1,0,0,0,0,0,0,0,0,0,0
61818,1,1,0,0,0,0,0,0,0,0,0,0
61819,1,1,16,16,16,16,16,16,16,16,16,16
61820,1,1,0,0,0,0,0,0,0,0,0,0
61820,2,1,0,0,0,0,0,0,0,0,0,0
61820,3,1,0,0,0,0,0,0,0,0,0,0
61821,0,1,38,0,0,14,0,0,0,0,0,40
61821,1,1,21,0,0,0,0,0,0,0,0,0
61821,2,1,0,0,0,0,0,0,0,0,0,0
61822,1,1,14,14,14,14,14,14,14,14,14,14
61823,1,1,0,0,0,0,0,0,0,0,0,0
61823,2,1,0,0,0,0,0,0,0,0,0,0
61823,3,1,0,0,0,0,0,0,0,0,0,0
61824,0,1,3,3,3,3,3,3,3,3,3,3
61824,1,1,0,0,0,0,0,0,0,0,0,0
61825,0,1,0,0,0,0,0,0,0,0,0,0
61825,1,1,0,0,0,0,0,0,0,0,0,0
61825,2,1,0,0,0,0,0,0,0,0,0,0
61826,1,1,19,19,19,19,19,19,19,19,19,19
61827,0,1,0,0,0,0,0,0,0,0,0,0
61827,1,1,0,0,0,0,0,0,0,0,0,0
61828,0,1,0,0,0,0,0,0,0,0,0,0
61828,1,1,0,0,0,0,0,0,0,0,5,0
61829,1,1,0,0,0,0,0,0,0,0,0,0
61830,0,1,26,0,0,0,0,0,0,0,0,0
61830,1,1,29,0,0,0,0,0,0,0,0,0
61831,1,1,15,0,0,0,10,0,0,20,0,0
61832,1,1,0,0,0,0,0,0,0,0,0,0
61832,2,1,0,0,0,0,0,0,0,0,0,0
61833,1,1,16,0,14,22,14,0,14,2,23,13
61833,2,1,0,0,0,0,0,0,0,0,0,0
61834,0,1,0,0,0,0,0,0,0,0,0,0
61834,1,1,0,0,0,0,0,0,0,0,0,0
61835,1,1,22,22,22,22,22,22,22,22,22,22
61836,1,1,26,26,26,26,26,26,26,26,26,26
61837,1,1,16,16,16,16,16,16,16,16,16,16
61837,2,1,0,0,0,0,0,0,0,0,0,0
61838,1,1,15,15,15,15,15,15,15,15,15,15
61838,2,1,0,0,0,0,0,4,0,0,14,0
61839,1,1,25,21,0,3,11,21,11,24,0,11
61839,2,1,0,0,0,0,0,0,0,0,0,0
61840,1,1,22,22,22,22,22,22,22,22,22,22
61841,1,1,0,0,0,0,0,0,0,10,0,0
61842,1,1,0,0,0,0,0,0,0,0,0,0
61843,0,1,0,0,0,0,0,0,0,0,0,0
61843,1,1,0,0,0,0,0,0,0,0,0,0
61844,0,1,29,20,25,7,8,13,14,20,11,21
61844,1,1,0,0,0,0,0,0,0,0,0,0
61845,1,1,1,1,1,1,1,1,1,1,1,1
61846,0,1,14,14,14,14,14,14,14,14,14,14
61846,1,1,0,0,0,0,0,0,0,0,0,0
61847,1,1,0,0,0,0,0,0,0,0,0,0
61847,2,1,0,0,0,0,0,0,0,0,0,0
61848,1,1,7,7,7,7,7,7,7,7,7,7
61849,1,1,2,2,2,2,2,2,2,2,2,2
61850,1,1,0,0,0,0,0,0,0,0,0,0
61850,2,1,0,0,0,0,0,0,0,0,0,0
61851,1,1,0,0,23,0,0,0,0,0,0,0
61851,2,1,0,0,0,0,0,0,0,0,0,0
61851,3,1,0,0,0,0,0,0,0,0,0,0
61852,1,1,11,11,11,11,11,11,11,11,11,11
61852,2,1,0,0,25,0,0,0,0,23,8,20
61853,1,1,3,3,3,3,3,3,3,3,3,3
61854,0,1,0,0,0,0,0,0,0,0,0,0
61854,1,1,0,0,0,0,0,0,0,0,0,0
61855,0,1,35,35,35,35,35,35,35,35,35,35
61855,1,1,0,0,0,0,0,0,0,0,0,0
61856,1,1,0,0,0,0,0,0,0,0,0,0
61856,2,1,0,0,0,0,0,0,0,0,0,0
61857,0,1,0,0,32,0,0,0,0,0,0,0
61857,1,1,0,0,0,0,0,0,0,0,0,0
61858,1,1,0,0,0,0,0,0,0,0,0,0
61858,2,1,0,0,0,0,0,0,0,0,0,0
61859,1,1,0,0,0,0,0,0,0,0,0,0
61860,1,1,0,0,0,0,0,0,0,0,0,0
61860,2,1,0,0,19,0,0,0,0,10,20,20
61860,3,1,0,0,0,0,0,0,0,0,0,0
61861,1,1,0,0,0,0,0,0,0,0,0,0
61861,2,1,0,0,0,0,0,0,0,0,0,0
61861,3,1,0,0,0,0,0,0,0,0,0,0
61861,4,1,0,0,0,0,0,0,0,0,0,0
61862,0,1,17,17,17,17,17,17,17,17,17,17
61862,1,1,0,0,0,0,0,0,0,0,0,0
61863,0,1,0,0,0,0,0,0,0,0,0,0
61863,1,1,0,0,0,0,0,0,0,0,0,0
61864,1,1,7,0,0,0,0,0,9,0,0,0
61864,2,1,3,3,3,3,3,3,3,3,3,3
61865,1,1,0,0,0,0,0,0,0,0,0,0
61865,2,1,0,0,0,0,0,0,0,0,0,0
61866,1,1,0,0,0,0,7,0,0,24,0,0
61866,2,1,0,0,0,0,0,0,0,0,0,0
61867,1,1,0,0,0,0,0,0,0,0,0,0
61868,0,1,0,0,0,0,0,0,0,0,0,0
61868,1,1,0,0,0,0,0,0,0,0,0,0
61869,1,1,0,0,0,0,0,0,0,0,0,0
61869,2,1,0,0,0,0,0,0,0,0,0,0
61870,1,1,0,0,0,0,0,0,0,0,0,0
61870,2,1,0,0,0,0,0,0,0,0,0,0
61871,1,1,0,0,15,0,0,0,0,0,0,0
61871,2,1,0,10,0,0,0,0,0,0,0,0
61871,3,1,0,0,0,2,0,0,0,0,0,0
61871,4,1,0,0,0,0,21,0,0,0,0,12
61871,5,1,0,0,0,13,0,0,0,0,0,20
61871,6,1,0,0,0,0,0,0,0,0,0,0
61871,7,1,0,0,0,0,0,0,0,0,0,0
61872,1,1,0,0,0,0,0,0,0,0,0,0
61872,2,1,8,8,8,8,8,8,8,8,8,8
61873,1,1,0,0,0,0,0,0,0,0,0,0
61874,1,1,0,0,0,0,0,0,0,0,0,0
61875,1,1,0,0,0,0,0,0,0,0,0,0
61876,0,1,0,39,20,0,0,31,34,13,0,17
61876,1,1,0,0,0,0,0,0,0,0,0,0
61877,1,1,0,0,18,0,0,0,0,0,0,0
61877,2,1,0,0,0,0,0,0,0,0,0,0
61878,1,1,0,0,0,0,0,0,0,0,0,0
61878,2,1,0,0,0,0,0,0,0,0,0,0
61878,3,1,0,12,7,16,5,0,19,0,11,0
61879,1,1,20,20,20,20,20,20,20,20,20,20
61880,1,1,0,0,0,0,0,0,0,0,0,0
61881,0,1,0,0,0,0,0,0,0,0,0,0
61881,1,1,22,22,22,22,22,22,22,22,22,22
61882,1,1,5,5,5,5,5,5,5,5,5,5
61882,2,1,13,13,13,13,13,13,13,13,13,13
61883,1,1,0,0,0,0,0,0,0,0,0,0
61883,2,1,0,0,0,0,0,0,0,0,0,0
61884,0,1,0,0,15,0,0,0,12,13,13,0
61884,1,1,0,0,0,0,0,0,0,0,0,0
61885,1,1,0,0,0,0,0,0,0,0,0,0
61885,2,1,0,0,0,0,0,0,0,0,0,0
61885,3,1,0,0,0,0,0,0,0,0,0,0
61886,0,1,0,0,0,0,0,0,0,0,0,0
61886,1,1,0,0,0,0,0,0,0,0,0,0
61887,1,1,26,19,0,8,20,23,3,11,16,17
61887,2,1,0,17,14,0,0,0,0,11,0,0
61887,3,1,0,0,0,0,0,0,0,0,0,0
61887,4,1,0,28,0,0,0,0,0,0,0,0
61887,5,1,0,0,0,0,0,0,0,0,0,0
61888,1,1,0,0,0,0,0,0,0,0,0,0
61888,2,1,0,0,0,0,0,13,0,0,0,0
61889,0,1,0,0,0,0,0,0,0,0,0,0
61889,1,1,0,0,0,0,0,0,0,0,0,0
61890,1,1,0,0,0,0,17,0,0,0,0,0
61890,2,1,0,0,0,0,0,0,0,0,0,0
61891,0,1,0,0,0,0,0,0,0,0,0,0
61891,1,1,0,0,0,0,0,0,0,0,0,0
61892,1,1,20,20,20,20,20,20,20,20,20,20
61893,1,1,0,0,0,0,0,0,0,0,0,0
61894,0,1,0,0,0,0,0,0,0,0,0,0
61894,1,1,0,0,0,12,0,0,0,0,0,0
61895,0,1,0,0,0,0,0,0,0,0,0,0
61895,1,1,0,0,0,0,0,0,0,0,0,0
61896,0,1,9,9,9,9,9,9,9,9,9,9
61896,1,1,0,42,0,0,0,0,0,0,0,0
61898,0,1,2,2,2,2,2,2,2,2,2,2
61898,1,1,5,0,0,0,0,0,0,0,0,0
61899,0,1,0,0,0,0,0,0,0,0,0,0
61899,1,1,0,0,0,0,0,0,0,0,0,0
61900,1,1,15,15,15,15,15,15,15,15,15,15
61901,1,1,25,25,25,25,25,25,25,25,25,25
61902,0,1,16,6,15,21,8,14,20,0,14,20
61902,1,1,13,0,0,0,0,0,0,0,0,0
61903,1,1,0,0,8,0,0,0,0,0,0,0
61903,2,1,0,0,0,0,0,0,0,0,0,0
61904,1,1,17,22,11,7,7,9,2,18,11,18
61905,1,1,8,3,11,0,7,7,16,6,15,0
61905,2,1,0,0,0,0,0,0,0,0,0,0
61905,3,1,0,0,0,0,0,0,0,0,0,0
61906,0,1,0,0,0,28,0,0,4,0,0,0
61906,1,1,0,0,0,0,0,0,0,0,0,0
61907,1,1,0,0,0,0,0,0,0,0,0,0
61907,2,1,0,0,0,0,0,0,0,0,0,0
61908,0,1,0,0,0,0,0,0,0,0,0,0
61908,1,1,0,0,0,0,0,0,0,0,0,0
61909,0,1,0,0,0,0,0,0,0,0,0,0
61909,1,1,0,18,0,0,0,0,9,0,0,5
61911,1,1,0,0,0,0,0,0,0,0,0,0
61911,2,1,0,0,0,0,0,0,0,0,0,0
61912,1,1,0,0,0,0,0,0,0,0,0,0
61912,2,1,22,22,22,22,22,22,22,22,22,22
61913,1,1,36,36,36,36,36,36,36,36,36,36
61913,2,1,0,0,0,0,0,0,0,0,0,0
61914,0,1,0,0,0,0,0,0,0,0,0,0
61914,1,1,0,0,0,0,17,0,0,9,0,0
61915,0,1,0,0,0,0,0,0,0,0,0,0
61915,1,1,0,0,0,0,0,0,0,0,0,0
61916,1,1,0,0,0,0,0,0,0,0,0,0
61916,2,1,18,0,0,0,17,8,4,19,17,33
61917,1,1,0,0,0,0,0,0,0,0,0,0
61918,1,1,0,0,0,0,0,0,0,0,0,0
61918,2,1,0,13,0,0,0,0,0,5,0,0
61919,1,1,19,19,19,19,19,19,19,19,19,19
61921,1,1,5,5,5,5,5,5,5,5,5,5
61922,1,1,0,0,0,0,0,0,0,0,0,0
61922,2,1,0,0,0,26,0,0,0,0,0,0
61924,0,1,0,0,0,0,0,0,0,0,0,0
61924,1,1,0,0,0,0,0,0,0,9,0,0
61925,0,1,9,9,9,9,9,9,9,9,9,9
61925,1,1,0,0,0,0,0,0,0,0,0,0
61926,1,1,0,0,0,0,0,0,0,0,0,0
61926,2,1,0,0,0,0,0,0,0,0,0,0
61927,1,1,0,0,12,0,0,8,0,0,0,0
61927,2,1,0,0,0,0,0,0,0,0,12,0
61928,1,1,0,0,0,0,0,0,0,0,0,0
61929,1,1,0,0,0,0,0,0,0,0,0,0