ST_CASE,VEH_NO,PER_NO,P1,P2,P3,P4,P5,P6,P7,P8,P9,P10
62197,1,1,0,0,0,0,0,0,0,0,0,0
62197,2,1,0,0,0,0,0,0,0,0,0,0
62198,1,1,0,0,0,0,0,20,0,0,0,0
62199,1,1,19,19,19,19,19,19,19,19,19,19
62199,2,1,0,0,0,0,0,0,0,0,0,0
62200,0,1,34,34,34,34,34,34,34,34,34,34
62200,1,1,0,0,0,0,0,0,12,0,0,0
62201,1,1,0,0,0,0,0,0,0,0,0,0
62201,2,1,22,22,22,22,22,22,22,22,22,22
62202,1,1,0,0,0,0,0,0,0,0,0,0
62203,1,1,0,0,0,0,0,0,0,0,0,0
62203,2,1,0,0,0,0,0,0,0,0,0,0
62203,3,1,0,0,0,0,0,0,0,0,0,0
62203,4,1,0,0,0,0,0,0,0,0,0,0
62203,5,1,14,0,0,0,8,0,0,0,0,0
62204,1,1,13,0,13,14,20,0,0,0,0,0
62204,2,1,9,0,20,18,0,12,0,24,21,0
62205,1,1,0,0,0,0,0,0,0,0,0,0
62205,2,1,0,0,0,0,0,0,0,0,0,0
62206,1,1,0,0,0,0,0,0,0,0,0,0
62207,1,1,0,0,0,0,0,0,0,0,0,0
62208,1,1,0,0,0,0,0,0,0,0,0,0
62208,2,1,0,0,0,0,0,0,0,0,0,0
62209,1,1,0,0,14,0,0,23,20,0,35,0
62210,1,1,22,22,22,22,22,22,22,22,22,22
62211,2,1,0,0,0,0,0,0,0,0,0,0
62212,1,1,0,0,0,8,0,0,18,0,0,0
62212,2,1,0,0,0,0,0,0,0,0,0,0
62213,1,1,0,0,0,0,0,0,0,0,0,0
62213,2,1,0,0,0,0,0,0,0,0,0,0
62214,1,1,13,13,13,13,13,13,13,13,13,13
62215,0,1,0,0,0,0,0,0,0,0,0,0
62215,1,1,0,0,0,0,0,0,0,0,0,0
62216,0,1,0,0,0,0,0,0,0,0,0,0
62216,1,1,0,0,0,0,0,0,0,0,0,0
62216,2,1,0,0,0,0,0,0,0,0,0,0
62216,3,1,0,0,0,0,0,0,0,0,0,0
62217,0,1,0,0,19,0,25,0,0,0,0,14
62217,1,1,0,0,0,12,0,0,10,0,24,0
62217,2,1,0,0,0,0,0,0,0,0,0,0
62218,1,1,20,20,20,20,20,20,20,20,20,20
62218,2,1,0,0,0,0,0,0,0,0,0,0
62219,1,1,0,0,0,0,0,0,0,0,0,0
62219,2,1,0,0,0,0,0,0,0,0,13,0
62220,0,1,0,0,0,0,0,0,0,0,0,0
62220,1,1,0,0,0,0,0,0,0,0,0,0
62221,1,1,3,3,3,3,3,3,3,3,3,3
62222,1,1,0,0,0,0,0,0,0,0,0,0
62222,2,1,0,0,0,0,0,0,0,0,0,0
62222,3,1,0,0,0,0,0,0,0,0,0,0
62222,4,1,0,0,0,0,0,0,26,0,0,0
62223,0,1,36,36,36,36,36,36,36,36,36,36
62223,1,1,0,0,0,0,12,0,14,9,0,0
62224,0,1,16,16,16,16,16,16,16,16,16,16
62224,1,1,0,0,0,0,0,0,0,26,0,0
62225,1,1,0,0,0,0,0,0,0,0,0,0
62225,2,1,0,0,0,0,0,0,0,0,0,0
62226,1,1,9,17,12,16,7,4,10,14,7,8
62226,2,1,0,15,0,0,0,0,0,0,13,0
62227,0,1,0,0,0,0,0,0,0,0,0,0
62227,1,1,0,0,0,0,0,0,0,0,0,0
62228,0,1,4,4,4,4,4,4,4,4,4,4
62228,1,1,0,19,0,0,0,0,18,16,0,0
62229,1,1,0,0,0,0,0,0,0,0,0,0
62229,2,1,0,0,0,0,0,0,0,0,0,0
62229,3,1,0,0,0,0,0,0,18,0,0,16
62230,1,1,0,0,0,0,0,0,0,0,0,0
62230,2,1,0,0,0,0,0,0,0,0,0,0
62231,0,1,0,0,0,0,0,0,0,0,0,0
62231,1,1,0,0,0,0,0,0,0,0,0,0
62232,0,1,0,0,0,0,0,0,0,0,0,0
62232,1,1,0,0,0,0,0,0,0,0,0,0
62233,1,1,0,0,0,0,0,0,0,0,0,0
62234,1,1,25,25,25,25,25,25,25,25,25,25
62235,1,1,0,0,0,0,0,0,0,0,0,0
62236,1,1,0,0,0,0,0,0,0,0,0,0
62236,2,1,0,0,0,0,0,0,0,0,12,0
62237,1,1,0,0,0,0,0,0,0,0,0,0
62238,1,1,0,0,0,0,0,0,0,0,0,0
62239,1,1,20,0,0,0,20,24,0,0,0,0
62239,2,1,0,0,0,0,0,0,0,0,0,0
62240,1,1,0,0,0,0,0,0,0,0,0,0
62240,2,1,0,0,0,0,0,0,0,5,0,0
62241,0,1,6,6,6,6,6,6,6,6,6,6
62241,1,1,0,0,0,0,0,0,0,0,0,0
62242,1,1,22,22,22,22,22,22,22,22,22,22
62243,0,1,0,0,0,0,0,0,0,0,0,0
62243,0,2,0,0,0,0,0,0,0,0,0,0
62243,1,1,0,0,0,0,0,0,0,0,0,0
62244,0,1,6,6,6,6,6,6,6,6,6,6
62244,1,1,0,0,0,0,0,0,0,0,0,0
62245,0,1,0,0,0,0,0,0,0,0,0,0
62245,0,2,0,0,0,0,0,0,0,0,0,0
62245,0,3,0,0,0,20,0,0,0,0,0,0
62245,1,1,0,0,12,0,0,0,0,24,0,0
62246,1,1,0,0,0,0,0,0,0,0,0,0
62247,0,1,0,0,0,0,0,0,0,0,0,0
62247,1,1,0,0,0,0,0,0,0,0,0,0
62248,1,1,0,0,0,0,0,0,0,0,0,0
62249,0,1,23,7,0,13,0,0,0,0,0,0
62249,1,1,0,0,0,0,0,23,0,17,0,0
62250,1,1,16,16,16,16,16,16,16,16,16,16
62250,2,1,0,0,0,0,0,12,0,0,22,35
62251,1,1,0,0,0,0,0,0,0,0,0,0
62251,2,1,0,0,0,0,0,0,0,0,0,0
62252,1,1,11,11,11,11,11,11,11,11,11,11
62252,2,1,0,0,0,6,0,0,0,0,0,0
62253,1,1,0,0,0,0,0,0,0,0,0,0
62254,1,1,6,6,6,6,6,6,6,6,6,6
62255,1,1,0,0,0,0,0,0,0,0,0,0
62256,1,1,21,21,21,21,21,21,21,21,21,21
62257,0,1,0,0,0,0,0,0,0,0,0,0
62257,1,1,0,0,0,0,0,0,0,0,5,0
62258,1,1,0,0,0,0,0,0,0,0,0,0
62258,2,1,0,0,24,0,0,0,0,0,0,0
62259,1,1,0,0,0,0,0,0,0,0,0,0
62259,2,1,0,0,0,0,0,0,0,0,0,0
62260,1,1,12,12,12,12,12,12,12,12,12,12
62261,0,1,0,0,0,0,0,0,0,0,0,0
62261,1,1,21,21,21,21,21,21,21,21,21,21
62262,0,1,7,7,7,7,7,7,7,7,7,7
62262,1,1,0,0,7,0,9,0,5,6,17,0
62263,0,1,0,17,0,0,0,0,0,0,0,0
62263,1,1,0,0,0,0,0,0,0,0,0,0
62264,1,1,0,0,0,12,0,0,15,21,0,0
62264,2,1,0,0,0,0,0,0,0,0,0,0
62265,0,1,16,21,18,0,9,10,26,17,17,18
62265,1,1,0,13,0,18,0,0,0,0,21,8
62266,0,1,0,0,0,0,0,0,0,0,0,0
62266,1,1,0,0,0,0,0,0,0,0,0,0
62267,1,1,0,0,0,0,0,0,15,0,0,0
62267,2,1,0,0,0,0,0,0,0,0,0,0
62268,1,1,0,0,0,0,0,0,0,0,0,0
62268,2,1,0,0,0,0,0,0,0,0,0,0
62269,1,1,12,12,12,12,12,12,12,12,12,12
62270,1,1,0,0,16,18,0,0,0,0,0,0
62271,1,1,0,0,0,0,0,0,0,0,0,0
62272,0,1,0,0,28,0,25,15,27,0,21,0
62272,1,1,0,0,0,0,0,0,0,0,0,0
62273,1,1,25,25,25,25,25,25,25,25,25,25
62274,1,1,0,0,0,0,0,0,0,0,0,0
62274,2,1,0,0,0,0,0,0,7,0,0,0
62275,1,1,0,0,0,0,0,20,0,0,0,0
62276,1,1,0,0,0,0,0,0,0,17,0,0
62276,2,1,0,0,0,0,0,0,0,0,0,0
62276,3,1,0,0,8,0,0,0,0,0,0,0
62276,4,1,0,0,0,2,0,0,0,0,0,0
62276,5,1,0,0,0,0,0,0,0,0,13,0
62277,1,1,0,26,0,0,0,0,0,0,0,0
62278,1,1,0,0,0,0,0,0,0,0,0,0
62279,0,1,0,0,20,21,0,0,13,0,0,0
62279,1,1,0,0,0,0,0,0,0,0,0,0
62280,1,1,10,10,10,10,10,10,10,10,10,10
62281,1,1,21,15,46,16,17,8,22,5,7,22
62281,2,1,0,0,0,0,15,0,0,0,0,0
62282,0,1,1,1,1,1,1,1,1,1,1,1
62282,1,1,0,0,0,0,0,0,0,0,0,0
62283,0,1,0,0,0,0,0,0,0,0,0,0
62283,1,1,0,0,0,0,0,0,0,0,0,0
62284,1,1,0,0,0,0,0,0,0,0,0,0
62284,2,1,0,0,0,0,0,0,0,0,0,0
62284,3,1,0,0,14,0,0,0,0,0,0,0
62285,0,1,0,0,0,0,0,0,0,0,0,0
62285,0,2,0,0,0,0,0,0,0,0,0,0
62285,0,3,0,0,0,0,0,0,0,0,0,0
62285,1,1,12,16,14,13,19,14,0,9,14,0
62286,1,1,17,17,17,17,17,17,17,17,17,17
62287,0,1,0,0,0,0,0,0,0,0,0,0
62287,1,1,0,0,0,0,0,0,0,0,0,0
62288,1,1,0,0,0,0,0,0,0,0,0,0
62288,2,1,0,0,0,0,0,0,0,0,0,0
62290,1,1,0,0,0,0,0,0,0,0,0,0
62290,2,1,0,0,0,0,0,0,0,0,0,0
62291,1,1,0,0,0,0,0,0,0,0,0,0
62292,0,1,0,0,0,0,0,0,0,0,0,0
62292,0,2,0,0,0,0,0,0,0,0,0,0
62292,1,1,0,0,0,0,0,0,12,0,0,0
62293,0,1,0,0,0,0,0,0,0,0,16,0
62293,1,1,0,0,0,0,0,0,0,0,0,0
62294,0,1,0,0,0,0,22,0,0,0,0,0
62294,0,2,0,0,0,0,0,12,0,0,0,0
62294,1,1,0,0,0,0,10,18,0,0,0,0
62294,2,1,0,0,0,0,0,0,0,0,0,0
62295,0,1,0,0,0,0,0,0,0,0,0,0
62295,1,1,6,6,6,6,6,6,6,6,6,6
62295,2,1,0,0,0,32,0,0,0,0,0,0
62296,1,1,0,0,0,0,0,0,0,0,0,0
62296,2,1,0,0,0,0,0,0,0,0,0,0
62297,1,1,0,0,0,0,0,0,0,0,0,0
62298,0,1,0,0,0,0,0,0,0,0,0,0
62298,1,1,17,17,17,17,17,17,17,17,17,17
62299,0,1,11,11,11,11,11,11,11,11,11,11
62299,1,1,0,0,0,0,0,0,0,0,0,0
62301,1,1,11,13,0,0,16,33,0,0,0,0
62302,1,1,17,17,17,17,17,17,17,17,17,17
62303,0,1,0,0,0,0,0,0,0,0,0,0
62303,1,1,0,0,0,0,21,7,0,0,2,0
62304,1,1,9,9,9,9,9,9,9,9,9,9
62305,1,1,21,21,21,21,21,21,21,21,21,21
62306,1,1,0,0,0,0,0,0,0,0,0,0
62306,2,1,0,0,0,0,0,0,0,0,0,0
62307,0,1,16,16,16,16,16,16,16,16,16,16
62307,1,1,0,0,0,0,0,15,0,0,0,0
62308,1,1,15,15,15,15,15,15,15,15,15,15
62308,2,1,0,0,0,0,0,0,28,23,0,0
62309,0,1,0,0,0,0,0,0,0,0,0,0
62309,1,1,0,0,0,0,0,0,0,0,0,0
62310,0,1,5,5,5,5,5,5,5,5,5,5
62310,1,1,0,30,0,0,8,0,0,8,0,0
62311,0,1,0,0,0,0,0,0,0,0,0,0
62311,1,1,0,0,0,0,0,0,0,0,0,0
62312,0,1,0,0,0,0,0,0,0,0,0,0
62312,1,1,0,0,0,0,0,0,0,0,0,0
62313,0,1,25,25,25,25,25,25,25,25,25,25
62313,1,1,0,0,0,0,0,0,0,0,0,0
62314,1,1,18,18,18,18,18,18,18,18,18,18
62314,2,1,0,0,0,0,0,0,0,0,0,0
62315,1,1,29,29,29,29,29,29,29,29,29,29
62316,1,1,0,0,0,0,0,0,0,0,0,0
62316,2,1,0,0,0,0,0,0,0,0,0,0
62317,1,1,36,25,10,34,27,20,22,18,20,36
62318,1,1,19,19,19,19,19,19,19,19,19,19
62318,2,1,0,0,0,0,0,0,0,0,0,0
62319,1,1,9,9,9,9,9,9,9,9,9,9
62319,2,1,0,0,0,0,0,0,0,0,0,0
62320,1,1,0,0,0,22,0,0,0,0,0,0
62320,2,1,0,0,0,0,0,0,0,0,0,0
62320,3,1,0,0,0,0,0,0,0,0,0,0
62321,0,1,0,0,0,0,0,0,0,0,0,0
62321,1,1,0,0,0,0,0,0,0,0,0,0
62322,1,1,0,0,0,0,0,0,0,0,0,0
62322,2,1,0,0,0,0,0,0,0,0,0,0
62323,0,1,0,0,0,0,0,0,0,0,0,0
62323,1,1,0,0,0,0,0,0,0,0,0,0
62324,1,1,24,24,24,24,24,24,24,24,24,24
62324,2,1,0,0,0,0,0,0,0,0,0,0
62324,3,1,0,0,0,0,0,0,0,0,0,0
62325,0,1,0,0,0,0,0,0,0,13,0,0
62325,0,2,0,0,0,0,0,0,8,0,21,0
62325,1,1,0,0,0,0,0,0,0,0,0,0
62326,0,1,0,0,0,0,0,0,0,0,0,0
62326,1,1,0,0,0,0,0,0,0,0,0,0
62327,0,1,0,0,0,0,0,0,0,0,0,0
62327,1,1,0,0,0,0,0,0,0,0,0,0
62328,1,1,25,25,25,25,25,25,25,25,25,25
62329,1,1,0,0,0,0,0,0,0,0,0,0
62330,1,1,31,31,31,31,31,31,31,31,31,31
62331,1,1,20,20,20,20,20,20,20,20,20,20
62332,1,1,0,0,0,0,0,0,0,0,0,0
62332,2,1,0,0,0,0,0,0,0,0,0,0
62333,0,1,0,0,0,0,0,0,0,0,0,0
62333,1,1,0,0,0,0,0,0,0,0,0,0
62334,1,1,0,0,0,0,0,0,0,0,0,0
62334,2,1,0,0,0,0,0,0,0,0,0,0
62335,0,1,12,12,12,12,12,12,12,12,12,12
62335,1,1,0,9,0,0,0,0,0,0,0,0
62336,1,1,0,0,0,0,0,0,0,0,0,0
62337,0,1,27,27,27,27,27,27,27,27,27,27
62337,1,1,0,0,0,0,0,0,0,0,0,0
62338,0,1,31,31,31,31,31,31,31,31,31,31
62338,1,1,0,0,0,0,0,0,0,0,0,0
62339,0,1,0,0,0,0,0,0,0,0,0,0
62339,1,1,0,0,31,0,0,0,0,0,14,0
62340,0,1,0,0,0,0,0,0,0,0,0,0
62340,1,1,0,0,0,0,0,0,0,0,0,0
62341,1,1,0,0,0,0,0,0,0,0,0,0
62341,2,1,0,0,0,0,0,0,0,0,0,0
62342,0,1,15,0,5,32,0,10,0,28,0,0
62342,1,1,0,0,0,0,0,0,0,0,0,0
62343,1,1,27,27,27,27,27,27,27,27,27,27
62343,2,1,0,0,0,0,0,0,0,0,0,0
62343,3,1,0,0,0,0,0,0,0,0,0,0
62343,4,1,0,0,0,0,0,0,0,0,0,0
62344,1,1,16,0,0,0,9,4,0,0,0,0
62344,2,1,0,0,0,0,0,0,0,0,0,0
62347,1,1,0,0,0,0,0,0,0,0,0,0
62348,1,1,25,25,25,25,25,25,25,25,25,25
62348,2,1,0,0,0,0,0,0,0,0,0,0
62349,0,1,0,0,0,0,0,0,0,0,0,0
62349,1,1,0,0,0,0,0,0,0,0,0,0
62350,1,1,7,7,7,7,7,7,7,7,7,7
62350,2,1,0,0,0,0,0,0,0,0,0,0
62351,1,1,0,0,0,0,0,20,0,0,0,0
62351,2,1,0,0,0,0,0,0,0,0,0,0
62352,0,1,9,7,13,7,8,0,24,22,5,19
62352,1,1,0,0,0,0,0,0,0,0,0,0
62353,1,1,0,0,0,0,0,0,0,0,0,0
62354,1,1,0,0,0,0,0,0,0,0,0,0
62354,2,1,0,0,0,0,0,0,0,0,0,0
62355,1,1,0,0,0,0,0,0,0,0,0,0
62355,2,1,0,0,0,0,0,0,0,0,0,0
62355,3,1,0,0,0,0,0,0,0,0,0,0
62356,0,1,26,26,26,26,26,26,26,26,26,26
62356,1,1,0,4,9,19,0,0,4,13,13,0
62357,1,1,0,0,0,0,0,0,0,0,0,0
62357,2,1,0,0,0,0,0,0,0,0,0,0
62358,1,1,29,29,29,29,29,29,29,29,29,29
62359,0,1,22,22,22,22,22,22,22,22,22,22
62359,1,1,0,0,0,0,0,0,0,0,0,0
62360,1,1,0,0,0,0,0,0,0,0,0,0
62361,0,1,0,0,0,0,0,0,0,0,0,0
62361,1,1,0,0,0,0,0,0,0,0,0,0
62362,1,1,18,18,18,18,18,18,18,18,18,18
62363,1,1,0,0,0,0,0,0,0,0,0,0
62363,2,1,0,0,0,0,0,0,0,0,0,0
62364,1,1,0,0,0,0,0,0,0,0,0,0
62364,2,1,0,0,0,0,0,0,0,0,0,0
62364,3,1,0,0,0,0,0,0,0,0,25,0
62364,4,1,0,0,0,0,0,0,0,0,0,0
62364,5,1,0,0,0,0,0,0,0,0,0,0
62365,1,1,0,0,0,0,0,0,0,0,0,0
62365,2,1,0,0,0,0,0,0,0,0,0,0
62366,1,1,0,0,0,0,0,0,0,0,0,0
62366,2,1,0,0,0,0,0,0,0,0,0,0
62367,1,1,0,0,0,0,0,0,0,0,0,0
62367,2,1,0,0,0,0,0,0,0,0,0,0
62368,1,1,0,0,0,0,0,0,0,0,0,0
62368,2,1,0,0,0,0,0,0,0,0,0,0
62368,3,1,0,0,0,0,0,0,0,0,0,0
62369,1,1,12,12,12,12,12,12,12,12,12,12
62370,0,1,0,0,0,0,0,0,0,0,0,0
62370,1,1,0,0,0,0,0,0,0,0,13,0
62371,0,1,0,0,0,0,0,0,0,0,0,0
62371,1,1,0,0,0,0,0,0,0,0,0,0
62372,1,1,0,0,0,0,30,0,0,0,16,0
62373,1,1,0,0,0,0,0,0,0,0,0,0
62373,2,1,0,0,0,0,0,0,0,0,0,0
62374,1,1,23,23,23,23,23,23,23,23,23,23
62374,2,1,0,0,0,0,0,0,0,0,0,0
62375,0,1,0,0,0,0,0,0,0,0,0,0
62375,1,1,0,0,0,0,0,0,0,0,0,0
62376,0,1,25,25,25,25,25,25,25,25,25,25
62376,1,1,0,0,0,0,0,0,0,0,0,0
62377,0,1,0,0,0,0,0,0,0,0,0,0
62377,1,1,0,0,0,0,0,0,0,0,13,0
62378,0,1,0,0,0,0,0,0,0,0,0,0
62378,1,1,0,0,0,0,0,0,0,0,0,0
62379,0,1,0,0,0,0,0,0,0,0,0,0
62379,1,1,0,0,0,18,0,0,19,0,0,0
62381,1,1,15,0,0,0,0,0,0,0,0,0
62382,0,1,0,0,0,0,0,0,0,0,0,0
62382,1,1,0,0,0,0,0,0,0,0,0,0
62383,0,1,15,15,15,15,15,15,15,15,15,15
62383,1,1,8,0,0,0,5,0,0,11,0,0
62384,1,1,0,0,0,0,0,0,0,0,0,0
62384,2,1,0,0,0,0,0,0,0,0,0,0
62385,1,1,27,27,27,27,27,27,27,27,27,27
62385,2,1,0,0,0,0,0,0,0,0,0,0
62385,3,1,0,0,0,0,0,0,0,0,0,0
62387,1,1,0,0,0,0,0,0,0,0,0,0
62387,2,1,0,0,0,0,0,0,0,0,0,0
62388,1,1,24,24,24,24,24,24,24,24,24,24
62389,1,1,0,0,0,0,0,0,0,0,0,0
62390,0,1,17,0,0,6,0,0,31,0,0,2
62390,0,2,0,0,0,18,0,0,0,0,0,11
62390,0,3,11,11,11,11,11,11,11,11,11,11
62390,0,4,19,0,0,11,24,0,0,33,0,22
62390,1,1,0,0,0,0,23,0,0,0,3,6
62391,0,1,29,29,29,29,29,29,29,29,29,29
62391,1,1,0,0,0,24,0,0,0,0,27,0
62392,1,1,0,0,0,0,0,0,0,0,0,0
62392,2,1,0,0,0,0,0,0,0,0,0,0
62393,1,1,18,0,7,0,0,0,0,0,0,14
62393,2,1,0,0,0,0,0,0,0,0,0,0
62394,0,1,0,0,21,0,0,0,0,0,0,0
62394,1,1,0,0,0,0,0,0,0,0,0,0
62395,1,1,0,0,0,0,0,0,0,0,0,0
62395,2,1,0,0,0,0,0,0,0,0,0,0
62396,1,1,0,0,0,0,0,0,0,0,0,0
62396,2,1,0,0,0,0,0,0,0,0,0,0
62397,1,1,12,12,12,12,12,12,12,12,12,12
62398,0,1,0,0,4,11,0,0,30,19,0,0
62398,1,1,0,0,0,0,0,0,0,0,0,0
62399,0,1,0,0,0,0,0,0,0,0,0,0
62399,1,1,2,2,2,2,2,2,2,2,2,2
62400,0,1,0,0,0,0,0,0,0,0,0,0
62400,1,1,0,0,0,0,0,0,20,0,0,0
62401,0,1,0,0,0,0,0,0,0,0,0,0
62401,1,1,0,0,0,0,0,0,0,0,0,0
62402,0,1,0,0,0,0,0,0,0,0,0,0
62402,1,1,0,0,0,0,0,0,0,0,0,0
62403,0,1,23,0,0,0,0,6,3,27,0,11
62403,1,1,0,11,0,0,0,0,0,0,0,0
62404,1,1,0,0,0,0,0,0,0,0,0,0
62404,2,1,0,0,0,0,0,0,0,0,0,0
62405,1,1,11,11,11,11,11,11,11,11,11,11
62406,0,1,2,2,2,2,2,2,2,2,2,2
62406,1,1,0,0,0,0,0,0,0,0,0,0
62407,1,1,5,5,5,5,5,5,5,5,5,5
62408,1,1,23,23,23,23,23,23,23,23,23,23
62409,1,1,0,0,0,0,0,0,0,0,0,0
62410,1,1,0,0,0,0,0,0,0,0,0,0
62411,0,1,0,0,25,0,0,0,0,0,0,0
62411,1,1,0,0,0,0,0,0,0,0,0,0
62412,1,1,0,0,0,0,0,0,0,0,0,0
62412,2,1,0,0,0,0,0,0,0,0,0,0
62413,0,1,18,18,18,18,18,18,18,18,18,18
62413,1,1,0,0,0,0,0,0,0,0,0,0
62414,1,1,21,21,21,21,21,21,21,21,21,21
62414,2,1,0,0,0,0,0,0,0,0,12,0
62415,0,1,0,18,0,0,0,0,0,0,0,16
62415,1,1,0,0,0,0,0,0,0,0,0,0
62416,1,1,18,0,0,10,0,0,0,0,0,0
62416,2,1,0,0,0,0,0,0,0,0,0,0
62417,0,1,43,43,43,43,43,43,43,43,43,43
62417,1,1,0,0,0,0,0,0,0,0,0,0
62418,0,1,4,4,4,4,4,4,4,4,4,4
62418,1,1,0,0,0,0,0,0,0,0,0,0
62419,1,1,0,0,0,0,0,0,0,0,0,0
62419,2,1,12,12,12,12,12,12,12,12,12,12
62420,0,1,0,0,0,0,0,0,0,0,0,0
62420,1,1,0,0,0,0,0,0,0,0,0,0
62420,2,1,0,25,0,0,0,2,0,0,0,0
62420,3,1,0,7,0,17,0,23,0,7,0,21
62421,0,1,13,13,13,13,13,13,13,13,13,13
62421,1,1,0,0,0,0,0,0,0,0,0,0
62421,2,1,0,0,0,0,0,0,0,0,0,0
62422,1,1,0,0,0,0,0,0,0,0,0,0
62422,2,1,0,0,0,0,0,0,0,0,0,0
62423,0,1,0,0,0,0,0,0,0,0,0,0
62423,1,1,0,0,0,0,0,0,0,0,0,0
62423,2,1,0,0,0,0,0,0,0,0,0,0
62424,1,1,8,8,8,8,8,8,8,8,8,8
62424,2,1,3,0,27,0,0,0,0,0,0,0
62425,0,1,0,0,0,0,0,0,0,0,0,0
62425,1,1,0,0,0,0,0,0,0,0,0,0
62426,1,1,9,9,9,9,9,9,9,9,9,9
62427,1,1,12,12,12,12,12,12,12,12,12,12
62428,1,1,3,3,3,3,3,3,3,3,3,3
62429,1,1,0,0,0,0,0,0,0,0,0,0
62429,2,1,0,0,4,0,0,0,0,0,0,0
62430,0,1,0,0,0,0,0,0,0,0,0,0
62430,1,1,0,0,22,0,0,0,0,0,0,0
62431,1,1,4,4,4,4,4,4,4,4,4,4
62432,1,1,16,16,16,16,16,16,16,16,16,16
62433,1,1,0,0,0,0,0,0,0,0,0,0
62433,2,1,0,0,0,0,0,0,0,0,0,0
62434,1,1,0,0,0,0,0,12,0,0,0,0
62435,1,1,0,0,24,16,0,0,0,0,17,0
62435,2,1,0,0,0,0,0,6,0,0,0,0
62435,3,1,0,0,14,0,0,0,0,0,0,0
62435,4,1,0,0,0,17,0,0,0,0,0,0
62436,1,1,40,14,11,0,13,21,10,10,0,7
62436,2,1,0,0,0,0,0,0,0,0,0,0
62437,1,1,0,0,0,0,0,0,0,0,0,0
62437,2,1,0,0,5,0,0,0,0,0,0,0
62438,1,1,4,4,4,4,4,4,4,4,4,4
62438,2,1,0,0,0,0,0,0,0,0,0,0
62439,1,1,0,0,0,0,0,0,0,0,0,0
62439,2,1,0,0,0,0,0,0,0,0,18,0
62440,1,1,0,0,0,0,0,0,0,0,0,0
62441,1,1,20,20,20,20,20,20,20,20,20,20
62441,2,1,0,0,0,0,0,0,0,0,0,0
62442,1,1,0,0,0,24,0,0,0,0,0,0
62443,1,1,8,8,8,8,8,8,8,8,8,8
62443,2,1,0,0,0,0,0,0,0,0,0,0
62444,1,1,3,3,3,3,3,3,3,3,3,3
62444,2,1,0,0,0,0,0,0,0,0,0,0
62445,0,1,7,7,7,7,7,7,7,7,7,7
62445,1,1,0,0,0,0,0,0,0,0,0,0
62446,1,1,0,0,0,0,0,0,0,0,0,0
62446,2,1,0,0,0,0,0,0,0,0,0,0
62447,1,1,8,8,8,8,8,8,8,8,8,8
62448,0,1,29,29,29,29,29,29,29,29,29,29
62448,1,1,0,0,0,0,0,0,0,0,0,0
62449,0,1,3,0,0,7,15,18,7,13,21,20
62449,1,1,0,0,0,0,0,0,0,0,0,0
62450,0,1,13,31,0,13,0,11,0,22,0,32
62450,1,1,21,0,13,0,0,11,0,0,0,24
62451,1,1,32,32,32,32,32,32,32,32,32,32
62452,0,1,9,9,9,9,9,9,9,9,9,9
62452,1,1,14,0,0,0,11,0,0,0,0,0
62453,1,1,28,28,28,28,28,28,28,28,28,28
62454,1,1,20,20,20,20,20,20,20,20,20,20
62454,2,1,0,0,0,0,0,0,0,0,0,0
62455,1,1,0,0,0,0,0,0,0,0,0,0
62455,2,1,0,28,0,0,0,0,0,0,0,0
62456,0,1,0,0,0,0,0,0,0,0,0,0
62456,1,1,0,0,0,0,0,0,0,13,0,0
62457,1,1,0,0,0,0,0,0,0,0,0,0
62457,2,1,0,0,0,0,0,0,0,0,0,0
62458,0,1,0,0,0,0,0,0,0,0,0,0
62458,1,1,0,0,0,0,0,0,0,0,0,0
62459,1,1,0,0,0,0,0,0,0,0,0,0
62460,1,1,4,4,4,4,4,4,4,4,4,4
62461,1,1,0,0,0,0,0,0,0,0,0,0
62461,2,1,0,0,0,0,0,0,0,0,0,0
62463,1,1,0,0,0,0,0,0,0,0,0,0
62464,0,1,0,0,0,0,0,0,0,0,0,0
62464,1,1,0,0,0,0,0,0,0,0,0,0
62465,1,1,0,0,0,0,0,0,0,0,0,0
62466,1,1,19,19,19,19,19,19,19,19,19,19
62467,1,1,0,0,0,0,0,0,0,0,0,0
62467,2,1,0,0,0,0,0,0,0,0,0,0