ST_CASE,VEH_NO,PER_NO,P1,P2,P3,P4,P5,P6,P7,P8,P9,P10
62467,3,1,0,0,0,0,0,0,0,0,0,0
62468,1,1,15,15,15,15,15,15,15,15,15,15
62468,2,1,0,0,0,0,0,0,0,0,0,0
62469,1,1,24,24,24,24,24,24,24,24,24,24
62470,1,1,0,0,0,0,0,0,0,0,0,0
62470,2,1,0,0,0,0,0,0,0,0,0,0
62470,3,1,0,0,0,0,0,0,0,0,0,0
62471,1,1,16,16,16,16,16,16,16,16,16,16
62472,1,1,0,0,0,0,0,0,0,0,0,0
62472,2,1,0,0,0,0,0,0,0,0,0,0
62473,0,1,0,0,0,0,0,0,0,0,0,0
62473,1,1,0,0,0,0,0,0,0,0,0,0
62474,0,1,0,14,8,0,0,24,0,0,0,37
62474,1,1,0,0,0,0,5,0,0,0,0,0
62475,0,1,0,0,0,0,0,0,0,0,0,0
62475,1,1,0,0,0,0,0,0,0,0,0,0
62476,0,1,0,0,0,0,0,0,0,0,0,0
62476,1,1,0,0,0,0,0,0,0,0,0,0
62476,2,1,0,0,0,0,0,0,0,0,0,21
62477,1,1,14,14,14,14,14,14,14,14,14,14
62477,2,1,0,0,0,0,0,0,0,0,0,0
62478,1,1,0,0,0,0,0,0,0,0,0,0
62479,0,1,13,13,13,13,13,13,13,13,13,13
62479,1,1,0,0,0,0,0,0,0,0,0,0
62480,0,1,31,31,31,31,31,31,31,31,31,31
62480,1,1,0,0,0,0,0,0,0,0,14,0
62480,2,1,0,0,0,0,0,0,0,0,0,0
62481,1,1,0,0,0,0,0,0,0,0,0,0
62481,2,1,0,0,0,0,0,0,0,0,0,0
62482,1,1,26,26,26,26,26,26,26,26,26,26
62483,1,1,0,29,0,0,0,0,0,0,0,0
62483,2,1,0,0,0,0,0,0,0,0,0,0
62484,0,1,15,15,15,15,15,15,15,15,15,15
62484,1,1,0,0,0,0,0,0,0,0,0,0
62485,0,1,0,0,0,0,0,0,0,0,0,0
62485,1,1,0,0,0,0,0,0,0,0,0,0
62486,1,1,21,21,21,21,21,21,21,21,21,21
62487,1,1,0,0,0,0,0,0,0,0,0,0
62488,1,1,0,0,12,18,21,0,0,0,0,11
62489,1,1,21,21,21,21,21,21,21,21,21,21
62490,1,1,23,23,23,23,23,23,23,23,23,23
62490,2,1,0,0,0,0,0,0,0,0,0,0
62491,0,1,0,0,0,0,0,0,0,0,0,0
62491,1,1,0,0,0,0,34,0,0,0,0,0
62492,0,1,10,0,0,28,0,48,0,0,0,16
62492,1,1,0,0,0,0,0,0,0,0,0,0
62493,1,1,0,0,0,0,0,0,0,0,0,0
62495,1,1,0,0,0,0,0,0,0,0,0,0
62495,2,1,0,0,0,0,0,0,0,0,0,0
62496,1,1,0,0,0,0,0,0,0,0,0,0
62496,2,1,0,0,0,0,0,0,0,0,0,0
62497,1,1,0,23,25,0,0,0,0,0,0,15
62498,0,1,0,0,0,0,0,0,0,0,0,0
62498,1,1,0,0,0,0,0,0,0,0,0,0
62499,1,1,0,0,0,0,0,0,0,0,0,0
62500,1,1,19,0,0,0,0,0,0,0,0,0
62501,1,1,0,0,0,0,0,0,0,0,0,0
62501,2,1,0,27,0,6,0,10,0,15,21,19
62502,1,1,0,0,0,0,0,0,0,0,0,0
62502,2,1,0,0,0,0,0,0,0,0,0,0
62503,1,1,0,0,0,0,0,0,0,0,0,0
62504,0,1,7,9,20,0,0,0,0,0,13,0
62504,1,1,6,0,0,0,0,0,0,0,0,0
62505,0,1,3,3,3,3,3,3,3,3,3,3
62505,1,1,0,0,0,0,0,0,0,0,0,0
62506,0,1,20,0,8,11,0,23,0,22,21,17
62506,1,1,0,0,0,0,0,0,0,0,0,0
62507,1,1,0,0,0,0,0,0,0,0,0,0
62507,2,1,0,0,0,0,0,0,0,0,0,0
62508,1,1,0,0,0,0,0,0,0,0,0,0
62508,2,1,0,0,0,0,0,0,0,0,0,0
62509,0,1,23,23,23,23,23,23,23,23,23,23
62509,1,1,0,0,0,0,0,0,0,0,0,0
62510,1,1,0,0,0,0,0,0,0,0,0,0
62510,2,1,0,0,0,0,10,0,0,0,0,0
62511,1,1,15,15,15,15,15,15,15,15,15,15
62512,1,1,0,0,0,0,0,0,0,0,0,0
62512,2,1,0,0,0,0,0,0,0,0,0,0
62512,3,1,0,0,0,0,0,0,0,0,0,0
62512,4,1,0,0,0,0,0,0,0,0,0,0
62513,1,1,15,15,15,15,15,15,15,15,15,15
62514,0,1,0,0,0,0,0,0,0,0,0,0
62514,1,1,0,0,0,0,0,0,0,0,0,0
62515,0,1,0,0,0,0,0,0,0,0,0,0
62515,1,1,0,0,0,0,0,0,0,0,0,0
62516,1,1,0,0,0,0,0,0,0,0,0,0
62516,2,1,0,0,0,0,0,0,0,0,0,0
62517,0,1,0,0,0,0,0,0,0,0,0,0
62517,1,1,0,0,0,0,0,0,0,0,0,0
62518,0,1,23,23,23,23,23,23,23,23,23,23
62518,1,1,0,0,0,0,0,0,0,0,0,0
62519,0,1,0,0,0,0,0,0,0,0,0,0
62519,1,1,0,0,0,0,0,0,0,0,0,0
62521,0,1,0,0,0,0,0,0,0,0,0,0
62521,1,1,0,0,0,0,7,0,0,0,0,0
62522,1,1,0,0,0,0,0,0,0,0,0,0
62522,2,1,0,0,0,0,0,0,0,0,0,0
62523,0,1,0,0,0,0,0,0,0,0,0,0
62523,1,1,0,0,0,0,0,0,0,0,0,0
62524,1,1,0,0,0,0,0,0,0,0,0,0
62524,2,1,10,0,0,8,21,17,0,0,0,32
62525,1,1,0,0,0,0,0,0,0,0,0,0
62526,1,1,20,20,20,20,20,20,20,20,20,20
62527,1,1,17,17,17,17,17,17,17,17,17,17
62528,1,1,11,11,11,11,11,11,11,11,11,11
62529,0,1,0,0,0,0,0,0,0,0,0,0
62529,1,1,16,0,0,23,19,0,0,4,0,0
62530,1,1,0,0,0,0,0,0,0,0,0,0
62530,2,1,0,0,0,0,0,0,0,0,0,0
62531,0,1,0,0,0,0,0,0,0,0,0,0
62531,2,1,0,7,0,0,0,0,0,0,0,0
62532,1,1,3,3,3,3,3,3,3,3,3,3
62532,2,1,0,0,0,0,0,0,0,0,0,0
62533,1,1,9,9,9,9,9,9,9,9,9,9
62534,1,1,29,29,29,29,29,29,29,29,29,29
62534,2,1,0,0,0,0,0,0,0,0,0,0
62535,1,1,0,0,0,0,0,0,0,0,0,0
62536,1,1,0,0,0,0,0,0,0,0,0,0
62536,2,1,0,0,12,0,0,0,0,0,0,0
62537,0,1,0,0,0,0,0,0,0,0,0,0
62537,1,1,0,0,0,0,0,0,0,0,0,0
62538,1,1,0,0,8,0,11,0,0,0,0,0
62539,1,1,26,26,26,26,26,26,26,26,26,26
62540,1,1,13,13,13,13,13,13,13,13,13,13
62541,1,1,0,0,0,0,0,0,0,0,0,0
62541,2,1,0,0,0,0,0,0,0,0,0,0
62542,1,1,0,0,0,0,20,0,32,0,0,0
62543,1,1,32,32,32,32,32,32,32,32,32,32
62544,1,1,0,0,0,0,0,0,0,0,0,0
62544,2,1,0,0,0,0,0,0,0,0,0,0
62545,1,1,0,0,0,0,0,0,0,0,0,0
62545,2,1,0,0,0,0,0,0,0,0,0,0
62546,1,1,0,0,0,0,0,0,0,0,0,0
62547,1,1,0,0,0,0,0,0,0,0,0,0
62547,2,1,0,0,0,0,0,0,0,0,0,0
62548,1,1,0,0,0,0,0,0,0,0,0,0
62548,2,1,5,5,5,5,5,5,5,5,5,5
62548,3,1,0,0,0,0,0,0,0,0,0,0
62548,4,1,0,0,0,0,0,0,0,0,0,0
62549,1,1,0,0,0,0,0,0,0,0,0,0
62549,2,1,0,0,0,0,0,0,0,0,0,0
62550,1,1,0,0,0,0,0,0,0,0,0,0
62550,2,1,0,0,0,0,16,0,17,0,0,0
62551,0,1,0,0,0,0,0,0,0,0,29,18
62551,1,1,0,0,0,0,0,0,0,0,0,0
62552,1,1,21,21,21,21,21,21,21,21,21,21
62552,2,1,0,0,0,0,0,0,0,0,0,0
62553,0,1,0,0,0,0,0,0,0,0,0,0
62553,1,1,0,0,0,0,0,0,0,17,0,0
62554,1,1,8,8,8,8,8,8,8,8,8,8
62555,1,1,0,0,0,0,0,0,0,0,0,0
62555,2,1,0,0,0,0,0,0,16,0,0,0
62556,0,1,0,0,0,0,0,0,0,0,0,0
62556,1,1,9,0,0,0,0,0,16,0,0,0
62557,1,1,0,0,0,18,15,0,5,0,0,0
62557,2,1,0,0,0,0,0,0,0,0,0,0
62558,0,1,0,0,0,0,0,0,0,0,0,0
62558,0,2,0,0,0,0,12,0,0,0,0,0
62558,0,3,0,0,0,0,0,0,0,0,0,0
62558,1,1,0,0,7,0,0,0,0,0,0,0
62559,1,1,0,0,0,0,0,0,0,0,0,0
62559,2,1,0,0,0,0,17,0,0,0,13,0
62560,0,1,0,0,0,0,0,0,0,0,0,0
62560,1,1,0,0,0,0,0,0,0,0,0,0
62561,1,1,0,0,0,0,0,0,0,0,0,0
62562,1,1,0,0,0,0,0,0,0,0,0,0
62562,2,1,0,0,0,0,0,0,0,0,0,0
62562,3,1,0,0,0,0,0,0,0,0,0,0
62563,1,1,17,17,17,17,17,17,17,17,17,17
62564,1,1,0,0,0,0,0,0,0,0,0,0
62564,2,1,0,0,0,0,0,0,0,0,24,0
62565,0,1,0,0,0,0,0,0,0,0,0,0
62565,1,1,0,0,0,0,0,0,0,0,0,0
62566,0,1,0,0,0,0,0,0,0,0,0,0
62566,0,2,0,0,0,0,0,0,0,0,0,0
62566,0,3,0,0,0,0,0,0,0,0,0,0
62566,0,4,0,0,35,0,0,0,0,0,0,0
62566,0,5,0,7,0,0,0,0,0,0,0,0
62566,1,1,27,0,0,0,0,0,0,0,0,0
62567,1,1,8,8,8,8,8,8,8,8,8,8
62568,0,1,6,6,25,10,21,20,18,25,39,0
62568,1,1,0,0,0,0,9,0,0,0,0,0
62569,1,1,0,0,0,0,0,0,0,0,0,0
62570,1,1,0,0,0,0,0,0,0,0,0,0
62570,2,1,0,0,0,0,0,0,0,0,0,0
62570,3,1,0,0,0,0,0,0,0,0,0,0
62571,1,1,0,0,0,0,0,0,0,0,0,0
62571,2,1,0,0,0,0,0,0,0,0,0,0
62571,3,1,0,0,0,0,0,0,0,0,0,0
62572,1,1,0,0,0,0,0,0,0,0,0,0
62572,2,1,0,0,0,0,0,0,0,0,0,0
62573,1,1,0,0,0,0,0,0,5,0,0,0
62573,2,1,0,0,0,0,0,0,0,0,0,0
62574,1,1,0,0,0,0,0,0,0,0,0,0
62575,0,1,0,0,0,18,0,0,0,0,0,0
62575,1,1,21,21,21,21,21,21,21,21,21,21
62576,1,1,22,22,22,22,22,22,22,22,22,22
62577,0,1,21,43,13,0,8,0,0,0,0,0
62577,1,1,0,0,0,20,0,0,0,0,0,0
62578,1,1,0,0,17,0,0,0,0,0,0,0
62578,2,1,0,0,0,0,0,0,0,0,0,0
62578,3,1,0,0,0,0,0,30,0,0,0,0
62579,0,1,16,16,16,16,16,16,16,16,16,16
62579,1,1,0,6,0,0,0,0,0,24,0,10
62580,1,1,0,0,0,0,0,0,0,0,0,0
62580,2,1,0,0,0,0,0,0,0,0,0,0
62581,1,1,0,0,0,0,0,0,0,0,0,0
62581,2,1,0,0,0,0,0,0,0,0,0,0
62582,1,1,0,0,0,0,0,0,0,0,0,0
62582,2,1,0,0,0,0,0,0,0,0,0,0
62582,3,1,0,0,0,0,0,14,0,0,19,0
62583,1,1,0,0,0,0,0,0,0,0,0,0
62583,2,1,0,0,0,0,0,0,0,0,0,0
62584,0,1,0,0,0,0,0,0,0,0,0,0
62584,1,1,0,0,0,0,0,0,0,22,0,0
62585,0,1,0,0,0,0,0,0,0,0,0,0
62585,1,1,0,0,0,6,20,0,0,0,0,14
62585,2,1,0,0,0,0,0,0,18,0,0,0
62585,3,1,0,0,24,0,0,0,0,0,0,0
62585,4,1,0,0,20,0,15,0,0,0,0,0
62586,0,1,12,12,12,12,12,12,12,12,12,12
62586,1,1,0,0,0,0,0,0,0,0,0,0
62587,1,1,0,0,0,10,5,8,0,0,0,0
62587,2,1,0,0,0,0,0,0,0,0,0,0
62588,1,1,3,3,3,3,3,3,3,3,3,3
62588,2,1,0,0,21,0,0,0,0,0,0,0
62589,0,1,19,19,19,19,19,19,19,19,19,19
62589,1,1,0,0,0,0,0,0,0,0,0,0
62590,0,1,23,23,23,23,23,23,23,23,23,23
62590,1,1,0,0,0,0,0,0,0,0,0,10
62591,2,1,0,0,0,0,0,0,0,0,0,0
62592,0,1,2,2,2,2,2,2,2,2,2,2
62592,1,1,0,0,0,0,0,0,0,0,0,0
62594,1,1,4,4,4,4,4,4,4,4,4,4
62595,0,1,0,0,0,0,0,0,0,0,0,0
62595,1,1,0,0,0,0,0,0,0,0,0,0
62596,1,1,25,25,25,25,25,25,25,25,25,25
62597,0,1,0,0,0,0,0,0,0,0,0,0
62597,1,1,0,0,0,0,0,0,0,0,0,0
62598,1,1,20,15,29,36,24,16,14,16,8,20
62598,2,1,0,0,0,0,0,0,0,0,0,0
62599,1,1,0,0,0,0,0,0,0,0,0,0
62599,2,1,0,0,0,0,0,0,0,0,0,0
62600,0,1,27,27,27,27,27,27,27,27,27,27
62600,1,1,0,0,12,0,0,0,0,0,0,0
62601,0,1,0,29,0,4,15,22,0,32,10,29
62601,1,1,0,0,0,0,0,0,0,0,0,0
62601,2,1,0,0,0,0,0,0,0,0,0,0
62601,3,1,0,0,0,0,0,0,0,0,0,0
62602,0,1,0,29,27,0,0,0,0,0,0,0
62602,1,1,0,0,0,0,9,0,0,0,0,0
62603,1,1,0,0,0,34,0,0,31,0,0,0
62603,2,1,0,0,0,0,0,0,0,0,0,0
62604,1,1,7,0,0,0,0,0,0,0,0,0
62605,1,1,0,28,0,5,0,0,0,0,20,0
62606,0,1,19,19,19,19,19,19,19,19,19,19
62606,1,1,0,0,0,0,0,0,0,0,0,0
62607,0,1,13,13,13,13,13,13,13,13,13,13
62607,1,1,0,0,0,0,0,0,0,0,0,0
62608,1,1,0,0,0,0,12,0,0,4,0,0
62609,0,1,0,0,0,0,0,0,0,0,0,0
62609,1,1,0,0,0,0,0,0,0,0,0,0
62610,1,1,53,53,53,53,53,53,53,53,53,53
62611,1,1,0,0,0,0,6,0,0,0,0,31
62611,2,1,0,0,0,0,0,0,0,0,0,0
62611,3,1,0,0,0,0,0,0,0,0,0,0
62612,0,1,0,14,0,0,0,24,0,0,0,0
62612,1,1,0,0,0,0,0,0,0,0,0,0
62613,0,1,0,0,0,0,0,0,0,12,0,0
62613,1,1,0,0,0,0,10,15,0,0,0,0
62614,0,1,0,0,0,0,0,0,0,0,0,0
62614,1,1,0,0,0,0,0,0,0,0,0,0
62614,2,1,0,0,0,0,0,0,0,0,0,0
62615,0,1,24,0,0,0,0,0,17,6,18,0
62615,1,1,0,0,0,0,0,0,0,0,0,0
62616,0,1,0,0,0,0,0,0,0,0,0,0
62616,1,1,0,0,0,0,17,0,0,0,26,0
62618,1,1,0,0,0,0,0,0,0,0,0,0
62618,2,1,0,0,0,0,10,0,0,0,0,0
62619,1,1,0,0,0,0,0,0,0,0,0,0
62620,1,1,14,14,14,14,14,14,14,14,14,14
62620,2,1,29,21,7,0,4,22,15,0,0,10
62621,1,1,0,0,0,0,0,0,0,0,0,0
62621,2,1,22,0,0,0,0,0,24,0,0,0
62621,4,1,0,0,0,0,0,0,0,0,0,0
62622,1,1,0,0,0,0,0,0,0,0,0,0
62622,2,1,0,0,0,0,0,0,0,0,0,0
62623,1,1,0,0,0,0,0,0,0,0,0,0
62623,2,1,0,0,0,0,0,0,0,0,0,0
62623,3,1,0,0,0,0,0,0,0,0,0,0
62624,0,1,0,0,0,0,0,0,0,0,0,0
62624,1,1,0,0,0,0,0,0,0,0,0,0
62625,1,1,0,0,0,0,0,0,0,0,0,0
62625,2,1,0,0,0,0,0,0,0,0,0,0
62625,3,1,0,0,0,0,0,0,0,0,0,0
62625,4,1,0,0,0,14,0,0,0,0,17,0
62626,0,1,0,0,0,0,0,0,0,0,0,0
62626,1,1,14,14,14,14,14,14,14,14,14,14
62627,0,1,16,0,14,0,0,3,0,0,0,0
62627,1,1,0,0,0,0,0,20,0,0,0,0
62628,1,1,0,0,0,0,0,0,0,0,0,0
62628,2,1,0,0,0,0,0,0,0,0,0,0
62629,1,1,22,12,33,20,9,35,16,0,2,0
62630,1,1,0,0,0,0,0,0,0,24,0,0
62631,0,1,14,14,14,14,14,14,14,14,14,14
62631,1,1,0,0,17,0,0,0,0,0,0,0
62632,1,1,19,19,19,19,19,19,19,19,19,19
62633,1,1,25,25,25,25,25,25,25,25,25,25
62633,2,1,0,0,18,0,0,0,0,14,0,0
62634,0,1,0,0,0,0,0,0,0,0,0,0
62634,1,1,0,0,0,0,0,12,0,0,0,7
62635,0,1,0,0,0,0,0,0,0,0,0,0
62635,1,1,21,0,16,10,7,14,21,0,16,0
62636,0,1,21,21,21,21,21,21,21,21,21,21
62636,1,1,0,0,0,0,0,0,0,0,0,0
62637,0,1,0,0,0,0,0,0,0,0,0,0
62637,1,1,0,0,0,0,0,0,0,0,0,0
62638,1,1,19,19,19,19,19,19,19,19,19,19
62638,2,1,0,0,0,0,0,0,0,0,0,0
62639,1,1,32,32,32,32,32,32,32,32,32,32
62640,0,1,0,0,0,0,0,0,0,0,0,0
62640,0,2,20,0,0,23,0,9,8,0,0,0
62640,1,1,4,17,36,10,0,24,19,14,23,15
62641,0,1,10,10,10,10,10,10,10,10,10,10
62641,1,1,0,0,0,0,0,0,0,0,0,0
62642,1,1,0,0,0,0,0,0,0,0,0,0
62642,2,1,0,0,0,0,0,0,0,0,0,0
62644,1,1,17,17,17,17,17,17,17,17,17,17
62645,1,1,0,0,0,0,0,0,0,0,0,0
62647,0,1,4,4,4,4,4,4,4,4,4,4
62647,1,1,0,0,0,0,0,0,0,0,12,0
62647,2,1,20,20,20,20,20,20,20,20,20,20
62647,3,1,0,0,0,0,0,0,0,0,0,12
62648,1,1,12,12,12,12,12,12,12,12,12,12
62648,2,1,0,0,0,0,0,0,16,0,0,0
62649,1,1,0,0,0,0,0,0,0,0,0,0
62649,2,1,0,0,0,0,0,0,0,0,0,0
62650,0,1,0,0,0,0,0,10,0,0,0,0
62650,1,1,0,0,0,0,0,0,0,0,0,0
62651,0,1,0,0,0,0,0,0,0,0,0,0
62651,1,1,0,0,0,0,0,0,0,0,0,0
62652,0,1,16,16,16,16,16,16,16,16,16,16
62652,1,1,0,0,0,0,14,0,0,0,0,0
62652,2,1,0,0,0,0,0,22,0,13,0,0
62653,0,1,11,11,11,11,11,11,11,11,11,11
62653,1,1,0,0,0,0,0,0,0,0,0,0
62654,0,1,32,0,0,21,0,6,0,0,21,0
62654,1,1,0,0,0,0,0,0,0,4,0,0
62655,0,1,11,17,22,14,8,8,34,24,35,13
62655,1,1,0,0,0,0,0,0,0,0,0,0
62656,1,1,0,0,0,0,0,0,0,0,0,0
62656,2,1,0,0,0,7,0,0,0,0,0,0
62657,0,1,0,0,0,0,0,0,0,0,0,0
62657,1,1,0,0,0,0,0,0,0,0,0,0
62658,0,1,0,0,0,0,0,0,0,20,0,0
62658,1,1,0,0,0,0,0,0,0,0,0,0
62659,0,1,0,0,0,0,0,0,0,0,0,0
62659,1,1,0,0,0,0,0,0,11,0,0,0
62660,0,1,0,0,0,0,0,0,0,0,0,0
62660,1,1,0,17,0,24,15,23,17,0,13,0
62661,1,1,11,22,9,15,0,8,0,17,0,0
62661,2,1,0,0,0,0,0,0,0,0,0,0
62662,0,1,0,0,0,0,0,0,0,0,0,0
62662,1,1,0,0,21,0,0,0,0,0,0,0
62663,1,1,0,25,0,23,0,17,0,0,12,0
62664,0,1,0,0,0,0,0,0,0,0,0,0
62664,1,1,0,0,0,0,0,0,0,0,0,0
62665,1,1,0,0,0,0,0,0,0,0,0,0
62665,2,1,0,0,0,0,0,0,0,0,0,0
62665,3,1,0,0,0,0,0,0,0,0,0,0
62666,0,1,0,0,0,0,0,0,0,0,0,0
62666,1,1,0,0,0,0,0,0,0,0,5,0
62667,0,1,0,0,0,0,0,0,0,0,0,0
62667,1,1,0,0,0,0,0,0,0,0,0,0
62668,0,1,11,11,11,11,11,11,11,11,11,11
62668,1,1,0,0,15,0,0,5,0,10,0,0
62669,1,1,21,21,21,21,21,21,21,21,21,21
62670,1,1,0,22,0,0,0,0,0,0,0,0
62670,2,1,0,0,0,0,0,16,5,0,0,0
62671,1,1,0,0,0,0,0,0,0,0,0,0
62671,2,1,0,0,21,0,0,0,0,0,0,0
62672,1,1,21,21,21,21,21,21,21,21,21,21
62673,1,1,15,15,15,15,15,15,15,15,15,15
62673,2,1,28,28,28,28,28,28,28,28,28,28
62673,3,1,0,0,0,0,0,0,0,0,0,0
62674,1,1,0,0,0,0,0,0,0,0,0,0
62674,2,1,0,0,0,22,0,0,0,0,0,13
62674,3,1,0,0,0,0,0,0,38,0,0,0
62674,4,1,0,0,0,0,0,0,0,0,0,0
62675,0,1,0,0,0,0,0,0,0,0,0,0
62675,1,1,0,0,0,0,0,0,0,0,0,0
62675,2,1,0,0,0,0,0,0,0,0,6,3
62676,1,1,0,0,0,0,0,0,0,0,0,0
62676,2,1,0,0,0,0,31,0,0,0,0,0
62676,3,1,12,0,0,0,0,0,0,9,0,0
62676,4,1,0,0,0,0,0,0,0,0,0,0
62677,1,1,0,0,27,0,0,0,0,0,0,0
62677,2,1,0,0,0,0,0,0,0,0,0,0
62678,0,1,0,0,0,0,0,0,0,0,0,0
62678,1,1,0,0,0,0,0,6,0,9,0,21
62679,0,1,0,0,0,14,0,20,0,0,5,6
62679,1,1,0,0,0,0,0,0,0,0,0,0
62680,1,1,0,0,0,8,0,0,0,0,0,0
62680,2,1,0,0,0,0,0,0,0,0,0,0
62681,1,1,19,19,19,19,19,19,19,19,19,19
62682,1,1,22,22,22,22,22,22,22,22,22,22
62683,1,1,0,0,0,0,0,0,0,0,0,0
62684,0,1,0,0,0,0,0,0,0,0,0,0
62684,1,1,0,0,0,0,0,0,0,0,0,0
62685,0,1,10,10,10,10,10,10,10,10,10,10
62685,1,1,0,0,0,0,0,0,0,0,0,0
62686,1,1,0,0,0,0,0,0,0,0,0,0
62686,2,1,0,0,0,0,0,0,0,0,0,0
62687,1,1,18,18,18,18,18,18,18,18,18,18
62688,1,1,0,0,0,0,0,0,0,0,0,0
62688,2,1,0,0,0,0,0,0,0,0,0,0
62688,3,1,0,0,0,0,0,0,0,9,0,0
62688,4,1,0,0,0,0,0,0,14,12,12,0
62689,1,1,15,0,0,0,18,0,0,0,0,8
62690,1,1,19,19,19,19,19,19,19,19,19,19
62690,2,1,0,0,0,0,0,0,0,0,0,0
62691,0,1,0,0,0,0,0,0,0,0,0,0
62691,1,1,0,0,0,0,0,0,0,0,0,0
62692,1,1,0,0,0,0,0,0,0,0,0,0
62692,2,1,0,0,0,0,0,0,0,0,0,0
62693,1,1,0,0,0,0,0,0,0,0,0,0
62693,2,1,0,0,0,0,0,0,0,0,0,0
62694,0,1,22,22,22,22,22,22,22,22,22,22
62694,1,1,0,0,0,0,0,0,0,0,0,0
62695,0,1,20,20,20,20,20,20,20,20,20,20
62695,1,1,0,0,0,0,0,12,0,25,0,0
62696,1,1,37,37,37,37,37,37,37,37,37,37
62696,2,1,0,0,0,0,0,0,0,0,0,0
62697,1,1,0,0,0,0,0,0,0,0,0,0
62697,2,1,0,0,0,0,0,0,0,0,0,0
62698,2,1,0,0,0,0,0,0,0,0,0,0
62698,3,1,0,0,0,0,0,0,0,0,0,0
62699,1,1,23,0,0,0,0,0,0,0,0,0
62700,1,1,0,0,0,0,0,0,0,0,0,0
62700,2,1,0,0,0,0,0,0,0,0,0,0
62701,1,1,0,0,0,0,0,0,0,0,0,0
62701,2,1,0,0,0,0,0,0,0,0,0,0
62702,1,1,6,6,6,6,6,6,6,6,6,6
62703,1,1,9,0,0,0,0,0,0,0,0,0
62703,2,1,0,0,0,0,0,0,0,0,0,0
62704,0,1,0,0,0,0,0,0,0,0,0,0
62704,1,1,0,0,0,0,0,23,0,0,0,0
62705,0,1,0,0,0,0,0,0,0,0,0,0
62705,1,1,0,0,0,0,0,0,0,19,22,0
62706,1,1,10,10,10,10,10,10,10,10,10,10
62706,2,1,0,0,0,0,0,25,0,0,15,0
62706,3,1,0,0,0,0,0,0,0,0,0,0
62707,1,1,0,0,0,0,0,0,0,0,0,0
62708,1,1,0,0,0,0,0,0,0,0,0,0
62708,2,1,0,0,0,0,0,0,0,0,0,0
62709,0,1,0,0,0,0,0,11,23,13,0,0
62709,1,1,0,0,0,0,0,0,0,18,0,0
62710,1,1,0,0,0,0,0,0,0,0,0,0
62711,1,1,16,16,16,16,16,16,16,16,16,16
62711,2,1,0,0,0,0,0,0,0,0,0,0
62711,3,1,0,0,0,0,0,0,0,0,0,0
62712,1,1,6,6,6,6,6,6,6,6,6,6
62713,0,1,3,42,8,12,14,14,30,27,43,14
62713,1,1,0,0,0,0,0,0,0,0,0,0
62714,0,1,0,0,0,0,0,0,0,0,0,0
62714,1,1,0,0,0,0,0,0,0,0,0,0
62715,1,1,23,0,0,0,0,11,0,0,0,0
62715,2,1,0,0,0,0,0,0,0,0,0,0
62716,1,1,0,0,0,0,0,0,0,0,0,0
62717,1,1,18,18,18,18,18,18,18,18,18,18
62717,2,1,0,0,0,0,0,0,0,0,0,0
62718,1,1,0,0,0,0,0,0,0,0,0,0
62718,2,1,0,0,0,0,0,0,0,0,0,0
62719,1,1,0,0,0,0,0,0,0,0,0,0
62720,1,1,12,13,20,19,16,9,8,11,6,18
62721,1,1,0,0,0,0,0,0,0,0,0,0
62722,0,1,0,0,0,0,0,0,0,0,0,0
62722,1,1,0,0,0,0,15,0,0,0,0,0
62723,1,1,0,0,13,0,0,0,0,0,0,0
62723,2,1,0,0,0,0,0,0,0,0,0,0
62723,3,1,0,0,0,0,0,0,0,0,0,0
62724,1,1,0,0,0,0,0,0,0,0,0,0
62725,0,1,0,0,0,0,0,0,0,0,0,0
62725,1,1,0,0,0,0,0,0,0,0,0,0
62726,1,1,0,0,0,0,0,0,0,0,0,0
62726,2,1,0,0,0,0,0,0,0,0,0,0
62726,3,1,0,0,0,0,23,0,0,0,0,0
62726,4,1,0,0,0,0,0,0,0,0,0,0
62727,1,1,0,0,0,0,0,0,0,0,0,0
62727,2,1,0,0,0,0,0,0,0,0,0,0
62727,3,1,0,0,0,0,0,0,0,0,0,0
62727,4,1,0,0,0,0,0,0,0,0,0,0
62728,0,1,0,0,0,0,21,11,0,0,0,0