ST_CASE,VEH_NO,PER_NO,P1,P2,P3,P4,P5,P6,P7,P8,P9,P10
62728,1,1,0,9,0,0,0,0,0,0,0,0
62729,1,1,12,0,0,0,0,14,0,9,0,0
62730,1,1,0,0,0,0,0,0,0,0,0,0
62730,2,1,0,0,0,0,0,0,0,0,0,0
62731,1,1,0,0,0,0,0,0,0,0,0,0
62732,1,1,0,0,0,0,0,0,0,0,0,0
62732,2,1,0,0,0,0,0,0,0,0,0,0
62732,3,1,0,0,0,0,0,0,0,0,0,0
62733,1,1,20,20,20,20,20,20,20,20,20,20
62734,1,1,11,0,0,0,0,13,0,0,0,0
62734,2,1,0,0,0,0,0,0,0,0,0,0
62735,1,1,0,0,0,0,0,0,0,0,0,0
62736,0,1,0,0,0,0,0,0,0,0,0,0
62736,1,1,0,0,0,0,0,0,0,0,0,0
62737,0,1,24,24,24,24,24,24,24,24,24,24
62737,1,1,0,0,0,0,0,16,0,0,0,0
62738,1,1,0,0,0,0,0,0,0,0,0,0
62739,0,1,0,0,0,0,0,0,0,0,0,0
62739,1,1,0,0,21,0,7,0,0,0,0,0
62740,1,1,7,7,7,7,7,7,7,7,7,7
62741,0,1,0,13,20,26,0,21,0,8,0,0
62741,1,1,0,0,0,0,0,0,0,0,0,0
62742,0,1,0,0,0,0,0,0,0,0,0,0
62742,1,1,0,0,0,0,0,0,0,0,0,0
62743,1,1,0,0,0,24,0,11,22,18,25,9
62744,1,1,0,0,0,0,0,0,0,0,0,0
62745,0,1,0,0,0,0,0,0,0,0,0,0
62745,1,1,0,6,0,0,12,0,0,0,0,0
62745,2,1,12,0,0,0,13,23,0,0,0,0
62745,3,1,0,0,5,0,0,10,0,0,0,13
62746,1,1,0,0,0,0,0,0,0,0,0,0
62746,2,1,0,0,0,0,0,0,0,0,0,0
62747,1,1,0,0,0,0,0,0,0,0,0,0
62747,2,1,0,0,0,0,0,0,0,0,0,0
62748,0,1,0,0,0,0,0,0,0,0,0,0
62748,1,1,0,0,0,0,0,0,0,0,0,0
62749,0,1,0,0,0,0,0,0,0,0,0,0
62749,1,1,0,0,0,0,0,0,0,0,0,0
62750,1,1,30,30,30,30,30,30,30,30,30,30
62750,2,1,0,0,0,0,0,0,0,0,0,0
62751,1,1,0,0,0,0,0,35,0,0,0,0
62751,2,1,0,0,0,0,0,0,13,0,0,0
62752,0,1,0,0,0,0,0,0,0,0,0,8
62752,1,1,17,17,17,17,17,17,17,17,17,17
62753,1,1,19,19,19,19,19,19,19,19,19,19
62753,2,1,29,0,0,0,0,0,0,0,0,0
62754,1,1,0,0,0,0,0,0,0,0,0,0
62754,2,1,0,0,0,0,0,0,0,0,0,0
62755,0,1,0,0,0,0,0,0,0,0,0,0
62755,1,1,0,0,0,0,0,0,0,0,0,0
62756,1,1,0,0,0,0,0,0,0,0,30,0
62756,2,1,0,0,0,0,0,0,0,0,0,0
62757,0,1,20,20,20,20,20,20,20,20,20,20
62757,0,2,0,0,0,0,0,0,0,0,0,0
62757,1,1,0,0,0,0,0,0,0,0,0,0
62758,1,1,0,0,0,0,0,0,0,0,0,0
62758,2,1,12,12,12,12,12,12,12,12,12,12
62759,1,1,0,0,0,0,0,0,0,0,0,0
62760,1,1,0,0,0,0,0,0,0,0,0,0
62761,1,1,0,0,0,0,0,0,0,0,0,0
62761,2,1,0,0,0,12,0,0,0,0,0,0
62761,3,1,0,0,0,0,0,0,0,11,0,0
62761,4,1,0,0,0,0,0,0,0,0,0,0
62761,5,1,0,0,0,0,0,0,0,0,0,0
62762,1,1,0,0,0,0,0,0,0,19,0,0
62763,1,1,34,34,34,34,34,34,34,34,34,34
62764,1,1,0,0,0,0,0,0,0,0,0,0
62764,2,1,0,0,0,0,0,0,0,0,0,0
62765,1,1,11,0,14,0,0,10,0,0,0,0
62765,2,1,0,0,0,0,0,0,0,0,0,0
62766,0,1,0,0,0,0,0,0,0,0,0,0
62766,1,1,0,0,0,0,0,0,0,0,0,0
62767,0,1,19,19,19,19,19,19,19,19,19,19
62767,1,1,0,0,0,0,0,0,0,0,0,0
62768,1,1,0,0,0,0,0,0,0,0,0,0
62768,2,1,0,0,36,0,0,0,0,14,0,14
62769,1,1,0,0,0,0,0,0,0,0,0,0
62769,2,1,0,0,0,0,0,0,0,0,0,0
62770,1,1,0,0,3,0,0,0,0,0,0,10
62770,2,1,0,0,0,0,0,0,0,0,0,0
62771,1,1,0,0,0,0,0,0,0,0,0,0
62772,1,1,24,24,24,24,24,24,24,24,24,24
62772,2,1,0,0,0,0,10,0,0,0,0,0
62773,0,1,29,7,13,0,10,36,0,0,28,29
62773,1,1,0,0,0,0,0,0,0,0,0,0
62774,1,1,14,14,14,14,14,14,14,14,14,14
62774,2,1,0,0,0,0,0,0,0,0,0,0
62775,1,1,0,0,0,0,0,0,0,0,0,0
62775,2,1,3,3,3,3,3,3,3,3,3,3
62776,1,1,0,0,0,0,0,0,0,0,0,0
62776,2,1,0,0,0,0,0,27,17,0,0,0
62777,1,1,0,0,0,0,0,0,0,0,0,0
62778,1,1,34,11,23,26,18,6,27,21,10,14
62778,2,1,7,23,0,0,12,0,0,0,0,0
62778,3,1,15,11,0,0,22,0,25,3,7,16
62779,1,1,0,0,0,0,15,0,35,0,0,12
62780,0,1,20,27,0,8,0,0,0,0,0,0
62780,1,1,0,0,0,0,0,0,0,0,0,0
62781,0,1,0,0,0,0,0,0,0,0,0,0
62781,1,1,0,0,0,0,0,22,15,0,0,19
62782,1,1,11,11,11,11,11,11,11,11,11,11
62783,0,1,0,0,0,0,0,0,0,0,0,0
62783,1,1,0,0,0,0,0,0,0,0,0,0
62784,0,1,0,0,0,0,0,0,0,0,0,0
62784,1,1,17,18,19,0,26,0,0,0,0,0
62785,0,1,1,1,1,1,1,1,1,1,1,1
62785,1,1,0,0,0,0,0,0,0,0,0,0
62786,1,1,15,0,0,0,0,0,0,0,0,0
62786,2,1,0,0,0,0,0,0,0,0,0,0
62787,0,1,0,0,45,0,41,0,22,7,0,31
62787,1,1,0,0,11,0,0,0,0,0,0,0
62788,0,1,0,0,0,0,0,0,0,0,0,0
62788,1,1,0,0,0,0,0,0,0,0,0,0
62789,1,1,0,0,0,0,0,0,0,0,0,0
62789,2,1,0,0,0,0,0,0,0,0,0,0
62790,1,1,0,0,0,0,0,0,0,0,0,0
62790,2,1,0,0,0,0,0,0,0,0,0,0
62791,1,1,0,0,0,0,0,0,0,0,0,0
62791,2,1,0,0,0,0,0,0,0,0,0,0
62792,1,1,9,9,9,9,9,9,9,9,9,9
62792,2,1,0,0,0,0,0,0,0,0,0,0
62793,0,1,0,0,0,0,0,0,0,0,0,0
62793,1,1,0,19,0,0,9,0,0,0,0,0
62793,2,1,0,0,0,0,0,0,0,0,0,0
62794,0,1,33,33,33,33,33,33,33,33,33,33
62794,1,1,0,0,7,0,0,0,0,0,0,0
62795,0,1,0,0,0,0,0,0,0,0,0,0
62795,1,1,23,0,0,0,0,0,0,0,0,0
62795,2,1,0,0,0,0,0,0,0,0,0,0
62796,1,1,0,0,0,0,0,0,0,0,0,0
62796,2,1,0,0,0,0,0,0,0,0,0,0
62797,0,1,29,29,29,29,29,29,29,29,29,29
62797,1,1,0,0,0,0,0,0,0,0,0,0
62798,1,1,0,0,0,0,0,0,0,0,0,0
62798,2,1,0,0,0,8,0,0,0,0,0,0
62799,1,1,0,0,0,0,0,0,0,0,0,11
62799,2,1,0,0,0,0,0,0,0,0,0,0
62799,3,1,0,0,0,0,0,0,0,0,0,0
62799,4,1,0,0,0,0,0,0,0,0,0,0
62799,5,1,0,0,0,0,0,0,0,0,0,0
62800,1,1,0,0,0,0,0,0,0,0,0,0
62801,1,1,21,21,21,21,21,21,21,21,21,21
62802,1,1,28,28,28,28,28,28,28,28,28,28
62803,0,1,0,0,0,16,0,8,5,0,0,0
62803,0,2,0,12,0,0,0,0,0,0,0,0
62803,1,1,23,0,7,0,0,0,0,0,0,0
62803,3,1,0,0,0,0,0,0,0,0,0,0
62804,1,1,0,0,0,0,0,0,0,0,0,0
62804,2,1,0,0,0,0,0,0,0,0,0,0
62805,0,1,0,0,0,0,0,0,0,0,0,0
62805,1,1,15,0,0,0,0,0,0,0,6,0
62805,2,1,0,0,0,0,0,0,0,0,0,0
62806,0,1,0,0,0,0,0,0,0,0,0,0
62806,1,1,0,0,0,0,0,0,0,0,9,0
62807,1,1,0,0,0,0,0,0,0,0,0,0
62807,3,1,0,0,0,13,0,0,0,0,17,34
62808,1,1,17,17,17,17,17,17,17,17,17,17
62809,1,1,0,0,0,0,0,0,0,0,0,0
62809,2,1,0,0,0,0,0,0,0,0,0,0
62810,0,1,25,0,23,20,0,0,16,9,37,6
62810,0,2,0,0,0,0,0,9,13,0,0,21
62810,1,1,6,6,6,6,6,6,6,6,6,6
62811,0,1,0,0,0,0,0,0,0,0,0,0
62811,1,1,0,0,0,0,0,0,0,0,0,0
62812,0,1,12,12,12,12,12,12,12,12,12,12
62812,1,1,0,0,0,0,0,0,0,0,0,0
62813,1,1,21,21,21,21,21,21,21,21,21,21
62813,2,1,0,11,12,11,0,0,0,10,0,0
62814,0,1,0,0,20,0,25,0,0,0,0,40
62814,1,1,0,0,19,0,0,0,0,0,0,0
62815,1,1,0,0,0,0,0,0,0,0,0,0
62815,2,1,0,0,0,0,0,0,0,0,0,0
62816,0,1,5,5,5,5,5,5,5,5,5,5
62816,1,1,0,0,0,0,0,0,0,23,31,0
62816,2,1,0,0,0,0,0,0,0,0,0,0
62817,1,1,10,10,10,10,10,10,10,10,10,10
62818,1,1,0,0,0,0,0,0,0,0,0,0
62819,0,1,0,0,0,0,0,0,0,0,0,0
62819,1,1,0,17,0,0,0,0,0,18,0,0
62820,1,1,18,18,18,18,18,18,18,18,18,18
62820,2,1,0,0,0,0,0,0,0,0,0,0
62821,0,1,0,24,0,0,15,0,0,0,0,0
62821,1,1,31,20,0,0,20,31,0,14,9,15
62822,1,1,20,20,20,20,20,20,20,20,20,20
62823,1,1,0,0,0,0,0,0,0,0,0,0
62823,2,1,0,0,0,0,0,0,0,0,0,0
62823,3,1,0,0,0,0,0,0,0,0,0,0
62824,0,1,0,0,0,26,23,0,0,0,0,0
62824,1,1,0,0,0,0,0,0,0,0,0,0
62825,0,1,0,0,0,0,0,0,0,0,0,0
62825,1,1,0,0,0,0,0,0,0,0,0,0
62826,0,1,0,0,0,25,0,0,29,0,0,9
62826,1,1,22,0,0,0,0,19,0,0,0,0
62827,0,1,0,0,0,0,0,4,0,0,0,0
62827,1,1,0,3,0,0,0,0,0,13,0,0
62829,1,1,16,0,0,21,4,21,17,0,12,16
62829,2,1,0,0,0,0,0,0,0,0,0,0
62829,3,1,0,0,0,0,0,0,0,0,0,0
62830,1,1,25,25,25,25,25,25,25,25,25,25
62831,1,1,0,0,0,0,0,0,9,0,0,0
62831,2,1,0,0,0,0,0,0,0,0,0,0
62832,0,1,0,0,0,0,0,0,0,0,0,0
62832,1,1,0,0,0,0,0,0,0,0,0,0
62833,1,1,0,0,0,0,0,0,0,0,0,0
62834,1,1,0,0,0,0,0,0,0,0,0,0
62834,2,1,0,0,0,0,0,0,0,0,0,0
62835,1,1,0,0,0,0,0,0,0,0,0,0
62835,2,1,0,0,0,0,0,0,0,0,0,0
62836,1,1,14,14,14,14,14,14,14,14,14,14
62837,1,1,0,0,0,0,0,0,0,0,0,0
62837,2,1,0,0,0,0,0,0,0,0,0,0
62838,1,1,0,0,0,0,0,0,0,0,0,0
62838,2,1,0,0,0,0,0,0,0,0,0,0
62839,0,1,0,0,0,0,0,0,0,0,0,0
62839,1,1,0,0,0,0,0,0,0,17,0,0
62840,1,1,0,0,0,0,0,0,0,12,0,0
62840,2,1,0,0,0,0,0,0,0,0,0,0
62841,1,1,0,0,0,0,0,0,0,0,0,0
62841,2,1,0,0,0,0,0,14,0,0,0,0
62841,3,1,0,4,0,0,0,0,0,0,0,0
62842,1,1,0,0,0,0,8,0,0,0,0,0
62842,2,1,0,0,0,0,0,0,0,0,0,7
62842,3,1,0,0,0,0,0,0,0,0,0,0
62842,4,1,0,0,0,0,0,0,0,0,0,0
62843,1,1,31,31,31,31,31,31,31,31,31,31
62843,2,1,0,0,0,0,0,0,0,0,0,0
62843,3,1,0,0,0,0,0,0,0,0,0,0
62843,4,1,0,0,0,0,0,0,0,0,0,0
62843,5,1,0,0,0,0,0,0,0,0,0,0
62843,6,1,0,0,0,0,0,0,0,0,0,0
62844,1,1,0,0,0,0,0,0,17,0,0,0
62844,2,1,0,0,0,0,0,0,0,0,0,0
62845,1,1,0,0,0,0,0,0,0,0,0,0
62846,1,1,18,18,18,18,18,18,18,18,18,18
62847,1,1,0,0,0,0,0,0,0,0,0,0
62848,1,1,0,0,0,0,0,0,0,0,0,0
62848,2,1,0,0,0,0,0,0,0,0,0,0
62848,3,1,0,0,0,0,0,0,0,0,0,0
62849,1,1,0,0,0,0,0,0,0,0,0,0
62849,2,1,0,0,0,0,0,0,0,0,0,0
62850,1,1,0,0,0,0,0,0,0,0,0,0
62850,2,1,0,0,0,0,0,0,0,0,0,0
62851,1,1,0,0,0,0,0,0,0,0,0,0
62851,2,1,0,0,0,0,0,0,0,0,0,0
62852,2,1,0,0,0,0,0,0,0,0,0,0
62853,1,1,0,0,0,0,0,0,0,0,0,0
62853,2,1,0,0,0,0,0,0,0,0,0,0
62854,1,1,21,21,21,21,21,21,21,21,21,21
62855,0,1,0,0,0,0,0,0,0,0,0,0
62855,0,2,0,0,0,0,0,16,0,0,0,19
62855,1,1,0,0,0,0,0,0,0,0,0,0
62856,1,1,0,0,0,0,0,0,0,0,0,0
62856,2,1,0,0,0,0,0,0,0,0,0,0
62856,3,1,0,0,0,0,0,0,0,0,0,0
62857,0,1,0,0,0,0,0,0,0,0,0,0
62857,1,1,0,0,0,0,0,11,0,0,0,0
62858,1,1,0,14,0,26,0,16,8,0,0,0
62859,1,1,14,14,14,14,14,14,14,14,14,14
62860,1,1,10,0,0,0,0,0,0,0,12,18
62861,1,1,0,0,0,0,0,0,0,0,0,0
62862,1,1,2,2,2,2,2,2,2,2,2,2
62862,2,1,0,0,0,0,0,0,0,0,0,0
62863,0,1,0,0,0,0,0,0,0,0,0,0
62863,1,1,0,6,0,21,0,0,0,0,0,0
62864,0,1,24,24,24,24,24,24,24,24,24,24
62864,1,1,0,0,20,9,0,8,0,0,0,0
62865,1,1,0,0,0,0,0,0,0,0,0,0
62866,1,1,0,0,0,0,0,0,0,4,0,0
62866,2,1,0,0,0,0,0,0,0,0,0,0
62866,3,1,0,0,0,0,0,16,0,0,0,0
62867,0,1,10,10,10,10,10,10,10,10,10,10
62867,1,1,0,0,0,0,0,0,0,0,0,0
62868,1,1,19,19,19,19,19,19,19,19,19,19
62869,0,1,6,6,6,6,6,6,6,6,6,6
62869,1,1,0,0,0,0,8,0,0,0,0,0
62870,0,1,0,0,0,0,0,0,0,0,0,0
62870,1,1,0,0,0,0,0,0,0,0,0,0
62871,1,1,0,0,0,0,0,0,0,0,0,0
62871,2,1,0,0,0,0,0,0,0,0,0,0
62872,1,3,0,0,14,0,0,14,0,0,0,0
62873,1,1,24,24,24,24,24,24,24,24,24,24
62873,2,1,0,0,0,0,0,0,0,0,0,0
62873,3,1,0,0,13,0,0,0,0,0,0,0
62873,4,1,0,0,0,0,0,0,0,0,0,8
62874,1,1,13,8,16,7,0,9,31,0,0,49
62875,1,1,25,25,25,25,25,25,25,25,25,25
62876,0,1,0,0,0,0,0,0,0,0,0,0
62876,1,1,0,0,0,0,0,0,0,0,0,10
62877,1,1,0,0,0,0,0,0,0,0,0,0
62878,0,1,13,13,13,13,13,13,13,13,13,13
62878,1,1,0,0,0,0,0,0,0,0,0,0
62879,0,1,0,0,0,0,0,0,0,0,0,0
62879,1,1,0,0,0,0,0,0,0,0,0,0
62880,0,1,21,21,21,21,21,21,21,21,21,21
62880,1,1,0,16,0,0,0,0,0,0,0,0
62881,1,1,0,0,0,0,0,0,0,0,0,0
62882,0,1,22,22,22,22,22,22,22,22,22,22
62882,1,1,0,0,0,0,0,0,0,0,0,0
62883,1,1,0,0,0,0,0,0,0,0,0,0
62883,2,1,0,0,0,0,0,0,0,0,0,0
62883,3,1,0,0,0,0,0,0,0,0,0,0
62884,1,1,0,0,0,0,0,0,0,0,0,0
62884,2,1,0,0,0,0,0,0,0,0,0,0
62884,4,1,0,0,21,0,0,0,0,0,0,0
62885,1,1,16,16,16,16,16,16,16,16,16,16
62886,1,1,0,0,0,0,0,0,0,0,0,0
62886,2,1,0,0,0,0,0,0,0,0,0,0
62887,1,1,0,0,0,7,0,0,0,0,0,0
62887,2,1,0,0,0,0,0,0,0,0,0,0
62888,1,1,7,16,18,17,15,9,20,15,14,10
62888,2,1,0,0,18,0,0,0,0,0,0,0
62888,3,1,0,0,0,0,0,0,0,0,0,15
62889,1,1,0,0,0,0,0,0,0,0,0,0
62890,1,1,13,0,0,9,19,6,0,0,0,0
62891,0,1,0,0,0,0,0,0,0,0,0,0
62891,1,1,20,20,20,20,20,20,20,20,20,20
62891,2,1,0,0,0,0,0,0,0,0,0,0
62892,0,1,0,0,0,0,0,0,0,0,0,0
62892,1,1,0,0,0,0,0,0,0,0,0,0
62893,1,1,18,15,15,8,8,0,10,0,14,18
62894,0,1,0,0,0,0,0,0,0,0,0,0
62894,1,1,0,0,0,0,0,8,0,0,0,7
62895,1,1,0,0,0,0,0,0,0,0,0,0
62895,2,1,0,0,0,0,0,0,0,0,0,0
62895,3,1,0,0,0,0,0,0,0,0,0,0
62895,4,1,0,0,0,0,0,0,0,0,0,0
62895,5,1,0,0,0,0,0,0,0,0,0,0
62896,1,1,0,0,0,0,0,0,0,0,0,0
62896,2,1,0,0,0,0,0,0,0,0,0,0
62898,1,1,0,0,0,0,0,0,0,0,0,0
62898,2,1,0,0,0,0,0,0,0,0,0,0
62898,3,1,0,0,0,0,0,0,0,0,0,0
62899,1,1,0,0,0,0,0,0,0,0,0,0
62900,0,1,2,2,2,2,2,2,2,2,2,2
62900,1,1,0,0,16,0,0,0,0,0,0,0
62901,0,1,0,0,0,0,0,17,0,0,0,32
62901,1,1,0,0,0,0,0,0,0,0,0,0
62902,0,1,0,0,0,0,0,0,0,0,0,0
62902,1,1,0,0,0,11,0,0,8,0,0,0
62903,0,1,31,0,0,0,0,0,11,0,0,0
62903,1,1,0,0,0,0,0,11,0,12,0,0
62904,1,1,0,0,0,0,0,0,0,0,0,0
62904,2,1,0,0,0,0,0,0,0,0,0,0
62905,1,1,0,0,0,0,0,0,0,0,0,0
62906,0,1,22,22,22,22,22,22,22,22,22,22
62906,1,1,0,0,0,0,0,0,0,0,0,31
62907,0,1,0,0,0,0,0,0,0,0,0,0
62907,1,1,0,0,0,0,10,0,0,0,0,0
62908,1,1,20,20,20,20,20,20,20,20,20,20
62908,2,1,0,0,0,0,0,0,0,0,0,0
62909,1,1,0,0,0,0,0,0,0,0,0,0
62910,0,1,0,0,0,0,0,0,0,0,0,0
62910,1,1,0,0,0,0,0,0,0,0,0,0
62911,1,1,3,0,4,18,26,25,6,9,18,22
62912,1,1,19,19,19,19,19,19,19,19,19,19
62912,2,1,0,0,0,0,0,0,0,0,0,0
62913,0,1,22,22,22,22,22,22,22,22,22,22
62913,1,1,0,0,0,0,0,0,0,0,0,0
62914,0,1,0,0,0,0,0,0,0,0,0,0
62914,1,1,0,0,0,0,0,0,0,0,0,0
62915,1,1,0,0,0,0,0,0,0,0,0,0
62915,2,1,0,0,0,0,0,0,0,0,0,0
62915,3,1,0,0,22,0,0,0,0,0,0,0
62916,1,1,0,0,0,0,0,0,0,0,0,0
62916,2,1,0,0,0,0,0,0,0,0,0,0
62917,0,1,0,0,0,0,0,0,0,0,0,0
62917,1,1,0,0,0,0,0,10,0,0,0,0
62918,1,1,0,0,0,0,0,0,0,0,0,0
62918,2,1,0,0,0,0,0,0,0,0,0,0
62919,1,1,0,0,0,0,0,0,0,0,0,0
62919,2,1,0,0,0,0,0,0,0,0,0,0
62920,1,1,0,0,0,0,0,0,30,0,0,0
62920,2,1,0,0,0,0,0,0,0,0,0,0
62921,0,1,0,0,0,0,0,0,0,0,0,0
62921,1,1,18,18,18,7,7,19,19,12,25,10
62922,1,1,0,16,0,0,0,0,0,0,0,0
62922,2,1,0,0,0,0,0,0,0,0,0,0
62923,0,1,0,0,0,0,0,0,0,0,0,0
62923,1,1,0,0,0,0,0,0,0,0,0,0
62924,1,1,5,5,5,5,5,5,5,5,5,5
62925,0,1,0,0,0,0,0,0,0,0,0,0
62925,1,1,0,0,0,0,0,0,0,0,0,0
62926,0,1,0,0,0,0,0,0,0,0,0,0
62926,1,1,0,0,0,0,0,0,0,0,0,0
62928,1,1,23,23,0,0,0,0,0,25,24,9
62929,0,1,0,0,0,0,0,0,0,0,0,0
62929,1,1,0,0,0,0,0,0,0,0,0,0
62930,0,1,0,0,0,0,0,0,0,0,0,0
62930,1,1,0,0,0,0,0,0,0,0,0,0
62931,1,1,19,19,19,19,19,19,19,19,19,19
62931,2,1,0,0,0,0,0,0,0,0,15,0
62931,3,1,0,0,0,0,0,0,0,0,0,0
62932,0,1,31,15,11,17,21,3,4,25,24,22
62932,1,1,0,0,0,0,0,0,0,0,0,0
62933,1,1,0,0,0,0,0,0,0,0,0,0
62934,1,1,0,0,0,0,0,0,0,0,0,0
62935,1,1,0,0,0,0,0,0,0,0,0,0
62935,2,1,0,0,0,0,0,0,0,0,0,0
62936,0,1,0,23,37,26,27,35,0,0,0,7
62936,1,1,0,0,0,0,0,0,29,0,5,0
62937,1,1,0,0,0,0,0,0,0,0,0,0
62938,1,1,0,0,0,0,0,0,0,0,0,0
62938,2,1,0,0,0,0,0,0,0,0,0,0
62938,3,1,0,0,0,0,0,0,0,0,0,0
62939,1,1,0,0,0,0,0,0,0,0,0,0
62939,2,1,0,0,0,0,0,0,0,0,0,0
62939,3,1,0,0,0,0,0,0,0,0,0,0
62940,1,1,0,0,0,0,0,0,0,0,0,0
62940,2,1,0,0,0,0,0,0,0,0,0,11
62941,1,1,0,0,0,0,0,0,0,0,0,0
62941,2,1,0,0,0,0,0,0,0,0,0,0
62942,1,1,4,4,4,4,4,4,4,4,4,4
62943,1,1,0,0,0,12,0,0,0,12,0,0
62944,1,1,0,0,0,0,0,0,0,14,0,0
62944,2,1,0,6,0,0,0,18,0,0,26,0
62945,1,1,0,0,0,0,20,0,0,0,0,0
62945,2,1,0,0,0,0,0,0,0,0,0,0
62946,0,1,30,30,30,30,30,30,30,30,30,30
62946,1,1,0,0,0,0,0,0,5,0,8,0
62947,0,1,0,0,0,0,0,0,0,0,0,0
62947,1,1,0,0,0,0,0,0,0,0,0,0
62948,1,1,0,0,0,0,0,0,0,0,0,0
62948,2,1,0,0,0,0,0,0,0,0,0,0
62948,3,1,0,0,0,0,0,0,0,0,0,0
62949,1,1,26,26,26,26,26,26,26,26,26,26
62950,1,1,0,0,0,0,0,0,0,0,0,0
62950,2,1,0,0,0,0,0,0,0,0,0,0
62951,1,1,0,4,0,0,0,0,0,21,4,0
62951,2,1,0,0,14,0,0,0,0,0,0,31
62952,0,1,0,0,0,0,0,0,0,0,0,0
62952,0,2,30,11,19,33,5,14,31,5,8,12
62952,1,1,0,0,0,0,0,0,0,0,30,0
62953,0,1,0,0,0,0,0,0,0,0,0,0
62953,1,1,0,0,20,0,0,0,0,0,0,0
62954,0,1,6,6,6,6,6,6,6,6,6,6
62954,1,1,0,14,0,0,0,0,0,0,0,0
62955,0,1,23,23,23,23,23,23,23,23,23,23
62955,1,1,0,0,19,0,27,14,18,0,0,0
62956,0,1,16,16,16,16,16,16,16,16,16,16
62956,1,1,0,0,0,0,0,0,0,0,0,0
62957,1,1,0,13,0,20,9,11,10,0,0,19
62957,2,1,0,0,0,0,0,0,0,0,0,0
62958,1,1,5,11,23,17,12,33,18,12,12,9
62958,2,1,0,0,26,0,0,0,0,0,0,0
62958,3,1,0,0,0,0,0,0,0,0,0,0
62958,4,1,14,0,10,0,0,0,0,0,0,0
62959,0,1,0,0,0,0,0,0,0,0,0,0
62959,1,1,0,0,0,0,0,0,0,0,0,0
62960,0,1,0,0,8,0,0,0,0,5,0,0
62960,1,1,0,0,24,0,0,0,0,0,0,0
62961,0,1,23,12,28,21,32,24,24,29,12,37
62961,1,1,0,0,0,0,0,0,0,0,0,0
62962,0,1,28,28,28,28,28,28,28,28,28,28
62962,1,1,0,0,0,0,0,0,0,16,9,0
62963,1,1,0,0,0,0,0,0,0,0,0,0
62963,2,1,0,0,0,0,0,0,0,0,0,0
62964,1,1,22,22,22,22,22,22,22,22,22,22
62965,1,1,19,19,19,19,19,19,19,19,19,19
62965,2,1,0,0,0,0,0,0,0,0,0,0
62966,0,1,0,0,0,0,0,0,0,0,0,0
62966,1,1,0,0,0,0,0,0,0,0,0,0
62967,1,1,0,17,0,0,0,0,0,0,11,0
62967,2,1,0,0,0,0,0,0,0,0,0,0
62968,1,1,0,0,0,0,0,0,0,0,0,0
62969,1,1,8,8,8,8,8,8,8,8,8,8
62969,2,1,0,0,0,0,0,0,0,0,0,0
62970,0,1,20,0,0,0,0,0,0,0,0,0
62970,1,1,0,0,0,0,0,0,0,0,0,0
62971,0,1,0,0,0,0,0,0,0,0,0,0
62971,1,1,0,0,0,0,0,0,0,0,0,0
62972,0,1,0,0,13,13,0,0,13,0,0,0
62972,1,1,0,0,0,0,0,0,0,0,0,0
62973,1,1,0,19,0,0,0,0,0,0,0,0
62973,2,1,0,0,0,0,0,0,0,0,0,0
62974,1,1,0,0,0,0,0,0,0,0,0,0
62974,2,1,0,0,0,0,0,0,0,0,0,0
62975,0,1,42,42,42,42,42,42,42,42,42,42
62975,1,1,0,0,0,0,0,0,0,0,0,0
62976,0,1,14,14,14,14,14,14,14,14,14,14
62976,1,1,0,0,0,0,0,0,0,0,0,0
62977,1,1,0,0,0,0,0,0,0,0,0,0
62978,0,1,10,10,10,10,10,10,10,10,10,10
62978,1,1,0,0,0,0,0,0,0,12,0,0
62979,0,1,0,0,0,0,0,0,0,0,0,0
62979,1,1,0,0,18,0,0,0,0,0,0,0
62980,0,1,5,5,5,5,5,5,5,5,5,5
62980,1,1,0,0,24,0,0,12,0,0,0,0
62981,1,1,24,11,0,0,16,0,16,0,0,0
62982,1,1,0,0,0,0,0,0,0,0,0,0
62983,1,1,0,0,0,0,0,0,0,0,0,0
62984,0,1,0,0,0,0,0,0,0,0,0,0
62984,1,1,0,0,0,0,0,0,0,0,0,0
62985,1,1,0,0,0,0,0,0,0,0,0,0
62985,2,1,0,0,0,0,0,0,0,0,0,0
62986,0,1,0,0,0,0,0,0,0,0,0,0
62986,1,1,0,0,0,0,0,0,0,0,0,0