ST_CASE,VEH_NO,PER_NO,P1,P2,P3,P4,P5,P6,P7,P8,P9,P10
62987,1,1,0,0,0,0,0,0,0,0,0,0
62987,2,1,0,0,0,0,0,0,16,0,0,0
62988,1,1,0,0,0,0,0,0,0,0,0,0
62988,2,1,4,0,0,0,0,0,0,0,0,0
62989,0,1,0,0,0,0,0,0,0,0,0,0
62989,1,1,0,0,0,0,0,0,0,0,0,0
62990,1,1,0,0,0,0,0,0,0,0,0,0
62990,2,1,0,0,0,0,0,0,0,0,0,0
62990,3,1,0,0,0,0,0,0,0,0,0,0
62990,4,1,0,0,0,0,0,0,0,0,0,0
62991,1,1,0,0,0,0,0,0,0,0,0,0
62991,2,1,0,0,0,0,0,0,0,0,0,0
62992,1,1,0,0,0,0,0,0,0,0,0,0
62992,2,1,0,0,0,0,0,0,0,0,0,0
62992,3,1,0,0,0,0,0,0,0,0,0,0
62993,0,1,34,34,34,34,34,34,34,34,34,34
62993,1,1,0,0,0,0,0,0,0,0,0,0
62994,1,1,20,0,0,0,16,0,26,0,0,28
62995,1,1,0,0,0,0,0,0,0,0,0,0
62996,1,1,29,29,29,29,29,29,29,29,29,29
62996,2,1,0,0,0,0,0,0,0,0,0,0
62997,1,1,0,0,0,0,0,0,0,0,0,0
62998,1,1,0,0,0,0,0,0,0,0,0,0
62999,0,1,0,0,0,0,0,0,0,0,0,0
62999,1,1,0,0,0,0,0,0,0,0,24,0
63000,0,1,0,0,0,0,0,0,0,0,0,0
63000,1,1,0,0,0,0,0,0,0,0,0,0
63001,1,1,0,0,0,0,0,0,0,0,0,0
63001,2,1,0,0,0,0,24,0,0,17,0,0
63002,1,1,0,0,0,0,0,0,0,0,0,0
63002,2,1,0,0,0,0,0,0,0,0,0,0
63003,1,1,0,0,0,0,0,0,0,0,0,0
63003,2,1,0,0,0,0,0,0,0,0,0,0
63004,1,1,0,0,0,0,0,0,0,0,0,0
63004,2,1,0,0,0,0,0,0,0,0,0,0
63004,3,1,0,0,0,0,0,0,0,0,0,0
63005,1,1,6,0,0,0,0,28,0,0,0,0
63005,2,1,0,0,0,0,0,0,0,0,0,0
63005,3,1,0,0,0,0,35,0,0,0,0,0
63006,1,1,12,12,12,12,12,12,12,12,12,12
63007,1,1,0,15,0,0,0,0,32,0,0,0
63007,2,1,0,0,0,0,0,0,0,0,0,0
63007,3,1,0,0,14,0,0,0,0,0,0,0
63007,4,1,0,0,0,0,0,0,0,0,0,0
63008,1,1,0,0,0,0,0,0,0,0,0,12
63009,1,1,0,0,0,0,0,0,0,0,0,0
63009,2,1,0,0,0,0,0,0,0,0,0,0
63009,3,1,0,0,0,0,0,0,0,0,0,0
63010,0,1,38,38,38,38,38,38,38,38,38,38
63010,1,1,0,0,5,0,12,0,0,0,0,0
63011,1,1,0,0,0,0,0,0,0,0,0,0
63012,1,1,0,0,0,0,0,0,0,0,0,0
63012,2,1,0,14,0,0,0,0,25,0,0,0
63013,1,1,0,0,0,0,0,0,0,0,0,0
63013,2,1,0,0,0,0,0,0,0,0,0,0
63013,3,1,0,0,0,0,0,0,0,0,0,0
63014,0,1,0,0,0,0,0,0,0,0,0,0
63014,1,1,0,15,0,0,0,0,0,0,0,0
63014,2,1,0,12,0,16,0,0,0,0,0,0
63014,3,1,0,0,0,0,0,0,0,0,0,0
63015,0,1,0,0,0,0,0,0,0,0,0,0
63015,1,1,0,0,0,0,0,0,0,0,0,0
63016,1,1,14,14,14,14,14,14,14,14,14,14
63016,2,1,0,0,0,0,0,0,0,0,0,0
63017,0,1,31,17,9,14,0,0,0,0,23,5
63017,1,1,0,0,0,0,0,0,0,0,0,0
63018,0,1,7,7,7,7,7,7,7,7,7,7
63018,1,1,21,21,21,21,21,21,21,21,21,21
63019,1,1,0,0,0,0,11,0,0,0,0,15
63020,0,1,0,0,0,0,0,0,0,0,0,0
63020,1,1,0,0,0,12,0,0,0,0,0,0
63021,1,1,1,1,1,1,1,1,1,1,1,1
63022,1,1,28,28,28,28,28,28,28,28,28,28
63022,2,1,0,0,0,0,0,0,0,0,0,0
63023,1,1,15,15,15,15,15,15,15,15,15,15
63024,1,1,13,13,13,13,13,13,13,13,13,13
63025,1,1,0,0,0,0,0,0,0,0,0,0
63025,2,1,0,0,0,0,0,0,0,0,0,0
63026,0,1,0,0,0,0,0,0,0,0,0,0
63026,1,1,15,0,0,0,0,0,0,0,0,0
63026,2,1,0,0,0,0,0,0,0,0,0,0
63027,1,1,0,0,0,0,0,0,0,0,0,0
63028,1,1,0,0,0,0,0,19,0,0,0,0
63029,1,1,0,0,0,0,0,0,0,0,0,0
63030,1,1,0,0,0,0,0,0,0,0,0,0
63030,2,1,0,0,0,0,0,0,0,0,0,0
63031,1,1,0,0,0,0,0,0,0,0,0,0
63032,1,1,0,0,0,0,0,0,0,0,0,0
63032,2,1,0,11,0,0,0,0,0,0,0,0
63033,1,1,0,0,0,0,0,0,0,0,0,0
63034,1,1,0,0,0,17,0,0,0,0,0,16
63034,2,1,0,0,0,0,0,5,0,0,0,0
63035,0,1,13,26,11,0,25,21,21,13,22,60
63035,1,1,0,0,0,0,0,0,0,0,0,0
63036,0,1,0,0,0,0,0,0,0,0,0,0
63036,1,1,0,0,0,0,0,0,0,0,0,0
63037,1,1,0,0,0,0,0,0,0,0,0,0
63037,2,1,0,0,0,0,0,0,0,0,0,0
63038,0,1,10,10,10,10,10,10,10,10,10,10
63038,1,1,0,0,15,0,23,0,0,0,0,0
63039,0,1,0,0,0,0,0,0,0,0,0,0
63039,1,1,0,0,0,0,0,0,0,0,0,0
63040,1,1,0,0,0,0,0,0,0,0,0,0
63040,2,1,0,0,0,0,0,0,0,0,0,0
63041,1,1,0,0,0,0,0,0,0,0,0,0
63041,2,1,0,0,0,0,0,0,0,0,0,0
63041,3,1,0,0,0,0,0,0,0,17,0,0
63042,0,1,0,0,0,0,0,0,0,0,0,0
63042,1,1,0,0,0,0,0,0,0,0,0,0
63043,0,1,0,18,9,0,0,0,0,9,0,0
63043,1,1,0,0,0,0,0,0,0,0,0,0
63044,1,1,36,0,0,0,0,0,0,0,0,0
63045,0,1,0,0,0,0,0,0,0,0,0,0
63045,1,1,0,0,0,0,0,0,0,0,0,0
63046,1,1,0,0,0,0,0,0,0,0,0,0
63046,2,1,0,0,0,0,0,0,0,0,0,0
63048,1,1,9,9,9,9,9,9,9,9,9,9
63049,1,1,0,0,0,0,0,0,0,0,0,0
63049,2,1,18,0,0,0,0,0,0,0,0,0
63049,3,1,0,0,0,0,0,0,0,0,0,0
63050,1,1,18,18,18,18,18,18,18,18,18,18
63051,1,1,0,0,0,0,18,0,0,0,0,0
63051,2,1,0,0,0,0,23,36,0,27,24,0
63052,1,1,3,3,3,3,3,3,3,3,3,3
63052,2,1,0,0,0,0,0,0,0,0,0,0
63053,1,1,0,0,0,0,0,0,0,0,0,0
63053,2,1,0,0,0,0,0,0,0,0,0,0
63054,0,1,23,7,0,0,0,34,20,29,15,0
63054,1,1,3,2,15,0,14,7,18,4,8,13
63055,1,1,0,0,0,0,0,0,0,0,0,0
63055,2,1,0,0,0,0,0,0,0,0,0,0
63056,1,1,0,0,0,0,0,0,0,0,0,0
63057,1,1,0,0,0,0,0,0,0,0,0,0
63058,0,1,18,18,18,18,18,18,18,18,18,18
63058,1,1,0,0,0,0,0,0,0,0,0,0
63059,1,1,0,0,0,0,0,0,0,0,0,0
63059,2,1,0,0,0,0,0,0,0,0,0,0
63060,1,1,0,0,0,0,0,0,0,0,0,0
63061,1,1,7,7,7,7,7,7,7,7,7,7
63061,2,1,0,0,0,0,0,0,0,0,0,0
63062,1,1,0,0,0,0,0,0,0,0,0,0
63062,2,1,0,0,0,0,0,0,0,0,0,0
63063,1,1,22,22,22,22,22,22,22,22,22,22
63064,0,1,28,23,10,30,19,48,29,16,19,38
63064,1,1,11,11,11,11,11,11,11,11,11,11
63065,1,1,22,22,22,22,22,22,22,22,22,22
63065,2,1,0,0,0,0,0,0,0,0,0,0
63066,0,1,0,0,0,0,0,0,0,0,0,0
63066,1,1,0,0,0,0,0,0,0,0,0,0
63067,1,1,16,26,15,17,21,6,19,27,11,28
63068,1,1,0,0,0,0,0,3,0,0,0,0
63068,2,1,0,0,0,0,0,0,6,0,0,0
63068,3,1,0,0,0,0,0,0,0,0,0,0
63069,0,1,0,0,0,0,0,0,0,0,0,0
63069,1,1,0,0,0,0,0,0,0,0,0,0
63070,0,1,0,0,0,0,0,0,0,0,0,0
63070,1,1,0,0,0,0,0,0,0,0,0,0
63071,0,1,0,0,0,0,0,0,0,0,0,0
63071,1,1,0,0,0,0,0,0,0,0,0,0
63072,0,1,0,0,0,0,0,0,0,0,0,0
63072,1,1,0,0,0,0,0,0,0,0,0,0
63073,0,1,0,0,0,0,0,0,0,0,0,0
63073,0,2,0,0,0,18,0,0,0,0,0,0
63073,1,1,0,0,0,0,0,0,0,0,0,0
63074,1,1,0,17,0,0,20,8,0,0,0,0
63074,2,1,17,4,5,0,0,5,3,0,0,8
63075,0,1,0,0,0,0,0,0,0,0,0,0
63075,1,1,0,0,0,0,0,0,0,0,0,0
63076,1,1,13,13,13,13,13,13,13,13,13,13
63077,1,1,32,14,13,25,33,24,0,20,29,30
63078,0,1,0,0,0,0,0,0,0,0,0,0
63078,1,1,0,0,0,0,0,0,0,0,0,0
63079,1,1,0,0,0,0,0,0,0,0,0,0
63079,2,1,0,0,0,0,0,0,0,0,0,0
63080,1,1,0,0,0,0,0,0,0,0,0,0
63080,2,1,4,4,4,4,4,4,4,4,4,4
63081,1,1,13,13,13,13,13,13,13,13,13,13
63082,1,1,0,0,13,0,0,0,17,0,0,0
63082,2,1,0,0,0,0,0,0,0,0,0,0
63083,1,1,16,36,12,0,0,0,0,13,0,30
63084,1,1,0,0,0,0,0,0,0,0,0,0
63084,2,1,25,0,0,0,0,0,0,0,0,0
63085,1,1,0,0,0,0,0,0,0,0,0,0
63085,2,1,0,0,0,0,0,21,30,0,0,0
63086,1,1,18,18,18,18,18,18,18,18,18,18
63086,2,1,0,0,0,0,0,0,0,0,0,0
63087,1,1,17,17,17,17,17,17,17,17,17,17
63087,2,1,25,0,0,0,25,7,0,0,14,0
63088,1,1,0,0,0,0,0,0,0,0,0,0
63088,2,1,0,0,0,0,20,0,0,0,0,11
63089,1,1,26,26,26,26,26,26,26,26,26,26
63089,2,1,0,0,0,14,0,0,0,0,0,0
63090,1,1,14,14,14,14,14,14,14,14,14,14
63090,2,1,0,0,0,0,0,0,0,0,0,0
63091,1,1,0,0,0,0,0,0,0,0,0,0
63092,0,1,0,0,0,0,0,0,0,0,0,0
63092,1,1,0,0,0,0,15,0,0,0,0,0
63093,0,1,19,19,19,19,19,19,19,19,19,19
63093,1,1,0,0,0,0,0,0,0,0,0,0
63093,2,1,0,0,0,0,0,26,0,0,0,0
63094,1,1,17,17,17,17,17,17,17,17,17,17
63094,2,1,0,0,0,0,0,0,0,0,0,0
63095,1,1,0,0,0,0,0,0,0,0,0,0
63096,0,1,0,0,0,0,0,0,0,0,0,0
63096,1,1,0,0,0,14,0,0,0,0,0,0
63097,1,1,0,0,0,0,0,0,0,0,0,0
63097,2,1,0,0,0,0,0,0,0,0,0,0
63098,1,1,20,20,20,20,20,20,20,20,20,20
63099,0,1,0,0,0,0,0,0,0,0,0,0
63099,1,1,0,0,0,0,0,0,0,0,0,0
63100,0,1,0,7,0,27,27,3,0,24,0,0
63100,1,1,0,0,0,15,0,16,0,0,0,0
63100,2,1,0,0,0,0,0,0,0,0,0,0
63101,1,1,0,0,0,0,0,0,0,0,0,0
63101,2,1,0,0,11,0,0,4,0,0,4,0
63102,1,1,14,14,14,14,14,14,14,14,14,14
63102,2,1,0,13,0,0,0,0,13,0,29,0
63103,0,1,4,4,4,4,4,4,4,4,4,4
63103,1,1,0,0,0,0,0,0,0,0,0,0
63104,1,1,25,25,25,25,25,25,25,25,25,25
63104,2,1,0,0,0,0,6,0,0,0,0,0
63105,0,1,0,0,0,0,0,0,0,0,0,0
63105,1,1,0,0,0,0,0,0,0,0,0,0
63106,0,1,0,0,0,0,0,0,0,0,0,0
63106,1,1,0,0,0,0,0,0,0,0,0,0
63107,1,1,7,13,8,0,24,5,16,19,31,30
63108,0,1,0,0,0,0,0,0,0,0,0,0
63108,2,1,0,0,0,0,0,0,0,0,0,0
63109,1,1,0,0,0,0,0,0,0,0,0,0
63109,2,1,0,0,0,0,0,0,0,0,0,0
63110,1,1,13,13,13,13,13,13,13,13,13,13
63111,1,1,27,27,27,27,27,27,27,27,27,27
63112,1,1,0,0,0,0,0,0,0,0,0,0
63112,2,1,22,0,9,0,0,13,9,0,0,8
63113,1,1,21,21,21,21,21,21,21,21,21,21
63114,1,1,0,0,0,0,0,0,0,0,0,0
63114,2,1,0,0,0,0,0,0,0,0,0,0
63115,1,1,0,0,0,0,0,0,0,0,0,0
63115,2,1,0,0,0,0,0,0,0,0,0,0
63115,3,1,0,0,0,0,0,0,0,0,0,0
63116,0,1,9,14,26,29,25,46,33,17,17,23
63116,1,1,0,0,0,0,26,0,0,0,0,0
63117,1,1,6,9,5,10,9,15,12,8,0,21
63117,2,1,0,0,0,0,0,0,0,0,0,0
63118,1,1,23,23,23,23,23,23,23,23,23,23
63118,2,1,0,0,0,0,0,0,0,17,0,0
63119,1,1,0,0,13,0,0,0,0,0,0,0
63119,2,1,0,0,0,0,0,0,0,0,0,0
63120,1,1,0,0,0,0,0,0,0,0,0,0
63120,2,1,0,0,0,0,0,0,0,0,0,0
63121,0,1,0,0,0,0,0,0,0,0,0,0
63121,1,1,0,0,0,0,0,0,0,0,0,0
63122,0,1,5,5,5,5,5,5,5,5,5,5
63122,1,1,0,0,0,0,0,0,0,0,0,0
63123,1,1,0,32,0,0,0,0,0,0,0,0
63123,3,1,0,0,0,0,0,0,0,0,0,0
63124,1,1,0,0,0,0,0,0,0,0,0,0
63124,3,1,0,0,0,0,0,0,0,0,0,0
63125,1,1,19,19,19,19,19,19,19,19,19,19
63125,2,1,0,0,0,30,0,0,13,0,7,0
63126,1,1,0,0,0,0,0,0,0,0,0,0
63126,2,1,0,0,0,0,0,0,0,0,0,0
63127,1,1,7,8,10,18,6,22,8,21,31,5
63127,2,1,0,0,0,0,0,0,0,0,0,0
63128,1,1,28,28,28,28,28,28,28,28,28,28
63129,0,1,10,10,10,10,10,10,10,10,10,10
63129,1,1,0,0,0,0,0,0,0,0,0,0
63130,0,1,0,0,0,0,0,0,0,0,0,0
63130,1,1,0,0,0,26,0,0,0,0,4,0
63131,1,1,0,0,0,0,0,0,0,0,0,0
63132,1,1,0,0,0,0,0,0,0,0,0,0
63133,0,1,0,0,0,0,0,0,0,0,0,0
63133,1,1,0,0,0,0,0,0,0,0,0,0
63134,0,1,0,0,17,26,29,0,0,0,8,0
63134,1,1,0,0,0,0,0,0,0,0,0,0
63135,0,1,5,5,5,5,5,5,5,5,5,5
63135,1,1,0,0,0,0,0,0,0,0,0,0
63136,1,1,26,6,6,14,12,21,27,12,10,14
63136,2,1,0,0,0,0,0,0,0,0,0,0
63137,0,1,0,0,0,0,0,0,0,0,0,0
63137,1,1,0,0,0,0,0,0,0,0,0,0
63138,0,1,0,0,0,0,0,0,0,0,0,0
63138,1,1,0,0,0,0,0,0,0,0,0,0
63139,0,1,20,20,20,20,20,20,20,20,20,20
63139,1,1,0,0,0,0,0,0,0,0,0,0
63139,2,1,0,0,0,0,0,0,0,0,0,0
63140,1,1,0,0,0,0,0,0,0,0,0,0
63140,2,1,0,0,0,0,22,0,0,0,17,0
63141,0,1,20,20,20,20,20,20,20,20,20,20
63141,1,1,0,0,0,0,0,0,0,0,0,0
63142,1,1,0,0,0,0,0,0,0,0,0,0
63142,2,1,0,0,0,0,0,0,0,0,0,0
63143,0,1,0,0,0,0,0,0,0,0,0,27
63143,0,2,0,0,0,0,0,0,0,0,0,0
63143,1,1,15,10,0,14,15,0,20,15,13,9
63144,1,1,0,0,0,0,0,0,0,0,0,0
63144,2,1,0,0,0,0,0,0,0,13,0,0
63145,0,1,0,0,0,0,0,0,0,0,0,0
63145,1,1,0,10,0,0,0,0,0,0,0,0
63146,1,1,0,0,0,0,0,0,0,0,0,0
63146,2,1,0,0,0,0,0,0,0,0,0,0
63147,1,1,0,0,0,0,0,0,0,0,0,0
63147,2,1,0,0,0,0,0,0,0,0,0,0
63148,1,1,22,22,22,22,22,22,22,22,22,22
63148,2,1,0,0,0,0,0,0,0,0,0,0
63149,1,1,0,14,0,0,0,0,0,0,0,0
63149,2,2,0,0,0,0,0,0,0,0,0,0
63150,1,1,0,0,0,0,0,0,0,0,0,0
63151,0,1,13,16,22,0,0,0,0,0,0,8
63151,1,1,0,0,0,0,0,0,0,0,0,0
63152,0,1,12,12,12,12,12,12,12,12,12,12
63152,1,1,0,0,0,0,0,0,0,0,0,0
63153,0,1,25,25,25,25,25,25,25,25,25,25
63153,1,1,0,0,0,0,0,0,0,0,0,0
63154,0,1,23,13,10,14,17,6,17,22,19,17
63154,1,1,7,16,26,12,0,8,14,10,22,0
63155,1,1,0,0,0,0,0,0,0,0,0,0
63156,1,1,2,2,2,2,2,2,2,2,2,2
63157,1,1,0,0,0,11,36,0,0,0,0,0
63158,1,1,0,0,0,0,0,0,0,0,0,0
63159,1,1,22,22,22,22,22,22,22,22,22,22
63160,0,1,0,0,0,0,0,0,0,0,0,0
63160,1,1,0,0,0,0,0,0,0,0,0,0
63161,0,1,0,0,0,0,0,0,0,0,0,0
63161,1,1,0,0,0,0,0,0,0,0,0,0
63162,0,1,0,0,0,0,0,9,0,0,0,0
63162,1,1,0,0,0,0,0,0,0,0,0,0
63163,1,1,17,17,17,17,17,17,17,17,17,17
63164,1,1,0,0,0,0,0,0,0,0,0,0
63164,2,1,0,0,0,0,0,0,0,0,0,0
63165,0,1,0,0,0,0,0,0,0,0,0,0
63165,1,1,0,0,12,0,0,0,0,0,0,0
63166,1,1,0,0,0,0,0,0,0,0,0,0
63167,1,1,0,0,0,0,0,0,0,0,0,0
63167,2,1,0,0,0,0,0,0,0,0,0,0
63168,1,1,0,0,0,0,0,0,0,0,0,0
63168,2,1,24,24,24,24,24,24,24,24,24,24
63169,1,1,0,0,0,0,0,0,0,0,0,0
63170,0,1,0,16,3,0,0,0,38,12,0,0
63170,1,1,0,0,0,0,0,0,0,0,0,0
63171,1,1,10,10,10,10,10,10,10,10,10,10
63171,2,1,0,0,0,0,0,0,0,0,0,0
63172,1,1,0,0,0,0,0,0,0,0,0,0
63172,2,1,0,0,0,0,0,0,0,0,0,0
63173,0,1,0,0,0,0,0,0,0,0,0,0
63173,1,1,0,0,0,2,0,0,0,0,0,0
63174,0,1,0,0,0,0,0,0,0,0,0,0
63174,1,1,0,0,0,0,0,0,0,0,0,0
63175,0,1,0,0,0,0,0,0,0,0,0,0
63175,1,1,0,23,0,0,0,0,0,0,0,0
63176,1,1,0,0,0,0,0,0,0,0,0,0
63177,0,1,0,0,0,0,0,0,0,0,0,0
63177,1,1,0,0,0,0,0,0,0,0,0,0
63178,0,1,0,0,0,0,0,0,0,0,0,0
63178,1,1,13,13,13,13,13,13,13,13,13,13
63179,1,1,5,5,5,5,5,5,5,5,5,5
63179,2,1,0,0,0,0,0,0,0,0,0,0
63180,0,1,0,0,0,0,0,0,0,0,0,0
63180,1,1,0,0,0,0,0,0,0,0,0,0
63181,1,1,17,17,17,17,17,17,17,17,17,17
63182,0,1,4,4,4,4,4,4,4,4,4,4
63182,1,1,0,0,0,0,0,0,0,0,0,0
63183,0,1,24,24,24,24,24,24,24,24,24,24
63183,1,1,34,0,0,0,0,0,0,20,0,0
63184,0,1,28,28,28,28,28,28,28,28,28,28
63184,1,1,0,0,0,0,0,0,0,0,0,0
63185,1,1,0,0,0,0,0,0,0,0,0,0
63185,2,1,0,0,0,0,0,0,22,0,0,0
63185,3,1,0,0,0,0,0,0,0,0,0,0
63185,4,1,0,0,0,0,0,0,0,0,0,0
63186,1,1,4,17,13,12,5,8,9,19,6,16
63186,2,1,12,12,12,12,12,12,12,12,12,12
63187,1,1,0,0,0,0,0,0,0,0,0,0
63187,2,1,0,0,0,0,0,0,0,0,0,0
63188,0,1,0,0,0,0,34,27,0,14,0,29
63188,1,1,0,0,0,0,0,0,0,0,0,0
63189,0,1,0,14,0,22,0,18,0,21,0,0
63189,1,1,0,0,0,0,0,0,0,0,0,0
63190,1,1,0,0,0,0,0,0,0,0,0,0
63191,0,1,0,0,0,0,0,0,0,0,0,0
63191,1,1,0,0,0,0,0,0,0,8,19,0
63192,1,1,0,0,0,0,0,0,0,0,0,0
63192,2,1,0,0,0,0,0,0,0,0,0,0
63193,0,1,0,0,0,0,0,0,0,0,0,0
63193,1,1,0,0,0,0,0,0,0,0,0,0
63194,0,1,0,0,0,0,0,0,0,0,0,0
63194,1,1,0,0,0,0,0,0,0,0,0,0
63195,0,1,0,0,0,0,0,0,0,0,0,0
63195,1,1,0,0,0,0,0,0,0,0,0,0
63196,0,1,0,0,0,0,0,0,0,0,0,0
63196,0,2,0,0,0,0,0,0,0,0,0,0
63196,1,1,0,0,0,0,0,0,0,0,0,0
63197,0,1,0,0,0,0,0,0,0,0,0,0
63197,1,1,0,0,0,0,0,0,0,0,0,0
63198,0,1,0,0,0,0,0,0,0,0,0,0
63198,1,1,0,0,0,0,0,0,0,0,0,0
63199,0,1,5,5,5,5,5,5,5,5,5,5
63199,1,1,0,0,0,0,0,0,0,0,0,28
63200,1,1,23,0,20,0,0,17,0,0,0,11
63201,1,1,0,0,0,0,0,0,0,0,0,0
63202,0,1,18,18,18,18,18,18,18,18,18,18
63202,1,1,0,0,0,0,0,0,0,0,0,0
63203,1,1,0,0,0,0,0,0,0,0,0,0
63203,2,1,0,0,18,0,0,0,0,0,0,0
63204,0,1,21,21,21,21,21,21,21,21,21,21
63204,1,1,0,0,0,0,0,0,0,0,0,0
63205,0,1,0,0,0,0,0,0,0,0,0,0
63205,1,1,0,0,0,0,0,2,0,0,0,0
63206,0,1,17,17,17,17,17,17,17,17,17,17
63206,1,1,0,0,0,0,0,0,0,0,0,0
63206,2,1,14,13,5,0,0,17,0,0,0,0
63206,3,1,0,0,0,0,0,0,0,16,0,0
63207,1,1,6,6,6,6,6,6,6,6,6,6
63207,2,1,0,0,0,0,0,0,0,0,0,0
63207,3,1,0,0,0,0,0,0,0,0,0,0
63208,0,1,0,0,0,0,0,0,0,0,0,0
63208,1,1,12,0,0,0,0,0,0,0,0,0
63209,1,1,24,24,24,24,24,24,24,24,24,24
63209,2,1,0,0,0,0,0,0,0,0,0,0
63209,3,1,0,0,0,0,0,0,0,0,0,0
63210,1,1,0,0,0,0,0,0,12,0,0,0
63210,2,1,0,0,0,0,0,0,0,0,0,0
63211,1,1,0,0,0,0,0,0,0,0,0,0
63211,2,1,0,0,0,0,0,0,0,0,0,0
63212,1,1,0,0,0,0,0,20,0,0,0,0
63212,2,1,0,0,0,0,0,0,0,0,0,0
63213,0,1,0,16,21,42,0,0,0,0,0,0
63213,1,1,0,0,0,0,0,0,0,0,0,47
63213,2,1,0,0,0,0,0,0,0,0,0,0
63214,1,1,3,3,3,3,3,3,3,3,3,3
63214,2,1,0,0,0,0,0,0,0,0,0,0
63215,1,1,0,0,0,0,0,0,0,0,0,0
63216,0,1,0,0,0,0,0,0,0,0,0,0
63216,1,1,0,0,0,0,0,0,0,0,0,0
63217,0,1,36,36,36,36,36,36,36,36,36,36
63217,1,1,0,0,0,0,0,0,0,0,0,0
63218,0,1,19,19,19,19,19,19,19,19,19,19
63218,1,1,0,0,0,0,0,0,0,0,0,0
63219,1,1,0,0,0,0,0,0,0,0,0,0
63219,2,1,0,0,0,0,0,0,0,0,0,0
63219,3,1,0,0,0,0,0,0,0,0,0,23
63220,1,1,0,0,0,0,0,0,0,0,0,0
63220,2,1,0,0,0,0,0,0,0,0,0,0
63221,0,1,0,0,0,0,0,0,0,0,0,0
63221,1,1,0,0,0,0,0,0,0,0,0,0
63222,0,1,28,0,0,0,12,0,20,0,0,0
63222,1,1,0,0,0,0,0,0,0,0,0,0
63223,1,1,0,0,0,0,0,0,0,0,0,0
63223,2,1,0,0,0,0,0,0,0,0,0,0
63223,3,1,0,0,0,0,0,0,0,0,0,0
63223,4,1,0,0,0,0,0,0,0,0,27,0
63224,1,1,0,0,0,0,17,2,0,0,0,0
63224,2,1,0,0,0,0,0,0,0,0,0,0
63225,0,1,0,0,0,0,0,0,0,0,0,0
63225,1,1,0,0,0,0,0,0,0,0,0,0
63226,1,1,38,38,38,38,38,38,38,38,38,38
63227,1,1,0,0,0,0,0,0,0,0,0,0
63227,2,1,0,0,0,0,0,0,0,0,0,0
63229,0,1,0,0,0,0,0,0,0,0,0,0
63229,0,2,23,0,0,0,0,0,0,0,0,0
63229,1,1,7,7,7,7,7,7,7,7,7,7
63230,1,1,0,0,0,0,0,0,0,0,0,0
63231,0,1,0,0,0,0,0,0,0,0,0,0
63231,1,1,0,0,0,0,8,0,0,0,0,0
63231,2,1,0,0,0,0,0,0,0,0,15,0
63231,3,1,0,0,0,0,0,0,0,0,0,0
63232,1,1,0,0,0,0,0,0,0,0,0,0
63233,0,1,34,34,34,34,34,34,34,34,34,34
63233,1,1,0,0,0,0,0,0,0,0,0,0
63234,0,1,0,0,0,0,0,0,0,0,28,0
63234,1,1,11,0,0,0,0,0,0,0,0,10
63235,1,1,37,37,37,37,37,37,37,37,37,37
63235,2,1,11,11,11,11,11,11,11,11,11,11
63236,0,1,0,0,0,0,0,0,0,0,0,0
63236,1,1,0,0,0,0,0,0,0,0,0,0
63237,1,1,15,15,15,15,15,15,15,15,15,15
63237,2,1,0,0,0,0,0,0,0,0,0,0
63238,0,1,0,0,0,0,0,0,0,0,0,0
63238,1,1,0,0,0,0,0,0,0,0,0,0
63239,1,1,0,0,0,9,0,0,19,0,0,0
63239,2,1,0,0,0,0,27,0,0,0,0,0
63239,3,1,0,0,0,0,0,0,11,0,0,0
63240,1,1,8,8,8,8,8,8,8,8,8,8
63241,1,1,0,0,0,0,0,0,0,0,0,0
63241,2,1,0,0,0,0,0,0,0,0,0,0
63242,1,1,0,0,0,0,0,0,0,0,0,0
63242,2,1,0,0,0,0,0,0,0,0,0,4
63243,1,1,13,9,5,21,12,45,25,18,12,20
63244,0,1,0,14,0,0,0,9,0,0,0,5
63244,1,1,0,0,0,0,0,0,0,0,0,0
63245,1,1,0,20,0,0,0,22,0,0,0,0
63246,0,1,21,0,0,0,0,35,31,6,0,0
63246,1,1,0,1,0,0,0,0,0,0,0,0
63247,1,1,0,0,0,0,0,0,0,0,0,0
63248,1,1,0,16,11,0,8,0,0,0,0,0