ST_CASE,VEH_NO,PER_NO,P1,P2,P3,P4,P5,P6,P7,P8,P9,P10
63249,1,1,0,0,0,0,0,0,0,0,0,0
63249,2,1,0,0,0,0,0,0,0,0,0,0
63250,0,1,0,0,0,0,0,0,0,0,0,0
63250,1,1,0,0,0,0,0,0,0,0,0,0
63251,0,1,0,0,0,0,0,0,0,0,0,0
63251,1,1,0,0,0,0,0,0,0,0,0,0
63252,0,1,11,0,0,42,0,0,0,0,0,0
63252,1,1,0,0,0,0,0,0,0,0,0,0
63253,1,1,0,24,0,0,0,0,0,0,0,0
63254,1,1,4,13,20,0,5,0,9,0,8,12
63255,1,1,0,0,0,0,0,0,0,0,0,0
63255,2,1,0,0,0,0,0,0,0,0,0,0
63255,3,1,0,0,0,0,0,0,0,0,0,0
63256,1,1,0,0,0,0,0,0,0,0,0,0
63256,2,1,2,2,2,2,2,2,2,2,2,2
63257,0,1,35,0,19,7,28,13,12,0,42,0
63257,1,1,0,7,16,0,0,0,0,0,0,0
63258,1,1,24,24,24,24,24,24,24,24,24,24
63258,2,1,0,0,0,0,0,0,0,0,0,0
63258,3,1,0,0,0,0,0,0,0,0,0,0
63259,0,1,0,0,0,0,0,0,0,0,0,0
63259,1,1,0,0,0,0,0,0,0,0,0,0
63260,1,1,8,8,8,8,8,8,8,8,8,8
63260,2,1,0,0,21,0,0,0,18,0,0,0
63261,1,1,15,15,15,15,15,15,15,15,15,15
63261,2,1,30,8,22,0,8,9,0,0,0,20
63262,0,1,0,0,0,0,0,0,0,0,0,0
63262,1,1,0,0,0,0,0,0,16,0,0,0
63263,1,1,2,2,2,2,2,2,2,2,2,2
63264,0,1,0,0,0,0,0,0,0,0,0,0
63264,1,1,0,0,0,0,0,0,0,0,0,0
63265,0,1,22,22,22,22,22,22,22,22,22,22
63265,1,1,0,0,0,0,0,0,0,0,0,0
63266,1,1,0,0,0,0,0,0,0,0,0,0
63266,2,1,0,0,0,0,15,0,0,0,0,0
63267,0,1,0,0,0,0,0,0,0,0,0,0
63268,0,1,0,0,0,0,0,0,0,0,0,0
63268,1,1,0,0,0,0,0,13,0,0,0,0
63270,1,1,0,0,0,0,0,0,0,0,0,0
63270,2,1,0,0,0,0,0,0,0,0,0,0
63270,3,1,0,0,0,0,0,0,0,0,0,0
63271,0,1,0,0,0,0,0,0,0,0,0,0
63271,1,1,0,0,0,0,0,0,0,0,0,0
63272,1,1,0,0,0,0,0,0,0,0,0,0
63272,2,1,0,0,0,0,0,0,0,0,0,0
63272,3,1,0,0,0,0,0,0,0,0,0,0
63272,4,1,0,0,0,0,0,20,0,0,0,0
63273,0,1,5,5,5,5,5,5,5,5,5,5
63273,0,2,0,0,0,0,24,19,0,33,0,0
63273,1,1,0,0,0,0,0,0,0,0,0,0
63274,0,1,22,22,22,22,22,22,22,22,22,22
63274,1,1,0,0,0,0,0,0,0,0,0,0
63275,0,1,0,0,0,0,0,0,0,0,0,0
63275,1,1,0,0,0,0,0,0,0,0,0,0
63276,1,1,0,0,0,0,0,0,0,0,0,0
63276,2,1,0,0,0,0,0,0,0,0,0,0
63276,3,1,0,0,0,0,0,0,0,0,0,0
63276,4,1,0,0,0,0,0,0,0,0,0,0
63276,5,1,16,0,0,0,0,0,0,0,0,0
63278,0,1,0,0,0,0,0,0,0,0,0,0
63278,1,1,0,0,0,0,0,0,0,0,0,0
63279,1,1,0,0,0,0,0,0,0,0,0,0
63279,2,1,0,0,0,0,0,0,0,4,0,0
63280,1,1,29,29,29,29,29,29,29,29,29,29
63281,0,1,0,0,0,0,0,0,0,0,0,0
63281,1,1,0,11,0,0,0,0,0,0,13,0
63282,1,1,11,11,11,11,11,11,11,11,11,11
63283,1,1,0,0,0,0,0,0,0,0,0,0
63284,1,1,16,2,0,18,14,10,0,15,10,18
63285,1,1,22,22,22,22,22,22,22,22,22,22
63286,1,1,0,0,0,0,0,0,0,0,10,0
63287,1,1,3,3,3,3,3,3,3,3,3,3
63288,1,1,25,3,5,14,19,23,3,16,10,16
63288,2,1,0,0,0,0,0,0,0,0,0,0
63289,1,1,0,0,0,0,0,0,0,0,0,0
63290,0,1,22,22,22,22,22,22,22,22,22,22
63290,1,1,0,0,0,0,0,0,0,0,0,0
63291,0,1,0,0,0,0,0,0,0,0,0,0
63291,1,1,27,0,9,25,0,0,17,12,20,15
63292,0,1,23,23,23,23,23,23,23,23,23,23
63292,1,1,0,0,0,0,0,0,0,0,0,0
63293,1,1,0,0,0,0,0,0,0,0,0,0
63294,0,1,53,53,53,53,53,53,53,53,53,53
63294,1,1,0,0,0,0,0,0,0,0,13,0
63295,1,1,23,36,16,10,18,18,26,7,25,9
63295,2,1,0,0,0,0,0,15,0,0,0,0
63296,1,1,32,32,32,32,32,32,32,32,32,32
63297,1,1,0,0,0,0,0,0,0,0,0,0
63298,1,1,21,21,21,21,21,21,21,21,21,21
63298,2,1,0,0,0,0,0,0,17,0,0,0
63299,1,1,0,0,0,0,0,0,0,0,0,0
63299,2,1,0,0,0,0,0,0,0,0,0,0
63300,0,1,25,15,8,21,29,19,45,18,14,0
63300,1,1,0,0,0,0,5,0,0,0,0,0
63301,0,1,0,0,0,0,0,0,0,0,0,0
63301,1,1,0,0,0,0,0,0,0,0,0,0
63302,1,1,0,0,0,0,0,0,0,0,0,0
63303,1,1,0,0,0,0,0,0,0,0,0,0
63303,2,1,0,0,0,0,0,0,0,0,0,0
63304,1,1,0,0,0,0,15,0,0,0,0,0
63304,2,1,0,0,0,0,0,0,0,0,0,0
63305,1,1,0,0,0,0,0,0,0,0,0,0
63305,2,1,0,0,0,0,0,0,0,0,0,0
63306,1,1,24,24,24,24,24,24,24,24,24,24
63307,0,1,0,0,0,0,0,0,0,0,0,0
63307,1,1,0,0,0,0,9,0,0,15,0,0
63308,0,1,22,22,22,22,22,22,22,22,22,22
63308,1,1,0,0,0,0,0,0,0,0,0,0
63309,1,1,0,0,0,0,0,0,0,0,0,0
63310,1,1,0,0,0,0,0,0,0,0,0,0
63310,2,1,0,0,0,0,0,0,0,0,0,0
63311,1,1,0,0,0,0,0,0,0,0,0,0
63312,1,1,0,0,0,0,0,0,0,0,0,0
63312,2,1,0,0,0,0,0,0,0,0,0,0
63313,1,1,29,17,0,11,12,4,22,21,21,31
63314,0,1,5,5,5,5,5,5,5,5,5,5
63314,1,1,0,0,0,0,0,0,0,0,0,0
63315,0,1,0,0,0,0,0,0,0,0,0,0
63315,1,1,0,0,0,0,0,0,0,0,0,12
63316,1,1,0,0,0,0,0,0,0,0,0,0
63317,1,1,0,0,0,0,0,0,0,0,0,0
63317,2,1,0,0,0,6,0,0,0,0,0,0
63317,3,1,0,0,0,13,0,0,0,0,0,0
63318,1,1,12,13,2,1,25,9,8,16,18,30
63318,2,1,4,0,0,0,0,0,0,0,0,0
63318,3,1,0,0,0,0,0,0,0,0,0,0
63319,1,1,0,0,0,0,0,0,0,0,0,0
63319,2,1,0,0,0,0,0,0,0,0,0,0
63320,1,1,0,0,0,0,0,0,0,0,0,0
63320,2,1,1,1,1,1,1,1,1,1,1,1
63321,0,1,0,0,0,0,0,0,24,0,0,0
63321,1,1,0,0,0,0,0,0,0,0,0,0
63322,1,1,0,0,0,0,0,0,0,0,0,0
63322,2,1,0,0,0,0,36,0,0,0,0,20
63323,1,1,19,19,19,19,19,19,19,19,19,19
63323,2,1,0,0,0,0,0,0,0,0,0,0
63323,3,1,0,0,0,0,0,0,0,0,0,0
63324,1,1,0,0,0,0,0,0,0,0,0,0
63324,2,1,10,0,0,0,0,0,0,0,0,7
63325,1,1,0,0,0,0,0,0,0,0,0,0
63325,2,1,0,0,0,0,0,0,0,0,0,0
63325,3,1,0,0,0,0,0,0,0,0,0,0
63326,1,1,0,0,0,0,0,0,0,0,0,0
63326,2,1,5,5,5,5,5,5,5,5,5,5
63327,1,1,9,9,9,9,9,9,9,9,9,9
63328,1,1,0,0,0,0,0,0,0,0,0,0
63328,2,1,0,0,0,0,0,0,0,0,0,0
63329,0,1,0,0,0,0,0,0,0,0,0,0
63329,1,1,0,0,0,0,0,0,0,0,0,0
63330,0,1,0,0,31,0,0,0,0,0,0,10
63330,1,1,0,0,0,0,0,0,0,0,0,0
63331,1,1,0,0,0,0,0,0,0,0,0,0
63331,2,1,0,0,0,0,0,0,0,0,12,0
63332,1,1,15,12,22,23,0,7,15,17,10,11
63332,2,1,0,0,0,0,0,0,0,0,0,0
63332,3,1,0,0,0,0,0,23,0,0,22,0
63332,4,1,0,0,0,0,0,0,12,0,8,0
63333,0,1,0,0,0,0,0,0,0,0,0,0
63333,1,1,0,0,0,0,0,0,0,0,0,17
63334,1,1,12,12,12,12,12,12,12,12,12,12
63335,0,1,0,0,0,0,0,0,0,0,0,0
63335,1,1,12,12,12,12,12,12,12,12,12,12
63336,1,1,24,24,24,24,24,24,24,24,24,24
63336,2,1,0,0,0,18,0,16,0,0,0,0
63336,3,1,0,0,0,0,0,0,0,0,0,0
63337,0,1,0,0,0,0,23,0,0,0,0,0
63338,1,1,10,10,10,10,10,10,10,10,10,10
63338,2,1,0,0,0,0,0,0,0,0,0,0
63339,1,1,0,0,0,9,0,0,0,0,0,0
63339,2,1,0,0,0,0,0,0,0,0,0,0
63339,3,1,0,0,12,0,0,0,0,15,7,0
63340,1,1,0,0,0,0,0,0,0,0,0,0
63340,2,1,0,0,0,0,0,0,0,0,0,0
63341,1,1,19,19,19,19,19,19,19,19,19,19
63342,1,1,12,12,12,12,12,12,12,12,12,12
63343,0,1,0,0,0,0,0,0,0,0,0,0
63343,1,1,0,0,0,0,0,0,0,0,0,0
63344,0,1,0,0,0,0,0,0,0,0,0,0
63344,1,1,0,32,11,0,14,0,8,10,14,0
63344,2,1,0,10,13,12,0,17,23,5,8,0
63344,3,1,0,0,0,0,0,4,9,0,0,0
63345,0,1,0,0,0,0,0,0,0,0,0,0
63345,0,2,0,0,0,0,0,0,0,0,0,0
63345,0,3,0,0,0,0,0,0,0,0,0,9
63345,1,1,0,0,0,0,9,0,0,0,0,0
63346,0,1,28,28,28,28,28,28,28,28,28,28
63346,1,1,0,0,0,0,0,0,0,0,0,0
63347,1,1,15,5,12,5,13,9,18,9,8,12
63347,2,1,10,17,2,15,20,3,4,20,22,3
63348,0,1,0,0,0,0,0,0,0,0,0,0
63348,1,1,0,0,0,0,0,0,0,0,0,0
63349,0,1,0,0,0,0,0,0,0,0,0,0
63349,1,1,0,0,0,0,0,0,0,0,0,0
63350,1,1,10,10,10,10,10,10,10,10,10,10
63350,2,1,0,0,0,0,0,0,0,0,15,0
63351,0,1,0,0,0,0,0,0,0,0,0,0
63351,1,1,17,0,0,8,0,0,0,0,0,10
63352,0,1,0,0,0,0,0,0,0,0,0,0
63352,1,1,0,15,0,0,0,0,9,20,0,0
63353,0,1,0,17,0,0,0,0,0,0,0,0
63353,1,1,0,0,0,0,0,0,0,0,0,0
63354,0,1,0,0,0,0,0,0,0,0,0,0
63354,1,1,0,0,0,0,0,0,0,0,0,0
63355,0,1,4,4,4,4,4,4,4,4,4,4
63355,1,1,0,0,0,0,0,0,0,0,0,0
63356,0,1,13,30,0,16,0,0,8,3,0,0
63356,0,2,0,0,0,0,0,0,0,0,0,0
63356,1,1,0,0,0,0,0,0,0,14,0,0
63357,0,1,0,0,0,0,0,0,0,0,0,0
63357,1,1,8,0,0,0,8,19,9,0,0,5
63358,1,1,0,0,0,0,0,0,0,0,0,0
63358,2,1,0,0,36,0,0,0,0,0,16,0
63359,1,1,0,0,0,0,0,0,0,0,0,0
63359,2,1,0,0,0,0,0,0,0,0,0,0
63360,0,1,0,0,0,0,0,0,0,0,0,0
63360,1,1,0,0,4,0,0,0,0,0,0,0
63361,1,1,0,0,0,0,0,0,0,0,0,0
63361,2,1,0,0,0,0,0,0,0,0,0,0
63361,3,1,0,0,0,0,0,0,0,0,0,0
63362,1,1,0,0,0,0,0,0,0,0,0,0
63362,2,1,0,0,0,0,0,0,0,0,0,0
63363,1,1,14,14,14,14,14,14,14,14,14,14
63363,2,1,0,7,0,0,0,0,0,0,0,0
63363,3,1,0,0,0,0,0,0,0,0,0,0
63363,4,1,0,0,0,0,0,0,0,0,0,0
63364,0,1,17,17,17,17,17,17,17,17,17,17
63364,0,2,0,0,0,0,0,0,0,0,0,0
63364,1,1,0,0,0,0,0,0,0,0,0,0
63365,0,1,0,0,0,0,0,0,0,0,0,0
63365,1,1,0,0,0,0,0,0,0,0,0,0
63366,0,1,0,0,0,0,0,0,0,0,0,0
63366,1,1,0,0,0,0,0,0,0,0,0,0
63367,0,1,5,0,0,14,0,45,0,4,44,19
63367,0,2,0,0,0,0,0,0,0,0,0,0
63367,1,1,0,0,0,0,0,0,0,0,0,0
63368,1,1,0,0,0,0,0,0,0,0,0,0
63369,0,1,0,0,0,0,0,0,0,0,0,0
63369,1,1,0,0,0,0,0,0,0,0,0,0
63370,0,1,0,0,0,0,0,0,0,0,0,0
63370,1,1,0,0,0,0,0,0,0,0,0,0
63371,1,1,0,0,0,0,0,0,0,0,0,0
63372,1,1,0,0,0,0,0,0,0,0,0,0
63372,2,1,0,0,0,0,0,0,0,0,0,0
63373,0,1,0,0,0,0,20,21,0,0,0,0
63373,1,1,0,0,18,0,0,0,0,0,0,0
63374,0,1,0,0,0,0,0,0,0,0,0,0
63374,1,1,0,8,0,8,17,20,11,0,19,0
63375,0,1,0,0,0,0,0,0,0,0,0,0
63375,1,1,0,0,0,0,0,0,0,0,0,0
63376,0,1,0,30,21,0,0,0,0,0,0,0
63376,1,1,0,28,0,0,22,0,0,15,0,0
63377,1,1,7,7,7,7,7,7,7,7,7,7
63377,2,1,0,0,0,0,0,0,0,0,0,0
63378,0,1,0,0,0,0,0,0,0,0,0,0
63378,1,1,0,0,0,0,13,0,0,0,0,0
63379,1,1,20,0,11,0,0,0,10,0,0,0
63380,0,1,31,31,31,31,31,31,31,31,31,31
63380,1,1,0,0,0,0,0,0,0,0,0,0
63380,2,1,0,0,0,0,0,0,0,0,0,0
63381,1,1,10,10,10,10,10,10,10,10,10,10
63381,2,1,0,0,0,0,0,0,0,0,0,0
63382,0,1,0,0,0,0,0,0,0,0,0,0
63382,1,1,20,0,0,0,23,0,20,0,13,0
63383,1,1,0,0,3,0,0,0,9,0,0,0
63383,2,1,0,0,0,13,0,0,0,0,0,0
63383,3,1,0,0,0,0,0,0,0,0,5,0
63384,1,1,19,19,19,19,19,19,19,19,19,19
63385,1,1,5,5,5,5,5,5,5,5,5,5
63386,1,1,0,0,0,0,0,0,0,0,0,0
63387,1,1,0,0,0,0,0,0,0,0,0,0
63387,2,1,0,0,0,0,0,0,0,0,0,0
63388,1,1,10,10,10,10,10,10,10,10,10,10
63389,1,1,0,0,14,0,0,0,0,0,0,0
63389,2,1,0,0,0,0,0,0,0,0,23,0
63390,1,1,0,0,15,0,0,0,0,0,0,0
63390,2,1,0,0,0,0,0,0,0,0,0,0
63391,1,1,0,0,0,0,0,0,0,0,0,0
63391,2,1,0,0,0,0,0,0,0,0,0,0
63392,0,1,0,15,1,0,0,0,22,0,0,0
63392,1,1,0,0,12,0,0,0,0,0,0,0
63392,2,1,0,34,0,28,0,0,0,0,0,0
63393,1,1,0,0,0,0,0,0,0,0,0,0
63393,2,1,0,0,0,0,0,0,0,0,0,0
63394,1,1,0,0,0,0,0,0,0,0,0,0
63394,2,1,3,3,3,3,3,3,3,3,3,3
63394,3,1,0,0,0,0,0,0,0,0,0,0
63395,0,1,17,0,0,9,0,0,0,0,0,0
63395,1,1,0,0,0,0,0,0,0,0,0,0
63396,1,1,28,28,28,28,28,28,28,28,28,28
63396,2,1,0,0,0,0,0,0,0,0,0,0
63396,3,1,0,0,0,0,0,0,0,0,0,0
63397,0,1,12,24,0,0,0,7,0,0,0,0
63397,1,1,1,1,1,1,1,1,1,1,1,1
63398,1,1,0,0,0,0,0,0,0,0,0,0
63398,2,1,0,0,0,0,0,0,0,0,0,0
63398,3,1,0,0,0,0,0,0,0,22,0,0
63399,1,1,0,0,0,0,0,0,0,0,0,0
63399,2,1,0,0,0,0,0,0,0,0,0,0
63400,1,1,0,0,0,0,0,0,0,0,0,0
63401,1,1,22,22,22,22,22,22,22,22,22,22
63402,1,1,0,0,0,0,0,0,0,0,0,0
63403,1,1,0,0,0,0,0,0,0,0,0,0
63403,2,1,0,0,0,0,0,0,16,0,0,0
63404,1,1,0,0,0,0,0,0,0,0,0,0
63405,0,1,0,0,0,0,0,0,0,0,0,0
63405,1,1,11,0,0,0,12,0,0,0,0,0
63406,0,1,20,20,20,20,20,20,20,20,20,20
63406,1,1,0,0,0,0,6,0,0,0,0,0
63407,1,1,0,0,0,0,0,0,0,0,0,0
63407,2,1,0,0,0,0,0,0,0,0,0,0
63407,3,1,0,0,0,0,0,0,0,0,0,0
63407,4,1,0,0,0,17,0,0,0,0,0,0
63408,1,1,0,0,0,0,0,0,0,0,0,0
63408,2,1,8,0,0,0,0,0,0,0,0,0
63408,3,1,0,0,0,0,0,0,0,0,0,0
63409,1,1,23,23,23,23,23,23,23,23,23,23
63410,1,1,33,17,6,0,15,6,0,0,0,6
63410,2,1,0,0,0,0,0,0,0,0,0,0
63411,1,1,0,0,0,20,0,18,0,0,0,0
63411,2,1,0,0,0,0,0,0,25,0,0,0
63412,0,1,20,44,0,0,0,0,0,0,0,0
63412,1,1,0,0,0,0,0,0,0,0,0,0
63413,1,1,0,0,0,0,0,0,0,0,0,0
63414,1,1,0,0,0,0,0,0,0,0,0,0
63415,0,1,0,0,0,0,0,0,0,0,0,0
63415,1,1,0,0,0,0,0,0,0,0,0,0
63415,2,1,0,0,0,0,0,14,0,0,0,0
63416,1,1,13,13,13,13,13,13,13,13,13,13
63417,1,1,0,0,0,0,0,0,0,0,0,0
63417,2,1,0,0,0,0,0,0,0,0,0,0
63417,3,1,0,0,0,0,0,0,0,0,0,0
63418,0,1,0,0,0,0,0,0,0,0,0,0
63418,1,1,12,12,12,12,12,12,12,12,12,12
63419,0,1,0,13,0,0,5,15,14,0,7,0
63419,1,1,0,0,0,0,0,0,0,0,0,0
63420,0,1,0,0,0,0,0,0,0,0,0,0
63420,1,1,0,0,0,0,0,0,0,0,0,0
63421,0,1,21,0,0,24,0,0,25,0,0,0
63421,1,1,5,0,0,0,0,0,8,0,10,0
63422,0,1,3,3,3,3,3,3,3,3,3,3
63422,1,1,0,0,0,0,0,9,0,0,0,0
63423,1,1,0,0,0,0,0,0,0,0,0,0
63423,2,1,15,15,15,15,15,15,15,15,15,15
63424,1,1,0,8,3,12,19,19,6,12,30,11
63424,2,1,0,0,0,0,0,0,0,0,0,0
63425,0,1,19,19,19,19,19,19,19,19,19,19
63425,1,1,0,0,0,0,0,0,0,0,0,0
63426,1,1,5,5,5,5,5,5,5,5,5,5
63426,2,1,0,0,0,0,0,7,0,10,0,0
63427,0,1,15,15,15,15,15,15,15,15,15,15
63427,1,1,0,0,0,0,0,0,0,0,0,0
63428,0,1,0,49,0,22,0,33,6,30,28,0
63428,1,1,0,0,0,0,0,0,0,0,0,0
63429,0,1,0,0,0,0,0,0,0,0,0,0
63429,1,1,0,0,0,0,0,0,0,0,0,0
63430,0,1,0,0,0,0,0,0,0,0,0,0
63430,1,1,0,0,0,0,0,0,0,0,0,0
63431,0,1,0,18,0,0,0,0,0,17,13,0
63431,1,1,0,0,0,0,0,0,32,0,0,0
63432,0,1,0,0,0,0,0,0,0,0,0,0
63432,1,1,0,0,0,0,0,0,0,0,0,0
63433,0,1,0,0,38,0,17,20,0,0,0,26
63433,1,1,0,0,0,0,0,0,0,0,0,0
63434,0,1,0,0,4,0,18,0,17,7,55,0
63434,1,1,0,0,0,0,0,0,0,0,0,0
63435,0,1,0,11,0,19,0,6,0,0,0,0
63435,1,1,9,9,9,9,9,9,9,9,9,9
63435,2,1,11,0,0,0,4,0,0,0,0,0
63436,1,1,0,0,0,0,0,0,0,0,0,0
63436,2,1,0,0,0,0,0,0,0,0,0,0
63437,0,1,0,0,0,0,0,0,0,0,0,0
63437,1,1,0,0,30,0,0,0,0,0,0,0
63438,1,1,0,0,0,0,0,0,0,0,0,0
63438,2,1,0,0,0,0,0,0,0,0,0,0
63439,1,1,0,0,0,0,0,0,0,0,0,0
63439,2,1,0,0,0,11,0,0,0,11,0,22
63440,0,1,24,24,24,24,24,24,24,24,24,24
63440,1,1,0,17,20,23,0,14,25,6,11,0
63441,0,1,0,0,0,0,0,0,0,0,0,0
63441,1,1,0,0,0,0,0,0,0,0,0,0
63442,0,1,18,18,18,18,18,18,18,18,18,18
63442,1,1,0,0,0,0,0,0,0,0,0,0
63443,1,1,0,0,0,0,0,0,0,0,0,0
63443,2,1,0,0,0,0,0,0,0,0,0,0
63444,0,1,0,0,0,0,0,0,0,0,0,0
63444,0,2,0,0,0,0,0,0,0,0,0,0
63444,1,1,0,0,0,0,0,0,0,0,0,0
63445,1,1,0,0,0,0,0,0,0,0,0,0
63445,2,1,8,8,8,8,8,8,8,8,8,8
63445,3,1,31,8,0,0,0,0,0,0,0,0
63446,0,1,7,7,7,7,7,7,7,7,7,7
63446,1,1,0,0,0,0,0,0,0,0,25,0
63447,0,1,21,21,21,21,21,21,21,21,21,21
63447,1,1,0,0,0,0,5,0,0,0,0,0
63448,0,1,0,0,0,0,0,0,0,0,0,0
63448,1,1,14,0,0,0,0,0,0,0,0,0
63449,1,1,0,0,0,0,0,0,0,0,0,0
63449,2,1,0,0,0,0,0,0,0,0,0,0
63449,3,1,0,9,27,16,0,29,4,11,0,0
63450,1,1,0,0,0,0,0,0,0,0,0,0
63450,2,1,0,10,6,10,0,0,8,0,16,0
63451,1,1,0,0,0,0,0,0,0,0,0,0
63451,2,1,17,17,17,17,17,17,17,17,17,17
63452,1,1,0,0,0,0,0,0,0,0,0,0
63453,0,1,22,22,22,22,22,22,22,22,22,22
63453,1,1,0,0,11,0,0,0,0,0,0,0
63453,2,1,0,0,0,20,0,0,0,0,0,0
63454,0,1,0,0,18,17,0,0,0,0,0,19
63454,1,1,0,0,30,0,0,0,0,0,0,0
63455,1,1,7,0,0,0,0,0,0,0,0,0
63455,2,1,0,0,0,8,3,0,0,8,0,0
63456,1,1,0,0,0,0,0,0,0,0,0,0
63456,2,1,0,0,0,0,0,0,0,0,0,0
63457,0,1,0,0,0,0,0,0,0,0,0,0
63457,1,1,0,0,0,0,0,0,0,0,0,0
63458,1,1,0,0,0,0,0,0,0,0,0,0
63458,2,1,0,0,0,9,0,0,0,0,0,0
63458,3,1,0,0,0,0,0,0,0,0,0,0
63458,4,1,0,0,0,0,19,0,0,0,0,0
63458,5,1,0,0,6,0,0,0,0,8,0,0
63458,6,1,0,0,0,0,0,0,0,0,0,0
63459,0,1,0,0,0,0,0,0,0,0,0,0
63459,1,1,0,0,0,0,0,0,0,0,0,0
63460,0,1,11,11,11,11,11,11,11,11,11,11
63460,1,1,0,0,0,0,0,0,0,0,0,0
63461,0,1,21,21,21,21,21,21,21,21,21,21
63461,1,1,0,0,0,0,0,0,0,0,0,0
63462,1,1,18,18,18,18,18,18,18,18,18,18
63463,0,1,0,0,0,0,0,0,0,0,0,0
63463,1,1,0,0,0,0,0,0,0,0,0,0
63464,1,1,31,31,31,31,31,31,31,31,31,31
63465,0,1,0,0,0,0,0,0,0,0,0,0
63465,1,1,0,0,0,0,0,0,0,0,0,0
63466,1,1,0,0,0,0,0,0,0,0,0,0
63466,2,1,0,0,0,0,0,0,0,0,0,0
63467,0,1,23,0,36,0,0,0,0,0,19,10
63467,1,1,0,0,0,0,0,0,0,0,0,0
63468,1,1,0,0,0,0,0,0,0,0,0,0
63468,2,1,0,0,0,0,0,0,0,0,0,0
63469,1,1,0,0,0,0,0,0,0,0,0,0
63470,0,1,19,19,19,19,19,19,19,19,19,19
63470,1,1,0,0,0,0,0,0,0,0,0,0
63471,0,1,0,0,0,0,0,0,10,0,0,29
63471,1,1,0,0,0,0,0,0,0,0,0,0
63472,1,1,0,0,0,0,0,0,0,0,0,0
63472,2,1,0,0,0,0,0,0,0,0,0,0
63472,3,1,0,0,0,0,0,0,0,0,0,0
63473,1,1,0,0,0,0,0,0,0,0,0,0
63474,1,1,0,0,0,0,0,0,0,0,0,0
63474,2,1,0,0,0,0,0,0,0,0,0,0
63475,1,1,0,0,23,0,21,0,0,0,0,12
63476,1,1,0,0,0,0,0,0,0,0,0,0
63476,2,1,0,0,0,0,0,0,0,0,0,0
63476,3,1,0,0,0,0,0,0,0,0,0,0
63477,1,1,0,0,0,0,0,0,0,0,0,0
63477,2,1,0,0,0,0,0,0,0,0,0,0
63478,1,1,0,0,0,0,0,0,0,0,0,20
63478,2,1,27,4,21,21,12,10,10,3,7,16
63479,1,1,0,0,0,20,0,12,0,0,8,0
63479,2,1,0,15,0,0,0,0,0,0,0,0
63480,0,1,20,0,0,0,18,0,34,0,0,22
63480,1,1,0,0,0,0,0,0,0,0,0,0
63481,0,1,0,0,0,0,0,0,0,0,0,0
63481,1,1,0,0,0,0,0,0,0,0,0,0
63482,0,1,0,4,0,0,0,0,0,0,0,0
63482,1,1,21,27,6,18,28,22,17,5,19,9
63483,0,1,0,0,0,0,0,0,0,0,0,0
63483,1,1,0,0,0,0,0,0,0,0,0,0
63484,0,1,0,0,0,0,0,0,0,0,0,0
63484,1,1,0,0,0,0,0,0,0,0,0,0
63485,1,1,0,0,0,0,0,0,0,0,0,0
63485,2,1,0,0,0,0,0,0,0,0,0,0
63486,1,1,0,0,0,0,25,0,16,0,0,0
63486,2,1,0,0,19,0,0,0,0,0,0,0
63487,0,1,18,18,18,18,18,18,18,18,18,18
63487,1,1,20,0,0,12,0,19,0,0,0,0
63488,1,1,0,19,0,0,8,0,0,5,12,0
63488,2,1,24,0,0,0,0,12,0,13,0,17
63489,1,1,29,29,29,29,29,29,29,29,29,29
63490,0,1,0,0,0,42,0,0,16,27,0,0
63490,1,1,0,0,0,0,0,0,0,0,0,0
63491,0,1,0,0,0,0,0,0,0,0,0,0
63491,1,1,0,16,0,0,0,0,0,0,0,0
63492,1,1,10,22,25,20,13,12,13,8,27,8
63492,2,1,0,0,0,0,0,0,0,0,0,0
63493,1,1,12,13,0,0,14,10,0,11,13,3
63494,0,1,0,0,0,0,0,0,0,0,0,0
63494,1,1,0,0,0,8,0,12,0,0,16,0
63495,1,1,25,7,19,12,26,5,0,14,16,6
63496,1,1,0,0,0,0,0,0,0,0,0,0
63496,2,1,0,0,0,0,0,15,0,19,0,0
63497,0,1,0,0,0,0,0,0,0,0,0,0
63497,1,1,0,0,16,0,0,21,0,20,0,11
63498,1,1,0,0,0,18,0,0,0,0,0,0
63498,2,1,0,0,0,0,0,18,34,0,0,0